date,channel,campaign,net_revenue,cogs,shipping_cost,payment_fees,refunds,orders,new_customers,ad_spend,platform_reported_revenue
2025-09-14,Direct,(direct),251.64,63.44,45.16,8.8,0.0,5.0,4.0,0.0,0.0
2025-09-14,Email/SMS,Flow - Abandoned Cart,223.02,71.0,20.959999999999997,7.37,0.0,3.0,0.0,0.0,0.0
2025-09-14,Email/SMS,Flow - Post Purchase Winback,86.64,20.4,15.96,3.12,0.0,2.0,0.0,0.0,0.0
2025-09-14,Google Ads,PMax - Skincare Prospecting,129.11,29.7,26.939999999999998,4.64,0.0,3.0,3.0,64.72,169.05
2025-09-14,Google Ads,Search - Brand,111.66000000000001,26.099999999999998,24.880000000000003,4.14,0.0,3.0,3.0,12.27,137.58
2025-09-14,Google Ads,Search - Nonbrand Skincare,157.99,50.0,16.35,5.18,0.0,2.0,2.0,43.51,167.76
2025-09-14,Google Ads,Shopping - Bestsellers,163.68,41.86,16.740000000000002,5.35,0.0,2.0,2.0,44.78,171.42
2025-09-14,Meta Ads,Prospecting - Broad,0.0,0.0,0.0,0.0,0.0,0.0,0.0,17.1,5.34
2025-09-14,Meta Ads,Prospecting - Lookalike 1%,33.269999999999996,7.2,8.32,1.26,0.0,1.0,0.0,13.62,40.26
2025-09-14,Meta Ads,Retargeting - Cart Abandon,88.0,26.4,8.99,2.85,0.0,1.0,1.0,15.09,113.69
2025-09-14,Meta Ads,Retargeting - Engaged 30d,107.15,38.0,7.68,3.41,0.0,1.0,1.0,38.9,154.39
2025-09-14,Organic Search,(organic),259.03,56.400000000000006,49.06,9.319999999999999,16.85,6.0,3.0,0.0,0.0
2025-09-14,Organic Social,(organic social),237.69000000000003,62.10000000000001,41.949999999999996,8.389999999999999,0.0,5.0,5.0,0.0,0.0
2025-09-14,Unattributed,(not set),152.26,40.04,24.659999999999997,5.32,0.0,3.0,2.0,0.0,0.0
2025-09-15,Direct,(direct),110.68,26.4,23.549999999999997,4.1,0.0,3.0,2.0,0.0,0.0
2025-09-15,Email/SMS,Campaign - Monthly Newsletter,84.57,24.0,8.72,2.75,0.0,1.0,1.0,0.0,0.0
2025-09-15,Email/SMS,Flow - Abandoned Cart,26.87,6.6,9.72,1.08,0.0,1.0,0.0,0.0,0.0
2025-09-15,Email/SMS,Flow - Post Purchase Winback,111.9,26.18,14.84,3.8499999999999996,0.0,2.0,0.0,0.0,0.0
2025-09-15,Email/SMS,Flow - Welcome Series,183.48000000000002,44.1,23.03,6.22,0.0,3.0,0.0,0.0,0.0
2025-09-15,Google Ads,PMax - Skincare Prospecting,0.0,0.0,0.0,0.0,0.0,0.0,0.0,13.04,8.41
2025-09-15,Google Ads,Search - Brand,0.0,0.0,0.0,0.0,0.0,0.0,0.0,13.3,10.31
2025-09-15,Google Ads,Search - Nonbrand Skincare,28.95,6.6,7.36,1.14,0.0,1.0,1.0,10.85,31.16
2025-09-15,Google Ads,Shopping - Bestsellers,0.0,0.0,0.0,0.0,0.0,0.0,0.0,12.82,6.25
2025-09-15,Meta Ads,Prospecting - Broad,0.0,0.0,0.0,0.0,0.0,0.0,0.0,15.84,6.71
2025-09-15,Meta Ads,Prospecting - Lookalike 1%,36.760000000000005,9.6,7.54,1.37,0.0,1.0,0.0,20.89,54.6
2025-09-15,Meta Ads,Retargeting - Cart Abandon,126.92000000000002,32.78,26.159999999999997,4.57,0.0,3.0,1.0,31.05,187.56
2025-09-15,Meta Ads,Retargeting - Engaged 30d,147.65,36.08,23.240000000000002,5.17,0.0,3.0,3.0,56.83,221.72
2025-09-15,Organic Search,(organic),333.25,87.08,37.67,11.16,0.0,5.0,3.0,0.0,0.0
2025-09-15,Organic Social,(organic social),431.83,136.3,40.08,14.010000000000002,0.0,5.0,5.0,0.0,0.0
2025-09-15,Unattributed,(not set),136.04,33.6,24.32,4.84,30.95,3.0,2.0,0.0,0.0
2025-09-16,Direct,(direct),169.41,43.8,17.77,5.52,0.0,2.0,1.0,0.0,0.0
2025-09-16,Email/SMS,Campaign - Monthly Newsletter,62.730000000000004,15.68,7.87,2.12,0.0,1.0,1.0,0.0,0.0
2025-09-16,Email/SMS,Flow - Post Purchase Winback,325.59999999999997,82.8,39.29,10.940000000000001,0.0,5.0,0.0,0.0,0.0
2025-09-16,Email/SMS,Flow - Welcome Series,152.68,34.5,23.419999999999998,5.33,0.0,3.0,2.0,0.0,0.0
2025-09-16,Google Ads,PMax - Skincare Prospecting,34.72,10.88,9.05,1.31,0.0,1.0,1.0,19.4,46.22
2025-09-16,Google Ads,Search - Brand,87.9,20.1,15.989999999999998,3.15,0.0,2.0,2.0,14.24,93.48
2025-09-16,Google Ads,Search - Nonbrand Skincare,48.95,10.5,7.72,1.72,0.0,1.0,1.0,13.28,55.78
2025-09-16,Google Ads,Shopping - Bestsellers,177.12,45.0,14.77,5.73,0.0,2.0,1.0,56.07,205.33
2025-09-16,Meta Ads,Prospecting - Broad,326.55,87.22,49.55,11.280000000000001,38.95,6.0,4.0,228.66,451.49
2025-09-16,Meta Ads,Prospecting - Lookalike 1%,263.5,74.12,25.15,8.54,0.0,3.0,3.0,122.31,346.53
2025-09-16,Meta Ads,Retargeting - Cart Abandon,105.15,27.3,16.07,3.65,0.0,2.0,1.0,21.13,170.81
2025-09-16,Meta Ads,Retargeting - Engaged 30d,244.16,62.72,8.7,7.38,0.0,1.0,1.0,101.78,300.79
2025-09-16,Organic Search,(organic),224.26999999999998,59.4,22.8,7.4,0.0,3.0,2.0,0.0,0.0
2025-09-16,Organic Social,(organic social),62.95,15.68,7.53,2.13,0.0,1.0,1.0,0.0,0.0
2025-09-17,Direct,(direct),584.25,226.0,33.93,18.14,96.0,4.0,1.0,0.0,0.0
2025-09-17,Email/SMS,Flow - Abandoned Cart,405.82,110.72,14.64,12.370000000000001,0.0,2.0,0.0,0.0,0.0
2025-09-17,Email/SMS,Flow - Post Purchase Winback,28.95,6.6,6.94,1.14,0.0,1.0,1.0,0.0,0.0
2025-09-17,Email/SMS,Flow - Welcome Series,133.18,61.0,8.52,4.16,0.0,1.0,0.0,0.0,0.0
2025-09-17,Google Ads,PMax - Skincare Prospecting,146.98000000000002,36.74,21.86,5.16,0.0,3.0,3.0,65.58,182.36
2025-09-17,Google Ads,Search - Brand,0.0,0.0,0.0,0.0,0.0,0.0,0.0,8.85,7.51
2025-09-17,Google Ads,Search - Nonbrand Skincare,675.9000000000001,268.59999999999997,21.03,20.500000000000004,290.0,3.0,3.0,263.57,722.7
2025-09-17,Google Ads,Shopping - Bestsellers,96.0,28.8,7.79,3.08,0.0,1.0,1.0,30.6,99.94
2025-09-17,Meta Ads,Prospecting - Broad,182.1,43.2,25.78,6.18,0.0,3.0,2.0,86.83,229.25
2025-09-17,Meta Ads,Prospecting - Lookalike 1%,304.23,81.24000000000001,24.29,9.719999999999999,0.0,3.0,2.0,128.17,396.5
2025-09-17,Meta Ads,Retargeting - Cart Abandon,164.55,42.599999999999994,24.509999999999998,5.68,50.95,3.0,3.0,23.79,226.7
2025-09-17,Meta Ads,Retargeting - Engaged 30d,265.28999999999996,66.08,37.79,9.2,0.0,5.0,4.0,73.9,316.55
2025-09-17,Organic Search,(organic),91.9,22.28,17.78,3.2699999999999996,0.0,2.0,2.0,0.0,0.0
2025-09-17,Unattributed,(not set),370.78,96.96000000000001,26.57,11.65,0.0,3.0,3.0,0.0,0.0
2025-09-18,Direct,(direct),1009.71,357.68,56.059999999999995,31.38,0.0,7.0,6.0,0.0,0.0
2025-09-18,Email/SMS,Flow - Abandoned Cart,206.44,52.720000000000006,41.62,7.4799999999999995,0.0,5.0,0.0,0.0,0.0
2025-09-18,Email/SMS,Flow - Post Purchase Winback,136.9,31.5,9.15,4.27,0.0,1.0,0.0,0.0,0.0
2025-09-18,Email/SMS,Flow - Welcome Series,48.7,11.4,6.95,1.71,0.0,1.0,0.0,0.0,0.0
2025-09-18,Google Ads,PMax - Skincare Prospecting,408.05,105.32,31.79,13.030000000000001,0.0,4.0,4.0,206.89,451.63
2025-09-18,Google Ads,Search - Brand,95.9,22.880000000000003,16.0,3.38,0.0,2.0,2.0,9.46,112.78
2025-09-18,Google Ads,Search - Nonbrand Skincare,302.7,126.0,16.56,9.38,0.0,2.0,1.0,120.28,428.17
2025-09-18,Google Ads,Shopping - Bestsellers,208.63,52.8,16.88,6.65,0.0,2.0,2.0,65.04,233.21
2025-09-18,Meta Ads,Prospecting - Broad,0.0,0.0,0.0,0.0,0.0,0.0,0.0,16.41,11.43
2025-09-18,Meta Ads,Prospecting - Lookalike 1%,610.2700000000001,225.6,31.209999999999997,18.9,0.0,4.0,4.0,320.41,849.13
2025-09-18,Meta Ads,Retargeting - Cart Abandon,72.63,16.8,14.64,2.71,0.0,2.0,2.0,17.37,96.97
2025-09-18,Meta Ads,Retargeting - Engaged 30d,54.95,14.4,8.14,1.89,0.0,1.0,0.0,15.82,80.92
2025-09-18,Organic Search,(organic),143.4,41.86,15.39,4.76,0.0,2.0,1.0,0.0,0.0
2025-09-18,Organic Social,(organic social),95.16,26.4,6.8,3.06,0.0,1.0,1.0,0.0,0.0
2025-09-18,Unattributed,(not set),84.63,21.6,7.51,2.75,0.0,1.0,1.0,0.0,0.0
2025-09-19,Direct,(direct),239.94,58.88,24.72,7.85,0.0,3.0,1.0,0.0,0.0
2025-09-19,Email/SMS,Campaign - Monthly Newsletter,285.67,129.2,24.049999999999997,9.18,0.0,3.0,0.0,0.0,0.0
2025-09-19,Email/SMS,Flow - Abandoned Cart,28.58,6.6,8.39,1.13,0.0,1.0,1.0,0.0,0.0
2025-09-19,Email/SMS,Flow - Post Purchase Winback,166.94,46.88,27.0,5.74,0.0,3.0,0.0,0.0,0.0
2025-09-19,Google Ads,PMax - Skincare Prospecting,205.27000000000004,56.480000000000004,24.69,6.86,0.0,3.0,3.0,106.52,251.93
2025-09-19,Google Ads,Search - Brand,64.47,16.2,17.33,2.4699999999999998,0.0,2.0,2.0,13.46,78.04
2025-09-19,Google Ads,Search - Nonbrand Skincare,265.6,67.56,31.499999999999996,8.9,0.0,4.0,4.0,91.48,316.3
2025-09-19,Google Ads,Shopping - Bestsellers,37.790000000000006,8.4,6.63,1.4,0.0,1.0,1.0,12.53,39.72
2025-09-19,Meta Ads,Prospecting - Broad,168.03,48.0,25.12,5.77,0.0,3.0,1.0,102.88,239.39
2025-09-19,Meta Ads,Prospecting - Lookalike 1%,145.66,34.2,23.799999999999997,5.13,30.65,3.0,2.0,65.42,184.58
2025-09-19,Meta Ads,Retargeting - Cart Abandon,182.73,43.88,26.240000000000002,6.1899999999999995,0.0,3.0,3.0,30.42,221.7
2025-09-19,Meta Ads,Retargeting - Engaged 30d,88.92,38.0,7.58,2.88,0.0,1.0,1.0,30.69,148.12
2025-09-19,Organic Search,(organic),279.81,74.12,38.9,9.61,0.0,5.0,3.0,0.0,0.0
2025-09-19,Organic Social,(organic social),48.82,12.0,8.69,1.72,0.0,1.0,1.0,0.0,0.0
2025-09-19,Unattributed,(not set),28.95,6.6,6.86,1.14,14.48,1.0,0.0,0.0,0.0
2025-09-20,Direct,(direct),457.87,121.88,59.64,15.379999999999999,0.0,7.0,3.0,0.0,0.0
2025-09-20,Email/SMS,Flow - Abandoned Cart,168.41,54.0,16.349999999999998,5.48,34.18,2.0,0.0,0.0,0.0
2025-09-20,Email/SMS,Flow - Welcome Series,255.69,93.64,16.85,8.01,0.0,2.0,1.0,0.0,0.0
2025-09-20,Google Ads,PMax - Skincare Prospecting,167.27,48.0,9.69,5.15,0.0,1.0,0.0,69.54,209.36
2025-09-20,Google Ads,Search - Brand,98.82000000000001,23.4,17.91,3.4699999999999998,0.0,2.0,0.0,13.99,123.45
2025-09-20,Google Ads,Search - Nonbrand Skincare,164.93,40.2,23.86,5.69,0.0,3.0,3.0,69.22,192.82
2025-09-20,Google Ads,Shopping - Bestsellers,261.21,87.92,15.45,8.17,105.21,2.0,2.0,57.71,281.59
2025-09-20,Meta Ads,Prospecting - Broad,205.62,50.56,32.26,7.16,0.0,4.0,2.0,102.31,258.73
2025-09-20,Meta Ads,Prospecting - Lookalike 1%,550.3000000000001,151.95999999999998,33.13,17.16,0.0,4.0,3.0,210.15,775.58
2025-09-20,Meta Ads,Retargeting - Cart Abandon,152.0,45.6,7.81,4.71,0.0,1.0,1.0,24.71,227.03
2025-09-20,Meta Ads,Retargeting - Engaged 30d,310.83000000000004,72.46000000000001,45.849999999999994,10.81,0.0,6.0,5.0,94.82,441.77
2025-09-20,Organic Search,(organic),41.400000000000006,11.4,7.93,1.5,0.0,1.0,1.0,0.0,0.0
2025-09-20,Organic Social,(organic social),259.46000000000004,76.7,31.990000000000002,8.72,0.0,4.0,4.0,0.0,0.0
2025-09-21,Direct,(direct),322.59,93.5,32.19,10.55,0.0,4.0,2.0,0.0,0.0
2025-09-21,Email/SMS,Campaign - Monthly Newsletter,200.92999999999998,69.12,15.6,6.42,0.0,2.0,1.0,0.0,0.0
2025-09-21,Email/SMS,Flow - Abandoned Cart,53.99000000000001,12.0,7.89,1.87,0.0,1.0,0.0,0.0,0.0
2025-09-21,Email/SMS,Flow - Post Purchase Winback,159.01,38.7,16.560000000000002,5.21,0.0,2.0,1.0,0.0,0.0
2025-09-21,Email/SMS,Flow - Welcome Series,96.0,24.0,8.75,3.08,0.0,1.0,0.0,0.0,0.0
2025-09-21,Google Ads,PMax - Skincare Prospecting,50.21000000000001,12.0,7.76,1.76,0.0,1.0,1.0,17.5,60.69
2025-09-21,Google Ads,Search - Brand,135.01,37.2,23.45,4.8100000000000005,0.0,3.0,2.0,17.99,156.85
2025-09-21,Google Ads,Search - Nonbrand Skincare,0.0,0.0,0.0,0.0,0.0,0.0,0.0,9.22,9.91
2025-09-21,Google Ads,Shopping - Bestsellers,74.74000000000001,22.8,8.22,2.47,0.0,1.0,1.0,31.82,97.46
2025-09-21,Meta Ads,Prospecting - Broad,195.73000000000002,60.88,26.4,6.58,0.0,3.0,3.0,140.16,269.67
2025-09-21,Meta Ads,Prospecting - Lookalike 1%,221.78,69.2,23.740000000000002,7.330000000000001,0.0,3.0,3.0,91.77,310.22
2025-09-21,Meta Ads,Retargeting - Cart Abandon,113.16000000000001,27.3,22.33,4.18,0.0,3.0,3.0,27.2,158.02
2025-09-21,Meta Ads,Retargeting - Engaged 30d,395.9,139.28,33.02,12.68,0.0,4.0,4.0,157.61,578.77
2025-09-21,Organic Search,(organic),505.08000000000004,132.44,70.62,17.34,0.0,9.0,5.0,0.0,0.0
2025-09-21,Organic Social,(organic social),98.0,38.0,7.92,3.14,0.0,1.0,1.0,0.0,0.0
2025-09-22,Direct,(direct),161.57,40.2,21.86,5.58,0.0,3.0,3.0,0.0,0.0
2025-09-22,Email/SMS,Campaign - Monthly Newsletter,140.11,45.2,15.440000000000001,4.66,0.0,2.0,0.0,0.0,0.0
2025-09-22,Email/SMS,Flow - Abandoned Cart,213.86,69.5,33.42,7.3999999999999995,0.0,4.0,0.0,0.0,0.0
2025-09-22,Email/SMS,Flow - Post Purchase Winback,47.330000000000005,12.0,7.16,1.67,0.0,1.0,1.0,0.0,0.0
2025-09-22,Google Ads,PMax - Skincare Prospecting,32.839999999999996,7.2,8.66,1.25,0.0,1.0,1.0,14.95,34.07
2025-09-22,Google Ads,Search - Brand,0.0,0.0,0.0,0.0,0.0,0.0,0.0,11.09,5.46
2025-09-22,Google Ads,Search - Nonbrand Skincare,159.32999999999998,44.04,15.52,5.22,0.0,2.0,2.0,61.66,174.41
2025-09-22,Google Ads,Shopping - Bestsellers,114.06,26.4,17.060000000000002,3.8999999999999995,0.0,2.0,2.0,37.69,135.74
2025-09-22,Meta Ads,Prospecting - Broad,104.30000000000001,22.799999999999997,21.369999999999997,3.9299999999999997,0.0,3.0,3.0,47.76,153.95
2025-09-22,Meta Ads,Prospecting - Lookalike 1%,204.85,52.8,17.94,6.54,0.0,2.0,0.0,87.47,300.49
2025-09-22,Meta Ads,Retargeting - Cart Abandon,149.41,35.4,14.870000000000001,4.9399999999999995,0.0,2.0,2.0,29.07,179.95
2025-09-22,Meta Ads,Retargeting - Engaged 30d,296.43999999999994,93.44000000000001,24.71,9.49,0.0,3.0,1.0,87.32,400.15
2025-09-22,Organic Search,(organic),204.95,49.96,23.009999999999998,6.84,0.0,3.0,1.0,0.0,0.0
2025-09-22,Organic Social,(organic social),396.0,138.07999999999998,25.33,12.38,0.0,3.0,2.0,0.0,0.0
2025-09-23,Direct,(direct),285.23999999999995,65.7,45.86,10.07,0.0,6.0,1.0,0.0,0.0
2025-09-23,Email/SMS,Campaign - Monthly Newsletter,226.0,62.7,23.740000000000002,7.46,0.0,3.0,0.0,0.0,0.0
2025-09-23,Google Ads,PMax - Skincare Prospecting,30.95,7.2,6.71,1.2,0.0,1.0,1.0,11.67,33.78
2025-09-23,Google Ads,Search - Brand,85.9,19.2,17.36,3.09,0.0,2.0,2.0,12.83,95.29
2025-09-23,Google Ads,Search - Nonbrand Skincare,111.31,33.28,8.86,3.53,0.0,1.0,1.0,27.76,128.88
2025-09-23,Google Ads,Shopping - Bestsellers,291.52,89.60000000000001,37.39,9.95,122.5,5.0,5.0,65.83,311.41
2025-09-23,Meta Ads,Prospecting - Broad,113.9,31.04,15.5,3.8999999999999995,0.0,2.0,2.0,63.37,162.65
2025-09-23,Meta Ads,Prospecting - Lookalike 1%,223.65,54.6,16.78,7.09,0.0,2.0,2.0,74.82,279.06
2025-09-23,Meta Ads,Retargeting - Cart Abandon,0.0,0.0,0.0,0.0,0.0,0.0,0.0,13.12,8.55
2025-09-23,Meta Ads,Retargeting - Engaged 30d,98.0,38.0,7.97,3.14,0.0,1.0,1.0,41.42,144.45
2025-09-23,Organic Search,(organic),220.51999999999998,48.300000000000004,38.49,7.8999999999999995,54.32,5.0,4.0,0.0,0.0
2025-09-23,Organic Social,(organic social),212.07999999999998,60.5,24.759999999999998,7.05,104.08,3.0,3.0,0.0,0.0
2025-09-23,Unattributed,(not set),164.4,50.720000000000006,16.33,5.36,0.0,2.0,2.0,0.0,0.0
2025-09-24,Direct,(direct),664.02,228.79999999999998,48.599999999999994,21.06,49.63,6.0,3.0,0.0,0.0
2025-09-24,Email/SMS,Flow - Abandoned Cart,54.06,12.0,8.7,1.87,0.0,1.0,0.0,0.0,0.0
2025-09-24,Email/SMS,Flow - Post Purchase Winback,106.59,38.0,8.28,3.39,0.0,1.0,0.0,0.0,0.0
2025-09-24,Email/SMS,Flow - Welcome Series,82.42,21.0,8.94,2.69,0.0,1.0,0.0,0.0,0.0
2025-09-24,Google Ads,PMax - Skincare Prospecting,241.19,65.12,24.98,7.890000000000001,0.0,3.0,3.0,102.58,260.26
2025-09-24,Google Ads,Search - Brand,224.41,64.8,15.43,7.11,0.0,2.0,2.0,34.25,284.49
2025-09-24,Google Ads,Search - Nonbrand Skincare,0.0,0.0,0.0,0.0,0.0,0.0,0.0,12.2,4.74
2025-09-24,Google Ads,Shopping - Bestsellers,114.44000000000001,27.6,14.04,3.92,0.0,2.0,2.0,37.67,123.39
2025-09-24,Meta Ads,Prospecting - Broad,114.95,32.4,13.94,3.9299999999999997,0.0,2.0,2.0,60.9,170.75
2025-09-24,Meta Ads,Prospecting - Lookalike 1%,282.18,77.1,24.369999999999997,9.09,0.0,3.0,2.0,106.65,441.45
2025-09-24,Meta Ads,Retargeting - Cart Abandon,26.459999999999997,7.2,7.88,1.07,0.0,1.0,0.0,18.88,45.54
2025-09-24,Meta Ads,Retargeting - Engaged 30d,70.95,19.2,6.7,2.36,0.0,1.0,1.0,27.77,84.2
2025-09-24,Organic Search,(organic),645.9300000000001,197.07999999999998,65.75,21.12,0.0,8.0,7.0,0.0,0.0
2025-09-24,Organic Social,(organic social),153.22,61.0,9.12,4.74,0.0,1.0,1.0,0.0,0.0
2025-09-24,Unattributed,(not set),89.86000000000001,21.6,16.54,3.2,0.0,2.0,2.0,0.0,0.0
2025-09-25,Direct,(direct),283.87,85.16,40.46000000000001,9.73,0.0,5.0,1.0,0.0,0.0
2025-09-25,Email/SMS,Campaign - Monthly Newsletter,83.36,19.2,15.86,3.01,0.0,2.0,0.0,0.0,0.0
2025-09-25,Email/SMS,Flow - Abandoned Cart,32.26,8.4,8.76,1.24,0.0,1.0,0.0,0.0,0.0
2025-09-25,Email/SMS,Flow - Post Purchase Winback,199.61,53.64,16.7,6.39,0.0,2.0,0.0,0.0,0.0
2025-09-25,Email/SMS,Flow - Welcome Series,135.42000000000002,31.88,22.16,4.84,0.0,3.0,0.0,0.0,0.0
2025-09-25,Google Ads,PMax - Skincare Prospecting,30.259999999999998,7.2,8.09,1.18,0.0,1.0,1.0,10.77,39.31
2025-09-25,Google Ads,Search - Brand,40.95,10.88,7.6,1.49,40.95,1.0,1.0,11.7,45.98
2025-09-25,Google Ads,Search - Nonbrand Skincare,28.95,6.6,7.43,1.14,0.0,1.0,1.0,12.86,34.65
2025-09-25,Google Ads,Shopping - Bestsellers,250.94000000000003,73.54,34.17,8.48,0.0,4.0,4.0,69.08,282.53
2025-09-25,Meta Ads,Prospecting - Broad,154.59,36.0,6.93,4.78,0.0,1.0,1.0,80.29,236.13
2025-09-25,Meta Ads,Prospecting - Lookalike 1%,94.85,24.0,17.18,3.35,0.0,2.0,2.0,43.13,149.01
2025-09-25,Meta Ads,Retargeting - Cart Abandon,27.05,7.2,9.63,1.08,0.0,1.0,1.0,17.64,40.47
2025-09-25,Meta Ads,Retargeting - Engaged 30d,303.26,82.82,24.96,9.69,0.0,3.0,3.0,125.74,419.16
2025-09-25,Organic Search,(organic),498.84000000000003,124.66,56.51,16.58,0.0,7.0,5.0,0.0,0.0
2025-09-25,Organic Social,(organic social),59.42,12.0,7.87,2.02,0.0,1.0,1.0,0.0,0.0
2025-09-26,Direct,(direct),500.83000000000004,146.44,48.33,16.33,122.63,6.0,2.0,0.0,0.0
2025-09-26,Email/SMS,Campaign - Monthly Newsletter,91.9,22.28,14.469999999999999,3.2699999999999996,0.0,2.0,1.0,0.0,0.0
2025-09-26,Email/SMS,Flow - Abandoned Cart,167.48000000000002,67.6,16.18,5.45,0.0,2.0,0.0,0.0,0.0
2025-09-26,Email/SMS,Flow - Welcome Series,221.51000000000002,51.6,33.980000000000004,7.63,52.99,4.0,2.0,0.0,0.0
2025-09-26,Google Ads,PMax - Skincare Prospecting,259.2,60.0,16.45,8.11,0.0,2.0,2.0,115.0,289.33
2025-09-26,Google Ads,Search - Brand,0.0,0.0,0.0,0.0,0.0,0.0,0.0,12.53,7.43
2025-09-26,Google Ads,Search - Nonbrand Skincare,130.95,30.6,15.55,4.3999999999999995,0.0,2.0,2.0,42.15,158.86
2025-09-26,Google Ads,Shopping - Bestsellers,232.32999999999998,56.4,33.97,7.93,0.0,4.0,3.0,57.75,242.88
2025-09-26,Meta Ads,Prospecting - Broad,81.75,18.6,16.64,2.9699999999999998,0.0,2.0,2.0,59.24,109.74
2025-09-26,Meta Ads,Prospecting - Lookalike 1%,52.52,10.5,8.32,1.82,0.0,1.0,1.0,25.2,67.38
2025-09-26,Meta Ads,Retargeting - Cart Abandon,82.57,22.8,6.84,2.69,0.0,1.0,1.0,12.92,120.98
2025-09-26,Meta Ads,Retargeting - Engaged 30d,300.12,107.5,32.27,9.9,0.0,4.0,4.0,103.86,435.75
2025-09-26,Organic Search,(organic),557.1899999999999,168.4,51.949999999999996,17.95,0.0,6.0,4.0,0.0,0.0
2025-09-26,Organic Social,(organic social),101.93,24.0,7.41,3.26,0.0,1.0,0.0,0.0,0.0
2025-09-27,Direct,(direct),173.32,44.239999999999995,27.130000000000003,5.92,0.0,3.0,1.0,0.0,0.0
2025-09-27,Email/SMS,Flow - Abandoned Cart,220.35000000000002,75.96000000000001,23.96,7.29,0.0,3.0,0.0,0.0,0.0
2025-09-27,Email/SMS,Flow - Post Purchase Winback,156.95,50.0,17.29,5.15,0.0,2.0,1.0,0.0,0.0
2025-09-27,Email/SMS,Flow - Welcome Series,229.26,55.88,24.75,7.54,44.19,3.0,0.0,0.0,0.0
2025-09-27,Google Ads,PMax - Skincare Prospecting,54.95,12.0,8.9,1.89,0.0,1.0,0.0,23.48,64.61
2025-09-27,Google Ads,Search - Brand,164.09000000000003,37.58,23.93,5.66,0.0,3.0,3.0,13.54,174.52
2025-09-27,Google Ads,Search - Nonbrand Skincare,204.27,47.7,24.61,6.82,0.0,3.0,3.0,59.78,222.16
2025-09-27,Google Ads,Shopping - Bestsellers,27.53,6.6,8.69,1.1,0.0,1.0,1.0,9.89,35.77
2025-09-27,Meta Ads,Prospecting - Broad,123.73,31.2,18.009999999999998,4.1899999999999995,0.0,2.0,2.0,80.56,191.41
2025-09-27,Meta Ads,Prospecting - Lookalike 1%,0.0,0.0,0.0,0.0,0.0,0.0,0.0,19.44,8.93
2025-09-27,Meta Ads,Retargeting - Cart Abandon,157.05,39.68,24.14,5.449999999999999,0.0,3.0,3.0,30.56,199.94
2025-09-27,Meta Ads,Retargeting - Engaged 30d,412.35999999999996,118.64000000000001,40.150000000000006,13.459999999999999,0.0,5.0,5.0,171.37,616.0
2025-09-27,Organic Search,(organic),338.96999999999997,82.20000000000002,47.41,11.629999999999999,54.95,6.0,4.0,0.0,0.0
2025-09-27,Organic Social,(organic social),191.65,50.24,24.9,6.45,0.0,3.0,3.0,0.0,0.0
2025-09-27,Unattributed,(not set),74.78,20.48,14.629999999999999,2.77,0.0,2.0,2.0,0.0,0.0
2025-09-28,Direct,(direct),316.66999999999996,73.34,55.21,11.280000000000001,0.0,7.0,3.0,0.0,0.0
2025-09-28,Email/SMS,Flow - Abandoned Cart,124.18,45.2,13.51,4.199999999999999,30.56,2.0,0.0,0.0,0.0
2025-09-28,Email/SMS,Flow - Post Purchase Winback,31.78,8.4,8.15,1.22,0.0,1.0,0.0,0.0,0.0
2025-09-28,Email/SMS,Flow - Welcome Series,90.27,21.0,7.09,2.92,0.0,1.0,0.0,0.0,0.0
2025-09-28,Google Ads,PMax - Skincare Prospecting,54.95,12.0,7.81,1.89,0.0,1.0,0.0,28.04,63.3
2025-09-28,Google Ads,Search - Brand,0.0,0.0,0.0,0.0,0.0,0.0,0.0,9.35,9.83
2025-09-28,Google Ads,Search - Nonbrand Skincare,62.95,16.8,8.37,2.13,0.0,1.0,1.0,16.62,71.08
2025-09-28,Google Ads,Shopping - Bestsellers,238.46,56.480000000000004,31.73,8.120000000000001,0.0,4.0,2.0,56.75,292.61
2025-09-28,Meta Ads,Prospecting - Broad,286.56,85.6,22.38,9.219999999999999,0.0,3.0,1.0,213.47,389.53
2025-09-28,Meta Ads,Prospecting - Lookalike 1%,171.82,43.88,24.62,5.880000000000001,0.0,3.0,3.0,81.19,207.1
2025-09-28,Meta Ads,Retargeting - Cart Abandon,173.21,52.96,16.23,5.619999999999999,0.0,2.0,1.0,43.57,279.78
2025-09-28,Meta Ads,Retargeting - Engaged 30d,126.60000000000001,34.8,22.4,4.58,0.0,3.0,2.0,37.3,209.08
2025-09-28,Organic Search,(organic),294.47,69.46000000000001,53.589999999999996,10.64,0.0,7.0,7.0,0.0,0.0
2025-09-28,Organic Social,(organic social),128.67000000000002,29.7,16.63,4.34,0.0,2.0,2.0,0.0,0.0
2025-09-28,Unattributed,(not set),28.95,6.6,7.08,1.14,0.0,1.0,1.0,0.0,0.0
2025-09-29,Direct,(direct),355.9,82.88,56.019999999999996,12.41,0.0,7.0,3.0,0.0,0.0
2025-09-29,Email/SMS,Campaign - Monthly Newsletter,118.30000000000001,32.4,17.619999999999997,4.03,0.0,2.0,0.0,0.0,0.0
2025-09-29,Email/SMS,Flow - Abandoned Cart,48.09,10.5,8.73,1.69,0.0,1.0,0.0,0.0,0.0
2025-09-29,Email/SMS,Flow - Post Purchase Winback,129.2,34.2,18.25,4.34,0.0,2.0,1.0,0.0,0.0
2025-09-29,Email/SMS,Flow - Welcome Series,26.41,7.2,8.68,1.07,0.0,1.0,0.0,0.0,0.0
2025-09-29,Google Ads,PMax - Skincare Prospecting,0.0,0.0,0.0,0.0,0.0,0.0,0.0,14.31,11.48
2025-09-29,Google Ads,Search - Brand,166.43,38.56,23.270000000000003,5.7299999999999995,0.0,3.0,3.0,14.23,186.42
2025-09-29,Google Ads,Search - Nonbrand Skincare,30.95,7.2,7.41,1.2,30.95,1.0,1.0,12.78,36.0
2025-09-29,Google Ads,Shopping - Bestsellers,177.04000000000002,44.7,25.22,6.03,0.0,3.0,3.0,46.99,200.86
2025-09-29,Meta Ads,Prospecting - Broad,0.0,0.0,0.0,0.0,0.0,0.0,0.0,15.38,11.41
2025-09-29,Meta Ads,Prospecting - Lookalike 1%,99.75,22.880000000000003,17.21,3.49,44.8,2.0,2.0,54.78,132.54
2025-09-29,Meta Ads,Retargeting - Cart Abandon,28.95,6.6,8.72,1.14,0.0,1.0,1.0,17.39,42.21
2025-09-29,Meta Ads,Retargeting - Engaged 30d,0.0,0.0,0.0,0.0,0.0,0.0,0.0,18.07,12.31
2025-09-29,Organic Search,(organic),379.74,120.77999999999999,41.98,12.51,155.26,5.0,3.0,0.0,0.0
2025-09-29,Organic Social,(organic social),190.63,55.2,15.09,6.13,0.0,2.0,0.0,0.0,0.0
2025-09-29,Unattributed,(not set),51.95,10.5,8.11,1.81,0.0,1.0,1.0,0.0,0.0
2025-09-30,Direct,(direct),353.29,96.6,48.36,12.04,55.85,6.0,3.0,0.0,0.0
2025-09-30,Email/SMS,Flow - Abandoned Cart,291.76,114.0,7.92,8.76,0.0,1.0,0.0,0.0,0.0
2025-09-30,Email/SMS,Flow - Post Purchase Winback,89.9,18.6,17.23,3.1999999999999997,0.0,2.0,0.0,0.0,0.0
2025-09-30,Email/SMS,Flow - Welcome Series,234.99,74.72,24.17,7.72,0.0,3.0,0.0,0.0,0.0
2025-09-30,Google Ads,PMax - Skincare Prospecting,0.0,0.0,0.0,0.0,0.0,0.0,0.0,12.45,5.39
2025-09-30,Google Ads,Search - Brand,139.46,47.6,17.43,4.640000000000001,41.46,2.0,2.0,14.55,147.14
2025-09-30,Google Ads,Search - Nonbrand Skincare,0.0,0.0,0.0,0.0,0.0,0.0,0.0,11.08,10.55
2025-09-30,Google Ads,Shopping - Bestsellers,0.0,0.0,0.0,0.0,0.0,0.0,0.0,12.07,10.31
2025-09-30,Meta Ads,Prospecting - Broad,103.73,28.04,14.66,3.61,0.0,2.0,2.0,72.28,139.92
2025-09-30,Meta Ads,Prospecting - Lookalike 1%,105.67,28.64,15.77,3.66,0.0,2.0,2.0,54.77,141.79
2025-09-30,Meta Ads,Retargeting - Cart Abandon,189.72,72.4,15.71,6.1,44.72,2.0,2.0,37.29,245.45
2025-09-30,Meta Ads,Retargeting - Engaged 30d,88.13000000000001,21.9,16.08,3.16,0.0,2.0,2.0,28.2,115.94
2025-09-30,Organic Search,(organic),484.52,140.64,50.080000000000005,15.860000000000001,0.0,6.0,2.0,0.0,0.0
2025-09-30,Organic Social,(organic social),126.85000000000001,29.700000000000003,21.46,4.58,0.0,3.0,2.0,0.0,0.0
2025-09-30,Unattributed,(not set),135.61,38.400000000000006,15.379999999999999,4.54,0.0,2.0,0.0,0.0,0.0
2025-10-01,Direct,(direct),210.85000000000002,50.400000000000006,32.3,7.32,0.0,4.0,3.0,0.0,0.0
2025-10-01,Email/SMS,Flow - Abandoned Cart,190.22,55.44,16.7,6.11,0.0,2.0,0.0,0.0,0.0
2025-10-01,Email/SMS,Flow - Post Purchase Winback,38.95,9.6,9.02,1.43,0.0,1.0,0.0,0.0,0.0
2025-10-01,Email/SMS,Flow - Welcome Series,114.0,34.2,7.11,3.61,114.0,1.0,0.0,0.0,0.0
2025-10-01,Google Ads,PMax - Skincare Prospecting,487.43000000000006,134.4,32.7,15.34,0.0,4.0,3.0,236.85,522.29
2025-10-01,Google Ads,Search - Brand,76.4,19.8,17.27,2.81,0.0,2.0,2.0,8.97,94.05
2025-10-01,Google Ads,Search - Nonbrand Skincare,96.0,24.0,7.83,3.08,0.0,1.0,1.0,30.72,99.88
2025-10-01,Google Ads,Shopping - Bestsellers,129.4,31.5,15.25,4.36,0.0,2.0,2.0,34.95,147.06
2025-10-01,Meta Ads,Prospecting - Broad,304.29,78.96000000000001,42.769999999999996,10.31,0.0,5.0,5.0,182.6,444.36
2025-10-01,Meta Ads,Prospecting - Lookalike 1%,256.7,114.0,7.99,7.74,0.0,1.0,1.0,122.93,441.93
2025-10-01,Meta Ads,Retargeting - Cart Abandon,0.0,0.0,0.0,0.0,0.0,0.0,0.0,17.72,10.0
2025-10-01,Meta Ads,Retargeting - Engaged 30d,390.28999999999996,98.47999999999999,47.76,13.12,59.88,6.0,4.0,108.06,499.77
2025-10-01,Organic Search,(organic),264.0,70.03999999999999,35.150000000000006,8.86,0.0,4.0,4.0,0.0,0.0
2025-10-01,Organic Social,(organic social),96.0,24.0,9.45,3.08,0.0,1.0,1.0,0.0,0.0
2025-10-01,Unattributed,(not set),34.95,8.4,7.82,1.31,0.0,1.0,1.0,0.0,0.0
2025-10-02,Direct,(direct),191.85000000000002,47.4,23.17,6.47,0.0,3.0,1.0,0.0,0.0
2025-10-02,Email/SMS,Campaign - Monthly Newsletter,48.93000000000001,12.0,8.83,1.72,0.0,1.0,0.0,0.0,0.0
2025-10-02,Email/SMS,Flow - Abandoned Cart,186.32999999999998,76.0,9.01,5.7,0.0,1.0,0.0,0.0,0.0
2025-10-02,Email/SMS,Flow - Post Purchase Winback,54.95,14.4,7.59,1.89,0.0,1.0,1.0,0.0,0.0
2025-10-02,Google Ads,PMax - Skincare Prospecting,429.21999999999997,129.86,42.02,13.950000000000001,0.0,5.0,5.0,187.28,487.76
2025-10-02,Google Ads,Search - Brand,75.79,18.0,13.82,2.79,0.0,2.0,2.0,11.43,84.59
2025-10-02,Google Ads,Search - Nonbrand Skincare,34.46,8.4,8.53,1.3,0.0,1.0,0.0,14.25,44.6
2025-10-02,Google Ads,Shopping - Bestsellers,154.44,61.0,8.56,4.78,0.0,1.0,1.0,50.57,165.39
2025-10-02,Meta Ads,Prospecting - Broad,58.95,16.64,7.4,2.01,0.0,1.0,1.0,28.04,78.88
2025-10-02,Meta Ads,Prospecting - Lookalike 1%,93.2,21.380000000000003,15.09,3.3,0.0,2.0,2.0,51.01,136.98
2025-10-02,Meta Ads,Retargeting - Cart Abandon,249.32999999999998,82.0,16.88,7.83,91.52,2.0,2.0,38.22,319.41
2025-10-02,Meta Ads,Retargeting - Engaged 30d,117.9,33.28,16.35,4.02,0.0,2.0,2.0,31.1,183.89
2025-10-02,Organic Search,(organic),599.23,185.28,73.44999999999999,20.08,42.82,9.0,5.0,0.0,0.0
2025-10-02,Organic Social,(organic social),522.95,184.4,22.87,16.06,130.95,3.0,2.0,0.0,0.0
2025-10-02,Unattributed,(not set),98.0,38.0,8.59,3.14,0.0,1.0,0.0,0.0,0.0
2025-10-03,Direct,(direct),222.71000000000004,55.720000000000006,31.919999999999998,7.67,33.9,4.0,1.0,0.0,0.0
2025-10-03,Email/SMS,Campaign - Monthly Newsletter,72.95,19.8,8.51,2.42,0.0,1.0,0.0,0.0,0.0
2025-10-03,Email/SMS,Flow - Abandoned Cart,77.84,26.4,7.71,2.56,0.0,1.0,0.0,0.0,0.0
2025-10-03,Email/SMS,Flow - Post Purchase Winback,44.95,11.4,9.69,1.6,0.0,1.0,0.0,0.0,0.0
2025-10-03,Google Ads,PMax - Skincare Prospecting,70.95,19.2,9.17,2.36,0.0,1.0,0.0,28.57,84.48
2025-10-03,Google Ads,Search - Brand,434.68,126.64,50.17,14.409999999999998,0.0,6.0,4.0,51.38,492.46
2025-10-03,Google Ads,Search - Nonbrand Skincare,152.85000000000002,36.08,25.97,5.33,0.0,3.0,2.0,45.6,175.63
2025-10-03,Google Ads,Shopping - Bestsellers,0.0,0.0,0.0,0.0,0.0,0.0,0.0,11.88,4.34
2025-10-03,Meta Ads,Prospecting - Broad,165.49,45.28,16.22,5.3999999999999995,0.0,2.0,2.0,74.64,215.2
2025-10-03,Meta Ads,Prospecting - Lookalike 1%,115.26,30.6,16.6,3.9399999999999995,0.0,2.0,2.0,45.43,151.0
2025-10-03,Meta Ads,Retargeting - Cart Abandon,212.74,46.88,34.699999999999996,7.359999999999999,54.95,4.0,4.0,33.45,307.56
2025-10-03,Meta Ads,Retargeting - Engaged 30d,115.93,30.0,17.3,3.96,0.0,2.0,2.0,39.76,166.62
2025-10-03,Organic Search,(organic),255.37000000000003,58.5,43.0,8.9,0.0,5.0,3.0,0.0,0.0
2025-10-03,Organic Social,(organic social),170.69,49.8,26.869999999999997,5.85,0.0,3.0,2.0,0.0,0.0
2025-10-03,Unattributed,(not set),127.36000000000001,27.68,16.9,4.289999999999999,0.0,2.0,2.0,0.0,0.0
2025-10-04,Direct,(direct),287.35999999999996,99.56000000000002,32.45,9.54,0.0,4.0,2.0,0.0,0.0
2025-10-04,Email/SMS,Flow - Abandoned Cart,111.73,32.32,16.439999999999998,3.84,0.0,2.0,0.0,0.0,0.0
2025-10-04,Email/SMS,Flow - Post Purchase Winback,84.0,21.0,8.02,2.74,84.0,1.0,0.0,0.0,0.0
2025-10-04,Email/SMS,Flow - Welcome Series,97.12,23.4,16.02,3.41,0.0,2.0,2.0,0.0,0.0
2025-10-04,Google Ads,PMax - Skincare Prospecting,117.9,27.68,17.630000000000003,4.02,54.95,2.0,1.0,51.65,143.14
2025-10-04,Google Ads,Search - Brand,54.95,12.0,8.04,1.89,0.0,1.0,1.0,11.04,57.72
2025-10-04,Google Ads,Search - Nonbrand Skincare,169.75000000000003,36.9,28.990000000000002,6.11,18.49,4.0,4.0,62.1,178.79
2025-10-04,Google Ads,Shopping - Bestsellers,218.19,54.0,16.759999999999998,6.93,168.0,2.0,2.0,72.04,247.84
2025-10-04,Meta Ads,Prospecting - Broad,387.64,104.88,51.99999999999999,13.040000000000001,62.95,6.0,6.0,206.49,619.81
2025-10-04,Meta Ads,Prospecting - Lookalike 1%,41.290000000000006,9.6,9.38,1.5,0.0,1.0,1.0,15.04,61.87
2025-10-04,Meta Ads,Retargeting - Cart Abandon,62.89,16.64,8.3,2.12,0.0,1.0,1.0,17.13,82.35
2025-10-04,Meta Ads,Retargeting - Engaged 30d,75.80000000000001,19.2,17.33,2.8,0.0,2.0,2.0,30.24,110.23
2025-10-04,Organic Search,(organic),814.26,229.14000000000001,89.80999999999999,26.93,14.44,11.0,9.0,0.0,0.0
2025-10-04,Organic Social,(organic social),30.95,7.2,6.81,1.2,0.0,1.0,0.0,0.0,0.0
2025-10-05,Direct,(direct),337.84999999999997,79.34,57.74000000000001,11.889999999999999,0.0,7.0,2.0,0.0,0.0
2025-10-05,Email/SMS,Campaign - Monthly Newsletter,144.47000000000003,29.1,25.310000000000002,5.08,0.0,3.0,0.0,0.0,0.0
2025-10-05,Email/SMS,Flow - Abandoned Cart,54.53,16.64,9.44,1.88,54.53,1.0,0.0,0.0,0.0
2025-10-05,Google Ads,PMax - Skincare Prospecting,0.0,0.0,0.0,0.0,0.0,0.0,0.0,14.32,5.84
2025-10-05,Google Ads,Search - Brand,0.0,0.0,0.0,0.0,0.0,0.0,0.0,12.81,5.52
2025-10-05,Google Ads,Search - Nonbrand Skincare,157.88,61.0,7.85,4.88,0.0,1.0,1.0,48.13,164.92
2025-10-05,Google Ads,Shopping - Bestsellers,0.0,0.0,0.0,0.0,0.0,0.0,0.0,14.08,6.97
2025-10-05,Meta Ads,Prospecting - Broad,112.36,30.6,25.75,4.16,0.0,3.0,2.0,71.77,182.32
2025-10-05,Meta Ads,Prospecting - Lookalike 1%,702.35,250.14000000000001,49.839999999999996,22.18,54.95,6.0,6.0,354.86,1053.28
2025-10-05,Meta Ads,Retargeting - Cart Abandon,105.98,25.28,16.560000000000002,3.67,0.0,2.0,2.0,14.29,129.53
2025-10-05,Meta Ads,Retargeting - Engaged 30d,103.1,28.04,15.5,3.59,0.0,2.0,2.0,46.18,162.15
2025-10-05,Organic Search,(organic),612.3199999999999,181.6,53.88,19.85,0.0,7.0,7.0,0.0,0.0
2025-10-05,Organic Social,(organic social),184.04,51.88,23.22,6.239999999999999,0.0,3.0,3.0,0.0,0.0
2025-10-05,Unattributed,(not set),173.81,45.0,25.78,5.94,0.0,3.0,3.0,0.0,0.0
2025-10-06,Direct,(direct),139.12,36.6,23.689999999999998,4.9399999999999995,0.0,3.0,1.0,0.0,0.0
2025-10-06,Email/SMS,Campaign - Monthly Newsletter,105.36000000000001,28.200000000000003,15.72,3.66,62.3,2.0,0.0,0.0,0.0
2025-10-06,Email/SMS,Flow - Welcome Series,48.5,12.0,7.37,1.71,48.5,1.0,0.0,0.0,0.0
2025-10-06,Google Ads,PMax - Skincare Prospecting,0.0,0.0,0.0,0.0,0.0,0.0,0.0,9.7,8.35
2025-10-06,Google Ads,Search - Brand,59.1,12.0,7.76,2.01,0.0,1.0,0.0,13.46,63.89
2025-10-06,Google Ads,Search - Nonbrand Skincare,160.65,37.06,24.57,5.57,31.48,3.0,3.0,55.32,168.46
2025-10-06,Google Ads,Shopping - Bestsellers,129.65,31.5,16.03,4.36,0.0,2.0,1.0,30.26,152.42
2025-10-06,Meta Ads,Prospecting - Broad,135.95,44.68,16.33,4.54,0.0,2.0,2.0,101.87,198.81
2025-10-06,Meta Ads,Prospecting - Lookalike 1%,290.77,98.58000000000001,32.38,9.629999999999999,0.0,4.0,4.0,110.92,434.06
2025-10-06,Meta Ads,Retargeting - Cart Abandon,259.46999999999997,67.2,23.560000000000002,8.42,0.0,3.0,2.0,55.04,344.86
2025-10-06,Meta Ads,Retargeting - Engaged 30d,0.0,0.0,0.0,0.0,0.0,0.0,0.0,11.85,8.28
2025-10-06,Organic Search,(organic),288.73,72.6,56.29,10.469999999999999,0.0,7.0,6.0,0.0,0.0
2025-10-06,Organic Social,(organic social),105.47,28.799999999999997,17.130000000000003,3.66,42.41,2.0,1.0,0.0,0.0
2025-10-06,Unattributed,(not set),48.95,10.5,8.25,1.72,0.0,1.0,1.0,0.0,0.0
2025-10-07,Direct,(direct),380.65,117.53999999999999,36.63,12.23,0.0,4.0,2.0,0.0,0.0
2025-10-07,Email/SMS,Campaign - Monthly Newsletter,200.89000000000001,50.24,33.28,7.03,0.0,4.0,1.0,0.0,0.0
2025-10-07,Email/SMS,Flow - Abandoned Cart,48.660000000000004,10.5,8.48,1.71,0.0,1.0,0.0,0.0,0.0
2025-10-07,Email/SMS,Flow - Post Purchase Winback,37.85,11.4,7.81,1.4,0.0,1.0,0.0,0.0,0.0
2025-10-07,Email/SMS,Flow - Welcome Series,214.21,76.0,7.47,6.51,0.0,1.0,0.0,0.0,0.0
2025-10-07,Google Ads,PMax - Skincare Prospecting,48.95,10.5,7.16,1.72,0.0,1.0,1.0,23.34,51.27
2025-10-07,Google Ads,Search - Brand,244.10000000000002,77.68,22.630000000000003,7.98,0.0,3.0,3.0,33.4,314.45
2025-10-07,Google Ads,Search - Nonbrand Skincare,37.550000000000004,8.4,7.6,1.39,0.0,1.0,1.0,12.85,38.99
2025-10-07,Google Ads,Shopping - Bestsellers,0.0,0.0,0.0,0.0,0.0,0.0,0.0,11.95,9.88
2025-10-07,Meta Ads,Prospecting - Broad,91.02,22.88,15.96,3.24,0.0,2.0,2.0,45.82,136.07
2025-10-07,Meta Ads,Prospecting - Lookalike 1%,367.22,93.44000000000001,38.91,12.15,24.51,5.0,4.0,146.04,490.06
2025-10-07,Meta Ads,Retargeting - Cart Abandon,0.0,0.0,0.0,0.0,0.0,0.0,0.0,19.24,16.65
2025-10-07,Meta Ads,Retargeting - Engaged 30d,177.74,47.04,7.4,5.45,0.0,1.0,1.0,48.89,253.17
2025-10-07,Organic Search,(organic),257.95,66.97999999999999,48.72999999999999,9.28,0.0,6.0,3.0,0.0,0.0
2025-10-07,Organic Social,(organic social),198.18,46.28,25.36,6.65,0.0,3.0,3.0,0.0,0.0
2025-10-07,Unattributed,(not set),36.82,9.6,7.5,1.37,0.0,1.0,1.0,0.0,0.0
2025-10-08,Direct,(direct),396.75,93.38,49.78,13.309999999999999,27.48,6.0,3.0,0.0,0.0
2025-10-08,Email/SMS,Campaign - Monthly Newsletter,92.53,22.8,16.14,3.28,0.0,2.0,0.0,0.0,0.0
2025-10-08,Email/SMS,Flow - Post Purchase Winback,40.95,10.88,8.12,1.49,0.0,1.0,0.0,0.0,0.0
2025-10-08,Email/SMS,Flow - Welcome Series,66.69,15.68,7.87,2.23,0.0,1.0,0.0,0.0,0.0
2025-10-08,Google Ads,PMax - Skincare Prospecting,38.34,11.4,8.74,1.41,0.0,1.0,0.0,21.82,48.08
2025-10-08,Google Ads,Search - Brand,145.0,61.0,7.53,4.5,0.0,1.0,1.0,19.19,161.34
2025-10-08,Google Ads,Search - Nonbrand Skincare,88.29,22.28,15.21,3.16,0.0,2.0,2.0,33.32,105.88
2025-10-08,Google Ads,Shopping - Bestsellers,120.96000000000001,31.36,6.85,3.81,0.0,1.0,1.0,31.69,130.65
2025-10-08,Meta Ads,Prospecting - Broad,195.27,60.88,25.6,6.56,34.38,3.0,2.0,129.45,294.11
2025-10-08,Meta Ads,Prospecting - Lookalike 1%,163.47,39.68,31.83,5.9399999999999995,0.0,4.0,2.0,88.88,241.07
2025-10-08,Meta Ads,Retargeting - Cart Abandon,0.0,0.0,0.0,0.0,0.0,0.0,0.0,16.7,13.77
2025-10-08,Meta Ads,Retargeting - Engaged 30d,95.61000000000001,24.6,14.11,3.38,0.0,2.0,1.0,38.82,145.87
2025-10-08,Organic Search,(organic),792.03,248.3,58.300000000000004,25.08,0.0,7.0,5.0,0.0,0.0
2025-10-08,Organic Social,(organic social),395.21,139.1,22.44,12.36,0.0,3.0,2.0,0.0,0.0
2025-10-08,Unattributed,(not set),52.1,10.5,8.24,1.81,0.0,1.0,1.0,0.0,0.0
2025-10-09,Direct,(direct),394.72,130.68,44.25999999999999,12.940000000000001,0.0,5.0,1.0,0.0,0.0
2025-10-09,Email/SMS,Campaign - Monthly Newsletter,203.86,48.0,17.090000000000003,6.5200000000000005,0.0,2.0,0.0,0.0,0.0
2025-10-09,Email/SMS,Flow - Abandoned Cart,142.44,54.64,15.5,4.73,0.0,2.0,1.0,0.0,0.0
2025-10-09,Email/SMS,Flow - Post Purchase Winback,53.35,10.5,8.07,1.85,0.0,1.0,0.0,0.0,0.0
2025-10-09,Email/SMS,Flow - Welcome Series,92.68,22.88,15.98,3.29,0.0,2.0,0.0,0.0,0.0
2025-10-09,Google Ads,PMax - Skincare Prospecting,32.550000000000004,9.6,7.02,1.24,0.0,1.0,1.0,19.75,42.65
2025-10-09,Google Ads,Search - Brand,39.96,11.4,8.43,1.46,0.0,1.0,1.0,10.96,56.8
2025-10-09,Google Ads,Search - Nonbrand Skincare,148.78000000000003,38.02,26.0,5.21,0.0,3.0,2.0,48.94,180.87
2025-10-09,Google Ads,Shopping - Bestsellers,33.07,7.2,8.57,1.26,0.0,1.0,1.0,11.55,37.12
2025-10-09,Meta Ads,Prospecting - Broad,48.650000000000006,11.4,6.98,1.71,0.0,1.0,1.0,25.42,60.57
2025-10-09,Meta Ads,Prospecting - Lookalike 1%,96.0,24.0,9.62,3.08,48.0,1.0,1.0,33.43,121.17
2025-10-09,Meta Ads,Retargeting - Cart Abandon,381.34000000000003,127.6,24.09,11.96,0.0,3.0,3.0,68.03,584.08
2025-10-09,Meta Ads,Retargeting - Engaged 30d,250.20999999999998,86.88,16.26,7.8500000000000005,0.0,2.0,1.0,93.14,320.45
2025-10-09,Organic Search,(organic),422.75,97.28,65.12,14.65,0.0,8.0,6.0,0.0,0.0
2025-10-09,Organic Social,(organic social),98.66999999999999,22.28,14.56,3.46,0.0,2.0,2.0,0.0,0.0
2025-10-09,Unattributed,(not set),144.0,36.0,7.97,4.48,0.0,1.0,1.0,0.0,0.0
2025-10-10,Direct,(direct),459.28,123.60000000000001,55.02000000000001,15.400000000000002,191.24,7.0,5.0,0.0,0.0
2025-10-10,Email/SMS,Campaign - Monthly Newsletter,321.87,92.56,23.17,10.239999999999998,103.92,3.0,0.0,0.0,0.0
2025-10-10,Email/SMS,Flow - Abandoned Cart,54.61,13.8,16.27,2.1900000000000004,0.0,2.0,0.0,0.0,0.0
2025-10-10,Email/SMS,Flow - Post Purchase Winback,67.10000000000001,15.68,8.24,2.25,0.0,1.0,0.0,0.0,0.0
2025-10-10,Email/SMS,Flow - Welcome Series,184.54,48.0,7.78,5.65,184.54,1.0,0.0,0.0,0.0
2025-10-10,Google Ads,PMax - Skincare Prospecting,85.96000000000001,19.8,15.76,3.09,0.0,2.0,2.0,30.1,95.1
2025-10-10,Google Ads,Search - Brand,34.95,8.4,7.41,1.31,0.0,1.0,1.0,12.0,37.55
2025-10-10,Google Ads,Search - Nonbrand Skincare,0.0,0.0,0.0,0.0,0.0,0.0,0.0,12.85,7.56
2025-10-10,Google Ads,Shopping - Bestsellers,0.0,0.0,0.0,0.0,0.0,0.0,0.0,9.34,3.47
2025-10-10,Meta Ads,Prospecting - Broad,145.41,29.7,22.11,5.13,0.0,3.0,2.0,73.6,205.32
2025-10-10,Meta Ads,Prospecting - Lookalike 1%,184.2,48.300000000000004,24.759999999999998,6.239999999999999,0.0,3.0,3.0,90.63,290.23
2025-10-10,Meta Ads,Retargeting - Cart Abandon,195.73,46.88,30.17,6.87,0.0,4.0,1.0,39.59,240.47
2025-10-10,Meta Ads,Retargeting - Engaged 30d,206.77,51.08,23.349999999999998,6.8999999999999995,0.0,3.0,3.0,54.06,308.31
2025-10-10,Organic Search,(organic),337.96999999999997,97.10000000000001,48.29,11.600000000000001,103.81,6.0,5.0,0.0,0.0
2025-10-10,Organic Social,(organic social),47.2,10.5,7.48,1.67,0.0,1.0,1.0,0.0,0.0
2025-10-10,Unattributed,(not set),41.45,9.6,9.55,1.5,0.0,1.0,1.0,0.0,0.0
2025-10-11,Direct,(direct),695.08,214.34,66.7,22.56,0.0,8.0,5.0,0.0,0.0
2025-10-11,Email/SMS,Campaign - Monthly Newsletter,145.0,61.0,6.92,4.5,0.0,1.0,1.0,0.0,0.0
2025-10-11,Email/SMS,Flow - Abandoned Cart,35.25,9.6,7.81,1.32,0.0,1.0,0.0,0.0,0.0
2025-10-11,Email/SMS,Flow - Post Purchase Winback,132.98000000000002,31.8,17.3,4.45,78.03,2.0,0.0,0.0,0.0
2025-10-11,Email/SMS,Flow - Welcome Series,120.04,31.2,14.33,4.08,0.0,2.0,0.0,0.0,0.0
2025-10-11,Google Ads,PMax - Skincare Prospecting,0.0,0.0,0.0,0.0,0.0,0.0,0.0,11.18,9.33
2025-10-11,Google Ads,Search - Brand,117.71000000000001,27.68,15.389999999999999,4.01,49.12,2.0,2.0,16.12,148.39
2025-10-11,Google Ads,Search - Nonbrand Skincare,294.0,114.0,7.63,8.83,0.0,1.0,1.0,101.29,323.05
2025-10-11,Google Ads,Shopping - Bestsellers,191.0,48.6,30.630000000000003,6.74,0.0,4.0,3.0,60.78,223.45
2025-10-11,Meta Ads,Prospecting - Broad,96.0,23.7,15.739999999999998,3.3899999999999997,0.0,2.0,2.0,61.15,154.92
2025-10-11,Meta Ads,Prospecting - Lookalike 1%,139.34,39.44,16.05,4.640000000000001,0.0,2.0,1.0,59.99,174.9
2025-10-11,Meta Ads,Retargeting - Cart Abandon,250.13,68.56,25.26,8.15,0.0,3.0,2.0,55.78,307.09
2025-10-11,Meta Ads,Retargeting - Engaged 30d,145.0,39.44,23.630000000000003,5.1,58.95,3.0,2.0,62.28,214.47
2025-10-11,Organic Search,(organic),164.32000000000002,45.6,23.939999999999998,5.66,0.0,3.0,1.0,0.0,0.0
2025-10-11,Organic Social,(organic social),303.06,72.00000000000001,37.35,10.299999999999999,0.0,5.0,4.0,0.0,0.0
2025-10-11,Unattributed,(not set),192.0,48.0,7.41,5.87,96.0,1.0,1.0,0.0,0.0
2025-10-12,Direct,(direct),204.23000000000002,51.0,45.550000000000004,7.72,0.0,6.0,3.0,0.0,0.0
2025-10-12,Email/SMS,Campaign - Monthly Newsletter,44.95,11.4,8.04,1.6,0.0,1.0,1.0,0.0,0.0
2025-10-12,Email/SMS,Flow - Abandoned Cart,219.66,62.72,7.85,6.67,0.0,1.0,0.0,0.0,0.0
2025-10-12,Email/SMS,Flow - Welcome Series,169.87,46.04,23.75,5.83,0.0,3.0,0.0,0.0,0.0
2025-10-12,Google Ads,PMax - Skincare Prospecting,62.95,15.68,7.73,2.13,0.0,1.0,1.0,29.51,73.9
2025-10-12,Google Ads,Search - Brand,152.32,38.56,14.93,5.02,0.0,2.0,2.0,20.72,163.24
2025-10-12,Google Ads,Search - Nonbrand Skincare,330.16,80.02000000000001,30.679999999999996,10.78,0.0,4.0,3.0,134.28,353.68
2025-10-12,Google Ads,Shopping - Bestsellers,109.69,26.4,21.9,4.08,0.0,3.0,3.0,33.92,136.32
2025-10-12,Meta Ads,Prospecting - Broad,44.57,10.5,8.2,1.59,0.0,1.0,1.0,35.81,68.38
2025-10-12,Meta Ads,Prospecting - Lookalike 1%,321.23,76.2,26.090000000000003,10.22,0.0,3.0,3.0,188.13,446.23
2025-10-12,Meta Ads,Retargeting - Cart Abandon,123.3,36.0,8.14,3.88,0.0,1.0,1.0,23.95,214.54
2025-10-12,Meta Ads,Retargeting - Engaged 30d,59.730000000000004,14.4,8.15,2.03,0.0,1.0,0.0,19.2,72.83
2025-10-12,Organic Search,(organic),284.82,75.60000000000001,50.19,10.059999999999999,0.0,6.0,2.0,0.0,0.0
2025-10-12,Organic Social,(organic social),337.15999999999997,83.78,38.36,11.27,44.95,5.0,4.0,0.0,0.0
2025-10-13,Direct,(direct),475.06,112.88,58.919999999999995,15.89,0.0,7.0,6.0,0.0,0.0
2025-10-13,Email/SMS,Flow - Abandoned Cart,31.08,7.2,8.37,1.2,0.0,1.0,0.0,0.0,0.0
2025-10-13,Email/SMS,Flow - Post Purchase Winback,55.760000000000005,13.2,8.35,1.92,0.0,1.0,0.0,0.0,0.0
2025-10-13,Email/SMS,Flow - Welcome Series,266.18,73.36,30.43,8.92,0.0,4.0,1.0,0.0,0.0
2025-10-13,Google Ads,PMax - Skincare Prospecting,0.0,0.0,0.0,0.0,0.0,0.0,0.0,11.47,12.23
2025-10-13,Google Ads,Search - Brand,38.95,9.6,7.04,1.43,0.0,1.0,1.0,9.93,43.28
2025-10-13,Google Ads,Search - Nonbrand Skincare,87.53,24.0,7.0,2.84,0.0,1.0,1.0,40.47,109.28
2025-10-13,Google Ads,Shopping - Bestsellers,71.78,22.8,7.77,2.38,0.0,1.0,1.0,20.89,96.33
2025-10-13,Meta Ads,Prospecting - Broad,0.0,0.0,0.0,0.0,0.0,0.0,0.0,14.51,12.96
2025-10-13,Meta Ads,Prospecting - Lookalike 1%,30.95,7.2,8.53,1.2,0.0,1.0,1.0,19.33,42.47
2025-10-13,Meta Ads,Retargeting - Cart Abandon,198.56,70.6,15.690000000000001,6.359999999999999,0.0,2.0,2.0,41.33,278.75
2025-10-13,Meta Ads,Retargeting - Engaged 30d,187.24,77.19999999999999,23.14,6.33,0.0,3.0,2.0,78.2,291.0
2025-10-13,Organic Search,(organic),1031.08,376.74,68.63,32.29,0.0,8.0,7.0,0.0,0.0
2025-10-13,Organic Social,(organic social),38.95,9.6,8.84,1.43,0.0,1.0,1.0,0.0,0.0
2025-10-14,Direct,(direct),206.79999999999998,57.6,24.650000000000002,6.8999999999999995,0.0,3.0,1.0,0.0,0.0
2025-10-14,Email/SMS,Campaign - Monthly Newsletter,40.95,10.88,7.66,1.49,0.0,1.0,0.0,0.0,0.0
2025-10-14,Email/SMS,Flow - Abandoned Cart,35.82,9.6,7.72,1.34,0.0,1.0,0.0,0.0,0.0
2025-10-14,Email/SMS,Flow - Post Purchase Winback,80.13,19.2,14.66,2.92,38.95,2.0,0.0,0.0,0.0
2025-10-14,Google Ads,PMax - Skincare Prospecting,84.0,25.2,7.81,2.74,0.0,1.0,1.0,39.38,94.36
2025-10-14,Google Ads,Search - Brand,339.06,129.2,16.54,10.44,0.0,2.0,1.0,45.98,392.73
2025-10-14,Google Ads,Search - Nonbrand Skincare,0.0,0.0,0.0,0.0,0.0,0.0,0.0,13.14,13.91
2025-10-14,Google Ads,Shopping - Bestsellers,105.73,38.0,6.83,3.37,0.0,1.0,1.0,23.19,116.54
2025-10-14,Meta Ads,Prospecting - Broad,162.19,42.82,23.73,5.6,0.0,3.0,3.0,102.18,224.32
2025-10-14,Meta Ads,Prospecting - Lookalike 1%,243.0,99.0,14.73,7.640000000000001,0.0,2.0,1.0,121.09,354.12
2025-10-14,Meta Ads,Retargeting - Cart Abandon,123.24,27.599999999999998,31.75,4.77,0.0,4.0,3.0,23.57,156.7
2025-10-14,Meta Ads,Retargeting - Engaged 30d,134.98000000000002,35.84,16.18,4.51,58.95,2.0,2.0,57.61,192.81
2025-10-14,Organic Search,(organic),755.05,232.67999999999998,62.209999999999994,24.29,198.28,8.0,4.0,0.0,0.0
2025-10-14,Organic Social,(organic social),197.89999999999998,50.56,23.05,6.64,0.0,3.0,3.0,0.0,0.0
2025-10-14,Unattributed,(not set),65.74,19.2,7.82,2.21,0.0,1.0,1.0,0.0,0.0
2025-10-15,Direct,(direct),498.28,133.26,57.14,16.55,0.0,7.0,2.0,0.0,0.0
2025-10-15,Email/SMS,Flow - Abandoned Cart,94.49,38.0,8.25,3.04,0.0,1.0,0.0,0.0,0.0
2025-10-15,Email/SMS,Flow - Post Purchase Winback,117.34,28.799999999999997,14.81,4.0,0.0,2.0,0.0,0.0,0.0
2025-10-15,Email/SMS,Flow - Welcome Series,397.5,98.80000000000001,32.1,12.719999999999999,0.0,4.0,1.0,0.0,0.0
2025-10-15,Google Ads,PMax - Skincare Prospecting,0.0,0.0,0.0,0.0,0.0,0.0,0.0,12.25,8.73
2025-10-15,Google Ads,Search - Brand,54.260000000000005,16.64,6.79,1.87,0.0,1.0,1.0,14.54,76.44
2025-10-15,Google Ads,Search - Nonbrand Skincare,284.72,75.6,31.759999999999998,9.46,0.0,4.0,4.0,120.76,330.82
2025-10-15,Google Ads,Shopping - Bestsellers,114.0,34.2,7.16,3.61,114.0,1.0,0.0,35.53,129.59
2025-10-15,Meta Ads,Prospecting - Broad,273.51,70.72,37.38,9.43,54.95,5.0,5.0,192.78,431.58
2025-10-15,Meta Ads,Prospecting - Lookalike 1%,0.0,0.0,0.0,0.0,0.0,0.0,0.0,19.24,8.42
2025-10-15,Meta Ads,Retargeting - Cart Abandon,54.95,12.0,6.77,1.89,0.0,1.0,0.0,19.33,73.34
2025-10-15,Meta Ads,Retargeting - Engaged 30d,32.9,7.2,8.97,1.25,0.0,1.0,1.0,13.83,47.11
2025-10-15,Organic Search,(organic),445.18,138.56,48.66000000000001,14.7,0.0,6.0,5.0,0.0,0.0
2025-10-15,Organic Social,(organic social),48.95,10.5,9.07,1.72,0.0,1.0,1.0,0.0,0.0
2025-10-15,Unattributed,(not set),55.09,16.64,8.69,1.9,0.0,1.0,1.0,0.0,0.0
2025-10-16,Direct,(direct),737.0,275.64,34.510000000000005,22.57,53.02,4.0,3.0,0.0,0.0
2025-10-16,Email/SMS,Campaign - Monthly Newsletter,189.45,44.4,15.260000000000002,6.1000000000000005,0.0,2.0,0.0,0.0,0.0
2025-10-16,Email/SMS,Flow - Abandoned Cart,124.88000000000001,32.4,16.13,4.22,0.0,2.0,0.0,0.0,0.0
2025-10-16,Email/SMS,Flow - Post Purchase Winback,67.88,15.68,9.28,2.27,0.0,1.0,0.0,0.0,0.0
2025-10-16,Google Ads,PMax - Skincare Prospecting,0.0,0.0,0.0,0.0,0.0,0.0,0.0,11.81,12.76
2025-10-16,Google Ads,Search - Brand,0.0,0.0,0.0,0.0,0.0,0.0,0.0,13.49,12.38
2025-10-16,Google Ads,Search - Nonbrand Skincare,80.96000000000001,21.76,6.97,2.65,0.0,1.0,1.0,23.28,86.25
2025-10-16,Google Ads,Shopping - Bestsellers,170.56,47.400000000000006,24.21,5.85,0.0,3.0,1.0,58.75,215.25
2025-10-16,Meta Ads,Prospecting - Broad,99.9,23.4,17.2,3.49,0.0,2.0,1.0,74.75,141.78
2025-10-16,Meta Ads,Prospecting - Lookalike 1%,168.58999999999997,54.2,27.099999999999998,5.79,0.0,3.0,2.0,87.64,202.79
2025-10-16,Meta Ads,Retargeting - Cart Abandon,107.2,28.64,15.379999999999999,3.71,0.0,2.0,2.0,20.62,146.49
2025-10-16,Meta Ads,Retargeting - Engaged 30d,194.59,55.96000000000001,16.799999999999997,6.25,0.0,2.0,2.0,75.69,296.17
2025-10-16,Organic Search,(organic),372.43,94.06,66.28,13.21,0.0,8.0,7.0,0.0,0.0
2025-10-16,Organic Social,(organic social),596.58,160.72,40.67,18.799999999999997,244.47,5.0,3.0,0.0,0.0
2025-10-16,Unattributed,(not set),30.95,7.2,8.8,1.2,0.0,1.0,1.0,0.0,0.0
2025-10-17,Direct,(direct),42.63,9.6,7.69,1.54,0.0,1.0,1.0,0.0,0.0
2025-10-17,Email/SMS,Campaign - Monthly Newsletter,201.86,49.2,22.740000000000002,6.76,0.0,3.0,0.0,0.0,0.0
2025-10-17,Email/SMS,Flow - Abandoned Cart,66.99,19.8,8.05,2.24,0.0,1.0,0.0,0.0,0.0
2025-10-17,Email/SMS,Flow - Post Purchase Winback,54.95,12.0,7.47,1.89,0.0,1.0,0.0,0.0,0.0
2025-10-17,Google Ads,PMax - Skincare Prospecting,145.0,40.64,18.35,4.81,0.0,2.0,2.0,78.39,160.63
2025-10-17,Google Ads,Search - Brand,124.69000000000001,36.08,14.32,4.22,0.0,2.0,2.0,16.12,156.4
2025-10-17,Google Ads,Search - Nonbrand Skincare,38.010000000000005,8.4,8.75,1.4,0.0,1.0,1.0,10.19,44.45
2025-10-17,Google Ads,Shopping - Bestsellers,269.90999999999997,72.76,25.43,8.73,0.0,3.0,2.0,83.11,307.65
2025-10-17,Meta Ads,Prospecting - Broad,38.95,9.6,7.24,1.43,0.0,1.0,0.0,24.59,47.98
2025-10-17,Meta Ads,Prospecting - Lookalike 1%,372.11,96.4,33.82,12.0,0.0,4.0,3.0,142.44,512.14
2025-10-17,Meta Ads,Retargeting - Cart Abandon,160.95,41.86,14.870000000000001,5.27,0.0,2.0,2.0,35.33,209.33
2025-10-17,Meta Ads,Retargeting - Engaged 30d,347.93,117.16,32.22,11.290000000000001,0.0,4.0,3.0,88.31,477.05
2025-10-17,Organic Search,(organic),950.85,255.34,98.46000000000001,31.160000000000004,0.0,12.0,10.0,0.0,0.0
2025-10-17,Unattributed,(not set),41.160000000000004,9.6,8.34,1.49,0.0,1.0,0.0,0.0,0.0
2025-10-18,Direct,(direct),555.76,155.98000000000002,65.09,18.51,251.46999999999997,8.0,3.0,0.0,0.0
2025-10-18,Email/SMS,Campaign - Monthly Newsletter,306.48,74.1,24.23,9.79,218.06,3.0,1.0,0.0,0.0
2025-10-18,Email/SMS,Flow - Abandoned Cart,124.57,30.6,22.880000000000003,4.5200000000000005,0.0,3.0,0.0,0.0,0.0
2025-10-18,Email/SMS,Flow - Post Purchase Winback,205.0,82.6,17.41,6.54,0.0,2.0,0.0,0.0,0.0
2025-10-18,Google Ads,PMax - Skincare Prospecting,369.20000000000005,107.52,24.76,11.6,104.0,3.0,2.0,179.99,380.95
2025-10-18,Google Ads,Search - Brand,151.34,44.64,16.29,4.99,0.0,2.0,1.0,16.32,177.22
2025-10-18,Google Ads,Search - Nonbrand Skincare,0.0,0.0,0.0,0.0,0.0,0.0,0.0,9.93,3.3
2025-10-18,Google Ads,Shopping - Bestsellers,310.03999999999996,70.5,31.86,10.18,0.0,4.0,4.0,92.51,351.77
2025-10-18,Meta Ads,Prospecting - Broad,104.23,24.0,8.56,3.32,0.0,1.0,1.0,67.09,148.46
2025-10-18,Meta Ads,Prospecting - Lookalike 1%,84.0,21.0,8.5,2.74,0.0,1.0,1.0,44.47,102.8
2025-10-18,Meta Ads,Retargeting - Cart Abandon,261.58,74.0,33.08,8.78,0.0,4.0,3.0,38.95,342.44
2025-10-18,Meta Ads,Retargeting - Engaged 30d,254.48000000000002,61.8,24.94,8.280000000000001,0.0,3.0,2.0,64.75,381.49
2025-10-18,Organic Search,(organic),400.5,103.34,40.72,13.120000000000001,0.0,5.0,4.0,0.0,0.0
2025-10-18,Organic Social,(organic social),62.59,16.64,8.85,2.12,0.0,1.0,1.0,0.0,0.0
2025-10-19,Direct,(direct),373.28,105.28,51.88999999999999,12.929999999999998,0.0,7.0,3.0,0.0,0.0
2025-10-19,Email/SMS,Campaign - Monthly Newsletter,59.25,12.0,9.46,2.02,0.0,1.0,1.0,0.0,0.0
2025-10-19,Email/SMS,Flow - Abandoned Cart,126.13,34.720000000000006,24.43,4.56,37.33,3.0,0.0,0.0,0.0
2025-10-19,Email/SMS,Flow - Post Purchase Winback,261.9,91.60000000000001,23.22,8.49,0.0,3.0,1.0,0.0,0.0
2025-10-19,Google Ads,PMax - Skincare Prospecting,33.67,7.2,7.15,1.28,0.0,1.0,1.0,16.62,40.8
2025-10-19,Google Ads,Search - Brand,78.95,21.6,7.75,2.59,0.0,1.0,0.0,9.88,92.32
2025-10-19,Google Ads,Search - Nonbrand Skincare,80.5,24.0,7.74,2.63,0.0,1.0,1.0,39.63,102.87
2025-10-19,Google Ads,Shopping - Bestsellers,158.85000000000002,34.5,23.61,5.5,0.0,3.0,2.0,41.22,189.12
2025-10-19,Meta Ads,Prospecting - Broad,339.0799999999999,103.76,47.52,11.64,0.0,6.0,4.0,275.93,551.22
2025-10-19,Meta Ads,Prospecting - Lookalike 1%,0.0,0.0,0.0,0.0,0.0,0.0,0.0,15.83,15.21
2025-10-19,Meta Ads,Retargeting - Cart Abandon,54.95,12.0,8.09,1.89,0.0,1.0,1.0,12.6,74.67
2025-10-19,Meta Ads,Retargeting - Engaged 30d,114.89,27.6,17.55,3.9400000000000004,0.0,2.0,2.0,31.89,153.73
2025-10-19,Organic Search,(organic),416.44,128.64,61.49999999999999,14.169999999999998,0.0,7.0,6.0,0.0,0.0
2025-10-19,Organic Social,(organic social),358.6,147.88,24.25,11.3,0.0,3.0,1.0,0.0,0.0
2025-10-20,Direct,(direct),249.27,57.68,40.54,8.729999999999999,0.0,5.0,1.0,0.0,0.0
2025-10-20,Email/SMS,Flow - Abandoned Cart,183.82999999999998,73.0,17.36,5.9399999999999995,0.0,2.0,0.0,0.0,0.0
2025-10-20,Email/SMS,Flow - Post Purchase Winback,28.95,6.6,6.53,1.14,0.0,1.0,0.0,0.0,0.0
2025-10-20,Email/SMS,Flow - Welcome Series,169.32,45.6,15.799999999999999,5.51,124.37,2.0,1.0,0.0,0.0
2025-10-20,Google Ads,PMax - Skincare Prospecting,212.96,82.0,23.04,7.08,0.0,3.0,3.0,99.17,267.48
2025-10-20,Google Ads,Search - Brand,48.86,11.4,8.34,1.72,0.0,1.0,1.0,8.9,59.33
2025-10-20,Google Ads,Search - Nonbrand Skincare,0.0,0.0,0.0,0.0,0.0,0.0,0.0,14.61,15.1
2025-10-20,Google Ads,Shopping - Bestsellers,106.07,38.0,8.16,3.38,0.0,1.0,0.0,36.81,111.31
2025-10-20,Meta Ads,Prospecting - Broad,299.46,100.0,15.7,9.280000000000001,0.0,2.0,2.0,142.49,422.03
2025-10-20,Meta Ads,Prospecting - Lookalike 1%,0.0,0.0,0.0,0.0,0.0,0.0,0.0,11.45,8.73
2025-10-20,Meta Ads,Retargeting - Cart Abandon,327.05,76.8,24.560000000000002,10.379999999999999,0.0,3.0,3.0,55.15,445.86
2025-10-20,Meta Ads,Retargeting - Engaged 30d,459.11,135.4,25.729999999999997,14.219999999999999,0.0,3.0,2.0,157.53,708.66
2025-10-20,Organic Search,(organic),306.58,80.48000000000002,33.11,10.09,104.47999999999999,4.0,2.0,0.0,0.0
2025-10-20,Organic Social,(organic social),78.97,18.9,15.82,2.8899999999999997,0.0,2.0,1.0,0.0,0.0
2025-10-20,Unattributed,(not set),269.90999999999997,90.7,24.880000000000003,8.719999999999999,0.0,3.0,2.0,0.0,0.0
2025-10-21,Direct,(direct),159.57999999999998,51.8,24.880000000000003,5.529999999999999,0.0,3.0,1.0,0.0,0.0
2025-10-21,Email/SMS,Campaign - Monthly Newsletter,59.209999999999994,13.2,15.8,2.32,0.0,2.0,0.0,0.0,0.0
2025-10-21,Email/SMS,Flow - Abandoned Cart,203.23999999999998,54.6,24.71,6.800000000000001,22.11,3.0,0.0,0.0,0.0
2025-10-21,Email/SMS,Flow - Post Purchase Winback,126.99,35.4,16.939999999999998,4.28,0.0,2.0,1.0,0.0,0.0
2025-10-21,Email/SMS,Flow - Welcome Series,269.34,80.64,16.66,8.41,0.0,2.0,1.0,0.0,0.0
2025-10-21,Google Ads,PMax - Skincare Prospecting,0.0,0.0,0.0,0.0,0.0,0.0,0.0,11.89,7.92
2025-10-21,Google Ads,Search - Brand,159.3,48.5,14.469999999999999,5.220000000000001,0.0,2.0,2.0,16.67,187.43
2025-10-21,Google Ads,Search - Nonbrand Skincare,50.95,13.2,8.8,1.78,0.0,1.0,1.0,16.02,61.31
2025-10-21,Google Ads,Shopping - Bestsellers,174.85000000000002,41.86,25.32,5.9799999999999995,0.0,3.0,3.0,55.58,186.61
2025-10-21,Meta Ads,Prospecting - Broad,68.62,15.68,7.37,2.29,0.0,1.0,1.0,39.01,100.63
2025-10-21,Meta Ads,Prospecting - Lookalike 1%,366.0,144.8,16.95,11.21,0.0,2.0,1.0,147.18,450.37
2025-10-21,Meta Ads,Retargeting - Cart Abandon,0.0,0.0,0.0,0.0,0.0,0.0,0.0,18.04,15.78
2025-10-21,Meta Ads,Retargeting - Engaged 30d,142.59,38.4,22.57,5.029999999999999,0.0,3.0,1.0,43.23,212.92
2025-10-21,Organic Search,(organic),389.09000000000003,106.9,55.5,13.38,0.0,7.0,5.0,0.0,0.0
2025-10-21,Organic Social,(organic social),98.0,38.0,6.85,3.14,0.0,1.0,0.0,0.0,0.0
2025-10-21,Unattributed,(not set),95.84,22.8,15.83,3.38,0.0,2.0,1.0,0.0,0.0
2025-10-22,Direct,(direct),541.42,198.04,39.57,17.21,0.0,5.0,2.0,0.0,0.0
2025-10-22,Email/SMS,Campaign - Monthly Newsletter,30.63,6.6,8.77,1.19,0.0,1.0,0.0,0.0,0.0
2025-10-22,Email/SMS,Flow - Abandoned Cart,192.43,49.279999999999994,36.53,6.779999999999999,0.0,4.0,0.0,0.0,0.0
2025-10-22,Email/SMS,Flow - Post Purchase Winback,84.0,21.0,9.42,2.74,0.0,1.0,1.0,0.0,0.0
2025-10-22,Email/SMS,Flow - Welcome Series,80.73,18.9,15.05,2.94,0.0,2.0,0.0,0.0,0.0
2025-10-22,Google Ads,PMax - Skincare Prospecting,166.74,42.760000000000005,23.31,5.73,0.0,3.0,3.0,71.12,200.2
2025-10-22,Google Ads,Search - Brand,54.95,12.0,8.84,1.89,0.0,1.0,1.0,13.42,65.18
2025-10-22,Google Ads,Search - Nonbrand Skincare,48.95,10.5,8.32,1.72,0.0,1.0,1.0,16.83,58.26
2025-10-22,Google Ads,Shopping - Bestsellers,151.23,39.68,16.68,4.98,67.05,2.0,2.0,58.49,203.03
2025-10-22,Meta Ads,Prospecting - Broad,141.09,43.2,15.2,4.6899999999999995,0.0,2.0,2.0,89.4,227.89
2025-10-22,Meta Ads,Prospecting - Lookalike 1%,54.95,12.0,7.22,1.89,0.0,1.0,1.0,20.69,77.95
2025-10-22,Meta Ads,Retargeting - Cart Abandon,126.41000000000001,30.0,25.169999999999998,4.57,0.0,3.0,3.0,23.49,168.92
2025-10-22,Meta Ads,Retargeting - Engaged 30d,38.95,9.6,8.07,1.43,0.0,1.0,1.0,14.67,48.84
2025-10-22,Organic Search,(organic),277.61,67.94,41.83,9.549999999999999,0.0,5.0,4.0,0.0,0.0
2025-10-22,Organic Social,(organic social),193.57999999999998,72.4,14.81,6.22,0.0,2.0,1.0,0.0,0.0
2025-10-22,Unattributed,(not set),96.0,28.8,9.57,3.08,0.0,1.0,0.0,0.0,0.0
2025-10-23,Direct,(direct),302.85,74.86000000000001,46.25,10.57,0.0,6.0,2.0,0.0,0.0
2025-10-23,Email/SMS,Campaign - Monthly Newsletter,82.55,22.8,6.91,2.69,0.0,1.0,0.0,0.0,0.0
2025-10-23,Email/SMS,Flow - Abandoned Cart,87.34,21.6,17.42,3.13,0.0,2.0,0.0,0.0,0.0
2025-10-23,Email/SMS,Flow - Post Purchase Winback,133.95,37.28,14.4,4.49,0.0,2.0,1.0,0.0,0.0
2025-10-23,Google Ads,PMax - Skincare Prospecting,107.03999999999999,38.0,7.46,3.4,0.0,1.0,1.0,54.59,125.01
2025-10-23,Google Ads,Search - Brand,104.30000000000001,28.64,15.52,3.62,0.0,2.0,2.0,15.52,128.9
2025-10-23,Google Ads,Search - Nonbrand Skincare,30.72,6.6,7.03,1.19,0.0,1.0,1.0,13.12,33.61
2025-10-23,Google Ads,Shopping - Bestsellers,206.95999999999998,84.4,16.02,6.6,0.0,2.0,2.0,70.67,250.42
2025-10-23,Meta Ads,Prospecting - Broad,77.23,25.2,8.33,2.54,0.0,1.0,1.0,53.85,118.25
2025-10-23,Meta Ads,Prospecting - Lookalike 1%,37.56,10.88,8.75,1.39,0.0,1.0,1.0,13.49,59.73
2025-10-23,Meta Ads,Retargeting - Cart Abandon,29.419999999999998,8.4,8.78,1.15,0.0,1.0,0.0,18.06,48.27
2025-10-23,Meta Ads,Retargeting - Engaged 30d,176.42999999999998,43.2,32.660000000000004,6.33,0.0,4.0,4.0,67.85,269.21
2025-10-23,Organic Search,(organic),455.99,139.07999999999998,58.05000000000001,15.319999999999999,0.0,7.0,6.0,0.0,0.0
2025-10-23,Organic Social,(organic social),106.04,25.28,17.729999999999997,3.6799999999999997,0.0,2.0,2.0,0.0,0.0
2025-10-23,Unattributed,(not set),226.33,59.4,25.28,7.460000000000001,195.17000000000002,3.0,2.0,0.0,0.0
2025-10-24,Direct,(direct),304.41999999999996,74.47999999999999,47.06999999999999,10.629999999999999,0.0,6.0,4.0,0.0,0.0
2025-10-24,Email/SMS,Campaign - Monthly Newsletter,62.95,15.68,6.99,2.13,0.0,1.0,0.0,0.0,0.0
2025-10-24,Email/SMS,Flow - Welcome Series,40.95,10.88,7.59,1.49,0.0,1.0,0.0,0.0,0.0
2025-10-24,Google Ads,PMax - Skincare Prospecting,112.06,22.5,15.420000000000002,3.85,0.0,2.0,2.0,40.9,124.84
2025-10-24,Google Ads,Search - Brand,86.74000000000001,22.88,17.77,3.12,0.0,2.0,1.0,10.03,105.48
2025-10-24,Google Ads,Search - Nonbrand Skincare,182.57,40.58,35.02,6.499999999999999,0.0,4.0,4.0,55.66,194.4
2025-10-24,Google Ads,Shopping - Bestsellers,82.98,19.799999999999997,14.9,3.01,0.0,2.0,2.0,19.23,88.91
2025-10-24,Meta Ads,Prospecting - Broad,106.92000000000002,22.5,16.48,3.7,0.0,2.0,1.0,54.44,146.29
2025-10-24,Meta Ads,Prospecting - Lookalike 1%,111.9,36.0,18.3,3.84,0.0,2.0,2.0,61.68,161.3
2025-10-24,Meta Ads,Retargeting - Cart Abandon,173.88,47.7,25.74,5.94,0.0,3.0,2.0,32.71,263.4
2025-10-24,Meta Ads,Retargeting - Engaged 30d,74.63,19.28,16.97,2.77,33.68,2.0,0.0,22.79,98.98
2025-10-24,Organic Search,(organic),312.82,77.68,41.53999999999999,10.579999999999998,0.0,5.0,5.0,0.0,0.0
2025-10-24,Organic Social,(organic social),171.76,44.32,24.130000000000003,5.88,0.0,3.0,1.0,0.0,0.0
2025-10-24,Unattributed,(not set),291.94,110.4,25.529999999999998,9.36,0.0,3.0,3.0,0.0,0.0
2025-10-25,Direct,(direct),366.32,98.4,47.94,12.420000000000002,62.95,6.0,4.0,0.0,0.0
2025-10-25,Email/SMS,Flow - Abandoned Cart,239.01,95.2,17.5,7.529999999999999,0.0,2.0,0.0,0.0,0.0
2025-10-25,Email/SMS,Flow - Welcome Series,152.92,38.56,16.27,5.029999999999999,0.0,2.0,0.0,0.0,0.0
2025-10-25,Google Ads,PMax - Skincare Prospecting,443.48999999999995,178.39999999999998,34.43,14.06,0.0,4.0,3.0,219.29,571.82
2025-10-25,Google Ads,Search - Brand,148.85000000000002,33.9,23.72,5.21,54.95,3.0,3.0,18.15,162.45
2025-10-25,Google Ads,Search - Nonbrand Skincare,31.18,6.6,8.07,1.2,0.0,1.0,1.0,12.65,34.74
2025-10-25,Google Ads,Shopping - Bestsellers,312.67,140.6,26.259999999999998,9.97,0.0,3.0,1.0,123.65,438.94
2025-10-25,Meta Ads,Prospecting - Broad,106.37000000000002,26.4,25.369999999999997,3.9799999999999995,0.0,3.0,2.0,69.75,157.18
2025-10-25,Meta Ads,Prospecting - Lookalike 1%,165.51000000000002,42.760000000000005,29.51,6.0,0.0,4.0,3.0,91.35,215.65
2025-10-25,Meta Ads,Retargeting - Cart Abandon,0.0,0.0,0.0,0.0,0.0,0.0,0.0,11.75,5.66
2025-10-25,Meta Ads,Retargeting - Engaged 30d,177.22,69.4,17.25,5.73,0.0,2.0,1.0,73.62,223.79
2025-10-25,Organic Search,(organic),435.66999999999996,115.28,37.190000000000005,14.14,0.0,5.0,4.0,0.0,0.0
2025-10-25,Organic Social,(organic social),341.12,93.86,50.68,11.7,63.23,6.0,6.0,0.0,0.0
2025-10-26,Direct,(direct),323.83,83.94000000000001,42.53,10.899999999999999,0.0,5.0,2.0,0.0,0.0
2025-10-26,Email/SMS,Campaign - Monthly Newsletter,246.17,68.52000000000001,32.47,8.34,0.0,4.0,0.0,0.0,0.0
2025-10-26,Email/SMS,Flow - Abandoned Cart,46.63,13.2,8.0,1.65,0.0,1.0,0.0,0.0,0.0
2025-10-26,Email/SMS,Flow - Post Purchase Winback,285.24,74.48000000000002,48.09,10.08,0.0,6.0,1.0,0.0,0.0
2025-10-26,Email/SMS,Flow - Welcome Series,194.0,62.0,14.16,6.220000000000001,96.0,2.0,0.0,0.0,0.0
2025-10-26,Google Ads,PMax - Skincare Prospecting,44.81,10.5,8.23,1.6,0.0,1.0,1.0,20.99,61.79
2025-10-26,Google Ads,Search - Brand,87.16,21.0,16.71,3.13,0.0,2.0,2.0,11.88,105.02
2025-10-26,Google Ads,Search - Nonbrand Skincare,44.95,11.4,8.98,1.6,0.0,1.0,0.0,18.15,48.27
2025-10-26,Google Ads,Shopping - Bestsellers,58.95,16.64,7.61,2.01,0.0,1.0,1.0,14.56,62.69
2025-10-26,Meta Ads,Prospecting - Broad,229.01999999999998,69.76,23.33,7.54,0.0,3.0,3.0,107.38,277.8
2025-10-26,Meta Ads,Prospecting - Lookalike 1%,59.49,12.0,6.92,2.03,29.74,1.0,1.0,22.62,73.91
2025-10-26,Meta Ads,Retargeting - Cart Abandon,274.19,90.4,23.07,8.86,0.0,3.0,3.0,44.16,339.02
2025-10-26,Meta Ads,Retargeting - Engaged 30d,129.31,44.6,15.6,4.35,98.0,2.0,2.0,42.19,196.6
2025-10-26,Organic Search,(organic),131.04000000000002,32.480000000000004,16.7,4.4,0.0,2.0,1.0,0.0,0.0
2025-10-26,Organic Social,(organic social),274.82,73.92,30.43,9.17,0.0,4.0,2.0,0.0,0.0
2025-10-26,Unattributed,(not set),58.550000000000004,12.0,8.34,2.0,0.0,1.0,1.0,0.0,0.0
2025-10-27,Direct,(direct),197.22000000000003,55.120000000000005,32.12,6.92,35.27,4.0,0.0,0.0,0.0
2025-10-27,Email/SMS,Flow - Post Purchase Winback,340.59000000000003,104.64,31.61,11.08,0.0,4.0,1.0,0.0,0.0
2025-10-27,Email/SMS,Flow - Welcome Series,95.75,25.8,14.11,3.37,54.95,2.0,0.0,0.0,0.0
2025-10-27,Google Ads,PMax - Skincare Prospecting,68.08,15.68,6.63,2.27,0.0,1.0,1.0,31.66,71.24
2025-10-27,Google Ads,Search - Brand,61.95,21.76,8.21,2.1,0.0,1.0,1.0,12.65,90.48
2025-10-27,Google Ads,Search - Nonbrand Skincare,36.43,9.6,8.47,1.36,0.0,1.0,1.0,12.66,49.42
2025-10-27,Google Ads,Shopping - Bestsellers,224.95,63.160000000000004,25.270000000000003,7.43,0.0,3.0,3.0,65.97,260.32
2025-10-27,Meta Ads,Prospecting - Broad,87.62,21.0,16.98,3.14,0.0,2.0,2.0,66.64,144.41
2025-10-27,Meta Ads,Prospecting - Lookalike 1%,96.06,28.96,16.97,3.3899999999999997,0.0,2.0,2.0,51.56,157.94
2025-10-27,Meta Ads,Retargeting - Cart Abandon,0.0,0.0,0.0,0.0,0.0,0.0,0.0,13.37,11.52
2025-10-27,Meta Ads,Retargeting - Engaged 30d,130.97,39.88,17.47,4.4,0.0,2.0,1.0,36.58,176.12
2025-10-27,Organic Search,(organic),838.55,251.96000000000004,72.59,27.3,154.19,10.0,8.0,0.0,0.0
2025-10-28,Direct,(direct),408.63,114.4,67.47,14.26,0.0,8.0,2.0,0.0,0.0
2025-10-28,Email/SMS,Campaign - Monthly Newsletter,205.78,62.400000000000006,17.16,6.57,0.0,2.0,0.0,0.0,0.0
2025-10-28,Email/SMS,Flow - Abandoned Cart,32.7,8.4,8.11,1.25,0.0,1.0,0.0,0.0,0.0
2025-10-28,Email/SMS,Flow - Welcome Series,38.95,9.6,9.33,1.43,0.0,1.0,0.0,0.0,0.0
2025-10-28,Google Ads,PMax - Skincare Prospecting,0.0,0.0,0.0,0.0,0.0,0.0,0.0,12.89,4.78
2025-10-28,Google Ads,Search - Brand,114.0,34.2,7.37,3.61,0.0,1.0,0.0,12.94,136.43
2025-10-28,Google Ads,Search - Nonbrand Skincare,146.61,34.88,15.469999999999999,4.85,50.9,2.0,2.0,43.0,160.56
2025-10-28,Google Ads,Shopping - Bestsellers,0.0,0.0,0.0,0.0,0.0,0.0,0.0,8.95,3.55
2025-10-28,Meta Ads,Prospecting - Broad,134.18,32.260000000000005,16.35,4.49,0.0,2.0,2.0,99.94,192.25
2025-10-28,Meta Ads,Prospecting - Lookalike 1%,0.0,0.0,0.0,0.0,0.0,0.0,0.0,11.63,7.05
2025-10-28,Meta Ads,Retargeting - Cart Abandon,305.08000000000004,75.84,25.130000000000003,9.75,0.0,3.0,3.0,61.7,451.21
2025-10-28,Meta Ads,Retargeting - Engaged 30d,480.4,141.56,46.46,15.729999999999999,0.0,6.0,4.0,175.03,714.2
2025-10-28,Organic Search,(organic),264.03000000000003,62.4,38.78,9.16,59.25,5.0,2.0,0.0,0.0
2025-10-28,Organic Social,(organic social),175.53,52.96,16.98,5.6899999999999995,0.0,2.0,2.0,0.0,0.0
2025-10-28,Unattributed,(not set),40.95,10.88,7.03,1.49,0.0,1.0,1.0,0.0,0.0
2025-10-29,Direct,(direct),398.62,97.58,50.029999999999994,13.36,67.26,6.0,5.0,0.0,0.0
2025-10-29,Email/SMS,Campaign - Monthly Newsletter,159.46,42.0,13.870000000000001,5.23,0.0,2.0,0.0,0.0,0.0
2025-10-29,Email/SMS,Flow - Abandoned Cart,193.60000000000002,61.92,16.35,6.21,0.0,2.0,0.0,0.0,0.0
2025-10-29,Email/SMS,Flow - Welcome Series,389.21,128.3,32.9,12.49,0.0,4.0,1.0,0.0,0.0
2025-10-29,Google Ads,PMax - Skincare Prospecting,96.41,21.6,14.75,3.3899999999999997,20.73,2.0,2.0,49.97,101.19
2025-10-29,Google Ads,Search - Brand,249.54,92.5,19.2,7.83,0.0,2.0,2.0,24.39,315.41
2025-10-29,Google Ads,Search - Nonbrand Skincare,0.0,0.0,0.0,0.0,0.0,0.0,0.0,11.3,11.24
2025-10-29,Google Ads,Shopping - Bestsellers,0.0,0.0,0.0,0.0,0.0,0.0,0.0,14.26,7.78
2025-10-29,Meta Ads,Prospecting - Broad,284.87,70.64,40.92,9.76,53.07,5.0,4.0,199.48,390.94
2025-10-29,Meta Ads,Prospecting - Lookalike 1%,110.41000000000001,27.68,23.16,4.1000000000000005,20.48,3.0,2.0,46.09,172.56
2025-10-29,Meta Ads,Retargeting - Cart Abandon,98.0,38.0,8.88,3.14,0.0,1.0,1.0,20.98,118.23
2025-10-29,Meta Ads,Retargeting - Engaged 30d,0.0,0.0,0.0,0.0,0.0,0.0,0.0,15.68,9.85
2025-10-29,Organic Search,(organic),356.38,96.28,44.19,12.14,0.0,6.0,4.0,0.0,0.0
2025-10-29,Organic Social,(organic social),119.12,24.0,15.26,4.06,0.0,2.0,2.0,0.0,0.0
2025-10-30,Direct,(direct),951.5100000000002,320.40000000000003,55.699999999999996,29.699999999999996,0.0,7.0,5.0,0.0,0.0
2025-10-30,Email/SMS,Campaign - Monthly Newsletter,453.73999999999995,114.0,25.23,14.049999999999999,0.0,3.0,0.0,0.0,0.0
2025-10-30,Email/SMS,Flow - Abandoned Cart,289.99,83.84,23.49,9.32,0.0,3.0,1.0,0.0,0.0
2025-10-30,Email/SMS,Flow - Welcome Series,58.95,16.64,9.36,2.01,0.0,1.0,0.0,0.0,0.0
2025-10-30,Google Ads,PMax - Skincare Prospecting,28.95,6.6,7.79,1.14,0.0,1.0,1.0,11.26,30.2
2025-10-30,Google Ads,Search - Brand,0.0,0.0,0.0,0.0,0.0,0.0,0.0,11.04,5.52
2025-10-30,Google Ads,Search - Nonbrand Skincare,44.95,11.4,7.5,1.6,0.0,1.0,1.0,18.05,54.42
2025-10-30,Google Ads,Shopping - Bestsellers,0.0,0.0,0.0,0.0,0.0,0.0,0.0,10.42,4.28
2025-10-30,Meta Ads,Prospecting - Broad,452.0,166.4,16.71,13.71,0.0,2.0,1.0,266.96,542.82
2025-10-30,Meta Ads,Prospecting - Lookalike 1%,163.21,40.64,16.91,5.33,0.0,2.0,2.0,85.73,248.03
2025-10-30,Meta Ads,Retargeting - Cart Abandon,187.61,49.28,32.1,6.64,0.0,4.0,3.0,34.24,264.92
2025-10-30,Meta Ads,Retargeting - Engaged 30d,119.62,26.18,14.649999999999999,4.07,0.0,2.0,2.0,44.54,164.76
2025-10-30,Organic Search,(organic),345.6,113.2,30.67,11.22,49.75,4.0,1.0,0.0,0.0
2025-10-30,Organic Social,(organic social),186.75,42.9,31.5,6.62,0.0,4.0,4.0,0.0,0.0
2025-10-30,Unattributed,(not set),234.77,87.4,15.75,7.4,0.0,2.0,1.0,0.0,0.0
2025-10-31,Direct,(direct),327.65000000000003,79.06,50.4,11.3,0.0,6.0,2.0,0.0,0.0
2025-10-31,Email/SMS,Campaign - Monthly Newsletter,96.0,24.0,9.0,3.08,0.0,1.0,1.0,0.0,0.0
2025-10-31,Email/SMS,Flow - Abandoned Cart,116.63,32.1,16.62,3.98,0.0,2.0,0.0,0.0,0.0
2025-10-31,Email/SMS,Flow - Post Purchase Winback,54.95,12.0,7.89,1.89,0.0,1.0,0.0,0.0,0.0
2025-10-31,Email/SMS,Flow - Welcome Series,327.24,106.60000000000001,32.41,10.69,145.0,4.0,1.0,0.0,0.0
2025-10-31,Google Ads,PMax - Skincare Prospecting,94.67,22.5,16.25,3.35,0.0,2.0,2.0,37.63,125.72
2025-10-31,Google Ads,Search - Brand,80.11,23.240000000000002,18.439999999999998,2.9299999999999997,0.0,2.0,2.0,13.71,102.73
2025-10-31,Google Ads,Search - Nonbrand Skincare,33.44,7.2,8.92,1.27,33.44,1.0,1.0,10.45,35.88
2025-10-31,Google Ads,Shopping - Bestsellers,28.95,6.6,7.62,1.14,0.0,1.0,1.0,12.35,33.14
2025-10-31,Meta Ads,Prospecting - Broad,70.95,19.2,8.54,2.36,0.0,1.0,1.0,34.82,90.43
2025-10-31,Meta Ads,Prospecting - Lookalike 1%,0.0,0.0,0.0,0.0,0.0,0.0,0.0,11.79,8.39
2025-10-31,Meta Ads,Retargeting - Cart Abandon,103.9,26.560000000000002,17.630000000000003,3.62,0.0,2.0,2.0,21.76,128.16
2025-10-31,Meta Ads,Retargeting - Engaged 30d,131.47000000000003,30.0,26.86,4.71,38.95,3.0,3.0,42.75,195.39
2025-10-31,Organic Search,(organic),615.8199999999999,184.32,53.959999999999994,19.659999999999997,0.0,6.0,4.0,0.0,0.0
2025-10-31,Organic Social,(organic social),269.48,85.84,30.71,9.02,0.0,4.0,3.0,0.0,0.0
2025-10-31,Unattributed,(not set),372.34000000000003,144.8,14.379999999999999,11.4,0.0,2.0,2.0,0.0,0.0
2025-11-01,Direct,(direct),654.48,160.57999999999998,66.61,21.369999999999997,0.0,8.0,6.0,0.0,0.0
2025-11-01,Email/SMS,Campaign - Monthly Newsletter,206.41000000000003,48.74,34.29,7.1899999999999995,31.94,4.0,1.0,0.0,0.0
2025-11-01,Email/SMS,Flow - Abandoned Cart,65.24,19.2,7.08,2.19,0.0,1.0,0.0,0.0,0.0
2025-11-01,Email/SMS,Flow - Post Purchase Winback,145.0,61.0,8.86,4.5,0.0,1.0,0.0,0.0,0.0
2025-11-01,Email/SMS,Flow - Welcome Series,210.46,60.68,24.82,7.0,0.0,3.0,0.0,0.0,0.0
2025-11-01,Google Ads,PMax - Skincare Prospecting,148.67000000000002,43.36,17.61,4.91,0.0,2.0,2.0,83.23,186.4
2025-11-01,Google Ads,Search - Brand,92.51,21.380000000000003,15.79,3.2800000000000002,0.0,2.0,1.0,14.47,98.87
2025-11-01,Google Ads,Search - Nonbrand Skincare,117.9,31.200000000000003,16.08,4.02,0.0,2.0,2.0,32.9,122.91
2025-11-01,Google Ads,Shopping - Bestsellers,306.77,81.6,23.78,9.8,36.06,3.0,2.0,91.1,364.6
2025-11-01,Meta Ads,Prospecting - Broad,52.11,15.68,8.23,1.81,0.0,1.0,1.0,39.76,79.09
2025-11-01,Meta Ads,Prospecting - Lookalike 1%,80.48,18.6,15.34,2.9299999999999997,47.67,2.0,2.0,39.21,104.65
2025-11-01,Meta Ads,Retargeting - Cart Abandon,214.95,55.2,15.75,6.84,0.0,2.0,2.0,43.79,281.96
2025-11-01,Meta Ads,Retargeting - Engaged 30d,67.94,15.68,7.36,2.27,0.0,1.0,0.0,18.75,97.35
2025-11-01,Organic Search,(organic),522.19,159.48,49.24,16.94,48.81,6.0,5.0,0.0,0.0
2025-11-01,Organic Social,(organic social),215.79000000000002,60.0,24.61,7.16,0.0,3.0,3.0,0.0,0.0
2025-11-02,Direct,(direct),493.78000000000003,154.23999999999998,40.39,15.819999999999999,15.48,5.0,2.0,0.0,0.0
2025-11-02,Email/SMS,Campaign - Monthly Newsletter,113.63000000000001,28.88,16.79,3.9,0.0,2.0,0.0,0.0,0.0
2025-11-02,Email/SMS,Flow - Post Purchase Winback,48.95,10.5,8.37,1.72,0.0,1.0,0.0,0.0,0.0
2025-11-02,Email/SMS,Flow - Welcome Series,51.720000000000006,10.5,8.15,1.8,0.0,1.0,0.0,0.0,0.0
2025-11-02,Google Ads,PMax - Skincare Prospecting,180.49,47.04,15.49,5.83,0.0,2.0,2.0,60.34,203.41
2025-11-02,Google Ads,Search - Brand,101.9,26.4,13.870000000000001,3.5599999999999996,0.0,2.0,2.0,14.4,106.72
2025-11-02,Google Ads,Search - Nonbrand Skincare,54.53,13.2,9.13,1.88,0.0,1.0,0.0,21.99,59.88
2025-11-02,Google Ads,Shopping - Bestsellers,219.19,54.76,24.54,7.26,0.0,3.0,2.0,69.8,263.07
2025-11-02,Meta Ads,Prospecting - Broad,196.0,76.0,8.86,5.98,0.0,1.0,1.0,87.51,260.34
2025-11-02,Meta Ads,Prospecting - Lookalike 1%,87.27,24.0,9.27,2.83,0.0,1.0,1.0,38.16,132.02
2025-11-02,Meta Ads,Retargeting - Cart Abandon,106.14,38.0,7.57,3.38,0.0,1.0,1.0,24.3,146.71
2025-11-02,Meta Ads,Retargeting - Engaged 30d,517.67,140.16,65.21,17.42,0.0,8.0,6.0,137.57,709.0
2025-11-02,Organic Search,(organic),597.51,172.56,44.4,19.119999999999997,0.0,6.0,4.0,0.0,0.0
2025-11-02,Organic Social,(organic social),485.44,171.88,41.730000000000004,15.570000000000002,0.0,5.0,2.0,0.0,0.0
2025-11-03,Direct,(direct),469.44999999999993,181.18,49.39,15.420000000000002,0.0,6.0,3.0,0.0,0.0
2025-11-03,Email/SMS,Campaign - Monthly Newsletter,48.95,10.5,8.98,1.72,0.0,1.0,0.0,0.0,0.0
2025-11-03,Email/SMS,Flow - Abandoned Cart,89.4,38.0,8.71,2.89,0.0,1.0,0.0,0.0,0.0
2025-11-03,Email/SMS,Flow - Post Purchase Winback,71.21000000000001,16.2,14.7,2.67,0.0,2.0,1.0,0.0,0.0
2025-11-03,Email/SMS,Flow - Welcome Series,194.32999999999998,47.699999999999996,30.03,6.829999999999999,47.53,4.0,0.0,0.0,0.0
2025-11-03,Google Ads,PMax - Skincare Prospecting,0.0,0.0,0.0,0.0,0.0,0.0,0.0,11.19,5.58
2025-11-03,Google Ads,Search - Brand,68.44,15.68,7.89,2.28,68.44,1.0,1.0,9.35,80.7
2025-11-03,Google Ads,Search - Nonbrand Skincare,236.62,62.72,9.61,7.16,118.31,1.0,1.0,65.86,268.4
2025-11-03,Google Ads,Shopping - Bestsellers,102.0,32.64,7.25,3.26,0.0,1.0,1.0,35.0,113.43
2025-11-03,Meta Ads,Prospecting - Broad,140.21,40.2,17.66,4.67,0.0,2.0,2.0,76.78,197.51
2025-11-03,Meta Ads,Prospecting - Lookalike 1%,54.38000000000001,12.0,9.15,1.88,0.0,1.0,0.0,22.25,81.37
2025-11-03,Meta Ads,Retargeting - Cart Abandon,265.92,71.03999999999999,15.48,8.309999999999999,162.89,2.0,2.0,48.97,356.82
2025-11-03,Meta Ads,Retargeting - Engaged 30d,60.91,17.48,15.440000000000001,2.3600000000000003,0.0,2.0,1.0,27.55,93.88
2025-11-03,Organic Search,(organic),267.63,94.08,25.59,8.66,0.0,3.0,2.0,0.0,0.0
2025-11-03,Organic Social,(organic social),411.71999999999997,111.92,32.14,13.14,84.0,4.0,3.0,0.0,0.0
2025-11-03,Unattributed,(not set),52.27,10.5,7.87,1.82,52.27,1.0,1.0,0.0,0.0
2025-11-04,Direct,(direct),263.0,69.08000000000001,39.21,9.12,0.0,5.0,2.0,0.0,0.0
2025-11-04,Email/SMS,Campaign - Monthly Newsletter,117.07000000000001,27.3,16.84,4.0,0.0,2.0,0.0,0.0,0.0
2025-11-04,Email/SMS,Flow - Abandoned Cart,54.2,12.0,7.48,1.87,0.0,1.0,0.0,0.0,0.0
2025-11-04,Email/SMS,Flow - Post Purchase Winback,50.54,12.0,8.28,1.77,0.0,1.0,0.0,0.0,0.0
2025-11-04,Email/SMS,Flow - Welcome Series,91.43,21.0,7.84,2.95,0.0,1.0,0.0,0.0,0.0
2025-11-04,Google Ads,PMax - Skincare Prospecting,44.410000000000004,10.88,7.61,1.59,0.0,1.0,1.0,20.14,46.9
2025-11-04,Google Ads,Search - Brand,62.95,15.68,7.49,2.13,0.0,1.0,1.0,8.55,76.26
2025-11-04,Google Ads,Search - Nonbrand Skincare,129.69,27.6,25.09,4.66,0.0,3.0,3.0,41.77,155.05
2025-11-04,Google Ads,Shopping - Bestsellers,152.0,45.6,8.85,4.71,0.0,1.0,1.0,46.04,177.51
2025-11-04,Meta Ads,Prospecting - Broad,68.34,15.68,7.79,2.28,0.0,1.0,1.0,46.83,87.51
2025-11-04,Meta Ads,Prospecting - Lookalike 1%,294.65000000000003,72.46000000000001,39.18000000000001,10.05,51.91,5.0,2.0,159.61,348.07
2025-11-04,Meta Ads,Retargeting - Cart Abandon,108.73000000000002,33.6,16.09,3.75,0.0,2.0,2.0,27.46,187.56
2025-11-04,Meta Ads,Retargeting - Engaged 30d,109.9,26.4,19.18,3.78,0.0,2.0,2.0,31.06,133.49
2025-11-04,Organic Search,(organic),371.31,90.82,40.75,12.27,0.0,5.0,2.0,0.0,0.0
2025-11-04,Organic Social,(organic social),395.05,138.0,26.839999999999996,12.36,0.0,3.0,3.0,0.0,0.0
2025-11-04,Unattributed,(not set),37.92,8.4,8.52,1.4,37.92,1.0,0.0,0.0,0.0
2025-11-05,Direct,(direct),305.05,87.58,39.22,10.34,15.74,5.0,3.0,0.0,0.0
2025-11-05,Email/SMS,Campaign - Monthly Newsletter,73.55,16.8,17.4,2.74,0.0,2.0,1.0,0.0,0.0
2025-11-05,Email/SMS,Flow - Abandoned Cart,40.980000000000004,10.88,8.22,1.49,0.0,1.0,0.0,0.0,0.0
2025-11-05,Email/SMS,Flow - Post Purchase Winback,312.6,122.0,7.49,9.37,0.0,1.0,0.0,0.0,0.0
2025-11-05,Email/SMS,Flow - Welcome Series,96.0,24.0,9.17,3.08,0.0,1.0,0.0,0.0,0.0
2025-11-05,Google Ads,PMax - Skincare Prospecting,168.0,47.04,7.71,5.17,0.0,1.0,1.0,66.49,189.51
2025-11-05,Google Ads,Search - Brand,168.87,76.0,6.84,5.2,0.0,1.0,1.0,22.72,222.32
2025-11-05,Google Ads,Search - Nonbrand Skincare,93.92,25.28,17.58,3.32,0.0,2.0,2.0,30.36,114.29
2025-11-05,Google Ads,Shopping - Bestsellers,110.83000000000001,28.580000000000002,24.0,4.11,0.0,3.0,2.0,35.45,129.81
2025-11-05,Meta Ads,Prospecting - Broad,0.0,0.0,0.0,0.0,0.0,0.0,0.0,18.59,16.81
2025-11-05,Meta Ads,Prospecting - Lookalike 1%,148.71,54.64,13.96,4.91,55.34,2.0,2.0,65.7,242.8
2025-11-05,Meta Ads,Retargeting - Cart Abandon,352.97999999999996,107.88,28.950000000000003,11.440000000000001,0.0,4.0,3.0,58.55,500.45
2025-11-05,Meta Ads,Retargeting - Engaged 30d,94.05,22.28,18.43,3.33,0.0,2.0,1.0,26.16,137.08
2025-11-05,Organic Search,(organic),497.05,123.08,81.94,17.419999999999998,90.43,10.0,6.0,0.0,0.0
2025-11-05,Organic Social,(organic social),53.17,10.5,7.8,1.84,0.0,1.0,1.0,0.0,0.0
2025-11-06,Direct,(direct),344.47,87.7,32.64,11.2,0.0,4.0,1.0,0.0,0.0
2025-11-06,Email/SMS,Campaign - Monthly Newsletter,118.82,29.48,26.14,4.35,0.0,3.0,1.0,0.0,0.0
2025-11-06,Email/SMS,Flow - Abandoned Cart,112.66,26.4,23.99,4.17,0.0,3.0,1.0,0.0,0.0
2025-11-06,Email/SMS,Flow - Post Purchase Winback,163.17000000000002,45.760000000000005,17.33,5.33,0.0,2.0,1.0,0.0,0.0
2025-11-06,Email/SMS,Flow - Welcome Series,34.95,8.4,8.58,1.31,0.0,1.0,0.0,0.0,0.0
2025-11-06,Google Ads,PMax - Skincare Prospecting,63.010000000000005,17.48,15.370000000000001,2.4299999999999997,0.0,2.0,2.0,35.98,81.78
2025-11-06,Google Ads,Search - Brand,416.93999999999994,134.5,24.55,12.99,0.0,3.0,2.0,59.51,503.23
2025-11-06,Google Ads,Search - Nonbrand Skincare,0.0,0.0,0.0,0.0,0.0,0.0,0.0,14.3,8.31
2025-11-06,Google Ads,Shopping - Bestsellers,137.32,61.0,7.11,4.28,0.0,1.0,1.0,41.98,167.51
2025-11-06,Meta Ads,Prospecting - Broad,148.04000000000002,36.160000000000004,21.98,5.199999999999999,68.14,3.0,2.0,90.64,212.38
2025-11-06,Meta Ads,Prospecting - Lookalike 1%,119.4,31.2,16.259999999999998,4.06,0.0,2.0,2.0,72.9,163.99
2025-11-06,Meta Ads,Retargeting - Cart Abandon,165.5,38.56,24.03,5.69,0.0,3.0,3.0,25.99,215.67
2025-11-06,Meta Ads,Retargeting - Engaged 30d,0.0,0.0,0.0,0.0,0.0,0.0,0.0,11.64,4.23
2025-11-06,Organic Search,(organic),465.21000000000004,106.5,48.77,15.290000000000001,31.14,6.0,3.0,0.0,0.0
2025-11-06,Organic Social,(organic social),160.10000000000002,57.8,23.63,5.539999999999999,0.0,3.0,2.0,0.0,0.0
2025-11-07,Direct,(direct),225.06,61.120000000000005,23.34,7.42,102.71,3.0,2.0,0.0,0.0
2025-11-07,Email/SMS,Campaign - Monthly Newsletter,54.95,12.0,7.64,1.89,0.0,1.0,0.0,0.0,0.0
2025-11-07,Email/SMS,Flow - Abandoned Cart,430.24,157.28,22.88,13.370000000000001,0.0,3.0,0.0,0.0,0.0
2025-11-07,Email/SMS,Flow - Post Purchase Winback,62.95,16.8,7.48,2.13,0.0,1.0,0.0,0.0,0.0
2025-11-07,Email/SMS,Flow - Welcome Series,177.42,46.64,22.84,6.05,95.07000000000001,3.0,0.0,0.0,0.0
2025-11-07,Google Ads,PMax - Skincare Prospecting,574.2700000000001,210.3,24.76,17.56,0.0,3.0,2.0,245.03,652.12
2025-11-07,Google Ads,Search - Brand,164.7,38.24,26.03,5.68,0.0,3.0,3.0,18.22,194.23
2025-11-07,Google Ads,Search - Nonbrand Skincare,147.69,34.8,23.699999999999996,5.18,0.0,3.0,3.0,54.17,169.05
2025-11-07,Google Ads,Shopping - Bestsellers,0.0,0.0,0.0,0.0,0.0,0.0,0.0,11.34,10.57
2025-11-07,Meta Ads,Prospecting - Broad,311.71999999999997,89.76,35.72,10.54,93.29,5.0,4.0,233.44,486.2
2025-11-07,Meta Ads,Prospecting - Lookalike 1%,62.95,15.68,6.56,2.13,0.0,1.0,1.0,26.78,89.62
2025-11-07,Meta Ads,Retargeting - Cart Abandon,146.93,45.6,8.69,4.56,0.0,1.0,0.0,29.01,225.91
2025-11-07,Meta Ads,Retargeting - Engaged 30d,204.23000000000002,52.96,22.759999999999998,6.819999999999999,59.08,3.0,1.0,64.12,257.05
2025-11-07,Organic Search,(organic),235.29000000000002,80.2,25.800000000000004,7.72,0.0,3.0,2.0,0.0,0.0
2025-11-07,Organic Social,(organic social),73.02000000000001,22.8,9.33,2.42,0.0,1.0,1.0,0.0,0.0
2025-11-07,Unattributed,(not set),317.53999999999996,81.32,44.03999999999999,10.719999999999999,0.0,5.0,4.0,0.0,0.0
2025-11-08,Direct,(direct),396.53,97.96000000000001,39.4,13.0,105.33,5.0,4.0,0.0,0.0
2025-11-08,Email/SMS,Flow - Abandoned Cart,53.04,12.0,9.24,1.84,0.0,1.0,0.0,0.0,0.0
2025-11-08,Email/SMS,Flow - Post Purchase Winback,205.7,48.0,8.1,6.27,0.0,1.0,0.0,0.0,0.0
2025-11-08,Email/SMS,Flow - Welcome Series,167.87,38.7,15.389999999999999,5.47,0.0,2.0,0.0,0.0,0.0
2025-11-08,Google Ads,PMax - Skincare Prospecting,116.96000000000001,28.64,14.52,3.9899999999999998,0.0,2.0,2.0,54.23,139.6
2025-11-08,Google Ads,Search - Brand,42.35,9.6,7.32,1.53,0.0,1.0,1.0,9.16,46.56
2025-11-08,Google Ads,Search - Nonbrand Skincare,409.29,157.4,24.439999999999998,12.770000000000001,0.0,3.0,2.0,133.31,492.72
2025-11-08,Google Ads,Shopping - Bestsellers,360.92,116.88,30.83,11.67,0.0,4.0,3.0,124.45,387.84
2025-11-08,Meta Ads,Prospecting - Broad,112.30000000000001,28.88,17.14,3.86,0.0,2.0,2.0,59.41,162.68
2025-11-08,Meta Ads,Prospecting - Lookalike 1%,347.15,119.32,23.630000000000003,10.96,0.0,3.0,2.0,122.92,488.7
2025-11-08,Meta Ads,Retargeting - Cart Abandon,194.81,55.18,24.32,6.550000000000001,0.0,3.0,3.0,30.24,259.57
2025-11-08,Meta Ads,Retargeting - Engaged 30d,178.2,48.900000000000006,22.66,6.0600000000000005,74.95,3.0,2.0,51.68,253.04
2025-11-08,Organic Search,(organic),754.96,253.3,65.3,24.28,15.48,8.0,6.0,0.0,0.0
2025-11-08,Organic Social,(organic social),101.91,31.36,7.86,3.26,0.0,1.0,1.0,0.0,0.0
2025-11-08,Unattributed,(not set),107.99000000000001,22.5,17.740000000000002,3.73,54.95,2.0,1.0,0.0,0.0
2025-11-09,Direct,(direct),155.10000000000002,34.5,22.26,5.4,0.0,3.0,1.0,0.0,0.0
2025-11-09,Email/SMS,Campaign - Monthly Newsletter,184.65000000000003,52.04,22.0,6.25,0.0,3.0,0.0,0.0,0.0
2025-11-09,Email/SMS,Flow - Abandoned Cart,119.31,36.0,16.35,4.06,0.0,2.0,1.0,0.0,0.0
2025-11-09,Email/SMS,Flow - Post Purchase Winback,34.95,8.4,8.39,1.31,0.0,1.0,0.0,0.0,0.0
2025-11-09,Google Ads,PMax - Skincare Prospecting,316.69,122.0,8.4,9.48,0.0,1.0,1.0,119.81,330.81
2025-11-09,Google Ads,Search - Brand,104.69,21.0,16.740000000000002,3.63,0.0,2.0,2.0,10.87,115.17
2025-11-09,Google Ads,Search - Nonbrand Skincare,299.64000000000004,70.2,40.17,10.190000000000001,0.0,5.0,4.0,73.88,365.35
2025-11-09,Google Ads,Shopping - Bestsellers,103.12,23.4,16.43,3.59,58.17,2.0,2.0,23.2,109.84
2025-11-09,Meta Ads,Prospecting - Broad,35.5,10.88,6.51,1.33,0.0,1.0,1.0,23.88,50.05
2025-11-09,Meta Ads,Prospecting - Lookalike 1%,132.95,39.84,16.700000000000003,4.46,0.0,2.0,2.0,59.7,174.55
2025-11-09,Meta Ads,Retargeting - Cart Abandon,377.28,143.6,23.67,11.84,0.0,3.0,3.0,88.87,511.0
2025-11-09,Meta Ads,Retargeting - Engaged 30d,93.9,21.6,14.86,3.32,0.0,2.0,1.0,30.81,140.91
2025-11-09,Organic Search,(organic),385.58,104.6,55.78,13.279999999999998,0.0,7.0,6.0,0.0,0.0
2025-11-09,Organic Social,(organic social),152.69,40.199999999999996,23.47,5.32,0.0,3.0,1.0,0.0,0.0
2025-11-09,Unattributed,(not set),126.14999999999999,45.2,16.83,4.26,0.0,2.0,2.0,0.0,0.0
2025-11-10,Direct,(direct),417.97999999999996,127.60000000000001,40.949999999999996,13.61,144.95,5.0,2.0,0.0,0.0
2025-11-10,Email/SMS,Campaign - Monthly Newsletter,28.95,6.6,8.83,1.14,0.0,1.0,0.0,0.0,0.0
2025-11-10,Email/SMS,Flow - Abandoned Cart,31.049999999999997,7.2,7.91,1.2,0.0,1.0,0.0,0.0,0.0
2025-11-10,Email/SMS,Flow - Post Purchase Winback,161.06,43.36,16.380000000000003,5.27,102.63,2.0,0.0,0.0,0.0
2025-11-10,Google Ads,PMax - Skincare Prospecting,0.0,0.0,0.0,0.0,0.0,0.0,0.0,10.85,11.16
2025-11-10,Google Ads,Search - Brand,0.0,0.0,0.0,0.0,0.0,0.0,0.0,14.48,6.06
2025-11-10,Google Ads,Search - Nonbrand Skincare,128.8,31.2,16.31,4.33,0.0,2.0,1.0,43.19,149.21
2025-11-10,Google Ads,Shopping - Bestsellers,33.8,7.2,8.37,1.28,0.0,1.0,0.0,11.52,37.75
2025-11-10,Meta Ads,Prospecting - Broad,0.0,0.0,0.0,0.0,0.0,0.0,0.0,14.54,13.61
2025-11-10,Meta Ads,Prospecting - Lookalike 1%,250.35000000000002,66.76,38.78,8.76,0.0,5.0,5.0,96.66,404.34
2025-11-10,Meta Ads,Retargeting - Cart Abandon,95.76,21.0,21.62,3.6799999999999997,0.0,3.0,3.0,21.9,113.75
2025-11-10,Meta Ads,Retargeting - Engaged 30d,316.08000000000004,90.5,25.15,10.07,0.0,3.0,2.0,112.94,476.68
2025-11-10,Organic Search,(organic),595.26,168.23999999999998,54.11,19.36,74.95,7.0,4.0,0.0,0.0
2025-11-10,Organic Social,(organic social),165.72,44.400000000000006,13.95,5.41,0.0,2.0,1.0,0.0,0.0
2025-11-11,Direct,(direct),143.62,34.800000000000004,33.129999999999995,5.359999999999999,0.0,4.0,2.0,0.0,0.0
2025-11-11,Email/SMS,Campaign - Monthly Newsletter,89.9,23.84,14.58,3.21,58.95,2.0,0.0,0.0,0.0
2025-11-11,Email/SMS,Flow - Post Purchase Winback,30.95,7.2,8.64,1.2,0.0,1.0,0.0,0.0,0.0
2025-11-11,Email/SMS,Flow - Welcome Series,32.7,7.2,6.99,1.25,32.7,1.0,0.0,0.0,0.0
2025-11-11,Google Ads,PMax - Skincare Prospecting,0.0,0.0,0.0,0.0,0.0,0.0,0.0,12.55,9.49
2025-11-11,Google Ads,Search - Brand,422.07,137.2,40.92,13.74,0.0,5.0,3.0,56.31,524.41
2025-11-11,Google Ads,Search - Nonbrand Skincare,351.97999999999996,107.8,49.85,12.01,0.0,6.0,5.0,137.28,383.57
2025-11-11,Google Ads,Shopping - Bestsellers,58.650000000000006,12.0,6.52,2.0,0.0,1.0,1.0,16.88,61.89
2025-11-11,Meta Ads,Prospecting - Broad,193.84,55.2,16.28,6.22,0.0,2.0,2.0,102.68,269.28
2025-11-11,Meta Ads,Prospecting - Lookalike 1%,0.0,0.0,0.0,0.0,0.0,0.0,0.0,16.31,17.83
2025-11-11,Meta Ads,Retargeting - Cart Abandon,211.06000000000003,47.4,33.44,7.3199999999999985,46.77,4.0,3.0,35.03,320.02
2025-11-11,Meta Ads,Retargeting - Engaged 30d,33.519999999999996,7.2,7.37,1.27,0.0,1.0,1.0,13.86,42.66
2025-11-11,Organic Search,(organic),371.34999999999997,95.4,33.39,11.979999999999999,65.7,4.0,1.0,0.0,0.0
2025-11-11,Organic Social,(organic social),162.95,44.56,17.9,5.33,0.0,2.0,2.0,0.0,0.0
2025-11-11,Unattributed,(not set),137.2,45.2,16.55,4.58,0.0,2.0,1.0,0.0,0.0
2025-11-12,Direct,(direct),566.8500000000001,177.94,64.97,18.83,0.0,8.0,6.0,0.0,0.0
2025-11-12,Email/SMS,Campaign - Monthly Newsletter,75.52,26.4,8.98,2.49,0.0,1.0,0.0,0.0,0.0
2025-11-12,Email/SMS,Flow - Abandoned Cart,205.95,59.02,24.240000000000002,6.87,0.0,3.0,0.0,0.0,0.0
2025-11-12,Email/SMS,Flow - Welcome Series,53.040000000000006,10.5,6.72,1.84,0.0,1.0,0.0,0.0,0.0
2025-11-12,Google Ads,PMax - Skincare Prospecting,144.95,36.0,23.65,5.1,0.0,3.0,2.0,77.48,174.9
2025-11-12,Google Ads,Search - Brand,98.0,38.0,7.31,3.14,0.0,1.0,0.0,9.21,117.62
2025-11-12,Google Ads,Search - Nonbrand Skincare,32.86,8.4,9.47,1.25,0.0,1.0,1.0,9.68,41.36
2025-11-12,Google Ads,Shopping - Bestsellers,49.72,12.0,7.39,1.74,0.0,1.0,1.0,19.49,58.45
2025-11-12,Meta Ads,Prospecting - Broad,147.98000000000002,49.4,17.03,4.89,0.0,2.0,1.0,108.65,214.0
2025-11-12,Meta Ads,Prospecting - Lookalike 1%,34.95,8.4,7.22,1.31,0.0,1.0,1.0,15.78,53.88
2025-11-12,Meta Ads,Retargeting - Cart Abandon,361.34000000000003,118.76,23.59,11.370000000000001,0.0,3.0,3.0,55.77,485.91
2025-11-12,Meta Ads,Retargeting - Engaged 30d,617.59,215.0,29.46,19.11,0.0,4.0,4.0,239.46,847.03
2025-11-12,Organic Search,(organic),201.75,51.68,14.27,6.45,57.75,2.0,1.0,0.0,0.0
2025-11-12,Organic Social,(organic social),271.46999999999997,66.44,35.4,9.07,62.51,4.0,3.0,0.0,0.0
2025-11-12,Unattributed,(not set),30.95,7.2,9.08,1.2,0.0,1.0,1.0,0.0,0.0
2025-11-13,Direct,(direct),535.89,180.72,42.61,17.05,62.95,5.0,1.0,0.0,0.0
2025-11-13,Email/SMS,Flow - Abandoned Cart,174.37,71.5,17.2,5.66,0.0,2.0,0.0,0.0,0.0
2025-11-13,Email/SMS,Flow - Welcome Series,50.95,13.2,7.08,1.78,0.0,1.0,0.0,0.0,0.0
2025-11-13,Google Ads,PMax - Skincare Prospecting,156.76,41.4,26.470000000000002,5.4399999999999995,37.22,3.0,3.0,59.99,163.82
2025-11-13,Google Ads,Search - Brand,0.0,0.0,0.0,0.0,0.0,0.0,0.0,8.58,4.21
2025-11-13,Google Ads,Search - Nonbrand Skincare,62.95,16.8,8.63,2.13,0.0,1.0,1.0,16.06,68.09
2025-11-13,Google Ads,Shopping - Bestsellers,508.87,191.36,24.939999999999998,15.66,0.0,3.0,2.0,138.75,618.89
2025-11-13,Meta Ads,Prospecting - Broad,292.23,80.56,30.009999999999998,9.690000000000001,0.0,4.0,3.0,182.96,482.49
2025-11-13,Meta Ads,Prospecting - Lookalike 1%,274.95,97.6,16.84,8.57,0.0,2.0,2.0,137.03,373.78
2025-11-13,Meta Ads,Retargeting - Cart Abandon,290.74,73.2,23.96,9.33,83.79,3.0,2.0,62.06,415.47
2025-11-13,Meta Ads,Retargeting - Engaged 30d,378.7099999999999,87.38,57.24,13.079999999999998,79.55,7.0,5.0,115.43,505.13
2025-11-13,Organic Search,(organic),231.8,74.68,31.51,7.93,0.0,4.0,2.0,0.0,0.0
2025-11-13,Organic Social,(organic social),54.95,12.0,7.51,1.89,0.0,1.0,1.0,0.0,0.0
2025-11-13,Unattributed,(not set),33.83,9.6,8.0,1.28,0.0,1.0,1.0,0.0,0.0
2025-11-14,Direct,(direct),610.45,209.14,44.620000000000005,19.21,52.33,5.0,3.0,0.0,0.0
2025-11-14,Email/SMS,Campaign - Monthly Newsletter,603.97,228.60000000000002,22.05,18.419999999999998,0.0,3.0,1.0,0.0,0.0
2025-11-14,Email/SMS,Flow - Abandoned Cart,114.21000000000001,31.200000000000003,15.77,3.91,0.0,2.0,0.0,0.0,0.0
2025-11-14,Email/SMS,Flow - Post Purchase Winback,58.95,16.64,7.64,2.01,0.0,1.0,0.0,0.0,0.0
2025-11-14,Google Ads,PMax - Skincare Prospecting,52.4,12.0,8.76,1.82,0.0,1.0,1.0,17.82,66.56
2025-11-14,Google Ads,Search - Brand,41.49,9.6,8.51,1.5,0.0,1.0,0.0,11.73,47.17
2025-11-14,Google Ads,Search - Nonbrand Skincare,142.95,38.56,16.04,4.75,0.0,2.0,2.0,43.63,148.21
2025-11-14,Google Ads,Shopping - Bestsellers,88.97,22.8,16.549999999999997,3.1799999999999997,48.84,2.0,2.0,21.64,108.24
2025-11-14,Meta Ads,Prospecting - Broad,174.44,57.2,26.5,5.960000000000001,0.0,3.0,1.0,100.39,239.31
2025-11-14,Meta Ads,Prospecting - Lookalike 1%,161.37,40.96,16.64,5.279999999999999,0.0,2.0,1.0,76.94,228.62
2025-11-14,Meta Ads,Retargeting - Cart Abandon,80.83,17.1,16.419999999999998,2.94,0.0,2.0,2.0,16.0,105.92
2025-11-14,Meta Ads,Retargeting - Engaged 30d,48.68,11.4,7.46,1.71,0.0,1.0,1.0,14.51,61.74
2025-11-14,Organic Search,(organic),916.14,291.58,82.92,29.57,56.39,10.0,7.0,0.0,0.0
2025-11-14,Organic Social,(organic social),227.73000000000002,56.64,22.9,7.510000000000001,0.0,3.0,3.0,0.0,0.0
2025-11-14,Unattributed,(not set),44.540000000000006,10.88,7.7,1.59,22.27,1.0,1.0,0.0,0.0
2025-11-15,Direct,(direct),451.31,140.72000000000003,57.55,15.19,105.9,7.0,0.0,0.0,0.0
2025-11-15,Email/SMS,Campaign - Monthly Newsletter,154.38,34.879999999999995,23.71,5.38,0.0,3.0,1.0,0.0,0.0
2025-11-15,Email/SMS,Flow - Welcome Series,207.26,55.580000000000005,24.790000000000003,6.91,0.0,3.0,1.0,0.0,0.0
2025-11-15,Google Ads,PMax - Skincare Prospecting,0.0,0.0,0.0,0.0,0.0,0.0,0.0,12.42,6.24
2025-11-15,Google Ads,Search - Brand,141.91000000000003,35.4,25.25,5.01,0.0,3.0,3.0,20.3,166.68
2025-11-15,Google Ads,Search - Nonbrand Skincare,111.9,30.08,16.09,3.8499999999999996,0.0,2.0,2.0,38.58,120.62
2025-11-15,Google Ads,Shopping - Bestsellers,52.09,12.0,6.94,1.81,0.0,1.0,1.0,13.05,67.57
2025-11-15,Meta Ads,Prospecting - Broad,259.87,71.84,22.61,8.43,0.0,3.0,3.0,145.98,322.42
2025-11-15,Meta Ads,Prospecting - Lookalike 1%,199.42000000000002,48.3,30.31,6.98,80.57,4.0,4.0,101.81,319.96
2025-11-15,Meta Ads,Retargeting - Cart Abandon,158.05,35.4,24.54,5.4799999999999995,0.0,3.0,3.0,26.17,192.98
2025-11-15,Meta Ads,Retargeting - Engaged 30d,143.7,31.5,16.55,4.77,0.0,2.0,2.0,50.68,183.65
2025-11-15,Organic Search,(organic),659.1200000000001,176.32,76.23,21.82,85.2,9.0,6.0,0.0,0.0
2025-11-15,Unattributed,(not set),59.86,12.0,8.01,2.04,0.0,1.0,1.0,0.0,0.0
2025-11-16,Direct,(direct),319.4800000000001,91.4,48.31,11.049999999999999,107.77000000000001,6.0,3.0,0.0,0.0
2025-11-16,Email/SMS,Campaign - Monthly Newsletter,52.38,10.5,8.7,1.82,0.0,1.0,0.0,0.0,0.0
2025-11-16,Email/SMS,Flow - Post Purchase Winback,179.5,43.28,23.36,6.1,0.0,3.0,0.0,0.0,0.0
2025-11-16,Email/SMS,Flow - Welcome Series,58.190000000000005,12.0,7.55,1.99,0.0,1.0,0.0,0.0,0.0
2025-11-16,Google Ads,PMax - Skincare Prospecting,132.49,34.28,25.07,4.74,0.0,3.0,1.0,71.94,165.59
2025-11-16,Google Ads,Search - Brand,41.790000000000006,9.6,7.34,1.51,0.0,1.0,1.0,11.02,46.3
2025-11-16,Google Ads,Search - Nonbrand Skincare,41.25,9.6,8.23,1.5,0.0,1.0,1.0,10.33,46.17
2025-11-16,Google Ads,Shopping - Bestsellers,325.13,115.24,32.81,10.63,0.0,4.0,4.0,75.37,391.45
2025-11-16,Meta Ads,Prospecting - Broad,123.9,32.260000000000005,16.67,4.19,74.95,2.0,2.0,69.31,155.76
2025-11-16,Meta Ads,Prospecting - Lookalike 1%,0.0,0.0,0.0,0.0,0.0,0.0,0.0,16.95,14.63
2025-11-16,Meta Ads,Retargeting - Cart Abandon,165.98000000000002,36.68,26.15,5.720000000000001,0.0,3.0,3.0,36.65,253.05
2025-11-16,Meta Ads,Retargeting - Engaged 30d,330.41999999999996,84.16,46.65,11.379999999999999,0.0,6.0,5.0,129.2,470.64
2025-11-16,Organic Search,(organic),274.87,66.0,40.61,9.459999999999999,0.0,5.0,4.0,0.0,0.0
2025-11-16,Organic Social,(organic social),153.14000000000001,38.56,25.65,5.34,0.0,3.0,2.0,0.0,0.0
2025-11-16,Unattributed,(not set),112.0,31.36,7.71,3.55,0.0,1.0,1.0,0.0,0.0
2025-11-17,Direct,(direct),103.55,38.0,7.04,3.3,0.0,1.0,1.0,0.0,0.0
2025-11-17,Email/SMS,Campaign - Monthly Newsletter,131.06,31.880000000000003,25.8,4.71,0.0,3.0,0.0,0.0,0.0
2025-11-17,Email/SMS,Flow - Abandoned Cart,128.23000000000002,39.44,15.14,4.32,0.0,2.0,0.0,0.0,0.0
2025-11-17,Email/SMS,Flow - Post Purchase Winback,138.12,32.48,24.869999999999997,4.91,42.26,3.0,0.0,0.0,0.0
2025-11-17,Email/SMS,Flow - Welcome Series,102.54,24.0,7.74,3.27,0.0,1.0,1.0,0.0,0.0
2025-11-17,Google Ads,PMax - Skincare Prospecting,174.43,54.800000000000004,25.13,5.95,0.0,3.0,3.0,70.95,186.91
2025-11-17,Google Ads,Search - Brand,35.32,9.6,8.05,1.32,0.0,1.0,1.0,10.57,42.53
2025-11-17,Google Ads,Search - Nonbrand Skincare,40.95,10.88,8.04,1.49,0.0,1.0,1.0,11.91,49.84
2025-11-17,Google Ads,Shopping - Bestsellers,152.0,45.6,7.28,4.71,0.0,1.0,1.0,36.03,169.8
2025-11-17,Meta Ads,Prospecting - Broad,96.79,27.6,15.780000000000001,3.41,0.0,2.0,1.0,67.28,137.4
2025-11-17,Meta Ads,Prospecting - Lookalike 1%,301.81,79.03999999999999,23.96,9.649999999999999,0.0,3.0,2.0,101.98,456.66
2025-11-17,Meta Ads,Retargeting - Cart Abandon,0.0,0.0,0.0,0.0,0.0,0.0,0.0,18.69,18.98
2025-11-17,Meta Ads,Retargeting - Engaged 30d,289.94000000000005,76.04,41.28,9.91,0.0,5.0,4.0,100.9,415.88
2025-11-17,Organic Search,(organic),202.85000000000002,50.400000000000006,32.32,7.09,0.0,4.0,3.0,0.0,0.0
2025-11-17,Organic Social,(organic social),83.41,17.7,16.25,3.02,0.0,2.0,1.0,0.0,0.0
2025-11-18,Direct,(direct),373.38,114.18,49.07,12.620000000000001,0.0,6.0,3.0,0.0,0.0
2025-11-18,Email/SMS,Flow - Abandoned Cart,132.04,61.0,6.93,4.13,0.0,1.0,0.0,0.0,0.0
2025-11-18,Email/SMS,Flow - Post Purchase Winback,102.76,22.5,14.39,3.58,0.0,2.0,0.0,0.0,0.0
2025-11-18,Google Ads,PMax - Skincare Prospecting,190.74,57.080000000000005,24.98,6.44,0.0,3.0,2.0,89.81,226.77
2025-11-18,Google Ads,Search - Brand,150.34,38.480000000000004,15.16,4.96,0.0,2.0,1.0,13.45,159.04
2025-11-18,Google Ads,Search - Nonbrand Skincare,0.0,0.0,0.0,0.0,0.0,0.0,0.0,11.85,6.37
2025-11-18,Google Ads,Shopping - Bestsellers,95.9,22.880000000000003,14.0,3.38,27.48,2.0,2.0,29.24,99.37
2025-11-18,Meta Ads,Prospecting - Broad,0.0,0.0,0.0,0.0,0.0,0.0,0.0,15.78,11.72
2025-11-18,Meta Ads,Prospecting - Lookalike 1%,201.79000000000002,52.96,35.36,7.04,0.0,4.0,3.0,76.25,265.29
2025-11-18,Meta Ads,Retargeting - Cart Abandon,136.71,52.4,15.07,4.56,0.0,2.0,2.0,28.45,193.42
2025-11-18,Meta Ads,Retargeting - Engaged 30d,48.800000000000004,11.4,7.56,1.72,0.0,1.0,1.0,12.42,63.41
2025-11-18,Organic Search,(organic),354.88,83.69999999999999,66.02000000000001,12.69,15.48,8.0,6.0,0.0,0.0
2025-11-18,Organic Social,(organic social),327.65999999999997,81.68,24.689999999999998,10.4,0.0,3.0,3.0,0.0,0.0
2025-11-18,Unattributed,(not set),30.95,7.2,8.39,1.2,0.0,1.0,1.0,0.0,0.0
2025-11-19,Direct,(direct),320.8,77.4,32.269999999999996,10.49,0.0,4.0,3.0,0.0,0.0
2025-11-19,Email/SMS,Campaign - Monthly Newsletter,104.7,24.0,7.88,3.34,0.0,1.0,0.0,0.0,0.0
2025-11-19,Email/SMS,Flow - Abandoned Cart,274.35,79.28,29.23,9.16,0.0,4.0,0.0,0.0,0.0
2025-11-19,Email/SMS,Flow - Welcome Series,55.53,13.2,8.38,1.91,55.53,1.0,0.0,0.0,0.0
2025-11-19,Google Ads,PMax - Skincare Prospecting,38.95,9.6,8.84,1.43,19.48,1.0,1.0,18.81,40.85
2025-11-19,Google Ads,Search - Brand,290.0,122.0,7.51,8.71,0.0,1.0,1.0,33.51,338.89
2025-11-19,Google Ads,Search - Nonbrand Skincare,48.95,10.5,7.62,1.72,0.0,1.0,1.0,15.15,53.26
2025-11-19,Google Ads,Shopping - Bestsellers,94.32000000000001,24.08,17.28,3.33,0.0,2.0,1.0,25.63,107.29
2025-11-19,Meta Ads,Prospecting - Broad,160.95,53.68,15.24,5.27,0.0,2.0,1.0,77.97,217.06
2025-11-19,Meta Ads,Prospecting - Lookalike 1%,275.78,73.6,41.07,9.51,0.0,5.0,5.0,89.98,337.78
2025-11-19,Meta Ads,Retargeting - Cart Abandon,210.11,71.5,17.29,6.7,0.0,2.0,2.0,46.5,267.59
2025-11-19,Meta Ads,Retargeting - Engaged 30d,135.69,31.5,14.86,4.54,84.0,2.0,2.0,35.65,209.53
2025-11-19,Organic Search,(organic),312.2900000000001,73.28,54.86,11.139999999999999,0.0,7.0,5.0,0.0,0.0
2025-11-19,Organic Social,(organic social),93.9,21.9,15.489999999999998,3.3200000000000003,0.0,2.0,2.0,0.0,0.0
2025-11-19,Unattributed,(not set),62.95,15.68,8.25,2.13,0.0,1.0,1.0,0.0,0.0
2025-11-20,Direct,(direct),497.34999999999997,140.16,66.51,16.84,106.53,8.0,1.0,0.0,0.0
2025-11-20,Email/SMS,Campaign - Monthly Newsletter,38.22,10.88,8.05,1.41,0.0,1.0,0.0,0.0,0.0
2025-11-20,Email/SMS,Flow - Abandoned Cart,90.17999999999999,24.0,8.32,2.92,0.0,1.0,0.0,0.0,0.0
2025-11-20,Email/SMS,Flow - Post Purchase Winback,104.0,33.28,8.8,3.32,0.0,1.0,0.0,0.0,0.0
2025-11-20,Email/SMS,Flow - Welcome Series,169.79000000000002,38.18,24.98,5.83,0.0,3.0,0.0,0.0,0.0
2025-11-20,Google Ads,PMax - Skincare Prospecting,59.9,13.8,14.66,2.34,0.0,2.0,1.0,22.73,68.48
2025-11-20,Google Ads,Search - Brand,44.95,11.4,8.13,1.6,0.0,1.0,1.0,11.51,52.17
2025-11-20,Google Ads,Search - Nonbrand Skincare,98.0,38.0,8.24,3.14,0.0,1.0,0.0,38.17,107.05
2025-11-20,Google Ads,Shopping - Bestsellers,44.95,11.4,9.51,1.6,0.0,1.0,1.0,14.59,54.34
2025-11-20,Meta Ads,Prospecting - Broad,41.86,9.6,8.57,1.51,0.0,1.0,0.0,30.59,59.43
2025-11-20,Meta Ads,Prospecting - Lookalike 1%,0.0,0.0,0.0,0.0,0.0,0.0,0.0,12.47,10.42
2025-11-20,Meta Ads,Retargeting - Cart Abandon,160.42000000000002,40.64,25.51,5.5600000000000005,0.0,3.0,3.0,27.59,210.05
2025-11-20,Meta Ads,Retargeting - Engaged 30d,0.0,0.0,0.0,0.0,0.0,0.0,0.0,19.24,15.39
2025-11-20,Organic Search,(organic),261.55,65.39999999999999,37.5,9.09,31.48,5.0,4.0,0.0,0.0
2025-11-20,Organic Social,(organic social),324.3,113.88,47.839999999999996,11.21,0.0,6.0,4.0,0.0,0.0
2025-11-20,Unattributed,(not set),502.51,171.2,24.84,15.47,0.0,3.0,2.0,0.0,0.0
2025-11-21,Direct,(direct),344.58000000000004,83.69999999999999,47.22,11.780000000000001,0.0,6.0,2.0,0.0,0.0
2025-11-21,Email/SMS,Campaign - Monthly Newsletter,249.37,60.68,21.990000000000002,8.14,0.0,3.0,0.0,0.0,0.0
2025-11-21,Email/SMS,Flow - Abandoned Cart,141.23000000000002,33.68,26.050000000000004,5.0,28.59,3.0,0.0,0.0,0.0
2025-11-21,Email/SMS,Flow - Welcome Series,129.23000000000002,40.2,15.0,4.35,0.0,2.0,0.0,0.0,0.0
2025-11-21,Google Ads,PMax - Skincare Prospecting,96.0,24.0,8.33,3.08,0.0,1.0,0.0,47.41,112.26
2025-11-21,Google Ads,Search - Brand,165.63,40.04,33.82,6.01,0.0,4.0,4.0,20.08,181.33
2025-11-21,Google Ads,Search - Nonbrand Skincare,76.0,22.8,8.66,2.5,0.0,1.0,1.0,31.67,91.39
2025-11-21,Google Ads,Shopping - Bestsellers,110.48,36.0,16.34,3.8,0.0,2.0,2.0,30.11,158.22
2025-11-21,Meta Ads,Prospecting - Broad,328.49,106.80000000000001,23.69,10.42,103.48,3.0,3.0,198.14,475.68
2025-11-21,Meta Ads,Prospecting - Lookalike 1%,0.0,0.0,0.0,0.0,0.0,0.0,0.0,18.87,15.26
2025-11-21,Meta Ads,Retargeting - Cart Abandon,195.04000000000002,51.900000000000006,24.98,6.56,0.0,3.0,2.0,34.23,284.46
2025-11-21,Meta Ads,Retargeting - Engaged 30d,142.51,48.5,14.22,4.73,0.0,2.0,1.0,40.64,212.9
2025-11-21,Organic Search,(organic),625.23,180.28,73.1,20.83,0.0,9.0,5.0,0.0,0.0
2025-11-22,Direct,(direct),306.0,79.28,47.67,10.67,34.95,6.0,1.0,0.0,0.0
2025-11-22,Email/SMS,Campaign - Monthly Newsletter,117.74000000000001,28.88,17.729999999999997,4.02,0.0,2.0,0.0,0.0,0.0
2025-11-22,Email/SMS,Flow - Abandoned Cart,223.69,73.84,23.560000000000002,7.38,0.0,3.0,0.0,0.0,0.0
2025-11-22,Email/SMS,Flow - Post Purchase Winback,152.89000000000001,38.400000000000006,31.32,5.62,0.0,4.0,0.0,0.0,0.0
2025-11-22,Email/SMS,Flow - Welcome Series,44.95,11.4,9.08,1.6,0.0,1.0,0.0,0.0,0.0
2025-11-22,Google Ads,PMax - Skincare Prospecting,76.0,22.8,8.18,2.5,0.0,1.0,1.0,30.91,84.48
2025-11-22,Google Ads,Search - Brand,152.36,36.0,9.13,4.72,0.0,1.0,0.0,14.49,170.4
2025-11-22,Google Ads,Search - Nonbrand Skincare,205.08,48.0,7.65,6.25,0.0,1.0,1.0,84.97,217.18
2025-11-22,Google Ads,Shopping - Bestsellers,106.97,38.0,9.38,3.4,0.0,1.0,1.0,27.15,110.45
2025-11-22,Meta Ads,Prospecting - Broad,384.56,106.32,42.120000000000005,12.649999999999999,62.95,5.0,4.0,199.03,589.56
2025-11-22,Meta Ads,Prospecting - Lookalike 1%,166.26000000000002,44.160000000000004,24.36,5.73,0.0,3.0,3.0,89.86,203.98
2025-11-22,Meta Ads,Retargeting - Cart Abandon,38.95,9.6,7.47,1.43,0.0,1.0,0.0,16.61,49.18
2025-11-22,Meta Ads,Retargeting - Engaged 30d,425.69999999999993,110.0,38.099999999999994,13.84,0.0,5.0,4.0,168.54,518.12
2025-11-22,Organic Search,(organic),149.22,35.4,15.8,4.93,0.0,2.0,2.0,0.0,0.0
2025-11-22,Organic Social,(organic social),300.9,80.38000000000001,37.82,10.23,104.0,5.0,3.0,0.0,0.0
2025-11-22,Unattributed,(not set),74.54,22.8,7.98,2.46,0.0,1.0,0.0,0.0,0.0
2025-11-23,Direct,(direct),372.3,125.80000000000001,24.46,11.690000000000001,0.0,3.0,3.0,0.0,0.0
2025-11-23,Email/SMS,Flow - Abandoned Cart,52.910000000000004,16.64,7.85,1.83,0.0,1.0,0.0,0.0,0.0
2025-11-23,Email/SMS,Flow - Post Purchase Winback,168.0,46.2,16.15,5.48,0.0,2.0,0.0,0.0,0.0
2025-11-23,Email/SMS,Flow - Welcome Series,48.95,10.5,7.28,1.72,0.0,1.0,0.0,0.0,0.0
2025-11-23,Google Ads,PMax - Skincare Prospecting,194.62,56.08,24.97,6.54,0.0,3.0,3.0,71.9,213.01
2025-11-23,Google Ads,Search - Brand,442.95,165.78,22.96,13.750000000000002,0.0,3.0,3.0,48.36,536.17
2025-11-23,Google Ads,Search - Nonbrand Skincare,121.9,32.32,16.72,4.14,0.0,2.0,2.0,39.56,136.63
2025-11-23,Google Ads,Shopping - Bestsellers,89.56,24.08,15.23,3.19,0.0,2.0,1.0,32.66,117.96
2025-11-23,Meta Ads,Prospecting - Broad,129.76,61.0,7.43,4.06,0.0,1.0,1.0,99.05,205.37
2025-11-23,Meta Ads,Prospecting - Lookalike 1%,254.29000000000002,81.80000000000001,22.759999999999998,8.28,98.0,3.0,3.0,127.7,309.66
2025-11-23,Meta Ads,Retargeting - Cart Abandon,142.95,49.4,16.669999999999998,4.74,0.0,2.0,1.0,32.0,213.88
2025-11-23,Meta Ads,Retargeting - Engaged 30d,122.44,32.4,16.23,4.15,0.0,2.0,2.0,34.28,189.72
2025-11-23,Organic Search,(organic),580.1400000000001,148.14000000000001,71.91,19.52,51.8,9.0,5.0,0.0,0.0
2025-11-23,Organic Social,(organic social),218.62,56.480000000000004,22.36,7.239999999999999,0.0,3.0,3.0,0.0,0.0
2025-11-23,Unattributed,(not set),202.98,49.28,23.150000000000002,6.779999999999999,19.48,3.0,2.0,0.0,0.0
2025-11-24,Direct,(direct),717.0500000000001,214.31999999999994,104.48,24.699999999999996,125.43,13.0,6.0,0.0,0.0
2025-11-24,Email/SMS,Campaign - Monthly Newsletter,129.85,36.6,31.46,4.970000000000001,17.08,4.0,0.0,0.0,0.0
2025-11-24,Email/SMS,Flow - Post Purchase Winback,109.3,34.2,15.31,3.77,0.0,2.0,1.0,0.0,0.0
2025-11-24,Email/SMS,Flow - Welcome Series,98.56,31.36,16.97,3.45,0.0,2.0,0.0,0.0,0.0
2025-11-24,Google Ads,PMax - Skincare Prospecting,83.73,22.5,16.04,3.03,0.0,2.0,2.0,48.0,128.59
2025-11-24,Google Ads,Search - Brand,284.87,87.08,46.599999999999994,10.06,0.0,6.0,5.0,30.57,382.57
2025-11-24,Google Ads,Search - Nonbrand Skincare,595.57,203.14,71.57,19.969999999999995,0.0,9.0,8.0,288.64,803.44
2025-11-24,Google Ads,Shopping - Bestsellers,30.95,7.2,8.11,1.2,0.0,1.0,1.0,11.9,34.13
2025-11-24,Meta Ads,Prospecting - Broad,723.23,256.03999999999996,74.18,23.68,132.91,9.0,8.0,538.66,1027.34
2025-11-24,Meta Ads,Prospecting - Lookalike 1%,482.35,151.64,54.39999999999999,16.080000000000002,0.0,7.0,5.0,316.27,782.39
2025-11-24,Meta Ads,Retargeting - Cart Abandon,644.46,219.56,65.42,21.1,118.17,8.0,8.0,149.33,1033.41
2025-11-24,Meta Ads,Retargeting - Engaged 30d,281.73,112.0,24.380000000000003,9.07,0.0,3.0,2.0,108.35,467.66
2025-11-24,Organic Search,(organic),660.7800000000001,197.52,95.21000000000001,22.77,0.0,12.0,12.0,0.0,0.0
2025-11-24,Organic Social,(organic social),332.84999999999997,117.71999999999998,47.3,11.450000000000001,101.13,6.0,6.0,0.0,0.0
2025-11-24,Unattributed,(not set),84.0,21.0,7.27,2.74,0.0,1.0,1.0,0.0,0.0
2025-11-25,Direct,(direct),365.12,106.80000000000001,62.4,13.0,56.07,8.0,5.0,0.0,0.0
2025-11-25,Email/SMS,Campaign - Monthly Newsletter,83.43,21.0,14.59,3.02,0.0,2.0,1.0,0.0,0.0
2025-11-25,Email/SMS,Flow - Abandoned Cart,206.31,85.03999999999999,14.83,6.58,0.0,2.0,0.0,0.0,0.0
2025-11-25,Email/SMS,Flow - Post Purchase Winback,160.5,40.8,22.96,5.55,0.0,3.0,0.0,0.0,0.0
2025-11-25,Email/SMS,Flow - Welcome Series,136.74,44.18000000000001,23.66,4.859999999999999,0.0,3.0,1.0,0.0,0.0
2025-11-25,Google Ads,PMax - Skincare Prospecting,242.19,76.99999999999999,39.330000000000005,8.51,11.38,5.0,5.0,119.56,272.26
2025-11-25,Google Ads,Search - Brand,171.04,51.84,31.91,6.16,23.1,4.0,4.0,25.22,231.35
2025-11-25,Google Ads,Search - Nonbrand Skincare,316.89,85.8,47.580000000000005,10.99,0.0,6.0,6.0,135.78,385.23
2025-11-25,Google Ads,Shopping - Bestsellers,113.01,30.08,24.37,4.17,0.0,3.0,3.0,43.11,138.81
2025-11-25,Meta Ads,Prospecting - Broad,355.33,112.66,41.64,11.799999999999999,0.0,5.0,4.0,235.08,583.99
2025-11-25,Meta Ads,Prospecting - Lookalike 1%,601.9,191.04,67.58,19.85,0.0,8.0,7.0,244.5,814.74
2025-11-25,Meta Ads,Retargeting - Cart Abandon,447.59,109.74000000000001,78.15,15.989999999999998,29.57,10.0,9.0,71.18,677.94
2025-11-25,Meta Ads,Retargeting - Engaged 30d,652.64,262.52,57.36,21.04,375.24,7.0,7.0,201.62,911.98
2025-11-25,Organic Search,(organic),1182.61,366.26,151.46,39.99999999999999,35.61,19.0,17.0,0.0,0.0
2025-11-25,Organic Social,(organic social),257.66,71.52,33.510000000000005,8.66,0.0,4.0,4.0,0.0,0.0
2025-11-25,Unattributed,(not set),226.64,58.2,25.0,7.470000000000001,49.18,3.0,3.0,0.0,0.0
2025-11-26,Direct,(direct),901.12,357.87999999999994,88.73,29.440000000000005,50.19,11.0,6.0,0.0,0.0
2025-11-26,Email/SMS,Campaign - Monthly Newsletter,277.6,75.6,41.13,9.56,0.0,5.0,0.0,0.0,0.0
2025-11-26,Email/SMS,Flow - Abandoned Cart,114.0,34.2,8.19,3.61,0.0,1.0,0.0,0.0,0.0
2025-11-26,Email/SMS,Flow - Post Purchase Winback,100.85000000000001,28.580000000000002,23.020000000000003,3.82,0.0,3.0,0.0,0.0,0.0
2025-11-26,Email/SMS,Flow - Welcome Series,89.9,21.380000000000003,15.37,3.21,48.95,2.0,0.0,0.0,0.0
2025-11-26,Google Ads,PMax - Skincare Prospecting,320.88,129.32000000000002,38.17,10.8,0.0,5.0,3.0,185.02,473.1
2025-11-26,Google Ads,Search - Brand,533.19,209.68,47.3,17.26,44.95,6.0,5.0,68.25,715.22
2025-11-26,Google Ads,Search - Nonbrand Skincare,267.96000000000004,71.47999999999999,45.410000000000004,9.58,24.13,6.0,5.0,87.23,370.19
2025-11-26,Google Ads,Shopping - Bestsellers,172.57,52.199999999999996,25.42,5.9,0.0,3.0,3.0,58.64,244.39
2025-11-26,Meta Ads,Prospecting - Broad,654.45,247.56,80.41999999999999,21.98,0.0,10.0,9.0,572.44,952.19
2025-11-26,Meta Ads,Prospecting - Lookalike 1%,351.03000000000003,112.68,31.400000000000002,11.37,0.0,4.0,4.0,135.27,570.92
2025-11-26,Meta Ads,Retargeting - Cart Abandon,378.6,139.82,65.5,13.4,0.0,8.0,6.0,87.31,723.52
2025-11-26,Meta Ads,Retargeting - Engaged 30d,500.68,169.88,55.080000000000005,16.62,0.0,7.0,7.0,163.47,814.99
2025-11-26,Organic Search,(organic),1477.48,516.12,148.60000000000002,48.56000000000001,0.0,19.0,14.0,0.0,0.0
2025-11-26,Organic Social,(organic social),228.29999999999998,68.56,23.9,7.52,0.0,3.0,3.0,0.0,0.0
2025-11-26,Unattributed,(not set),106.09,27.68,15.120000000000001,3.6799999999999997,0.0,2.0,2.0,0.0,0.0
2025-11-27,Direct,(direct),879.4499999999999,264.1,112.88000000000001,29.709999999999997,0.0,14.0,11.0,0.0,0.0
2025-11-27,Email/SMS,Campaign - Monthly Newsletter,48.95,10.5,7.72,1.72,0.0,1.0,1.0,0.0,0.0
2025-11-27,Email/SMS,Flow - Abandoned Cart,241.99,69.98,40.75000000000001,8.52,0.0,5.0,1.0,0.0,0.0
2025-11-27,Email/SMS,Flow - Post Purchase Winback,24.759999999999998,6.6,7.8,1.02,0.0,1.0,0.0,0.0,0.0
2025-11-27,Email/SMS,Flow - Welcome Series,210.11,56.260000000000005,34.190000000000005,7.3,0.0,4.0,0.0,0.0,0.0
2025-11-27,Google Ads,PMax - Skincare Prospecting,108.08,34.8,13.25,3.7399999999999998,77.53,2.0,2.0,55.96,145.33
2025-11-27,Google Ads,Search - Brand,225.79000000000002,61.2,48.769999999999996,8.35,0.0,6.0,6.0,34.78,283.32
2025-11-27,Google Ads,Search - Nonbrand Skincare,110.12,31.5,25.169999999999998,4.09,0.0,3.0,3.0,36.94,162.07
2025-11-27,Google Ads,Shopping - Bestsellers,457.95,127.06,76.39,15.97,0.0,9.0,8.0,172.33,607.01
2025-11-27,Meta Ads,Prospecting - Broad,665.0799999999999,238.8,54.17,21.390000000000004,127.12,7.0,6.0,569.53,1133.65
2025-11-27,Meta Ads,Prospecting - Lookalike 1%,232.94000000000003,64.18,31.720000000000002,7.949999999999999,0.0,4.0,4.0,133.65,356.75
2025-11-27,Meta Ads,Retargeting - Cart Abandon,264.59999999999997,76.5,54.449999999999996,9.77,0.0,7.0,7.0,58.12,397.67
2025-11-27,Meta Ads,Retargeting - Engaged 30d,685.5200000000001,254.26000000000002,49.63999999999999,21.69,43.68,6.0,6.0,320.89,1126.32
2025-11-27,Organic Search,(organic),1448.9599999999998,477.76,159.79999999999998,48.0,270.91,20.0,17.0,0.0,0.0
2025-11-27,Organic Social,(organic social),325.37,97.49999999999999,50.120000000000005,11.25,0.0,6.0,4.0,0.0,0.0
2025-11-27,Unattributed,(not set),301.81,112.0,17.04,9.36,0.0,2.0,2.0,0.0,0.0
2025-11-28,Direct,(direct),513.1899999999999,161.84,66.13,17.29,29.02,8.0,8.0,0.0,0.0
2025-11-28,Email/SMS,Campaign - Monthly Newsletter,311.15,84.08,50.06,10.82,0.0,6.0,2.0,0.0,0.0
2025-11-28,Email/SMS,Flow - Abandoned Cart,66.44,22.8,8.41,2.23,0.0,1.0,0.0,0.0,0.0
2025-11-28,Email/SMS,Flow - Post Purchase Winback,98.0,38.0,8.71,3.14,0.0,1.0,0.0,0.0,0.0
2025-11-28,Google Ads,PMax - Skincare Prospecting,445.88,126.92,84.92,16.22,0.0,11.0,9.0,185.66,588.57
2025-11-28,Google Ads,Search - Brand,114.95,28.2,17.62,3.9400000000000004,0.0,2.0,2.0,9.08,119.82
2025-11-28,Google Ads,Search - Nonbrand Skincare,200.29,61.800000000000004,40.11,7.3,0.0,5.0,5.0,71.93,270.26
2025-11-28,Google Ads,Shopping - Bestsellers,569.69,176.32,82.25,19.509999999999998,26.3,10.0,10.0,191.75,831.82
2025-11-28,Meta Ads,Prospecting - Broad,262.85,87.52,51.64,9.42,0.0,6.0,6.0,222.13,467.24
2025-11-28,Meta Ads,Prospecting - Lookalike 1%,694.07,222.24,90.0,23.430000000000003,25.82,11.0,10.0,365.97,1209.97
2025-11-28,Meta Ads,Retargeting - Cart Abandon,172.18,43.879999999999995,31.65,6.2,41.32,4.0,4.0,27.34,292.26
2025-11-28,Meta Ads,Retargeting - Engaged 30d,325.75,120.4,48.6,11.25,0.0,6.0,6.0,132.13,535.05
2025-11-28,Organic Search,(organic),1208.59,446.70000000000005,145.69,40.44,0.0,18.0,17.0,0.0,0.0
2025-11-28,Organic Social,(organic social),989.42,379.40000000000003,78.05,31.69,24.3,10.0,9.0,0.0,0.0
2025-11-28,Unattributed,(not set),144.19,44.4,22.24,5.08,0.0,3.0,2.0,0.0,0.0
2025-11-29,Direct,(direct),657.5999999999999,186.41999999999996,97.14999999999999,22.67,0.0,12.0,4.0,0.0,0.0
2025-11-29,Email/SMS,Flow - Abandoned Cart,262.72,83.74000000000001,42.650000000000006,9.12,0.0,5.0,0.0,0.0,0.0
2025-11-29,Email/SMS,Flow - Post Purchase Winback,282.14000000000004,98.80000000000001,32.45,9.370000000000001,0.0,4.0,0.0,0.0,0.0
2025-11-29,Email/SMS,Flow - Welcome Series,408.77,111.82000000000001,39.040000000000006,13.36,0.0,5.0,0.0,0.0,0.0
2025-11-29,Google Ads,PMax - Skincare Prospecting,658.0,218.8,81.22999999999999,22.08,0.0,10.0,10.0,262.12,845.89
2025-11-29,Google Ads,Search - Brand,77.88,24.0,17.3,2.86,0.0,2.0,2.0,13.19,99.74
2025-11-29,Google Ads,Search - Nonbrand Skincare,715.26,252.6,43.93,22.549999999999997,461.07,6.0,6.0,317.08,809.55
2025-11-29,Google Ads,Shopping - Bestsellers,363.38,100.2,55.59,12.629999999999999,0.0,7.0,5.0,136.35,457.27
2025-11-29,Meta Ads,Prospecting - Broad,259.07000000000005,85.39999999999999,40.14,9.010000000000002,0.0,5.0,4.0,143.0,464.8
2025-11-29,Meta Ads,Prospecting - Lookalike 1%,718.5200000000001,245.18,70.78,23.53,242.72,9.0,8.0,416.8,1164.21
2025-11-29,Meta Ads,Retargeting - Cart Abandon,566.46,182.0,54.41,18.53,0.0,7.0,6.0,86.32,727.91
2025-11-29,Meta Ads,Retargeting - Engaged 30d,465.32,142.6,82.75,16.49,0.0,10.0,8.0,228.67,769.74
2025-11-29,Organic Search,(organic),974.5,304.42,132.12,33.04,104.73,16.0,13.0,0.0,0.0
2025-11-29,Organic Social,(organic social),519.39,167.86,54.370000000000005,17.15,48.34,7.0,6.0,0.0,0.0
2025-11-29,Unattributed,(not set),217.23,68.4,29.94,7.500000000000001,90.98,4.0,4.0,0.0,0.0
2025-11-30,Direct,(direct),1190.63,437.02,124.28,39.34,147.76,16.0,7.0,0.0,0.0
2025-11-30,Email/SMS,Campaign - Monthly Newsletter,54.58,19.2,8.23,1.88,0.0,1.0,0.0,0.0,0.0
2025-11-30,Email/SMS,Flow - Abandoned Cart,213.05,76.0,8.73,6.48,0.0,1.0,0.0,0.0,0.0
2025-11-30,Email/SMS,Flow - Post Purchase Winback,153.89,38.7,25.32,5.37,0.0,3.0,1.0,0.0,0.0
2025-11-30,Email/SMS,Flow - Welcome Series,48.410000000000004,12.0,7.28,1.7,0.0,1.0,0.0,0.0,0.0
2025-11-30,Google Ads,PMax - Skincare Prospecting,198.87,56.4,50.56,7.579999999999999,0.0,6.0,5.0,122.48,284.78
2025-11-30,Google Ads,Search - Brand,240.89999999999998,73.28,40.77,8.48,15.56,5.0,5.0,39.04,341.39
2025-11-30,Google Ads,Search - Nonbrand Skincare,643.16,166.28,110.44000000000001,22.55,37.84,13.0,11.0,206.92,823.34
2025-11-30,Google Ads,Shopping - Bestsellers,321.13,135.9,32.480000000000004,10.510000000000002,0.0,4.0,4.0,100.06,457.56
2025-11-30,Meta Ads,Prospecting - Broad,723.3199999999999,213.34,92.53,24.269999999999992,0.0,11.0,7.0,524.51,1176.35
2025-11-30,Meta Ads,Prospecting - Lookalike 1%,332.54,95.1,38.96,11.14,0.0,5.0,4.0,212.13,486.04
2025-11-30,Meta Ads,Retargeting - Cart Abandon,482.92,194.72,49.25999999999999,15.8,0.0,6.0,5.0,123.46,906.72
2025-11-30,Meta Ads,Retargeting - Engaged 30d,270.19,93.27999999999999,47.199999999999996,9.63,52.23,6.0,5.0,116.43,474.49
2025-11-30,Organic Search,(organic),905.1999999999999,345.5399999999999,104.41999999999999,30.139999999999997,0.0,13.0,11.0,0.0,0.0
2025-11-30,Organic Social,(organic social),533.33,141.35999999999999,71.07,18.169999999999998,0.0,9.0,5.0,0.0,0.0
2025-11-30,Unattributed,(not set),376.98,154.4,32.76,12.13,156.14,4.0,4.0,0.0,0.0
2025-12-01,Direct,(direct),605.77,184.50000000000003,78.82,20.56,0.0,10.0,4.0,0.0,0.0
2025-12-01,Email/SMS,Campaign - Monthly Newsletter,46.57000000000001,15.68,7.57,1.65,0.0,1.0,0.0,0.0,0.0
2025-12-01,Email/SMS,Flow - Abandoned Cart,75.3,38.0,8.34,2.48,0.0,1.0,0.0,0.0,0.0
2025-12-01,Email/SMS,Flow - Post Purchase Winback,105.42,38.0,8.35,3.36,105.42,1.0,0.0,0.0,0.0
2025-12-01,Email/SMS,Flow - Welcome Series,151.55,48.14,14.82,4.99,0.0,2.0,0.0,0.0,0.0
2025-12-01,Google Ads,PMax - Skincare Prospecting,234.87,73.78,34.63,8.01,0.0,4.0,3.0,109.02,258.5
2025-12-01,Google Ads,Search - Brand,476.94000000000005,141.08,69.9,16.53,68.73,9.0,8.0,48.84,586.02
2025-12-01,Google Ads,Search - Nonbrand Skincare,117.86,45.6,14.44,4.02,0.0,2.0,2.0,65.22,168.84
2025-12-01,Google Ads,Shopping - Bestsellers,551.9599999999999,189.78,59.67,18.419999999999998,204.60999999999999,8.0,7.0,221.83,807.49
2025-12-01,Meta Ads,Prospecting - Broad,317.23,99.44,47.61,11.0,0.0,6.0,5.0,212.24,531.83
2025-12-01,Meta Ads,Prospecting - Lookalike 1%,842.46,321.96,72.78999999999999,27.14,0.0,9.0,8.0,428.19,1143.41
2025-12-01,Meta Ads,Retargeting - Cart Abandon,415.06,137.28,39.04,13.54,0.0,5.0,3.0,106.57,684.59
2025-12-01,Meta Ads,Retargeting - Engaged 30d,231.1,65.69999999999999,39.18000000000001,8.209999999999999,100.72,5.0,5.0,79.83,400.26
2025-12-01,Organic Search,(organic),891.7,304.5,131.24,30.659999999999997,13.29,16.0,14.0,0.0,0.0
2025-12-01,Organic Social,(organic social),311.46,119.32000000000001,42.0,10.530000000000001,0.0,5.0,5.0,0.0,0.0
2025-12-01,Unattributed,(not set),198.95,48.0,15.940000000000001,6.37,0.0,2.0,2.0,0.0,0.0
2025-12-02,Direct,(direct),328.15,98.10000000000001,65.16,11.92,37.55,8.0,5.0,0.0,0.0
2025-12-02,Email/SMS,Campaign - Monthly Newsletter,142.55,34.5,15.25,4.7299999999999995,0.0,2.0,0.0,0.0,0.0
2025-12-02,Email/SMS,Flow - Abandoned Cart,144.45,40.64,23.849999999999998,5.09,59.3,3.0,0.0,0.0,0.0
2025-12-02,Email/SMS,Flow - Post Purchase Winback,217.19000000000003,71.24,44.300000000000004,7.799999999999999,0.0,5.0,0.0,0.0,0.0
2025-12-02,Email/SMS,Flow - Welcome Series,204.00000000000003,72.28,31.970000000000002,7.119999999999999,76.45,4.0,0.0,0.0,0.0
2025-12-02,Google Ads,PMax - Skincare Prospecting,559.24,271.6,34.76,17.419999999999998,46.23,4.0,4.0,273.18,809.31
2025-12-02,Google Ads,Search - Brand,31.38,9.6,6.95,1.21,0.0,1.0,1.0,13.08,46.32
2025-12-02,Google Ads,Search - Nonbrand Skincare,228.51000000000002,73.72,42.23,8.13,0.0,5.0,4.0,107.21,331.39
2025-12-02,Google Ads,Shopping - Bestsellers,451.96000000000004,170.50000000000003,55.870000000000005,15.2,118.67,7.0,6.0,139.36,613.51
2025-12-02,Meta Ads,Prospecting - Broad,227.14999999999998,67.88,30.299999999999997,7.789999999999999,47.47,4.0,2.0,207.52,403.96
2025-12-02,Meta Ads,Prospecting - Lookalike 1%,616.5799999999999,180.26,90.66999999999999,21.19,48.65,11.0,11.0,407.98,1065.81
2025-12-02,Meta Ads,Retargeting - Cart Abandon,330.45,112.12,47.870000000000005,11.39,99.2,6.0,4.0,57.22,486.9
2025-12-02,Meta Ads,Retargeting - Engaged 30d,525.1,198.76,65.10000000000001,17.630000000000003,41.88,8.0,6.0,202.04,826.59
2025-12-02,Organic Search,(organic),931.62,301.1,143.54,32.12,35.66,17.0,15.0,0.0,0.0
2025-12-02,Organic Social,(organic social),294.46000000000004,102.9,32.629999999999995,9.73,138.81,4.0,4.0,0.0,0.0
2025-12-02,Unattributed,(not set),223.23999999999998,73.6,25.98,7.37,0.0,3.0,3.0,0.0,0.0
2025-12-03,Direct,(direct),963.7500000000002,250.51999999999998,120.89999999999999,32.46,69.1,15.0,8.0,0.0,0.0
2025-12-03,Email/SMS,Campaign - Monthly Newsletter,143.39,50.0,16.43,4.75,0.0,2.0,0.0,0.0,0.0
2025-12-03,Email/SMS,Flow - Abandoned Cart,171.45,46.28,25.42,5.87,62.91,3.0,0.0,0.0,0.0
2025-12-03,Email/SMS,Flow - Post Purchase Winback,91.78,22.88,15.719999999999999,3.2699999999999996,0.0,2.0,0.0,0.0,0.0
2025-12-03,Email/SMS,Flow - Welcome Series,121.9,32.32,16.86,4.14,0.0,2.0,0.0,0.0,0.0
2025-12-03,Google Ads,PMax - Skincare Prospecting,181.31,70.6,15.61,5.85,0.0,2.0,2.0,80.78,207.42
2025-12-03,Google Ads,Search - Brand,38.57,11.4,9.2,1.42,0.0,1.0,0.0,13.89,46.97
2025-12-03,Google Ads,Search - Nonbrand Skincare,167.0,47.18,16.13,5.449999999999999,0.0,2.0,2.0,65.31,200.04
2025-12-03,Google Ads,Shopping - Bestsellers,55.18000000000001,13.2,8.58,1.9,0.0,1.0,1.0,13.03,66.51
2025-12-03,Meta Ads,Prospecting - Broad,243.12,82.0,22.93,7.95,48.68,3.0,2.0,121.88,361.44
2025-12-03,Meta Ads,Prospecting - Lookalike 1%,0.0,0.0,0.0,0.0,0.0,0.0,0.0,14.42,15.5
2025-12-03,Meta Ads,Retargeting - Cart Abandon,468.22999999999996,122.72,43.28,15.07,0.0,5.0,4.0,89.89,725.61
2025-12-03,Meta Ads,Retargeting - Engaged 30d,98.0,38.0,8.23,3.14,0.0,1.0,1.0,33.05,147.15
2025-12-03,Organic Search,(organic),727.2800000000001,227.99999999999997,88.49,24.369999999999997,0.0,11.0,9.0,0.0,0.0
2025-12-03,Organic Social,(organic social),134.70000000000002,35.4,17.11,4.51,94.37,2.0,1.0,0.0,0.0
2025-12-03,Unattributed,(not set),27.8,6.6,7.12,1.11,0.0,1.0,1.0,0.0,0.0
2025-12-04,Direct,(direct),398.64,102.68,48.89,13.370000000000001,0.0,6.0,4.0,0.0,0.0
2025-12-04,Email/SMS,Campaign - Monthly Newsletter,260.53,88.0,24.630000000000003,8.450000000000001,0.0,3.0,0.0,0.0,0.0
2025-12-04,Email/SMS,Flow - Welcome Series,114.97000000000001,44.6,15.77,3.9299999999999997,0.0,2.0,0.0,0.0,0.0
2025-12-04,Google Ads,PMax - Skincare Prospecting,392.88,142.56,14.530000000000001,11.99,0.0,2.0,1.0,189.18,457.24
2025-12-04,Google Ads,Search - Brand,388.66999999999996,115.97999999999999,41.22,12.77,0.0,5.0,4.0,38.93,451.17
2025-12-04,Google Ads,Search - Nonbrand Skincare,199.70999999999998,52.480000000000004,21.919999999999998,6.69,0.0,3.0,3.0,62.27,240.14
2025-12-04,Google Ads,Shopping - Bestsellers,124.85000000000001,31.200000000000003,22.03,4.52,0.0,3.0,3.0,43.47,131.14
2025-12-04,Meta Ads,Prospecting - Broad,351.25,105.7,33.8,11.38,46.68,4.0,3.0,240.67,530.05
2025-12-04,Meta Ads,Prospecting - Lookalike 1%,347.47,106.83999999999999,48.410000000000004,11.87,0.0,6.0,5.0,156.11,512.65
2025-12-04,Meta Ads,Retargeting - Cart Abandon,107.37,25.28,15.1,3.71,0.0,2.0,2.0,18.7,153.78
2025-12-04,Meta Ads,Retargeting - Engaged 30d,200.94,48.6,40.47,7.33,0.0,5.0,5.0,77.88,264.58
2025-12-04,Organic Search,(organic),253.56,63.440000000000005,44.54,9.15,0.0,6.0,4.0,0.0,0.0
2025-12-04,Organic Social,(organic social),237.82,56.260000000000005,40.75,8.4,0.0,5.0,4.0,0.0,0.0
2025-12-04,Unattributed,(not set),96.16,24.0,16.25,3.3899999999999997,0.0,2.0,0.0,0.0,0.0
2025-12-05,Direct,(direct),451.09000000000003,121.27999999999999,61.949999999999996,15.49,0.0,8.0,5.0,0.0,0.0
2025-12-05,Email/SMS,Campaign - Monthly Newsletter,469.24,183.0,8.59,13.91,0.0,1.0,0.0,0.0,0.0
2025-12-05,Email/SMS,Flow - Abandoned Cart,84.32000000000001,26.4,9.58,2.75,0.0,1.0,0.0,0.0,0.0
2025-12-05,Email/SMS,Flow - Post Purchase Winback,271.57,75.6,31.21,9.069999999999999,0.0,4.0,0.0,0.0,0.0
2025-12-05,Email/SMS,Flow - Welcome Series,111.9,30.08,15.129999999999999,3.8499999999999996,0.0,2.0,0.0,0.0,0.0
2025-12-05,Google Ads,PMax - Skincare Prospecting,149.45,36.6,23.64,5.23,0.0,3.0,3.0,74.33,185.47
2025-12-05,Google Ads,Search - Brand,396.19,125.2,34.93,12.7,0.0,4.0,4.0,45.62,462.97
2025-12-05,Google Ads,Search - Nonbrand Skincare,454.38,139.6,48.27,14.979999999999999,0.0,6.0,6.0,173.55,508.28
2025-12-05,Google Ads,Shopping - Bestsellers,167.73000000000002,53.0,22.0,5.76,0.0,3.0,1.0,53.48,201.56
2025-12-05,Meta Ads,Prospecting - Broad,54.95,14.4,7.1,1.89,0.0,1.0,1.0,28.85,72.78
2025-12-05,Meta Ads,Prospecting - Lookalike 1%,563.19,167.95999999999998,50.33,18.120000000000005,0.0,6.0,6.0,290.47,816.52
2025-12-05,Meta Ads,Retargeting - Cart Abandon,255.28,79.86,31.450000000000003,8.61,0.0,4.0,4.0,45.52,342.1
2025-12-05,Meta Ads,Retargeting - Engaged 30d,424.55,158.07999999999998,31.23,13.51,0.0,4.0,4.0,123.45,618.87
2025-12-05,Organic Search,(organic),382.46999999999997,93.44,47.08,12.89,0.0,6.0,5.0,0.0,0.0
2025-12-05,Organic Social,(organic social),439.90999999999997,144.9,30.18,13.950000000000001,0.0,4.0,3.0,0.0,0.0
2025-12-06,Direct,(direct),763.26,251.08,72.93,24.83,0.0,9.0,6.0,0.0,0.0
2025-12-06,Email/SMS,Campaign - Monthly Newsletter,278.24,76.96000000000001,15.370000000000001,8.67,0.0,2.0,1.0,0.0,0.0
2025-12-06,Email/SMS,Flow - Abandoned Cart,328.52000000000004,124.5,18.21,10.13,281.21,2.0,0.0,0.0,0.0
2025-12-06,Email/SMS,Flow - Post Purchase Winback,175.94,40.2,33.69,6.300000000000001,38.95,4.0,0.0,0.0,0.0
2025-12-06,Email/SMS,Flow - Welcome Series,236.54999999999998,57.16,33.46,8.06,0.0,4.0,2.0,0.0,0.0
2025-12-06,Google Ads,PMax - Skincare Prospecting,88.11000000000001,25.04,15.26,3.1500000000000004,0.0,2.0,2.0,38.42,116.99
2025-12-06,Google Ads,Search - Brand,525.61,163.3,48.099999999999994,17.040000000000003,0.0,6.0,4.0,68.76,610.62
2025-12-06,Google Ads,Search - Nonbrand Skincare,162.85000000000002,39.08,24.82,5.62,0.0,3.0,2.0,66.36,196.33
2025-12-06,Google Ads,Shopping - Bestsellers,202.01,50.56,34.32,7.0600000000000005,0.0,4.0,4.0,64.2,234.26
2025-12-06,Meta Ads,Prospecting - Broad,126.92,37.2,16.16,4.28,0.0,2.0,2.0,85.94,166.02
2025-12-06,Meta Ads,Prospecting - Lookalike 1%,93.13,22.8,17.240000000000002,3.3,0.0,2.0,1.0,38.48,140.9
2025-12-06,Meta Ads,Retargeting - Cart Abandon,181.91,60.28,24.72,6.17,0.0,3.0,2.0,30.06,233.31
2025-12-06,Meta Ads,Retargeting - Engaged 30d,244.0,69.84,17.7,7.67,0.0,2.0,2.0,61.41,358.44
2025-12-06,Organic Search,(organic),785.69,229.35999999999999,94.80999999999999,26.39,0.0,12.0,7.0,0.0,0.0
2025-12-06,Organic Social,(organic social),117.74000000000001,33.68,15.129999999999999,4.02,0.0,2.0,2.0,0.0,0.0
2025-12-06,Unattributed,(not set),245.13,82.6,16.48,7.71,0.0,2.0,2.0,0.0,0.0
2025-12-07,Direct,(direct),470.6,111.97999999999999,50.15,15.44,0.0,6.0,3.0,0.0,0.0
2025-12-07,Email/SMS,Campaign - Monthly Newsletter,345.79,115.44,33.68000000000001,11.22,0.0,4.0,0.0,0.0,0.0
2025-12-07,Email/SMS,Flow - Abandoned Cart,131.04000000000002,36.0,16.95,4.41,0.0,2.0,1.0,0.0,0.0
2025-12-07,Email/SMS,Flow - Post Purchase Winback,105.53,25.28,15.629999999999999,3.66,0.0,2.0,1.0,0.0,0.0
2025-12-07,Google Ads,PMax - Skincare Prospecting,368.05,119.58,31.820000000000004,11.87,0.0,4.0,3.0,119.61,457.38
2025-12-07,Google Ads,Search - Brand,373.85,110.16,45.93,12.64,0.0,6.0,4.0,30.71,428.11
2025-12-07,Google Ads,Search - Nonbrand Skincare,142.11,33.0,24.05,5.02,122.64,3.0,3.0,45.29,161.7
2025-12-07,Google Ads,Shopping - Bestsellers,132.23,30.0,34.31,5.039999999999999,0.0,4.0,4.0,30.62,140.69
2025-12-07,Meta Ads,Prospecting - Broad,172.96,46.660000000000004,23.97,5.91,0.0,3.0,2.0,123.53,270.13
2025-12-07,Meta Ads,Prospecting - Lookalike 1%,297.56,80.64,39.43,10.14,0.0,5.0,2.0,177.16,397.76
2025-12-07,Meta Ads,Retargeting - Cart Abandon,76.88,18.0,16.5,2.83,0.0,2.0,1.0,16.69,115.85
2025-12-07,Meta Ads,Retargeting - Engaged 30d,82.06,22.8,8.07,2.68,0.0,1.0,1.0,28.02,117.69
2025-12-07,Organic Search,(organic),629.46,143.7,106.72,22.15,0.0,13.0,10.0,0.0,0.0
2025-12-07,Organic Social,(organic social),168.95,57.2,16.17,5.5,0.0,2.0,2.0,0.0,0.0
2025-12-07,Unattributed,(not set),79.21000000000001,18.6,16.55,2.9,0.0,2.0,2.0,0.0,0.0
2025-12-08,Direct,(direct),545.6700000000001,159.10000000000002,73.66,18.540000000000003,0.0,9.0,4.0,0.0,0.0
2025-12-08,Email/SMS,Campaign - Monthly Newsletter,52.260000000000005,15.68,9.27,1.82,0.0,1.0,0.0,0.0,0.0
2025-12-08,Email/SMS,Flow - Post Purchase Winback,344.25,97.82000000000001,33.34,11.19,89.6,4.0,1.0,0.0,0.0
2025-12-08,Email/SMS,Flow - Welcome Series,84.0,21.0,7.01,2.74,0.0,1.0,0.0,0.0,0.0
2025-12-08,Google Ads,PMax - Skincare Prospecting,83.32000000000001,21.6,16.91,3.02,0.0,2.0,2.0,39.0,106.15
2025-12-08,Google Ads,Search - Brand,54.95,12.0,7.66,1.89,0.0,1.0,1.0,11.9,57.08
2025-12-08,Google Ads,Search - Nonbrand Skincare,45.790000000000006,14.4,7.73,1.63,0.0,1.0,1.0,17.4,65.25
2025-12-08,Google Ads,Shopping - Bestsellers,262.44,67.04,40.27,9.11,0.0,5.0,4.0,55.79,323.37
2025-12-08,Meta Ads,Prospecting - Broad,167.42000000000002,40.04,24.19,5.75,58.08,3.0,3.0,127.76,234.24
2025-12-08,Meta Ads,Prospecting - Lookalike 1%,175.45000000000002,49.04,26.39,6.0,0.0,3.0,2.0,79.01,283.75
2025-12-08,Meta Ads,Retargeting - Cart Abandon,118.35000000000001,28.64,17.119999999999997,4.029999999999999,0.0,2.0,1.0,25.91,167.88
2025-12-08,Meta Ads,Retargeting - Engaged 30d,538.19,148.76,35.160000000000004,16.810000000000002,0.0,4.0,3.0,211.07,831.4
2025-12-08,Organic Search,(organic),609.41,201.72,67.44,20.07,54.95,8.0,4.0,0.0,0.0
2025-12-08,Organic Social,(organic social),130.59,33.3,16.189999999999998,4.39,0.0,2.0,2.0,0.0,0.0
2025-12-08,Unattributed,(not set),71.9,18.080000000000002,16.5,2.69,0.0,2.0,2.0,0.0,0.0
2025-12-09,Direct,(direct),411.78,97.80000000000001,69.69,14.64,44.95,9.0,5.0,0.0,0.0
2025-12-09,Email/SMS,Flow - Abandoned Cart,28.63,7.2,8.73,1.13,28.63,1.0,0.0,0.0,0.0
2025-12-09,Email/SMS,Flow - Post Purchase Winback,166.15,53.68,18.38,5.42,0.0,2.0,0.0,0.0,0.0
2025-12-09,Google Ads,PMax - Skincare Prospecting,139.56,34.2,32.93,5.24,0.0,4.0,3.0,59.7,154.9
2025-12-09,Google Ads,Search - Brand,248.15000000000003,67.36,32.47,8.4,0.0,4.0,3.0,31.52,307.89
2025-12-09,Google Ads,Search - Nonbrand Skincare,247.48,64.64,23.9,8.08,104.07,3.0,3.0,91.12,313.95
2025-12-09,Google Ads,Shopping - Bestsellers,81.18,22.8,7.14,2.65,0.0,1.0,1.0,22.32,88.79
2025-12-09,Meta Ads,Prospecting - Broad,163.70999999999998,43.8,16.45,5.35,0.0,2.0,2.0,113.82,243.11
2025-12-09,Meta Ads,Prospecting - Lookalike 1%,0.0,0.0,0.0,0.0,0.0,0.0,0.0,19.07,7.74
2025-12-09,Meta Ads,Retargeting - Cart Abandon,558.9200000000001,171.56,41.0,17.71,0.0,5.0,4.0,86.01,702.32
2025-12-09,Meta Ads,Retargeting - Engaged 30d,385.9,106.14000000000001,32.769999999999996,12.39,0.0,4.0,3.0,165.25,469.02
2025-12-09,Organic Search,(organic),698.72,197.28,90.56,23.560000000000002,186.91000000000003,11.0,8.0,0.0,0.0
2025-12-09,Organic Social,(organic social),352.62,121.6,24.880000000000003,11.120000000000001,0.0,3.0,1.0,0.0,0.0
2025-12-09,Unattributed,(not set),195.36,51.46,23.19,6.569999999999999,0.0,3.0,3.0,0.0,0.0
2025-12-10,Direct,(direct),365.5,101.38,47.83,12.4,0.0,6.0,4.0,0.0,0.0
2025-12-10,Email/SMS,Campaign - Monthly Newsletter,53.85,13.2,8.14,1.86,0.0,1.0,0.0,0.0,0.0
2025-12-10,Email/SMS,Flow - Abandoned Cart,235.86,57.98,41.25,8.33,0.0,5.0,0.0,0.0,0.0
2025-12-10,Email/SMS,Flow - Post Purchase Winback,211.51999999999998,61.28,23.35,7.04,0.0,3.0,1.0,0.0,0.0
2025-12-10,Email/SMS,Flow - Welcome Series,44.95,11.4,7.48,1.6,0.0,1.0,0.0,0.0,0.0
2025-12-10,Google Ads,PMax - Skincare Prospecting,672.8199999999999,227.43999999999997,31.36,20.72,423.35,4.0,3.0,240.98,771.47
2025-12-10,Google Ads,Search - Brand,48.95,10.5,8.92,1.72,0.0,1.0,1.0,13.16,56.17
2025-12-10,Google Ads,Search - Nonbrand Skincare,480.19,178.6,31.7,15.13,145.0,4.0,4.0,165.69,544.18
2025-12-10,Google Ads,Shopping - Bestsellers,75.08000000000001,16.8,14.51,2.7800000000000002,0.0,2.0,2.0,21.31,88.23
2025-12-10,Meta Ads,Prospecting - Broad,290.01,75.89999999999999,39.89,9.91,0.0,5.0,3.0,208.46,382.7
2025-12-10,Meta Ads,Prospecting - Lookalike 1%,172.26,45.6,24.21,5.89,0.0,3.0,3.0,94.35,271.84
2025-12-10,Meta Ads,Retargeting - Cart Abandon,138.22000000000003,38.92,25.550000000000004,4.91,0.0,3.0,2.0,26.97,189.14
2025-12-10,Meta Ads,Retargeting - Engaged 30d,198.49,62.08,25.03,6.66,38.18,3.0,2.0,75.44,260.67
2025-12-10,Organic Search,(organic),376.18,95.24,59.900000000000006,13.01,96.0,7.0,7.0,0.0,0.0
2025-12-10,Organic Social,(organic social),355.40999999999997,85.94,40.13,11.799999999999999,19.48,5.0,2.0,0.0,0.0
2025-12-11,Direct,(direct),319.94,74.1,53.78999999999999,11.379999999999999,81.28999999999999,7.0,5.0,0.0,0.0
2025-12-11,Email/SMS,Campaign - Monthly Newsletter,106.95,30.0,16.2,3.7,0.0,2.0,0.0,0.0,0.0
2025-12-11,Email/SMS,Flow - Abandoned Cart,105.82000000000001,25.2,16.97,3.67,0.0,2.0,0.0,0.0,0.0
2025-12-11,Email/SMS,Flow - Post Purchase Winback,94.22,20.4,16.96,3.33,59.67,2.0,0.0,0.0,0.0
2025-12-11,Email/SMS,Flow - Welcome Series,81.78,19.28,16.13,2.9699999999999998,0.0,2.0,1.0,0.0,0.0
2025-12-11,Google Ads,PMax - Skincare Prospecting,81.36,24.08,17.020000000000003,2.96,0.0,2.0,2.0,40.91,114.85
2025-12-11,Google Ads,Search - Brand,95.48,24.0,7.9,3.07,0.0,1.0,1.0,12.52,118.63
2025-12-11,Google Ads,Search - Nonbrand Skincare,193.0,53.54,25.24,6.5,0.0,3.0,2.0,56.03,233.55
2025-12-11,Google Ads,Shopping - Bestsellers,384.75,118.82,49.88,12.95,67.51,6.0,5.0,88.85,418.58
2025-12-11,Meta Ads,Prospecting - Broad,263.94,59.699999999999996,40.489999999999995,9.16,0.0,5.0,4.0,153.05,331.61
2025-12-11,Meta Ads,Prospecting - Lookalike 1%,160.32999999999998,42.6,15.379999999999999,5.25,0.0,2.0,2.0,65.62,244.36
2025-12-11,Meta Ads,Retargeting - Cart Abandon,134.48000000000002,32.1,23.92,4.8,0.0,3.0,2.0,24.66,184.95
2025-12-11,Meta Ads,Retargeting - Engaged 30d,43.88,10.88,8.1,1.57,0.0,1.0,1.0,13.09,61.34
2025-12-11,Organic Search,(organic),632.7100000000002,157.66,95.42999999999999,21.96,89.95,12.0,10.0,0.0,0.0
2025-12-11,Organic Social,(organic social),317.5,99.7,22.89,10.11,0.0,3.0,3.0,0.0,0.0
2025-12-11,Unattributed,(not set),158.95,40.8,17.33,5.21,0.0,2.0,0.0,0.0,0.0
2025-12-12,Direct,(direct),508.47,125.56,66.15,17.130000000000003,0.0,8.0,1.0,0.0,0.0
2025-12-12,Email/SMS,Campaign - Monthly Newsletter,220.5,51.6,33.16,7.59,34.95,4.0,1.0,0.0,0.0
2025-12-12,Email/SMS,Flow - Post Purchase Winback,48.410000000000004,11.4,7.75,1.7,0.0,1.0,0.0,0.0,0.0
2025-12-12,Email/SMS,Flow - Welcome Series,196.73,56.1,16.75,6.300000000000001,0.0,2.0,0.0,0.0,0.0
2025-12-12,Google Ads,PMax - Skincare Prospecting,316.06,74.18,32.230000000000004,10.370000000000001,0.0,4.0,4.0,96.87,359.67
2025-12-12,Google Ads,Search - Brand,405.84,145.83999999999997,21.240000000000002,12.67,0.0,3.0,3.0,51.62,458.6
2025-12-12,Google Ads,Search - Nonbrand Skincare,207.34,51.760000000000005,23.38,6.91,122.58,3.0,3.0,57.33,247.3
2025-12-12,Google Ads,Shopping - Bestsellers,235.0,61.2,23.049999999999997,7.710000000000001,0.0,3.0,3.0,72.12,269.0
2025-12-12,Meta Ads,Prospecting - Broad,211.89999999999998,53.26,20.869999999999997,7.05,0.0,3.0,2.0,113.71,307.36
2025-12-12,Meta Ads,Prospecting - Lookalike 1%,315.56,91.1,42.44,10.649999999999999,0.0,5.0,2.0,153.56,428.38
2025-12-12,Meta Ads,Retargeting - Cart Abandon,218.26,76.68,14.06,6.93,0.0,2.0,2.0,32.46,279.48
2025-12-12,Meta Ads,Retargeting - Engaged 30d,472.02000000000004,135.64,71.13000000000001,16.4,68.81,9.0,5.0,154.36,648.93
2025-12-12,Organic Search,(organic),501.88,168.98000000000002,40.15,16.060000000000002,0.0,5.0,3.0,0.0,0.0
2025-12-12,Organic Social,(organic social),161.04000000000002,39.08,24.9,5.57,0.0,3.0,2.0,0.0,0.0
2025-12-12,Unattributed,(not set),143.31,33.68,20.97,5.05,0.0,3.0,2.0,0.0,0.0
2025-12-13,Direct,(direct),122.26,27.980000000000004,23.14,4.45,0.0,3.0,0.0,0.0,0.0
2025-12-13,Email/SMS,Campaign - Monthly Newsletter,225.31,56.4,32.37,7.72,0.0,4.0,0.0,0.0,0.0
2025-12-13,Email/SMS,Flow - Abandoned Cart,28.08,7.2,9.34,1.11,0.0,1.0,0.0,0.0,0.0
2025-12-13,Email/SMS,Flow - Post Purchase Winback,157.86,38.1,24.34,5.48,0.0,3.0,0.0,0.0,0.0
2025-12-13,Email/SMS,Flow - Welcome Series,247.01,79.2,24.400000000000002,8.07,0.0,3.0,1.0,0.0,0.0
2025-12-13,Google Ads,PMax - Skincare Prospecting,516.09,208.5,34.059999999999995,16.16,177.04,4.0,4.0,266.47,587.55
2025-12-13,Google Ads,Search - Brand,28.95,6.6,8.12,1.14,0.0,1.0,1.0,14.62,32.52
2025-12-13,Google Ads,Search - Nonbrand Skincare,147.6,51.8,22.77,5.1899999999999995,0.0,3.0,1.0,45.14,195.76
2025-12-13,Google Ads,Shopping - Bestsellers,729.0300000000001,199.0,78.71,23.849999999999998,0.0,9.0,7.0,206.24,893.18
2025-12-13,Meta Ads,Prospecting - Broad,336.22,93.28,38.98,11.24,0.0,5.0,5.0,204.67,488.09
2025-12-13,Meta Ads,Prospecting - Lookalike 1%,537.8000000000001,160.84,74.99,18.29,0.0,9.0,3.0,211.13,741.41
2025-12-13,Meta Ads,Retargeting - Cart Abandon,382.64,95.17999999999999,48.95,12.899999999999999,0.0,6.0,4.0,76.99,583.09
2025-12-13,Meta Ads,Retargeting - Engaged 30d,99.9,23.4,16.13,3.49,0.0,2.0,2.0,37.39,150.94
2025-12-13,Organic Search,(organic),611.31,160.95999999999998,62.65,20.119999999999997,0.0,8.0,6.0,0.0,0.0
2025-12-13,Organic Social,(organic social),48.95,10.5,7.42,1.72,0.0,1.0,1.0,0.0,0.0
2025-12-14,Direct,(direct),715.06,233.68,69.75,23.44,48.01,9.0,4.0,0.0,0.0
2025-12-14,Email/SMS,Campaign - Monthly Newsletter,58.480000000000004,12.0,6.81,2.0,0.0,1.0,0.0,0.0,0.0
2025-12-14,Email/SMS,Flow - Abandoned Cart,431.09,134.6,41.0,14.01,0.0,5.0,0.0,0.0,0.0
2025-12-14,Email/SMS,Flow - Post Purchase Winback,59.550000000000004,12.0,8.25,2.03,0.0,1.0,0.0,0.0,0.0
2025-12-14,Email/SMS,Flow - Welcome Series,30.419999999999998,7.2,7.7,1.18,0.0,1.0,0.0,0.0,0.0
2025-12-14,Google Ads,PMax - Skincare Prospecting,260.02,89.04,23.27,8.44,58.95,3.0,3.0,134.92,281.98
2025-12-14,Google Ads,Search - Brand,400.22999999999996,149.6,24.28,12.500000000000002,0.0,3.0,2.0,37.53,469.02
2025-12-14,Google Ads,Search - Nonbrand Skincare,212.29000000000002,51.08,42.09,7.659999999999999,0.0,5.0,5.0,71.16,262.19
2025-12-14,Google Ads,Shopping - Bestsellers,132.85000000000002,31.200000000000003,25.839999999999996,4.75,0.0,3.0,3.0,46.16,153.07
2025-12-14,Meta Ads,Prospecting - Broad,78.62,21.0,8.44,2.58,0.0,1.0,1.0,54.21,133.64
2025-12-14,Meta Ads,Prospecting - Lookalike 1%,425.95,114.16,42.47,13.86,28.95,5.0,3.0,152.69,611.3
2025-12-14,Meta Ads,Retargeting - Cart Abandon,312.78000000000003,101.2,29.37,10.26,0.0,4.0,4.0,57.24,427.68
2025-12-14,Meta Ads,Retargeting - Engaged 30d,134.14000000000001,37.2,15.3,4.49,0.0,2.0,2.0,58.45,200.26
2025-12-14,Organic Search,(organic),735.4,195.28000000000003,79.45,24.32,116.95,10.0,10.0,0.0,0.0
2025-12-14,Organic Social,(organic social),130.21,31.36,15.59,4.38,0.0,2.0,2.0,0.0,0.0
2025-12-14,Unattributed,(not set),652.77,240.76,30.939999999999998,20.14,0.0,4.0,2.0,0.0,0.0
2025-12-15,Direct,(direct),197.88,47.4,32.620000000000005,6.94,0.0,4.0,2.0,0.0,0.0
2025-12-15,Email/SMS,Campaign - Monthly Newsletter,43.080000000000005,11.4,7.31,1.55,0.0,1.0,1.0,0.0,0.0
2025-12-15,Email/SMS,Flow - Abandoned Cart,216.20999999999998,78.8,23.97,7.17,102.73,3.0,0.0,0.0,0.0
2025-12-15,Email/SMS,Flow - Post Purchase Winback,54.95,12.0,8.2,1.89,0.0,1.0,0.0,0.0,0.0
2025-12-15,Email/SMS,Flow - Welcome Series,124.29,31.2,15.82,4.2,0.0,2.0,0.0,0.0,0.0
2025-12-15,Google Ads,PMax - Skincare Prospecting,345.45,104.54,46.400000000000006,11.820000000000002,83.71000000000001,6.0,3.0,112.38,392.2
2025-12-15,Google Ads,Search - Brand,395.88,114.18,31.41,12.69,0.0,4.0,4.0,44.34,495.09
2025-12-15,Google Ads,Search - Nonbrand Skincare,38.480000000000004,10.88,6.92,1.42,0.0,1.0,1.0,14.39,53.29
2025-12-15,Google Ads,Shopping - Bestsellers,738.56,188.18,69.52,24.119999999999997,146.95,9.0,8.0,205.78,859.49
2025-12-15,Meta Ads,Prospecting - Broad,0.0,0.0,0.0,0.0,0.0,0.0,0.0,18.63,13.77
2025-12-15,Meta Ads,Prospecting - Lookalike 1%,229.89999999999998,58.06,24.32,7.57,0.0,3.0,3.0,127.04,306.36
2025-12-15,Meta Ads,Retargeting - Cart Abandon,0.0,0.0,0.0,0.0,0.0,0.0,0.0,19.27,16.85
2025-12-15,Meta Ads,Retargeting - Engaged 30d,166.04000000000002,41.86,16.58,5.42,0.0,2.0,2.0,61.2,237.55
2025-12-15,Organic Search,(organic),354.34,93.82,48.8,12.07,0.0,6.0,5.0,0.0,0.0
2025-12-15,Organic Social,(organic social),476.23,143.44,36.81,15.309999999999999,0.0,5.0,5.0,0.0,0.0
2025-12-15,Unattributed,(not set),30.95,7.2,7.49,1.2,0.0,1.0,1.0,0.0,0.0
2025-12-16,Direct,(direct),762.77,261.98,58.95,24.220000000000002,0.0,7.0,3.0,0.0,0.0
2025-12-16,Email/SMS,Campaign - Monthly Newsletter,38.95,9.6,7.96,1.43,0.0,1.0,0.0,0.0,0.0
2025-12-16,Email/SMS,Flow - Abandoned Cart,49.040000000000006,10.5,9.73,1.72,0.0,1.0,0.0,0.0,0.0
2025-12-16,Email/SMS,Flow - Post Purchase Winback,396.14,119.28,32.28,12.69,0.0,4.0,0.0,0.0,0.0
2025-12-16,Email/SMS,Flow - Welcome Series,26.57,6.6,9.16,1.07,0.0,1.0,0.0,0.0,0.0
2025-12-16,Google Ads,PMax - Skincare Prospecting,207.52,52.480000000000004,31.61,7.210000000000001,0.0,4.0,4.0,107.77,231.39
2025-12-16,Google Ads,Search - Brand,253.13,67.8,24.520000000000003,8.25,0.0,3.0,3.0,27.29,292.98
2025-12-16,Google Ads,Search - Nonbrand Skincare,213.85000000000002,54.160000000000004,35.56,7.4,20.5,4.0,3.0,68.99,235.36
2025-12-16,Google Ads,Shopping - Bestsellers,84.72,19.2,15.49,3.05,0.0,2.0,2.0,28.61,92.82
2025-12-16,Meta Ads,Prospecting - Broad,95.15,22.5,17.44,3.36,0.0,2.0,2.0,49.1,145.72
2025-12-16,Meta Ads,Prospecting - Lookalike 1%,141.25,35.480000000000004,17.44,4.699999999999999,0.0,2.0,2.0,49.72,213.21
2025-12-16,Meta Ads,Retargeting - Cart Abandon,730.52,233.6,63.96,23.59,0.0,8.0,8.0,142.95,903.24
2025-12-16,Meta Ads,Retargeting - Engaged 30d,196.0,76.0,7.45,5.98,0.0,1.0,0.0,73.47,244.81
2025-12-16,Organic Search,(organic),711.59,200.14000000000001,77.29999999999998,23.62,0.0,10.0,9.0,0.0,0.0
2025-12-16,Organic Social,(organic social),111.56,30.0,16.56,3.84,0.0,2.0,2.0,0.0,0.0
2025-12-17,Direct,(direct),901.3400000000001,244.62000000000003,111.32,30.34,85.86,14.0,9.0,0.0,0.0
2025-12-17,Email/SMS,Campaign - Monthly Newsletter,30.66,6.6,8.7,1.19,0.0,1.0,0.0,0.0,0.0
2025-12-17,Email/SMS,Flow - Abandoned Cart,145.51,45.44,16.14,4.82,0.0,2.0,0.0,0.0,0.0
2025-12-17,Email/SMS,Flow - Post Purchase Winback,240.14,73.4,25.379999999999995,7.859999999999999,54.95,3.0,1.0,0.0,0.0
2025-12-17,Email/SMS,Flow - Welcome Series,219.67000000000002,60.42,15.01,6.970000000000001,0.0,2.0,1.0,0.0,0.0
2025-12-17,Google Ads,PMax - Skincare Prospecting,54.95,12.0,8.72,1.89,0.0,1.0,1.0,20.82,64.09
2025-12-17,Google Ads,Search - Brand,0.0,0.0,0.0,0.0,0.0,0.0,0.0,13.73,7.69
2025-12-17,Google Ads,Search - Nonbrand Skincare,91.88,31.36,7.0,2.96,0.0,1.0,1.0,31.16,131.54
2025-12-17,Google Ads,Shopping - Bestsellers,191.15000000000003,51.08,24.4,6.44,44.95,3.0,1.0,55.72,234.75
2025-12-17,Meta Ads,Prospecting - Broad,52.050000000000004,10.5,8.66,1.81,0.0,1.0,1.0,34.96,77.96
2025-12-17,Meta Ads,Prospecting - Lookalike 1%,180.69,43.279999999999994,23.16,6.140000000000001,0.0,3.0,1.0,61.97,251.42
2025-12-17,Meta Ads,Retargeting - Cart Abandon,424.08,111.88,56.730000000000004,14.4,54.95,7.0,5.0,60.7,596.12
2025-12-17,Meta Ads,Retargeting - Engaged 30d,98.41,26.4,15.21,3.46,0.0,2.0,2.0,35.84,134.22
2025-12-17,Organic Search,(organic),578.24,163.84,68.59,19.16,0.0,8.0,5.0,0.0,0.0
2025-12-17,Organic Social,(organic social),271.99,62.7,42.26,9.38,96.0,5.0,5.0,0.0,0.0
2025-12-17,Unattributed,(not set),50.480000000000004,12.0,7.92,1.76,0.0,1.0,0.0,0.0,0.0
2025-12-18,Direct,(direct),672.5,190.35999999999999,77.73,22.49,0.0,10.0,3.0,0.0,0.0
2025-12-18,Email/SMS,Campaign - Monthly Newsletter,268.81,78.64,24.759999999999998,8.69,0.0,3.0,1.0,0.0,0.0
2025-12-18,Email/SMS,Flow - Abandoned Cart,44.540000000000006,11.4,7.11,1.59,0.0,1.0,0.0,0.0,0.0
2025-12-18,Email/SMS,Flow - Post Purchase Winback,384.63,98.54,51.14,12.950000000000001,0.0,6.0,0.0,0.0,0.0
2025-12-18,Email/SMS,Flow - Welcome Series,29.659999999999997,7.2,8.17,1.16,0.0,1.0,0.0,0.0,0.0
2025-12-18,Google Ads,PMax - Skincare Prospecting,292.90999999999997,98.2,32.53,9.69,38.01,4.0,4.0,98.72,340.86
2025-12-18,Google Ads,Search - Brand,239.38,73.22,15.620000000000001,7.54,0.0,2.0,2.0,32.3,341.31
2025-12-18,Google Ads,Search - Nonbrand Skincare,87.79,22.880000000000003,15.41,3.15,0.0,2.0,2.0,37.36,110.01
2025-12-18,Google Ads,Shopping - Bestsellers,177.68,41.099999999999994,31.76,6.36,0.0,4.0,3.0,65.94,218.73
2025-12-18,Meta Ads,Prospecting - Broad,576.59,192.04,34.41,17.92,0.0,4.0,3.0,330.06,726.54
2025-12-18,Meta Ads,Prospecting - Lookalike 1%,243.32999999999998,58.04,32.95,8.25,0.0,4.0,4.0,88.39,321.17
2025-12-18,Meta Ads,Retargeting - Cart Abandon,161.3,48.16,16.29,5.28,66.87,2.0,2.0,39.28,220.01
2025-12-18,Meta Ads,Retargeting - Engaged 30d,92.98,21.6,16.94,3.29,33.57,2.0,0.0,34.35,128.25
2025-12-18,Organic Search,(organic),360.09999999999997,85.66,58.39,12.540000000000001,62.95,7.0,4.0,0.0,0.0
2025-12-18,Organic Social,(organic social),320.95,129.2,16.43,9.91,0.0,2.0,1.0,0.0,0.0
2025-12-18,Unattributed,(not set),36.92,8.4,8.04,1.37,0.0,1.0,1.0,0.0,0.0
2025-12-19,Direct,(direct),306.37,86.32,33.53,10.09,0.0,4.0,2.0,0.0,0.0
2025-12-19,Email/SMS,Campaign - Monthly Newsletter,115.0,27.299999999999997,24.499999999999996,4.23,0.0,3.0,0.0,0.0,0.0
2025-12-19,Email/SMS,Flow - Abandoned Cart,249.75,66.6,24.28,8.15,0.0,3.0,1.0,0.0,0.0
2025-12-19,Email/SMS,Flow - Post Purchase Winback,90.59,25.2,7.65,2.93,90.59,1.0,0.0,0.0,0.0
2025-12-19,Email/SMS,Flow - Welcome Series,171.82,41.4,31.22,6.18,0.0,4.0,0.0,0.0,0.0
2025-12-19,Google Ads,PMax - Skincare Prospecting,163.3,45.760000000000005,34.49,5.93,0.0,4.0,4.0,66.99,214.26
2025-12-19,Google Ads,Search - Brand,53.13,10.5,6.64,1.84,0.0,1.0,1.0,13.94,64.15
2025-12-19,Google Ads,Search - Nonbrand Skincare,168.67,45.68,23.67,5.8,0.0,3.0,3.0,69.04,196.28
2025-12-19,Google Ads,Shopping - Bestsellers,54.95,12.0,8.11,1.89,0.0,1.0,1.0,19.2,59.43
2025-12-19,Meta Ads,Prospecting - Broad,477.5,152.8,48.50000000000001,15.65,0.0,6.0,5.0,365.25,691.09
2025-12-19,Meta Ads,Prospecting - Lookalike 1%,281.22,66.9,49.76,9.96,0.0,6.0,5.0,151.85,370.78
2025-12-19,Meta Ads,Retargeting - Cart Abandon,142.23,31.5,23.73,5.029999999999999,0.0,3.0,2.0,26.91,174.69
2025-12-19,Meta Ads,Retargeting - Engaged 30d,283.1,72.0,31.1,9.4,0.0,4.0,3.0,83.62,434.41
2025-12-19,Organic Search,(organic),613.8800000000001,148.57999999999998,91.02,21.11,195.58,11.0,7.0,0.0,0.0
2025-12-19,Organic Social,(organic social),154.46000000000004,34.5,23.029999999999998,5.38,0.0,3.0,3.0,0.0,0.0
2025-12-19,Unattributed,(not set),139.41,38.4,6.81,4.34,0.0,1.0,0.0,0.0,0.0
2025-12-20,Direct,(direct),671.02,223.76,64.05,21.85,54.95,8.0,1.0,0.0,0.0
2025-12-20,Email/SMS,Campaign - Monthly Newsletter,391.27,126.80000000000001,31.159999999999997,12.54,101.46000000000001,4.0,1.0,0.0,0.0
2025-12-20,Email/SMS,Flow - Abandoned Cart,150.36,37.28,26.200000000000003,5.26,0.0,3.0,0.0,0.0,0.0
2025-12-20,Email/SMS,Flow - Post Purchase Winback,291.24,81.6,32.339999999999996,9.64,0.0,4.0,0.0,0.0,0.0
2025-12-20,Email/SMS,Flow - Welcome Series,142.89,37.28,16.86,4.75,28.74,2.0,0.0,0.0,0.0
2025-12-20,Google Ads,PMax - Skincare Prospecting,59.17,14.4,7.76,2.02,0.0,1.0,0.0,20.58,70.96
2025-12-20,Google Ads,Search - Brand,174.95,48.16,17.25,5.68,0.0,2.0,2.0,15.66,186.71
2025-12-20,Google Ads,Search - Nonbrand Skincare,61.769999999999996,13.8,15.23,2.3899999999999997,0.0,2.0,2.0,24.37,67.31
2025-12-20,Google Ads,Shopping - Bestsellers,276.36,64.5,26.06,8.91,0.0,3.0,3.0,95.87,307.93
2025-12-20,Meta Ads,Prospecting - Broad,347.66,99.60000000000001,38.39,11.57,0.0,5.0,5.0,222.95,486.76
2025-12-20,Meta Ads,Prospecting - Lookalike 1%,436.38,104.56,46.56,14.450000000000001,48.95,6.0,6.0,249.39,588.66
2025-12-20,Meta Ads,Retargeting - Cart Abandon,0.0,0.0,0.0,0.0,0.0,0.0,0.0,13.4,10.2
2025-12-20,Meta Ads,Retargeting - Engaged 30d,30.95,7.2,8.12,1.2,0.0,1.0,1.0,12.68,40.08
2025-12-20,Organic Search,(organic),671.5799999999999,201.54,87.62,22.78,219.8,11.0,8.0,0.0,0.0
2025-12-20,Organic Social,(organic social),561.29,135.16000000000003,59.86,18.38,48.37,7.0,6.0,0.0,0.0
2025-12-20,Unattributed,(not set),233.17000000000002,75.64,23.61,7.67,0.0,3.0,1.0,0.0,0.0
2025-12-21,Direct,(direct),634.3900000000001,197.24,68.82,21.11,58.5,9.0,3.0,0.0,0.0
2025-12-21,Email/SMS,Campaign - Monthly Newsletter,126.53,30.44,25.02,4.57,0.0,3.0,1.0,0.0,0.0
2025-12-21,Email/SMS,Flow - Abandoned Cart,177.42000000000002,76.0,8.4,5.45,0.0,1.0,0.0,0.0,0.0
2025-12-21,Email/SMS,Flow - Post Purchase Winback,289.46,73.64,41.17,9.89,0.0,5.0,0.0,0.0,0.0
2025-12-21,Email/SMS,Flow - Welcome Series,73.95,17.1,17.189999999999998,2.75,0.0,2.0,1.0,0.0,0.0
2025-12-21,Google Ads,PMax - Skincare Prospecting,353.92,88.03999999999999,41.019999999999996,11.749999999999998,0.0,5.0,3.0,151.65,388.08
2025-12-21,Google Ads,Search - Brand,126.95,44.6,16.46,4.28,0.0,2.0,0.0,12.76,153.21
2025-12-21,Google Ads,Search - Nonbrand Skincare,260.0,61.04,44.91,9.34,0.0,6.0,5.0,103.01,313.89
2025-12-21,Google Ads,Shopping - Bestsellers,181.99,48.6,15.84,5.88,0.0,2.0,2.0,62.78,192.82
2025-12-21,Meta Ads,Prospecting - Broad,250.82,108.6,24.02,8.17,0.0,3.0,3.0,193.52,404.65
2025-12-21,Meta Ads,Prospecting - Lookalike 1%,28.95,6.6,9.35,1.14,14.48,1.0,1.0,14.55,39.82
2025-12-21,Meta Ads,Retargeting - Cart Abandon,260.01,83.60000000000001,26.28,8.44,0.0,3.0,3.0,54.0,321.07
2025-12-21,Meta Ads,Retargeting - Engaged 30d,276.13,83.38,29.709999999999997,9.200000000000001,0.0,4.0,3.0,101.75,428.05
2025-12-21,Organic Search,(organic),689.85,214.60000000000002,73.46000000000001,22.71,0.0,9.0,8.0,0.0,0.0
2025-12-21,Organic Social,(organic social),269.18,87.03999999999999,23.57,8.709999999999999,0.0,3.0,2.0,0.0,0.0
2025-12-21,Unattributed,(not set),38.95,9.6,7.45,1.43,0.0,1.0,1.0,0.0,0.0
2025-12-22,Direct,(direct),170.99,43.2,32.510000000000005,6.17,0.0,4.0,3.0,0.0,0.0
2025-12-22,Email/SMS,Campaign - Monthly Newsletter,150.52,36.68,23.98,5.26,38.95,3.0,0.0,0.0,0.0
2025-12-22,Email/SMS,Flow - Abandoned Cart,236.31,86.5,16.65,7.45,0.0,2.0,0.0,0.0,0.0
2025-12-22,Email/SMS,Flow - Post Purchase Winback,360.07000000000005,119.44,22.189999999999998,11.34,0.0,3.0,0.0,0.0,0.0
2025-12-22,Email/SMS,Flow - Welcome Series,87.65,19.2,17.9,3.1399999999999997,0.0,2.0,0.0,0.0,0.0
2025-12-22,Google Ads,PMax - Skincare Prospecting,320.15999999999997,87.58,39.370000000000005,10.79,0.0,5.0,5.0,171.2,377.37
2025-12-22,Google Ads,Search - Brand,58.95,16.64,6.51,2.01,29.48,1.0,1.0,12.31,66.08
2025-12-22,Google Ads,Search - Nonbrand Skincare,42.400000000000006,9.6,7.92,1.53,0.0,1.0,1.0,16.06,44.35
2025-12-22,Google Ads,Shopping - Bestsellers,143.21,29.7,26.479999999999997,5.0600000000000005,0.0,3.0,3.0,35.2,160.39
2025-12-22,Meta Ads,Prospecting - Broad,339.01,94.16,33.160000000000004,11.03,138.53,4.0,4.0,188.39,453.66
2025-12-22,Meta Ads,Prospecting - Lookalike 1%,142.53,35.4,24.24,5.04,42.27,3.0,2.0,87.55,219.4
2025-12-22,Meta Ads,Retargeting - Cart Abandon,54.95,12.0,7.05,1.89,0.0,1.0,1.0,13.87,66.39
2025-12-22,Meta Ads,Retargeting - Engaged 30d,161.78000000000003,39.6,34.0,5.89,0.0,4.0,4.0,72.46,257.31
2025-12-22,Organic Search,(organic),878.7500000000001,276.2,90.18,28.78,0.0,11.0,5.0,0.0,0.0
2025-12-22,Organic Social,(organic social),168.53,42.76,16.7,5.49,0.0,2.0,2.0,0.0,0.0
2025-12-23,Direct,(direct),342.21,88.52000000000001,24.0,10.82,0.0,3.0,1.0,0.0,0.0
2025-12-23,Email/SMS,Flow - Abandoned Cart,90.39,26.240000000000002,16.77,3.2199999999999998,0.0,2.0,0.0,0.0,0.0
2025-12-23,Email/SMS,Flow - Welcome Series,70.95,19.2,8.13,2.36,0.0,1.0,0.0,0.0,0.0
2025-12-23,Google Ads,PMax - Skincare Prospecting,0.0,0.0,0.0,0.0,0.0,0.0,0.0,12.63,7.7
2025-12-23,Google Ads,Search - Brand,0.0,0.0,0.0,0.0,0.0,0.0,0.0,9.2,5.09
2025-12-23,Google Ads,Search - Nonbrand Skincare,0.0,0.0,0.0,0.0,0.0,0.0,0.0,11.84,9.16
2025-12-23,Google Ads,Shopping - Bestsellers,0.0,0.0,0.0,0.0,0.0,0.0,0.0,9.25,8.95
2025-12-23,Meta Ads,Prospecting - Broad,229.57999999999998,83.6,16.45,7.26,0.0,2.0,2.0,152.06,324.18
2025-12-23,Meta Ads,Prospecting - Lookalike 1%,0.0,0.0,0.0,0.0,0.0,0.0,0.0,15.02,12.2
2025-12-23,Meta Ads,Retargeting - Cart Abandon,178.45,51.6,16.77,5.77,0.0,2.0,2.0,31.48,232.61
2025-12-23,Meta Ads,Retargeting - Engaged 30d,0.0,0.0,0.0,0.0,0.0,0.0,0.0,14.21,9.96
2025-12-23,Organic Search,(organic),593.5600000000001,154.86,73.82000000000002,19.91,0.0,9.0,7.0,0.0,0.0
2025-12-23,Organic Social,(organic social),37.830000000000005,8.4,8.21,1.4,0.0,1.0,0.0,0.0,0.0
2025-12-23,Unattributed,(not set),158.57999999999998,36.9,23.46,5.5,0.0,3.0,2.0,0.0,0.0
2025-12-24,Direct,(direct),168.52999999999997,41.7,33.61,6.09,48.95,4.0,2.0,0.0,0.0
2025-12-24,Email/SMS,Campaign - Monthly Newsletter,51.84,10.5,7.69,1.8,0.0,1.0,0.0,0.0,0.0
2025-12-24,Email/SMS,Flow - Abandoned Cart,236.5,60.0,15.27,7.45,186.02,2.0,0.0,0.0,0.0
2025-12-24,Email/SMS,Flow - Post Purchase Winback,40.480000000000004,10.88,8.27,1.47,0.0,1.0,0.0,0.0,0.0
2025-12-24,Google Ads,PMax - Skincare Prospecting,152.85000000000002,38.24,23.53,5.33,0.0,3.0,2.0,63.02,181.6
2025-12-24,Google Ads,Search - Brand,104.39,38.0,6.57,3.33,0.0,1.0,1.0,12.39,119.22
2025-12-24,Google Ads,Search - Nonbrand Skincare,38.95,9.6,7.01,1.43,0.0,1.0,1.0,10.4,41.34
2025-12-24,Google Ads,Shopping - Bestsellers,67.03,15.68,8.35,2.24,33.52,1.0,1.0,21.3,81.77
2025-12-24,Meta Ads,Prospecting - Broad,0.0,0.0,0.0,0.0,0.0,0.0,0.0,12.4,7.67
2025-12-24,Meta Ads,Prospecting - Lookalike 1%,85.9,19.2,14.58,3.09,30.95,2.0,2.0,30.46,132.42
2025-12-24,Meta Ads,Retargeting - Cart Abandon,284.14,78.92,31.79,9.43,74.95,4.0,3.0,63.5,424.98
2025-12-24,Meta Ads,Retargeting - Engaged 30d,0.0,0.0,0.0,0.0,0.0,0.0,0.0,16.09,5.72
2025-12-24,Organic Social,(organic social),157.9,39.0,23.58,5.48,0.0,3.0,2.0,0.0,0.0
2025-12-24,Unattributed,(not set),112.0,31.36,9.09,3.55,0.0,1.0,1.0,0.0,0.0
2025-12-25,Direct,(direct),380.36999999999995,92.47999999999999,43.269999999999996,12.520000000000001,0.0,5.0,3.0,0.0,0.0
2025-12-25,Email/SMS,Campaign - Monthly Newsletter,62.71,16.64,9.53,2.12,0.0,1.0,0.0,0.0,0.0
2025-12-25,Email/SMS,Flow - Abandoned Cart,75.3,21.0,7.63,2.48,0.0,1.0,0.0,0.0,0.0
2025-12-25,Email/SMS,Flow - Post Purchase Winback,52.190000000000005,12.0,8.02,1.81,0.0,1.0,0.0,0.0,0.0
2025-12-25,Email/SMS,Flow - Welcome Series,200.94,47.4,23.36,6.72,0.0,3.0,0.0,0.0,0.0
2025-12-25,Google Ads,PMax - Skincare Prospecting,43.580000000000005,11.4,7.98,1.56,0.0,1.0,1.0,23.08,54.07
2025-12-25,Google Ads,Search - Brand,196.0,76.0,8.07,5.98,0.0,1.0,1.0,18.87,223.14
2025-12-25,Google Ads,Search - Nonbrand Skincare,0.0,0.0,0.0,0.0,0.0,0.0,0.0,8.93,9.24
2025-12-25,Google Ads,Shopping - Bestsellers,41.160000000000004,9.6,9.31,1.49,0.0,1.0,1.0,11.25,49.9
2025-12-25,Meta Ads,Prospecting - Broad,246.85,66.66,33.07,8.37,24.48,4.0,4.0,124.31,316.45
2025-12-25,Meta Ads,Prospecting - Lookalike 1%,0.0,0.0,0.0,0.0,0.0,0.0,0.0,16.46,6.9
2025-12-25,Meta Ads,Retargeting - Cart Abandon,0.0,0.0,0.0,0.0,0.0,0.0,0.0,16.71,14.87
2025-12-25,Meta Ads,Retargeting - Engaged 30d,44.870000000000005,10.5,8.78,1.6,0.0,1.0,1.0,18.0,70.36
2025-12-25,Organic Search,(organic),209.31,53.400000000000006,31.82,7.27,54.95,4.0,2.0,0.0,0.0
2025-12-25,Organic Social,(organic social),103.9,28.04,17.3,3.61,0.0,2.0,1.0,0.0,0.0
2025-12-26,Direct,(direct),572.94,147.6,57.400000000000006,18.72,0.0,7.0,4.0,0.0,0.0
2025-12-26,Email/SMS,Flow - Abandoned Cart,53.050000000000004,16.64,6.67,1.84,0.0,1.0,0.0,0.0,0.0
2025-12-26,Email/SMS,Flow - Welcome Series,88.83000000000001,22.880000000000003,17.119999999999997,3.1799999999999997,0.0,2.0,0.0,0.0,0.0
2025-12-26,Google Ads,PMax - Skincare Prospecting,0.0,0.0,0.0,0.0,0.0,0.0,0.0,8.57,6.97
2025-12-26,Google Ads,Search - Brand,179.70999999999998,45.44,31.39,6.41,0.0,4.0,4.0,22.18,215.25
2025-12-26,Google Ads,Search - Nonbrand Skincare,248.5,84.4,17.36,7.800000000000001,0.0,2.0,2.0,68.6,282.01
2025-12-26,Google Ads,Shopping - Bestsellers,272.90999999999997,69.92,15.71,8.51,0.0,2.0,2.0,68.65,297.89
2025-12-26,Meta Ads,Prospecting - Broad,89.09,38.0,8.03,2.88,89.09,1.0,1.0,69.68,120.13
2025-12-26,Meta Ads,Prospecting - Lookalike 1%,200.85000000000002,49.2,33.75,7.0200000000000005,0.0,4.0,4.0,105.28,309.7
2025-12-26,Meta Ads,Retargeting - Cart Abandon,0.0,0.0,0.0,0.0,0.0,0.0,0.0,14.46,14.75
2025-12-26,Meta Ads,Retargeting - Engaged 30d,94.25,38.0,8.22,3.03,0.0,1.0,1.0,42.03,135.62
2025-12-26,Organic Search,(organic),292.0,93.44,18.08,9.06,0.0,2.0,1.0,0.0,0.0
2025-12-27,Direct,(direct),378.83,98.48,54.69,13.09,0.0,7.0,4.0,0.0,0.0
2025-12-27,Email/SMS,Campaign - Monthly Newsletter,128.0,38.4,6.81,4.01,0.0,1.0,1.0,0.0,0.0
2025-12-27,Email/SMS,Flow - Post Purchase Winback,392.0,152.0,8.63,11.67,0.0,1.0,0.0,0.0,0.0
2025-12-27,Google Ads,PMax - Skincare Prospecting,494.85999999999996,171.07999999999998,32.54,15.55,144.99,4.0,3.0,159.29,623.99
2025-12-27,Google Ads,Search - Brand,0.0,0.0,0.0,0.0,0.0,0.0,0.0,10.15,7.12
2025-12-27,Google Ads,Search - Nonbrand Skincare,103.6,28.8,7.91,3.3,0.0,1.0,1.0,37.93,109.52
2025-12-27,Google Ads,Shopping - Bestsellers,179.95,69.4,16.72,5.8100000000000005,0.0,2.0,2.0,61.26,196.84
2025-12-27,Meta Ads,Prospecting - Broad,157.67,36.0,8.01,4.87,0.0,1.0,1.0,87.32,209.27
2025-12-27,Meta Ads,Prospecting - Lookalike 1%,30.95,7.2,9.66,1.2,0.0,1.0,1.0,15.33,45.29
2025-12-27,Meta Ads,Retargeting - Cart Abandon,105.92,28.64,17.0,3.67,0.0,2.0,1.0,18.56,157.48
2025-12-27,Meta Ads,Retargeting - Engaged 30d,0.0,0.0,0.0,0.0,0.0,0.0,0.0,16.98,9.36
2025-12-27,Organic Search,(organic),379.26,113.0,48.71,12.790000000000001,0.0,6.0,2.0,0.0,0.0
2025-12-27,Organic Social,(organic social),83.9,18.6,14.98,3.03,0.0,2.0,2.0,0.0,0.0
2025-12-28,Direct,(direct),441.17,108.32,31.96,13.99,0.0,4.0,2.0,0.0,0.0
2025-12-28,Email/SMS,Campaign - Monthly Newsletter,80.36,17.1,14.99,2.9299999999999997,0.0,2.0,0.0,0.0,0.0
2025-12-28,Email/SMS,Flow - Post Purchase Winback,72.67,18.6,14.25,2.71,0.0,2.0,0.0,0.0,0.0
2025-12-28,Google Ads,PMax - Skincare Prospecting,37.769999999999996,10.88,6.71,1.4,0.0,1.0,0.0,16.93,51.87
2025-12-28,Google Ads,Search - Brand,142.52,33.6,23.97,5.029999999999999,43.79,3.0,2.0,13.11,159.98
2025-12-28,Google Ads,Search - Nonbrand Skincare,399.57,139.28,26.009999999999998,12.5,0.0,3.0,3.0,110.79,467.44
2025-12-28,Google Ads,Shopping - Bestsellers,0.0,0.0,0.0,0.0,0.0,0.0,0.0,8.47,6.86
2025-12-28,Meta Ads,Prospecting - Broad,183.95,70.6,15.16,5.93,0.0,2.0,1.0,104.42,278.48
2025-12-28,Meta Ads,Prospecting - Lookalike 1%,54.95,14.4,7.7,1.89,0.0,1.0,1.0,19.23,78.62
2025-12-28,Meta Ads,Retargeting - Cart Abandon,0.0,0.0,0.0,0.0,0.0,0.0,0.0,18.99,20.22
2025-12-28,Meta Ads,Retargeting - Engaged 30d,96.0,24.0,7.68,3.08,96.0,1.0,0.0,26.43,115.22
2025-12-28,Organic Search,(organic),291.57000000000005,75.38,40.57,9.940000000000001,0.0,5.0,3.0,0.0,0.0
2025-12-28,Organic Social,(organic social),148.85000000000002,37.04,23.729999999999997,5.209999999999999,27.48,3.0,3.0,0.0,0.0
2025-12-29,Direct,(direct),216.69,52.8,35.68,7.489999999999999,0.0,4.0,2.0,0.0,0.0
2025-12-29,Email/SMS,Campaign - Monthly Newsletter,112.21000000000001,33.28,7.91,3.55,0.0,1.0,1.0,0.0,0.0
2025-12-29,Email/SMS,Flow - Abandoned Cart,62.36000000000001,15.68,8.59,2.11,0.0,1.0,0.0,0.0,0.0
2025-12-29,Email/SMS,Flow - Post Purchase Winback,122.68,34.8,15.75,4.16,0.0,2.0,0.0,0.0,0.0
2025-12-29,Google Ads,PMax - Skincare Prospecting,47.43000000000001,12.0,8.72,1.68,0.0,1.0,1.0,21.54,63.07
2025-12-29,Google Ads,Search - Brand,0.0,0.0,0.0,0.0,0.0,0.0,0.0,11.22,5.9
2025-12-29,Google Ads,Search - Nonbrand Skincare,146.13,38.480000000000004,16.02,4.84,0.0,2.0,2.0,37.51,167.94
2025-12-29,Google Ads,Shopping - Bestsellers,0.0,0.0,0.0,0.0,0.0,0.0,0.0,12.12,4.6
2025-12-29,Meta Ads,Prospecting - Broad,58.95,12.0,8.51,2.01,0.0,1.0,1.0,30.41,85.96
2025-12-29,Meta Ads,Prospecting - Lookalike 1%,51.7,10.5,9.18,1.8,0.0,1.0,1.0,22.31,77.42
2025-12-29,Meta Ads,Retargeting - Cart Abandon,157.78,52.4,18.17,5.17,59.78,2.0,2.0,31.93,236.05
2025-12-29,Meta Ads,Retargeting - Engaged 30d,43.5,10.88,7.73,1.56,0.0,1.0,1.0,14.41,52.67
2025-12-29,Organic Search,(organic),102.14,22.88,15.47,3.56,0.0,2.0,0.0,0.0,0.0
2025-12-29,Organic Social,(organic social),28.95,6.6,7.76,1.14,0.0,1.0,1.0,0.0,0.0
2025-12-29,Unattributed,(not set),176.81,42.6,23.090000000000003,6.029999999999999,0.0,3.0,3.0,0.0,0.0
2025-12-30,Direct,(direct),234.17000000000002,63.13999999999999,40.959999999999994,8.290000000000001,97.82,5.0,2.0,0.0,0.0
2025-12-30,Email/SMS,Campaign - Monthly Newsletter,48.95,10.5,8.12,1.72,0.0,1.0,1.0,0.0,0.0
2025-12-30,Email/SMS,Flow - Abandoned Cart,28.94,7.2,7.81,1.14,0.0,1.0,0.0,0.0,0.0
2025-12-30,Google Ads,PMax - Skincare Prospecting,0.0,0.0,0.0,0.0,0.0,0.0,0.0,12.83,4.06
2025-12-30,Google Ads,Search - Brand,0.0,0.0,0.0,0.0,0.0,0.0,0.0,11.35,5.38
2025-12-30,Google Ads,Search - Nonbrand Skincare,206.55,55.800000000000004,23.9,6.890000000000001,0.0,3.0,3.0,65.19,246.26
2025-12-30,Google Ads,Shopping - Bestsellers,133.82,38.56,17.78,4.4799999999999995,0.0,2.0,2.0,51.43,168.76
2025-12-30,Meta Ads,Prospecting - Broad,0.0,0.0,0.0,0.0,0.0,0.0,0.0,17.6,17.78
2025-12-30,Meta Ads,Prospecting - Lookalike 1%,438.95000000000005,175.4,33.230000000000004,13.92,0.0,4.0,4.0,169.83,690.38
2025-12-30,Meta Ads,Retargeting - Cart Abandon,224.0,62.72,7.84,6.8,0.0,1.0,1.0,30.38,337.45
2025-12-30,Meta Ads,Retargeting - Engaged 30d,109.43,26.560000000000002,16.13,3.7800000000000002,0.0,2.0,2.0,33.31,163.47
2025-12-30,Organic Search,(organic),171.16000000000003,41.86,16.28,5.56,0.0,2.0,2.0,0.0,0.0
2025-12-30,Organic Social,(organic social),231.45,63.16,23.880000000000003,7.61,0.0,3.0,2.0,0.0,0.0
2025-12-31,Direct,(direct),165.13,41.86,15.7,5.39,0.0,2.0,0.0,0.0,0.0
2025-12-31,Email/SMS,Campaign - Monthly Newsletter,157.97,67.6,14.57,5.18,127.0,2.0,0.0,0.0,0.0
2025-12-31,Email/SMS,Flow - Abandoned Cart,263.39000000000004,69.44,23.0,8.540000000000001,0.0,3.0,1.0,0.0,0.0
2025-12-31,Google Ads,PMax - Skincare Prospecting,0.0,0.0,0.0,0.0,0.0,0.0,0.0,10.48,5.72
2025-12-31,Google Ads,Search - Brand,102.53,25.799999999999997,16.12,3.58,0.0,2.0,2.0,13.49,119.17
2025-12-31,Google Ads,Search - Nonbrand Skincare,59.45,12.0,7.47,2.02,0.0,1.0,1.0,23.91,71.38
2025-12-31,Google Ads,Shopping - Bestsellers,0.0,0.0,0.0,0.0,0.0,0.0,0.0,8.78,4.69
2025-12-31,Meta Ads,Prospecting - Broad,218.05,58.2,25.18,7.220000000000001,47.96,3.0,3.0,140.43,289.94
2025-12-31,Meta Ads,Prospecting - Lookalike 1%,67.06,15.0,16.87,2.55,0.0,2.0,2.0,29.0,102.88
2025-12-31,Meta Ads,Retargeting - Cart Abandon,0.0,0.0,0.0,0.0,0.0,0.0,0.0,16.35,17.92
2025-12-31,Meta Ads,Retargeting - Engaged 30d,455.85,143.35999999999999,24.83,14.11,0.0,3.0,1.0,194.14,679.17
2025-12-31,Organic Search,(organic),230.04000000000002,57.0,43.989999999999995,8.16,0.0,5.0,4.0,0.0,0.0
2025-12-31,Organic Social,(organic social),144.0,36.0,8.15,4.48,0.0,1.0,1.0,0.0,0.0
2026-01-01,Direct,(direct),394.71000000000004,123.56,31.04,12.650000000000002,142.7,4.0,0.0,0.0,0.0
2026-01-01,Email/SMS,Campaign - Monthly Newsletter,154.21,37.2,16.97,5.07,103.26,2.0,0.0,0.0,0.0
2026-01-01,Email/SMS,Flow - Abandoned Cart,141.32999999999998,40.96,17.049999999999997,4.7,0.0,2.0,0.0,0.0,0.0
2026-01-01,Google Ads,PMax - Skincare Prospecting,237.97,62.72,7.46,7.2,0.0,1.0,1.0,120.47,269.79
2026-01-01,Google Ads,Search - Brand,143.76999999999998,50.0,17.35,4.77,0.0,2.0,2.0,18.76,178.81
2026-01-01,Google Ads,Search - Nonbrand Skincare,252.14,59.940000000000005,33.31,8.51,0.0,4.0,4.0,84.87,299.27
2026-01-01,Google Ads,Shopping - Bestsellers,152.0,45.6,8.26,4.71,0.0,1.0,1.0,39.29,168.13
2026-01-01,Meta Ads,Prospecting - Broad,110.91,28.2,16.15,3.8200000000000003,0.0,2.0,2.0,77.25,167.78
2026-01-01,Meta Ads,Prospecting - Lookalike 1%,59.46,14.4,8.49,2.02,0.0,1.0,1.0,22.56,72.03
2026-01-01,Meta Ads,Retargeting - Cart Abandon,106.67,38.0,8.42,3.39,0.0,1.0,1.0,14.97,142.1
2026-01-01,Meta Ads,Retargeting - Engaged 30d,170.37,41.86,26.43,5.84,0.0,3.0,2.0,50.69,255.47
2026-01-01,Organic Search,(organic),309.87,137.68,15.420000000000002,9.58,0.0,2.0,2.0,0.0,0.0
2026-01-01,Organic Social,(organic social),119.98,31.8,15.59,4.08,0.0,2.0,2.0,0.0,0.0
2026-01-02,Direct,(direct),113.7,28.200000000000003,23.799999999999997,4.2,0.0,3.0,2.0,0.0,0.0
2026-01-02,Email/SMS,Campaign - Monthly Newsletter,65.9,15.600000000000001,16.88,2.51,0.0,2.0,0.0,0.0,0.0
2026-01-02,Email/SMS,Flow - Abandoned Cart,57.050000000000004,15.68,8.22,1.95,0.0,1.0,0.0,0.0,0.0
2026-01-02,Email/SMS,Flow - Welcome Series,58.95,16.64,7.98,2.01,0.0,1.0,0.0,0.0,0.0
2026-01-02,Google Ads,PMax - Skincare Prospecting,74.2,22.8,7.18,2.45,74.2,1.0,1.0,31.28,85.98
2026-01-02,Google Ads,Search - Brand,187.65,49.8,15.86,6.050000000000001,0.0,2.0,2.0,15.92,228.87
2026-01-02,Google Ads,Search - Nonbrand Skincare,58.86,12.0,8.53,2.01,0.0,1.0,1.0,23.45,71.72
2026-01-02,Google Ads,Shopping - Bestsellers,0.0,0.0,0.0,0.0,0.0,0.0,0.0,10.27,5.98
2026-01-02,Meta Ads,Prospecting - Broad,53.370000000000005,10.5,8.41,1.85,0.0,1.0,1.0,29.76,70.56
2026-01-02,Meta Ads,Prospecting - Lookalike 1%,236.2,82.0,26.1,7.75,0.0,3.0,2.0,105.12,295.2
2026-01-02,Meta Ads,Retargeting - Cart Abandon,0.0,0.0,0.0,0.0,0.0,0.0,0.0,18.1,19.05
2026-01-02,Meta Ads,Retargeting - Engaged 30d,138.53,35.24,24.85,4.92,0.0,3.0,1.0,53.33,171.24
2026-01-02,Organic Search,(organic),420.53999999999996,108.26,50.16,13.99,0.0,6.0,3.0,0.0,0.0
2026-01-02,Organic Social,(organic social),197.51,45.9,25.18,6.619999999999999,48.95,3.0,3.0,0.0,0.0
2026-01-02,Unattributed,(not set),52.71,10.5,6.66,1.83,0.0,1.0,1.0,0.0,0.0
2026-01-03,Direct,(direct),532.11,180.57999999999998,33.33,16.63,0.0,4.0,2.0,0.0,0.0
2026-01-03,Email/SMS,Campaign - Monthly Newsletter,82.78,19.28,17.61,3.0,0.0,2.0,0.0,0.0,0.0
2026-01-03,Email/SMS,Flow - Abandoned Cart,136.73,41.84,17.83,4.5600000000000005,0.0,2.0,0.0,0.0,0.0
2026-01-03,Email/SMS,Flow - Post Purchase Winback,38.95,9.6,7.08,1.43,0.0,1.0,0.0,0.0,0.0
2026-01-03,Google Ads,PMax - Skincare Prospecting,0.0,0.0,0.0,0.0,0.0,0.0,0.0,12.59,12.33
2026-01-03,Google Ads,Search - Brand,48.53,11.4,7.65,1.71,0.0,1.0,1.0,10.59,50.85
2026-01-03,Google Ads,Search - Nonbrand Skincare,107.53,28.36,16.92,3.72,0.0,2.0,2.0,33.47,130.6
2026-01-03,Google Ads,Shopping - Bestsellers,62.95,15.68,9.56,2.13,0.0,1.0,1.0,22.41,68.01
2026-01-03,Meta Ads,Prospecting - Broad,40.95,10.88,7.37,1.49,0.0,1.0,1.0,31.19,56.86
2026-01-03,Meta Ads,Prospecting - Lookalike 1%,44.39,10.5,8.38,1.59,0.0,1.0,1.0,29.6,68.7
2026-01-03,Meta Ads,Retargeting - Cart Abandon,145.0,61.0,7.57,4.5,0.0,1.0,0.0,21.16,181.91
2026-01-03,Meta Ads,Retargeting - Engaged 30d,504.25,131.48,47.129999999999995,16.42,0.0,6.0,3.0,202.39,608.81
2026-01-03,Organic Search,(organic),316.76,110.88,32.09,10.379999999999999,56.65,4.0,3.0,0.0,0.0
2026-01-03,Organic Social,(organic social),101.58,29.84,14.74,3.55,46.53,2.0,2.0,0.0,0.0
2026-01-03,Unattributed,(not set),107.06,26.560000000000002,15.89,3.71,0.0,2.0,1.0,0.0,0.0
2026-01-04,Direct,(direct),197.42000000000002,45.98,31.81,6.93,0.0,4.0,2.0,0.0,0.0
2026-01-04,Email/SMS,Campaign - Monthly Newsletter,301.59000000000003,95.88,24.21,9.65,0.0,3.0,2.0,0.0,0.0
2026-01-04,Email/SMS,Flow - Abandoned Cart,28.4,7.2,8.6,1.12,0.0,1.0,0.0,0.0,0.0
2026-01-04,Email/SMS,Flow - Post Purchase Winback,28.95,6.6,6.78,1.14,0.0,1.0,0.0,0.0,0.0
2026-01-04,Email/SMS,Flow - Welcome Series,660.76,249.56,18.76,19.77,0.0,2.0,0.0,0.0,0.0
2026-01-04,Google Ads,PMax - Skincare Prospecting,151.3,45.28,18.07,4.99,0.0,2.0,2.0,73.88,194.6
2026-01-04,Google Ads,Search - Brand,0.0,0.0,0.0,0.0,0.0,0.0,0.0,9.53,10.31
2026-01-04,Google Ads,Search - Nonbrand Skincare,0.0,0.0,0.0,0.0,0.0,0.0,0.0,14.25,8.69
2026-01-04,Google Ads,Shopping - Bestsellers,112.56,27.68,15.190000000000001,3.87,0.0,2.0,1.0,40.64,137.12
2026-01-04,Meta Ads,Prospecting - Broad,0.0,0.0,0.0,0.0,0.0,0.0,0.0,16.51,11.6
2026-01-04,Meta Ads,Prospecting - Lookalike 1%,84.9,21.6,9.77,2.76,0.0,1.0,1.0,45.66,110.03
2026-01-04,Meta Ads,Retargeting - Cart Abandon,209.82000000000002,55.120000000000005,25.03,6.99,0.0,3.0,3.0,31.01,335.71
2026-01-04,Meta Ads,Retargeting - Engaged 30d,82.53999999999999,22.28,15.870000000000001,3.0,0.0,2.0,2.0,31.34,134.91
2026-01-04,Organic Search,(organic),455.94,120.72,49.21,15.02,54.95,6.0,3.0,0.0,0.0
2026-01-04,Organic Social,(organic social),30.95,7.2,8.4,1.2,0.0,1.0,1.0,0.0,0.0
2026-01-04,Unattributed,(not set),29.33,7.2,9.78,1.15,0.0,1.0,1.0,0.0,0.0
2026-01-05,Direct,(direct),208.17000000000002,64.24000000000001,23.25,6.9399999999999995,0.0,3.0,0.0,0.0,0.0
2026-01-05,Email/SMS,Campaign - Monthly Newsletter,53.43000000000001,10.5,7.09,1.85,0.0,1.0,0.0,0.0,0.0
2026-01-05,Email/SMS,Flow - Post Purchase Winback,28.95,6.6,8.38,1.14,0.0,1.0,0.0,0.0,0.0
2026-01-05,Email/SMS,Flow - Welcome Series,174.35000000000002,39.38,32.42,6.26,48.95,4.0,1.0,0.0,0.0
2026-01-05,Google Ads,PMax - Skincare Prospecting,41.580000000000005,9.6,7.14,1.51,0.0,1.0,1.0,13.56,45.53
2026-01-05,Google Ads,Search - Brand,0.0,0.0,0.0,0.0,0.0,0.0,0.0,14.61,8.12
2026-01-05,Google Ads,Search - Nonbrand Skincare,123.06,44.6,15.51,4.17,0.0,2.0,2.0,35.38,153.24
2026-01-05,Google Ads,Shopping - Bestsellers,267.27,89.04,25.47,8.65,77.22,3.0,3.0,88.81,291.53
2026-01-05,Meta Ads,Prospecting - Broad,96.0,24.0,9.08,3.08,0.0,1.0,1.0,68.07,125.05
2026-01-05,Meta Ads,Prospecting - Lookalike 1%,202.01,52.879999999999995,21.58,6.76,0.0,3.0,2.0,75.36,300.6
2026-01-05,Meta Ads,Retargeting - Cart Abandon,0.0,0.0,0.0,0.0,0.0,0.0,0.0,14.48,8.7
2026-01-05,Meta Ads,Retargeting - Engaged 30d,0.0,0.0,0.0,0.0,0.0,0.0,0.0,18.84,12.43
2026-01-05,Organic Search,(organic),520.4,144.44,30.529999999999998,16.28,0.0,4.0,3.0,0.0,0.0
2026-01-05,Organic Social,(organic social),145.0,61.0,6.96,4.5,0.0,1.0,0.0,0.0,0.0
2026-01-06,Email/SMS,Campaign - Monthly Newsletter,207.71,61.800000000000004,24.54,6.92,0.0,3.0,0.0,0.0,0.0
2026-01-06,Email/SMS,Flow - Post Purchase Winback,104.32000000000001,26.18,16.67,3.63,0.0,2.0,1.0,0.0,0.0
2026-01-06,Email/SMS,Flow - Welcome Series,48.95,10.5,8.48,1.72,0.0,1.0,0.0,0.0,0.0
2026-01-06,Google Ads,PMax - Skincare Prospecting,59.32,14.4,8.42,2.02,0.0,1.0,1.0,21.93,71.39
2026-01-06,Google Ads,Search - Brand,228.89999999999998,79.6,22.98,7.529999999999999,0.0,3.0,3.0,20.33,243.47
2026-01-06,Google Ads,Search - Nonbrand Skincare,0.0,0.0,0.0,0.0,0.0,0.0,0.0,13.94,14.23
2026-01-06,Google Ads,Shopping - Bestsellers,0.0,0.0,0.0,0.0,0.0,0.0,0.0,12.48,4.31
2026-01-06,Meta Ads,Prospecting - Broad,68.67,15.68,7.83,2.29,0.0,1.0,1.0,30.69,90.5
2026-01-06,Meta Ads,Prospecting - Lookalike 1%,233.86,56.400000000000006,39.78,8.28,0.0,5.0,3.0,112.33,311.03
2026-01-06,Meta Ads,Retargeting - Cart Abandon,39.84,11.4,9.24,1.46,0.0,1.0,1.0,11.62,66.08
2026-01-06,Meta Ads,Retargeting - Engaged 30d,111.9,26.18,17.32,3.8499999999999996,24.48,2.0,2.0,40.06,144.9
2026-01-06,Organic Search,(organic),409.08,136.48,37.42,13.370000000000001,85.09,5.0,2.0,0.0,0.0
2026-01-06,Organic Social,(organic social),132.95,39.84,15.3,4.46,0.0,2.0,2.0,0.0,0.0
2026-01-07,Direct,(direct),331.92,78.98,41.010000000000005,11.129999999999999,0.0,5.0,2.0,0.0,0.0
2026-01-07,Email/SMS,Campaign - Monthly Newsletter,76.11,18.0,13.96,2.8,0.0,2.0,0.0,0.0,0.0
2026-01-07,Email/SMS,Flow - Abandoned Cart,192.02,76.0,7.87,5.87,0.0,1.0,0.0,0.0,0.0
2026-01-07,Google Ads,PMax - Skincare Prospecting,33.43,7.2,7.95,1.27,0.0,1.0,1.0,14.53,37.62
2026-01-07,Google Ads,Search - Brand,0.0,0.0,0.0,0.0,0.0,0.0,0.0,10.78,3.42
2026-01-07,Google Ads,Search - Nonbrand Skincare,0.0,0.0,0.0,0.0,0.0,0.0,0.0,13.22,7.25
2026-01-07,Google Ads,Shopping - Bestsellers,53.34,10.5,8.34,1.85,0.0,1.0,1.0,14.9,58.43
2026-01-07,Meta Ads,Prospecting - Broad,0.0,0.0,0.0,0.0,0.0,0.0,0.0,17.48,13.84
2026-01-07,Meta Ads,Prospecting - Lookalike 1%,176.46,45.0,23.82,6.02,0.0,3.0,2.0,100.44,270.25
2026-01-07,Meta Ads,Retargeting - Cart Abandon,96.0,24.0,7.21,3.08,0.0,1.0,1.0,20.16,148.09
2026-01-07,Meta Ads,Retargeting - Engaged 30d,150.95,36.0,16.07,4.97,0.0,2.0,2.0,53.29,211.49
2026-01-07,Organic Search,(organic),360.22,106.16,49.75,12.26,0.0,6.0,3.0,0.0,0.0
2026-01-07,Organic Social,(organic social),167.24,38.56,26.63,5.75,0.0,3.0,2.0,0.0,0.0
2026-01-07,Unattributed,(not set),52.410000000000004,10.5,7.66,1.82,0.0,1.0,1.0,0.0,0.0
2026-01-08,Direct,(direct),264.8,73.5,33.14,8.87,0.0,4.0,3.0,0.0,0.0
2026-01-08,Email/SMS,Flow - Abandoned Cart,56.72,15.68,8.38,1.94,0.0,1.0,0.0,0.0,0.0
2026-01-08,Email/SMS,Flow - Post Purchase Winback,41.21,11.4,8.22,1.5,0.0,1.0,0.0,0.0,0.0
2026-01-08,Email/SMS,Flow - Welcome Series,554.21,209.28,31.57,17.27,0.0,4.0,0.0,0.0,0.0
2026-01-08,Google Ads,PMax - Skincare Prospecting,96.79,27.14,18.21,3.41,0.0,2.0,2.0,34.74,125.62
2026-01-08,Google Ads,Search - Brand,48.980000000000004,12.0,7.02,1.72,0.0,1.0,1.0,10.55,58.34
2026-01-08,Google Ads,Search - Nonbrand Skincare,136.95,32.400000000000006,25.479999999999997,4.859999999999999,33.23,3.0,3.0,46.4,161.96
2026-01-08,Google Ads,Shopping - Bestsellers,163.92000000000002,37.8,25.019999999999996,5.659999999999999,0.0,3.0,2.0,43.73,175.48
2026-01-08,Meta Ads,Prospecting - Broad,49.06,11.4,7.41,1.72,0.0,1.0,1.0,32.97,60.04
2026-01-08,Meta Ads,Prospecting - Lookalike 1%,104.74,24.0,7.78,3.34,0.0,1.0,1.0,47.47,160.06
2026-01-08,Meta Ads,Retargeting - Cart Abandon,103.9,28.04,14.68,3.61,0.0,2.0,2.0,22.11,132.46
2026-01-08,Meta Ads,Retargeting - Engaged 30d,670.86,268.59999999999997,24.74,20.360000000000003,580.0,3.0,3.0,191.46,809.05
2026-01-08,Organic Search,(organic),292.08000000000004,69.30000000000001,40.29,9.98,0.0,5.0,3.0,0.0,0.0
2026-01-08,Organic Social,(organic social),107.39,24.0,17.31,3.71,0.0,2.0,2.0,0.0,0.0
2026-01-08,Unattributed,(not set),96.0,24.0,8.72,3.08,0.0,1.0,0.0,0.0,0.0
2026-01-09,Direct,(direct),287.66,69.54,38.370000000000005,9.85,0.0,5.0,2.0,0.0,0.0
2026-01-09,Email/SMS,Campaign - Monthly Newsletter,78.79,18.6,15.27,2.8899999999999997,0.0,2.0,0.0,0.0,0.0
2026-01-09,Email/SMS,Flow - Post Purchase Winback,257.9,62.1,32.339999999999996,8.68,0.0,4.0,0.0,0.0,0.0
2026-01-09,Google Ads,PMax - Skincare Prospecting,50.95,13.2,7.13,1.78,0.0,1.0,1.0,19.35,60.35
2026-01-09,Google Ads,Search - Brand,240.99,62.1,25.0,7.89,0.0,3.0,3.0,33.33,259.49
2026-01-09,Google Ads,Search - Nonbrand Skincare,0.0,0.0,0.0,0.0,0.0,0.0,0.0,11.74,6.25
2026-01-09,Google Ads,Shopping - Bestsellers,251.12,66.0,33.56,8.48,84.99000000000001,4.0,4.0,63.82,306.23
2026-01-09,Meta Ads,Prospecting - Broad,47.78,11.4,8.62,1.69,0.0,1.0,1.0,25.92,72.12
2026-01-09,Meta Ads,Prospecting - Lookalike 1%,274.56,98.04,33.76,9.16,0.0,4.0,3.0,98.47,437.88
2026-01-09,Meta Ads,Retargeting - Cart Abandon,76.61,19.2,8.69,2.52,0.0,1.0,1.0,11.73,102.93
2026-01-09,Meta Ads,Retargeting - Engaged 30d,97.34,25.04,17.16,3.42,0.0,2.0,1.0,38.78,131.65
2026-01-09,Organic Search,(organic),362.99999999999994,95.39999999999999,39.940000000000005,12.020000000000001,34.89,5.0,2.0,0.0,0.0
2026-01-09,Organic Social,(organic social),193.39,50.980000000000004,26.759999999999998,6.51,0.0,3.0,3.0,0.0,0.0
2026-01-09,Unattributed,(not set),28.95,6.6,8.58,1.14,0.0,1.0,0.0,0.0,0.0
2026-01-10,Direct,(direct),454.05,151.8,44.53,14.67,0.0,5.0,4.0,0.0,0.0
2026-01-10,Email/SMS,Campaign - Monthly Newsletter,31.619999999999997,6.6,7.86,1.22,0.0,1.0,0.0,0.0,0.0
2026-01-10,Email/SMS,Flow - Post Purchase Winback,209.54000000000002,65.7,23.41,6.98,44.43,3.0,1.0,0.0,0.0
2026-01-10,Email/SMS,Flow - Welcome Series,151.11,49.4,17.28,4.98,0.0,2.0,0.0,0.0,0.0
2026-01-10,Google Ads,PMax - Skincare Prospecting,299.4,74.1,48.019999999999996,10.48,16.7,6.0,5.0,125.51,362.11
2026-01-10,Google Ads,Search - Brand,0.0,0.0,0.0,0.0,0.0,0.0,0.0,13.73,11.33
2026-01-10,Google Ads,Search - Nonbrand Skincare,170.85000000000002,43.88,22.61,5.859999999999999,0.0,3.0,3.0,64.42,177.15
2026-01-10,Google Ads,Shopping - Bestsellers,0.0,0.0,0.0,0.0,0.0,0.0,0.0,8.61,6.1
2026-01-10,Meta Ads,Prospecting - Broad,385.98,95.02000000000001,53.8,13.299999999999997,0.0,7.0,6.0,250.01,568.63
2026-01-10,Meta Ads,Prospecting - Lookalike 1%,98.74000000000001,28.04,14.77,3.46,0.0,2.0,2.0,39.44,155.46
2026-01-10,Meta Ads,Retargeting - Cart Abandon,119.11,61.0,8.1,3.75,0.0,1.0,1.0,27.25,221.79
2026-01-10,Meta Ads,Retargeting - Engaged 30d,104.72,31.36,7.74,3.34,0.0,1.0,0.0,34.1,148.4
2026-01-10,Organic Search,(organic),283.87,68.84,39.620000000000005,9.73,0.0,5.0,5.0,0.0,0.0
2026-01-10,Organic Social,(organic social),312.0,99.84,16.71,9.65,0.0,2.0,2.0,0.0,0.0
2026-01-11,Direct,(direct),519.4100000000001,130.42,82.06,18.060000000000002,43.52,10.0,3.0,0.0,0.0
2026-01-11,Email/SMS,Campaign - Monthly Newsletter,28.95,6.6,7.78,1.14,0.0,1.0,0.0,0.0,0.0
2026-01-11,Email/SMS,Flow - Post Purchase Winback,48.95,10.5,8.41,1.72,0.0,1.0,0.0,0.0,0.0
2026-01-11,Google Ads,PMax - Skincare Prospecting,463.95,189.6,15.059999999999999,14.06,435.0,2.0,2.0,178.77,560.33
2026-01-11,Google Ads,Search - Brand,93.71000000000001,38.0,7.04,3.02,93.71,1.0,0.0,9.6,108.55
2026-01-11,Google Ads,Search - Nonbrand Skincare,482.85,155.36,31.74,15.190000000000001,0.0,4.0,2.0,136.74,567.92
2026-01-11,Google Ads,Shopping - Bestsellers,392.89,108.96,41.71,12.9,0.0,5.0,3.0,139.78,467.06
2026-01-11,Meta Ads,Prospecting - Broad,106.53,27.14,13.15,3.6899999999999995,47.58,2.0,2.0,53.69,137.07
2026-01-11,Meta Ads,Prospecting - Lookalike 1%,58.790000000000006,12.0,8.91,2.0,0.0,1.0,1.0,22.18,73.43
2026-01-11,Meta Ads,Retargeting - Cart Abandon,83.11,24.0,7.78,2.71,0.0,1.0,1.0,16.53,132.81
2026-01-11,Meta Ads,Retargeting - Engaged 30d,204.11,81.1,23.509999999999998,6.819999999999999,0.0,3.0,3.0,60.88,346.83
2026-01-11,Organic Search,(organic),483.04,121.04,50.010000000000005,15.809999999999999,0.0,6.0,4.0,0.0,0.0
2026-01-12,Direct,(direct),345.18,126.14,31.33,11.200000000000001,43.23,4.0,2.0,0.0,0.0
2026-01-12,Email/SMS,Campaign - Monthly Newsletter,29.6,6.6,8.68,1.16,0.0,1.0,0.0,0.0,0.0
2026-01-12,Email/SMS,Flow - Abandoned Cart,291.34,129.2,16.45,9.05,0.0,2.0,0.0,0.0,0.0
2026-01-12,Email/SMS,Flow - Welcome Series,212.06,59.24,21.6,7.05,34.95,3.0,0.0,0.0,0.0
2026-01-12,Google Ads,PMax - Skincare Prospecting,127.44,30.08,23.42,4.6,66.41,3.0,3.0,39.42,141.34
2026-01-12,Google Ads,Search - Brand,132.95,46.4,16.41,4.45,0.0,2.0,2.0,13.05,137.41
2026-01-12,Google Ads,Search - Nonbrand Skincare,60.64,13.2,16.16,2.36,0.0,2.0,2.0,24.11,67.65
2026-01-12,Google Ads,Shopping - Bestsellers,134.95,34.2,18.02,4.5200000000000005,0.0,2.0,2.0,47.84,141.68
2026-01-12,Meta Ads,Prospecting - Broad,201.69,62.72,9.53,6.15,0.0,1.0,1.0,114.72,352.93
2026-01-12,Meta Ads,Prospecting - Lookalike 1%,75.2,19.8,16.19,2.7800000000000002,0.0,2.0,1.0,30.05,101.74
2026-01-12,Meta Ads,Retargeting - Cart Abandon,0.0,0.0,0.0,0.0,0.0,0.0,0.0,18.57,9.26
2026-01-12,Meta Ads,Retargeting - Engaged 30d,109.9,29.84,18.31,3.79,0.0,2.0,2.0,35.79,158.12
2026-01-12,Organic Search,(organic),138.87,44.160000000000004,15.469999999999999,4.63,44.52,2.0,0.0,0.0,0.0
2026-01-12,Organic Social,(organic social),155.86,40.2,24.159999999999997,5.42,0.0,3.0,3.0,0.0,0.0
2026-01-12,Unattributed,(not set),489.33,244.0,8.28,14.49,0.0,1.0,1.0,0.0,0.0
2026-01-13,Direct,(direct),33.3,7.2,8.02,1.27,0.0,1.0,0.0,0.0,0.0
2026-01-13,Email/SMS,Campaign - Monthly Newsletter,54.9,12.0,6.92,1.89,0.0,1.0,0.0,0.0,0.0
2026-01-13,Email/SMS,Flow - Abandoned Cart,92.07000000000001,24.08,15.91,3.2699999999999996,0.0,2.0,0.0,0.0,0.0
2026-01-13,Email/SMS,Flow - Post Purchase Winback,94.47,24.0,9.32,3.04,0.0,1.0,0.0,0.0,0.0
2026-01-13,Email/SMS,Flow - Welcome Series,223.73000000000002,70.32,24.35,7.390000000000001,0.0,3.0,0.0,0.0,0.0
2026-01-13,Google Ads,PMax - Skincare Prospecting,62.95,16.8,7.67,2.13,0.0,1.0,1.0,19.2,70.71
2026-01-13,Google Ads,Search - Brand,114.87,27.6,17.46,3.9400000000000004,0.0,2.0,1.0,13.52,129.03
2026-01-13,Google Ads,Search - Nonbrand Skincare,135.04000000000002,34.8,16.61,4.51,0.0,2.0,2.0,44.19,152.09
2026-01-13,Google Ads,Shopping - Bestsellers,40.95,10.88,6.53,1.49,0.0,1.0,1.0,11.41,45.14
2026-01-13,Meta Ads,Prospecting - Broad,131.89,31.2,17.08,4.42,0.0,2.0,2.0,82.53,173.5
2026-01-13,Meta Ads,Prospecting - Lookalike 1%,147.16000000000003,35.84,26.16,5.17,0.0,3.0,3.0,70.76,214.35
2026-01-13,Meta Ads,Retargeting - Cart Abandon,65.59,18.080000000000002,16.3,2.5,0.0,2.0,1.0,16.52,102.25
2026-01-13,Meta Ads,Retargeting - Engaged 30d,38.95,9.6,7.37,1.43,38.95,1.0,1.0,18.6,53.07
2026-01-13,Organic Search,(organic),575.6700000000001,182.56,63.49,19.09,0.0,8.0,7.0,0.0,0.0
2026-01-13,Unattributed,(not set),156.25,39.76,16.950000000000003,5.13,60.65,2.0,1.0,0.0,0.0
2026-01-14,Direct,(direct),443.86,124.26,50.05,14.670000000000002,40.75,6.0,3.0,0.0,0.0
2026-01-14,Email/SMS,Flow - Abandoned Cart,120.16000000000001,30.6,18.04,4.09,0.0,2.0,0.0,0.0,0.0
2026-01-14,Email/SMS,Flow - Post Purchase Winback,180.72,57.8,23.8,6.140000000000001,0.0,3.0,0.0,0.0,0.0
2026-01-14,Email/SMS,Flow - Welcome Series,142.8,33.379999999999995,23.63,5.050000000000001,0.0,3.0,0.0,0.0,0.0
2026-01-14,Google Ads,PMax - Skincare Prospecting,83.9,21.0,16.490000000000002,3.03,0.0,2.0,1.0,37.96,87.17
2026-01-14,Google Ads,Search - Brand,30.95,7.2,7.82,1.2,0.0,1.0,1.0,13.58,36.66
2026-01-14,Google Ads,Search - Nonbrand Skincare,220.93,58.199999999999996,23.45,7.300000000000001,36.76,3.0,2.0,60.34,280.44
2026-01-14,Google Ads,Shopping - Bestsellers,0.0,0.0,0.0,0.0,0.0,0.0,0.0,9.03,5.11
2026-01-14,Meta Ads,Prospecting - Broad,0.0,0.0,0.0,0.0,0.0,0.0,0.0,19.2,9.0
2026-01-14,Meta Ads,Prospecting - Lookalike 1%,277.94000000000005,64.5,39.47,9.559999999999999,0.0,5.0,5.0,104.58,393.01
2026-01-14,Meta Ads,Retargeting - Cart Abandon,25.009999999999998,6.6,8.25,1.03,0.0,1.0,1.0,16.2,39.19
2026-01-14,Meta Ads,Retargeting - Engaged 30d,98.0,38.0,8.62,3.14,0.0,1.0,1.0,31.52,138.67
2026-01-14,Organic Search,(organic),350.17,84.68,34.33,11.36,0.0,4.0,2.0,0.0,0.0
2026-01-14,Unattributed,(not set),118.03,28.88,16.26,4.03,67.08,2.0,1.0,0.0,0.0
2026-01-15,Direct,(direct),234.59,61.5,32.91,8.0,0.0,4.0,3.0,0.0,0.0
2026-01-15,Email/SMS,Flow - Post Purchase Winback,121.37,27.68,15.59,4.12,0.0,2.0,1.0,0.0,0.0
2026-01-15,Email/SMS,Flow - Welcome Series,245.57,64.8,23.98,8.02,0.0,3.0,0.0,0.0,0.0
2026-01-15,Google Ads,PMax - Skincare Prospecting,140.2,33.760000000000005,16.32,4.67,0.0,2.0,2.0,51.67,161.31
2026-01-15,Google Ads,Search - Brand,298.64,74.72,31.75,9.86,0.0,4.0,3.0,30.46,356.95
2026-01-15,Google Ads,Search - Nonbrand Skincare,0.0,0.0,0.0,0.0,0.0,0.0,0.0,12.98,11.84
2026-01-15,Google Ads,Shopping - Bestsellers,54.95,14.4,7.08,1.89,0.0,1.0,0.0,12.49,60.43
2026-01-15,Meta Ads,Prospecting - Broad,174.19000000000003,56.0,24.990000000000002,5.95,0.0,3.0,2.0,98.46,240.37
2026-01-15,Meta Ads,Prospecting - Lookalike 1%,175.85000000000002,40.8,30.150000000000002,6.3,0.0,4.0,3.0,64.4,247.74
2026-01-15,Meta Ads,Retargeting - Cart Abandon,157.78,40.96,14.7,5.17,0.0,2.0,2.0,34.28,241.19
2026-01-15,Meta Ads,Retargeting - Engaged 30d,154.18,37.64,22.25,5.37,0.0,3.0,2.0,44.65,220.61
2026-01-15,Organic Search,(organic),180.4,44.699999999999996,31.86,6.42,0.0,4.0,3.0,0.0,0.0
2026-01-15,Organic Social,(organic social),104.41,26.4,18.189999999999998,3.63,0.0,2.0,1.0,0.0,0.0
2026-01-16,Direct,(direct),143.63,34.8,32.45,5.359999999999999,0.0,4.0,1.0,0.0,0.0
2026-01-16,Email/SMS,Campaign - Monthly Newsletter,80.16,18.9,16.9,2.9299999999999997,0.0,2.0,0.0,0.0,0.0
2026-01-16,Email/SMS,Flow - Post Purchase Winback,54.6,13.2,7.21,1.88,0.0,1.0,0.0,0.0,0.0
2026-01-16,Google Ads,PMax - Skincare Prospecting,71.13000000000001,18.0,15.440000000000001,2.66,0.0,2.0,2.0,26.13,84.6
2026-01-16,Google Ads,Search - Brand,0.0,0.0,0.0,0.0,0.0,0.0,0.0,12.6,12.79
2026-01-16,Google Ads,Search - Nonbrand Skincare,0.0,0.0,0.0,0.0,0.0,0.0,0.0,14.0,7.13
2026-01-16,Google Ads,Shopping - Bestsellers,374.85,99.24000000000001,32.769999999999996,12.07,0.0,4.0,3.0,120.15,465.16
2026-01-16,Meta Ads,Prospecting - Broad,129.78,50.0,16.33,4.36,0.0,2.0,2.0,100.77,222.17
2026-01-16,Meta Ads,Prospecting - Lookalike 1%,206.85,53.54,35.67,7.199999999999999,49.3,4.0,3.0,116.53,271.42
2026-01-16,Meta Ads,Retargeting - Cart Abandon,148.9,49.4,14.71,4.91,0.0,2.0,2.0,31.97,209.94
2026-01-16,Meta Ads,Retargeting - Engaged 30d,163.89999999999998,38.7,25.64,5.66,0.0,3.0,3.0,42.88,238.31
2026-01-16,Organic Search,(organic),406.25,104.6,62.730000000000004,14.18,0.0,8.0,6.0,0.0,0.0
2026-01-16,Organic Social,(organic social),214.12,56.64,24.25,7.11,0.0,3.0,2.0,0.0,0.0
2026-01-16,Unattributed,(not set),38.95,9.6,7.22,1.43,0.0,1.0,1.0,0.0,0.0
2026-01-17,Direct,(direct),785.9899999999999,238.92000000000002,70.47,25.49,0.0,9.0,4.0,0.0,0.0
2026-01-17,Email/SMS,Campaign - Monthly Newsletter,33.4,7.2,9.59,1.27,0.0,1.0,0.0,0.0,0.0
2026-01-17,Email/SMS,Flow - Abandoned Cart,255.57999999999998,63.9,44.5,8.9,0.0,5.0,1.0,0.0,0.0
2026-01-17,Email/SMS,Flow - Welcome Series,116.42,32.480000000000004,17.86,3.98,0.0,2.0,0.0,0.0,0.0
2026-01-17,Google Ads,PMax - Skincare Prospecting,381.66,137.68,15.809999999999999,11.670000000000002,0.0,2.0,2.0,165.73,432.99
2026-01-17,Google Ads,Search - Brand,0.0,0.0,0.0,0.0,0.0,0.0,0.0,8.58,5.81
2026-01-17,Google Ads,Search - Nonbrand Skincare,53.57,10.5,7.59,1.85,0.0,1.0,1.0,13.25,64.16
2026-01-17,Google Ads,Shopping - Bestsellers,124.95,31.880000000000003,17.75,4.23,0.0,2.0,2.0,44.78,148.61
2026-01-17,Meta Ads,Prospecting - Broad,105.31,38.0,8.22,3.35,0.0,1.0,1.0,55.68,158.35
2026-01-17,Meta Ads,Prospecting - Lookalike 1%,114.54,28.200000000000003,15.14,3.92,28.95,2.0,2.0,45.49,160.85
2026-01-17,Meta Ads,Retargeting - Cart Abandon,117.9,27.68,18.28,4.02,0.0,2.0,2.0,25.74,142.06
2026-01-17,Meta Ads,Retargeting - Engaged 30d,116.37,44.6,17.14,3.9799999999999995,0.0,2.0,1.0,34.18,174.77
2026-01-17,Organic Search,(organic),439.42999999999995,116.91999999999999,66.1,15.139999999999999,0.0,8.0,7.0,0.0,0.0
2026-01-17,Organic Social,(organic social),38.95,9.6,7.23,1.43,38.95,1.0,0.0,0.0,0.0
2026-01-17,Unattributed,(not set),48.940000000000005,10.5,7.18,1.72,0.0,1.0,0.0,0.0,0.0
2026-01-18,Direct,(direct),1120.39,304.55999999999995,104.12999999999998,36.39,44.95,13.0,4.0,0.0,0.0
2026-01-18,Email/SMS,Campaign - Monthly Newsletter,219.5,55.36,24.7,7.26,80.8,3.0,1.0,0.0,0.0
2026-01-18,Email/SMS,Flow - Abandoned Cart,333.01,143.76,17.42,10.26,0.0,2.0,0.0,0.0,0.0
2026-01-18,Email/SMS,Flow - Post Purchase Winback,30.95,7.2,8.42,1.2,0.0,1.0,0.0,0.0,0.0
2026-01-18,Email/SMS,Flow - Welcome Series,51.86,10.5,8.47,1.8,0.0,1.0,0.0,0.0,0.0
2026-01-18,Google Ads,PMax - Skincare Prospecting,325.47,120.6,16.33,10.04,0.0,2.0,2.0,147.55,370.26
2026-01-18,Google Ads,Search - Brand,61.9,14.4,15.15,2.4,0.0,2.0,2.0,12.64,68.57
2026-01-18,Google Ads,Search - Nonbrand Skincare,0.0,0.0,0.0,0.0,0.0,0.0,0.0,12.95,13.67
2026-01-18,Google Ads,Shopping - Bestsellers,95.05000000000001,23.4,15.870000000000001,3.3499999999999996,54.95,2.0,2.0,22.88,117.66
2026-01-18,Meta Ads,Prospecting - Broad,66.97,15.68,6.62,2.24,0.0,1.0,1.0,48.64,99.1
2026-01-18,Meta Ads,Prospecting - Lookalike 1%,30.95,7.2,9.52,1.2,0.0,1.0,0.0,13.07,46.78
2026-01-18,Meta Ads,Retargeting - Cart Abandon,36.0,10.88,7.99,1.34,0.0,1.0,0.0,18.35,60.51
2026-01-18,Meta Ads,Retargeting - Engaged 30d,34.95,8.4,8.63,1.31,0.0,1.0,1.0,18.36,49.61
2026-01-18,Organic Search,(organic),200.84,45.6,42.5,7.32,30.95,5.0,3.0,0.0,0.0
2026-01-18,Unattributed,(not set),241.26,87.4,16.65,7.59,0.0,2.0,1.0,0.0,0.0
2026-01-19,Direct,(direct),368.9,88.96000000000001,44.07,12.49,54.95,6.0,2.0,0.0,0.0
2026-01-19,Email/SMS,Campaign - Monthly Newsletter,70.17,16.2,16.93,2.6399999999999997,0.0,2.0,0.0,0.0,0.0
2026-01-19,Email/SMS,Flow - Abandoned Cart,154.95,37.800000000000004,24.07,5.39,0.0,3.0,0.0,0.0,0.0
2026-01-19,Email/SMS,Flow - Post Purchase Winback,103.16,27.68,16.509999999999998,3.59,0.0,2.0,1.0,0.0,0.0
2026-01-19,Email/SMS,Flow - Welcome Series,57.980000000000004,15.68,9.14,1.98,0.0,1.0,0.0,0.0,0.0
2026-01-19,Google Ads,PMax - Skincare Prospecting,84.0,25.2,8.26,2.74,0.0,1.0,1.0,28.26,97.78
2026-01-19,Google Ads,Search - Brand,0.0,0.0,0.0,0.0,0.0,0.0,0.0,13.41,14.26
2026-01-19,Google Ads,Search - Nonbrand Skincare,0.0,0.0,0.0,0.0,0.0,0.0,0.0,14.55,13.69
2026-01-19,Google Ads,Shopping - Bestsellers,28.32,7.2,9.37,1.12,0.0,1.0,1.0,9.34,36.32
2026-01-19,Meta Ads,Prospecting - Broad,30.95,7.2,8.57,1.2,0.0,1.0,1.0,19.29,37.46
2026-01-19,Meta Ads,Prospecting - Lookalike 1%,89.9,20.4,13.91,3.2,0.0,2.0,2.0,36.28,135.88
2026-01-19,Meta Ads,Retargeting - Cart Abandon,199.43,69.5,15.93,6.380000000000001,0.0,2.0,1.0,34.33,321.48
2026-01-19,Meta Ads,Retargeting - Engaged 30d,279.61,81.9,23.45,9.0,0.0,3.0,2.0,106.9,397.52
2026-01-19,Organic Search,(organic),144.37,36.68,22.18,5.09,0.0,3.0,1.0,0.0,0.0
2026-01-19,Organic Social,(organic social),48.760000000000005,11.4,9.58,1.71,0.0,1.0,1.0,0.0,0.0
2026-01-19,Unattributed,(not set),97.06,23.4,14.99,3.42,0.0,2.0,2.0,0.0,0.0
2026-01-20,Direct,(direct),315.32,74.69999999999999,48.760000000000005,10.940000000000001,0.0,6.0,1.0,0.0,0.0
2026-01-20,Email/SMS,Campaign - Monthly Newsletter,82.6,38.0,7.18,2.7,0.0,1.0,0.0,0.0,0.0
2026-01-20,Email/SMS,Flow - Abandoned Cart,170.2,47.24,23.939999999999998,5.84,0.0,3.0,0.0,0.0,0.0
2026-01-20,Email/SMS,Flow - Post Purchase Winback,389.92,141.8,16.15,11.91,0.0,2.0,0.0,0.0,0.0
2026-01-20,Email/SMS,Flow - Welcome Series,238.02,62.72,8.2,7.2,0.0,1.0,1.0,0.0,0.0
2026-01-20,Google Ads,PMax - Skincare Prospecting,28.95,6.6,6.58,1.14,0.0,1.0,0.0,8.95,30.12
2026-01-20,Google Ads,Search - Brand,54.95,12.0,7.82,1.89,0.0,1.0,1.0,12.33,60.7
2026-01-20,Google Ads,Search - Nonbrand Skincare,84.0,21.0,8.46,2.74,0.0,1.0,1.0,30.23,100.85
2026-01-20,Google Ads,Shopping - Bestsellers,391.34,131.06,31.0,12.540000000000001,0.0,4.0,4.0,90.29,487.39
2026-01-20,Meta Ads,Prospecting - Broad,178.54,44.4,15.32,5.78,0.0,2.0,2.0,113.97,244.86
2026-01-20,Meta Ads,Prospecting - Lookalike 1%,0.0,0.0,0.0,0.0,0.0,0.0,0.0,11.37,8.98
2026-01-20,Meta Ads,Retargeting - Cart Abandon,239.89000000000004,61.2,20.61,7.85,58.92,3.0,3.0,51.38,383.39
2026-01-20,Meta Ads,Retargeting - Engaged 30d,101.47,24.0,8.75,3.24,0.0,1.0,1.0,28.71,154.09
2026-01-20,Organic Search,(organic),212.83000000000004,51.6,40.269999999999996,7.669999999999999,0.0,5.0,4.0,0.0,0.0
2026-01-20,Organic Social,(organic social),117.9,28.8,17.5,4.02,31.48,2.0,2.0,0.0,0.0
2026-01-21,Direct,(direct),153.06,37.5,31.370000000000005,5.640000000000001,0.0,4.0,1.0,0.0,0.0
2026-01-21,Email/SMS,Flow - Abandoned Cart,107.88000000000001,24.0,17.1,3.73,26.77,2.0,1.0,0.0,0.0
2026-01-21,Email/SMS,Flow - Post Purchase Winback,71.45,19.28,15.23,2.67,0.0,2.0,0.0,0.0,0.0
2026-01-21,Email/SMS,Flow - Welcome Series,132.68,31.880000000000003,24.47,4.75,0.0,3.0,0.0,0.0,0.0
2026-01-21,Google Ads,PMax - Skincare Prospecting,0.0,0.0,0.0,0.0,0.0,0.0,0.0,9.79,7.71
2026-01-21,Google Ads,Search - Brand,52.43,10.5,7.68,1.82,0.0,1.0,0.0,9.11,56.42
2026-01-21,Google Ads,Search - Nonbrand Skincare,310.73,80.92000000000002,32.06,10.219999999999999,0.0,4.0,2.0,105.75,372.96
2026-01-21,Google Ads,Shopping - Bestsellers,144.0,36.0,9.05,4.48,0.0,1.0,1.0,45.06,171.14
2026-01-21,Meta Ads,Prospecting - Broad,130.9,31.2,16.64,4.4,0.0,2.0,2.0,85.84,201.28
2026-01-21,Meta Ads,Prospecting - Lookalike 1%,266.7,90.4,15.06,8.33,0.0,2.0,2.0,88.8,370.25
2026-01-21,Meta Ads,Retargeting - Cart Abandon,389.51,133.72,31.41,12.5,109.87,4.0,4.0,59.01,546.58
2026-01-21,Meta Ads,Retargeting - Engaged 30d,27.11,6.6,8.43,1.09,0.0,1.0,1.0,16.58,42.71
2026-01-21,Organic Search,(organic),278.75,88.48,31.97,9.27,0.0,4.0,4.0,0.0,0.0
2026-01-21,Organic Social,(organic social),150.11,38.4,22.28,5.25,38.98,3.0,0.0,0.0,0.0
2026-01-21,Unattributed,(not set),30.95,7.2,8.56,1.2,0.0,1.0,0.0,0.0,0.0
2026-01-22,Direct,(direct),458.84,134.89999999999998,48.239999999999995,15.1,52.5,6.0,3.0,0.0,0.0
2026-01-22,Email/SMS,Campaign - Monthly Newsletter,84.0,21.0,8.06,2.74,0.0,1.0,0.0,0.0,0.0
2026-01-22,Email/SMS,Flow - Welcome Series,286.95,78.4,16.66,8.93,0.0,2.0,0.0,0.0,0.0
2026-01-22,Google Ads,PMax - Skincare Prospecting,0.0,0.0,0.0,0.0,0.0,0.0,0.0,10.31,10.6
2026-01-22,Google Ads,Search - Brand,105.66000000000001,25.8,16.13,3.66,58.08,2.0,2.0,14.57,118.27
2026-01-22,Google Ads,Search - Nonbrand Skincare,63.92,16.64,8.23,2.15,0.0,1.0,0.0,18.71,76.66
2026-01-22,Google Ads,Shopping - Bestsellers,206.5,52.64,15.75,6.59,0.0,2.0,2.0,73.89,251.17
2026-01-22,Meta Ads,Prospecting - Broad,255.4,88.0,17.41,8.0,0.0,2.0,2.0,180.95,355.81
2026-01-22,Meta Ads,Prospecting - Lookalike 1%,114.95,32.4,18.549999999999997,3.9299999999999997,0.0,2.0,2.0,41.53,149.72
2026-01-22,Meta Ads,Retargeting - Cart Abandon,612.1800000000001,230.48000000000002,32.21,18.96,145.0,4.0,1.0,91.1,957.18
2026-01-22,Meta Ads,Retargeting - Engaged 30d,264.11,85.0,26.990000000000002,8.56,0.0,3.0,2.0,96.79,418.24
2026-01-22,Organic Search,(organic),355.67,103.32,49.559999999999995,12.119999999999997,0.0,6.0,3.0,0.0,0.0
2026-01-22,Organic Social,(organic social),126.23,33.3,17.240000000000002,4.26,0.0,2.0,2.0,0.0,0.0
2026-01-22,Unattributed,(not set),48.95,10.5,7.75,1.72,0.0,1.0,1.0,0.0,0.0
2026-01-23,Direct,(direct),451.65,151.8,39.730000000000004,14.590000000000002,0.0,5.0,2.0,0.0,0.0
2026-01-23,Email/SMS,Campaign - Monthly Newsletter,233.43,84.4,16.84,7.37,0.0,2.0,0.0,0.0,0.0
2026-01-23,Email/SMS,Flow - Abandoned Cart,50.09,12.0,8.75,1.75,0.0,1.0,0.0,0.0,0.0
2026-01-23,Email/SMS,Flow - Welcome Series,145.0,61.0,7.99,4.5,0.0,1.0,0.0,0.0,0.0
2026-01-23,Google Ads,PMax - Skincare Prospecting,0.0,0.0,0.0,0.0,0.0,0.0,0.0,10.82,9.61
2026-01-23,Google Ads,Search - Brand,0.0,0.0,0.0,0.0,0.0,0.0,0.0,9.12,8.17
2026-01-23,Google Ads,Search - Nonbrand Skincare,259.41999999999996,93.47999999999999,24.18,8.42,0.0,3.0,2.0,93.55,297.6
2026-01-23,Google Ads,Shopping - Bestsellers,121.26,27.68,18.310000000000002,4.12,0.0,2.0,2.0,30.73,144.56
2026-01-23,Meta Ads,Prospecting - Broad,171.25,52.480000000000004,14.77,5.57,75.86,2.0,2.0,89.4,261.82
2026-01-23,Meta Ads,Prospecting - Lookalike 1%,462.70000000000005,152.72,31.259999999999998,14.620000000000001,0.0,4.0,4.0,282.84,758.5
2026-01-23,Meta Ads,Retargeting - Cart Abandon,315.91,92.8,24.25,10.06,0.0,3.0,3.0,59.01,525.25
2026-01-23,Meta Ads,Retargeting - Engaged 30d,48.27,11.4,7.85,1.7,0.0,1.0,1.0,17.89,59.51
2026-01-23,Organic Search,(organic),552.1,160.72,53.76000000000001,18.11,103.68,7.0,3.0,0.0,0.0
2026-01-23,Organic Social,(organic social),292.35,91.32,39.330000000000005,9.98,0.0,5.0,4.0,0.0,0.0
2026-01-24,Direct,(direct),69.9,16.8,15.719999999999999,2.63,0.0,2.0,1.0,0.0,0.0
2026-01-24,Email/SMS,Campaign - Monthly Newsletter,201.46,64.4,22.770000000000003,6.7299999999999995,0.0,3.0,1.0,0.0,0.0
2026-01-24,Email/SMS,Flow - Abandoned Cart,58.44,16.64,6.56,1.99,0.0,1.0,1.0,0.0,0.0
2026-01-24,Email/SMS,Flow - Welcome Series,76.58000000000001,19.8,16.520000000000003,2.82,39.09,2.0,0.0,0.0,0.0
2026-01-24,Google Ads,PMax - Skincare Prospecting,107.94,24.9,26.0,4.03,0.0,3.0,3.0,42.95,127.6
2026-01-24,Google Ads,Search - Brand,82.68,23.84,14.440000000000001,3.0,0.0,2.0,2.0,8.9,108.29
2026-01-24,Google Ads,Search - Nonbrand Skincare,90.41,20.1,15.27,3.2199999999999998,0.0,2.0,2.0,35.84,106.76
2026-01-24,Google Ads,Shopping - Bestsellers,187.76999999999998,45.0,33.480000000000004,6.65,0.0,4.0,3.0,46.94,225.88
2026-01-24,Meta Ads,Prospecting - Broad,54.95,14.4,8.9,1.89,0.0,1.0,0.0,26.85,82.09
2026-01-24,Meta Ads,Prospecting - Lookalike 1%,116.98,29.4,26.08,4.29,0.0,3.0,2.0,52.3,181.16
2026-01-24,Meta Ads,Retargeting - Cart Abandon,169.19,42.599999999999994,22.869999999999997,5.8,0.0,3.0,3.0,31.81,246.34
2026-01-24,Meta Ads,Retargeting - Engaged 30d,409.55,106.60000000000001,31.099999999999998,13.079999999999998,0.0,4.0,4.0,135.81,510.66
2026-01-24,Organic Search,(organic),431.42,122.97999999999999,40.26,14.01,0.0,5.0,3.0,0.0,0.0
2026-01-24,Organic Social,(organic social),274.07,91.60000000000001,21.810000000000002,8.85,0.0,3.0,3.0,0.0,0.0
2026-01-24,Unattributed,(not set),28.95,6.6,7.58,1.14,0.0,1.0,1.0,0.0,0.0
2026-01-25,Direct,(direct),339.62,113.44,31.45,11.05,0.0,4.0,2.0,0.0,0.0
2026-01-25,Email/SMS,Campaign - Monthly Newsletter,114.0,34.2,8.84,3.61,0.0,1.0,0.0,0.0,0.0
2026-01-25,Email/SMS,Flow - Abandoned Cart,60.410000000000004,15.68,8.07,2.05,60.41,1.0,0.0,0.0,0.0
2026-01-25,Email/SMS,Flow - Post Purchase Winback,154.43,61.0,7.39,4.78,0.0,1.0,0.0,0.0,0.0
2026-01-25,Email/SMS,Flow - Welcome Series,161.99,44.480000000000004,16.29,5.3,0.0,2.0,0.0,0.0,0.0
2026-01-25,Google Ads,PMax - Skincare Prospecting,96.0,24.0,7.71,3.08,0.0,1.0,1.0,31.37,114.2
2026-01-25,Google Ads,Search - Brand,0.0,0.0,0.0,0.0,0.0,0.0,0.0,9.33,8.11
2026-01-25,Google Ads,Search - Nonbrand Skincare,117.3,28.2,16.98,4.01,0.0,2.0,1.0,29.57,128.59
2026-01-25,Google Ads,Shopping - Bestsellers,70.68,18.0,16.73,2.65,33.15,2.0,2.0,24.92,80.92
2026-01-25,Meta Ads,Prospecting - Broad,191.5,52.96,22.950000000000003,6.449999999999999,0.0,3.0,3.0,93.84,313.92
2026-01-25,Meta Ads,Prospecting - Lookalike 1%,30.55,6.6,8.52,1.19,0.0,1.0,1.0,19.43,47.27
2026-01-25,Meta Ads,Retargeting - Cart Abandon,336.5,89.32000000000001,47.48,11.55,0.0,6.0,6.0,70.06,519.39
2026-01-25,Meta Ads,Retargeting - Engaged 30d,178.31,43.2,41.34,6.680000000000001,0.0,5.0,4.0,54.33,280.36
2026-01-25,Organic Search,(organic),442.65,142.22,38.51,14.33,0.0,5.0,5.0,0.0,0.0
2026-01-25,Organic Social,(organic social),132.20999999999998,47.6,16.58,4.43,0.0,2.0,1.0,0.0,0.0
2026-01-25,Unattributed,(not set),28.95,6.6,9.01,1.14,0.0,1.0,1.0,0.0,0.0
2026-01-26,Direct,(direct),448.35,167.68,16.08,13.6,392.0,2.0,0.0,0.0,0.0
2026-01-26,Email/SMS,Campaign - Monthly Newsletter,82.71000000000001,22.28,16.560000000000002,3.0,0.0,2.0,0.0,0.0,0.0
2026-01-26,Email/SMS,Flow - Post Purchase Winback,265.0,70.8,23.689999999999998,8.59,0.0,3.0,0.0,0.0,0.0
2026-01-26,Email/SMS,Flow - Welcome Series,286.17,96.1,24.16,9.2,0.0,3.0,1.0,0.0,0.0
2026-01-26,Google Ads,PMax - Skincare Prospecting,89.74000000000001,21.0,15.5,3.2,0.0,2.0,1.0,45.67,93.29
2026-01-26,Google Ads,Search - Brand,72.16999999999999,21.76,8.02,2.39,0.0,1.0,1.0,12.29,91.62
2026-01-26,Google Ads,Search - Nonbrand Skincare,111.06,33.28,7.13,3.52,0.0,1.0,0.0,31.51,133.73
2026-01-26,Google Ads,Shopping - Bestsellers,402.33,100.48,33.13,12.870000000000001,33.64,4.0,4.0,89.21,415.08
2026-01-26,Meta Ads,Prospecting - Broad,116.46000000000001,33.0,15.24,3.9800000000000004,0.0,2.0,2.0,72.36,151.14
2026-01-26,Meta Ads,Prospecting - Lookalike 1%,34.95,8.4,9.02,1.31,0.0,1.0,0.0,18.33,41.29
2026-01-26,Meta Ads,Retargeting - Cart Abandon,185.01999999999998,56.1,16.09,5.97,0.0,2.0,2.0,37.57,284.39
2026-01-26,Meta Ads,Retargeting - Engaged 30d,28.95,6.6,9.39,1.14,0.0,1.0,1.0,19.01,44.09
2026-01-26,Organic Search,(organic),290.79,70.27999999999999,48.839999999999996,10.23,0.0,6.0,5.0,0.0,0.0
2026-01-27,Direct,(direct),60.739999999999995,14.4,16.52,2.36,0.0,2.0,0.0,0.0,0.0
2026-01-27,Email/SMS,Flow - Post Purchase Winback,349.78,112.0,25.509999999999998,11.040000000000001,196.0,3.0,0.0,0.0,0.0
2026-01-27,Email/SMS,Flow - Welcome Series,157.78,37.800000000000004,30.86,5.77,0.0,4.0,0.0,0.0,0.0
2026-01-27,Google Ads,PMax - Skincare Prospecting,166.71,54.8,18.29,5.43,0.0,2.0,2.0,62.47,199.98
2026-01-27,Google Ads,Search - Brand,103.9,28.04,15.629999999999999,3.61,0.0,2.0,2.0,12.65,122.95
2026-01-27,Google Ads,Search - Nonbrand Skincare,96.46000000000001,21.9,17.73,3.4,0.0,2.0,2.0,37.12,109.71
2026-01-27,Google Ads,Shopping - Bestsellers,44.95,11.4,8.67,1.6,0.0,1.0,1.0,12.07,53.68
2026-01-27,Meta Ads,Prospecting - Broad,150.2,41.86,15.49,4.96,0.0,2.0,2.0,102.95,212.13
2026-01-27,Meta Ads,Prospecting - Lookalike 1%,177.89999999999998,55.7,24.41,6.06,0.0,3.0,2.0,98.19,265.93
2026-01-27,Meta Ads,Retargeting - Cart Abandon,181.76999999999998,59.0,15.120000000000001,5.87,0.0,2.0,2.0,35.97,271.38
2026-01-27,Meta Ads,Retargeting - Engaged 30d,0.0,0.0,0.0,0.0,0.0,0.0,0.0,15.09,7.97
2026-01-27,Organic Search,(organic),369.99999999999994,95.4,46.41,12.510000000000002,0.0,6.0,5.0,0.0,0.0
2026-01-27,Organic Social,(organic social),200.3,53.84,21.490000000000002,6.71,0.0,3.0,3.0,0.0,0.0
2026-01-27,Unattributed,(not set),59.64,12.0,7.16,2.03,0.0,1.0,1.0,0.0,0.0
2026-01-28,Direct,(direct),457.16,133.68,57.88000000000001,15.34,0.0,7.0,3.0,0.0,0.0
2026-01-28,Email/SMS,Campaign - Monthly Newsletter,38.95,9.6,8.0,1.43,0.0,1.0,1.0,0.0,0.0
2026-01-28,Email/SMS,Flow - Abandoned Cart,112.61000000000001,27.68,15.399999999999999,3.87,49.66,2.0,0.0,0.0,0.0
2026-01-28,Email/SMS,Flow - Post Purchase Winback,95.18,38.0,7.06,3.06,0.0,1.0,1.0,0.0,0.0
2026-01-28,Email/SMS,Flow - Welcome Series,28.95,6.6,8.45,1.14,28.95,1.0,0.0,0.0,0.0
2026-01-28,Google Ads,PMax - Skincare Prospecting,197.5,55.2,17.46,6.33,0.0,2.0,1.0,66.79,229.37
2026-01-28,Google Ads,Search - Brand,176.95,54.400000000000006,17.29,5.73,0.0,2.0,2.0,17.73,199.46
2026-01-28,Google Ads,Search - Nonbrand Skincare,216.1,73.0,14.95,6.86,0.0,2.0,2.0,83.3,251.0
2026-01-28,Google Ads,Shopping - Bestsellers,88.21000000000001,21.6,15.309999999999999,3.15,0.0,2.0,1.0,23.66,107.56
2026-01-28,Meta Ads,Prospecting - Broad,0.0,0.0,0.0,0.0,0.0,0.0,0.0,13.89,5.11
2026-01-28,Meta Ads,Prospecting - Lookalike 1%,141.34,35.84,17.73,4.699999999999999,0.0,2.0,2.0,75.89,203.36
2026-01-28,Meta Ads,Retargeting - Cart Abandon,144.85,38.24,22.799999999999997,5.1,0.0,3.0,2.0,24.83,182.85
2026-01-28,Meta Ads,Retargeting - Engaged 30d,187.93,48.14,23.28,6.3500000000000005,0.0,3.0,3.0,58.05,262.79
2026-01-28,Organic Search,(organic),175.19,42.9,24.81,5.98,0.0,3.0,1.0,0.0,0.0
2026-01-28,Organic Social,(organic social),58.95,16.64,7.15,2.01,0.0,1.0,1.0,0.0,0.0
2026-01-28,Unattributed,(not set),176.10000000000002,48.6,16.19,5.71,72.95,2.0,2.0,0.0,0.0
2026-01-29,Direct,(direct),325.82,81.08,39.949999999999996,10.94,0.0,5.0,2.0,0.0,0.0
2026-01-29,Email/SMS,Flow - Abandoned Cart,137.65,33.38,23.36,4.89,0.0,3.0,0.0,0.0,0.0
2026-01-29,Google Ads,PMax - Skincare Prospecting,277.01,75.52000000000001,30.5,9.23,0.0,4.0,4.0,130.8,313.86
2026-01-29,Google Ads,Search - Brand,426.46,162.95999999999998,24.75,13.27,0.0,3.0,3.0,47.7,537.58
2026-01-29,Google Ads,Search - Nonbrand Skincare,33.74,7.2,8.23,1.28,0.0,1.0,1.0,9.81,37.39
2026-01-29,Google Ads,Shopping - Bestsellers,227.54999999999998,53.78,39.37,8.100000000000001,0.0,5.0,4.0,76.7,246.96
2026-01-29,Meta Ads,Prospecting - Broad,218.7,52.5,33.44,7.54,0.0,4.0,3.0,105.59,335.08
2026-01-29,Meta Ads,Prospecting - Lookalike 1%,88.75,21.0,7.33,2.87,0.0,1.0,1.0,39.18,112.92
2026-01-29,Meta Ads,Retargeting - Cart Abandon,155.36,61.0,7.96,4.81,0.0,1.0,1.0,31.28,203.7
2026-01-29,Meta Ads,Retargeting - Engaged 30d,30.95,7.2,8.77,1.2,0.0,1.0,0.0,16.3,37.76
2026-01-29,Organic Search,(organic),411.09,104.4,49.24,13.729999999999999,58.9,6.0,5.0,0.0,0.0
2026-01-29,Organic Social,(organic social),119.04,33.6,9.25,3.75,0.0,1.0,1.0,0.0,0.0
2026-01-30,Direct,(direct),348.26,87.0,39.83,11.6,0.0,5.0,2.0,0.0,0.0
2026-01-30,Email/SMS,Campaign - Monthly Newsletter,206.32999999999998,54.0,32.89,7.180000000000001,44.95,4.0,1.0,0.0,0.0
2026-01-30,Email/SMS,Flow - Abandoned Cart,341.5,140.6,24.18,10.8,0.0,3.0,0.0,0.0,0.0
2026-01-30,Email/SMS,Flow - Welcome Series,50.95,13.2,8.41,1.78,0.0,1.0,0.0,0.0,0.0
2026-01-30,Google Ads,PMax - Skincare Prospecting,207.76999999999998,53.84,32.22,7.229999999999999,0.0,4.0,3.0,104.9,238.81
2026-01-30,Google Ads,Search - Brand,62.480000000000004,16.64,8.89,2.11,0.0,1.0,1.0,8.73,64.87
2026-01-30,Google Ads,Search - Nonbrand Skincare,0.0,0.0,0.0,0.0,0.0,0.0,0.0,8.55,4.09
2026-01-30,Google Ads,Shopping - Bestsellers,0.0,0.0,0.0,0.0,0.0,0.0,0.0,12.42,8.45
2026-01-30,Meta Ads,Prospecting - Broad,30.95,7.2,6.96,1.2,0.0,1.0,0.0,23.11,38.6
2026-01-30,Meta Ads,Prospecting - Lookalike 1%,37.34,10.88,9.37,1.38,0.0,1.0,1.0,18.12,49.7
2026-01-30,Meta Ads,Retargeting - Cart Abandon,271.72,68.24000000000001,39.06999999999999,9.379999999999999,48.95,5.0,2.0,57.38,404.23
2026-01-30,Meta Ads,Retargeting - Engaged 30d,34.95,8.4,8.63,1.31,0.0,1.0,1.0,15.01,49.04
2026-01-30,Organic Search,(organic),555.84,196.51999999999998,48.75,17.92,0.0,6.0,2.0,0.0,0.0
2026-01-30,Organic Social,(organic social),158.32,39.440000000000005,31.07,5.789999999999999,0.0,4.0,3.0,0.0,0.0
2026-01-30,Unattributed,(not set),45.28,11.4,7.83,1.61,22.64,1.0,0.0,0.0,0.0
2026-01-31,Direct,(direct),412.68,122.60000000000001,58.559999999999995,14.06,98.0,7.0,3.0,0.0,0.0
2026-01-31,Email/SMS,Campaign - Monthly Newsletter,104.63,24.9,15.35,3.6399999999999997,23.19,2.0,0.0,0.0,0.0
2026-01-31,Email/SMS,Flow - Abandoned Cart,97.53,27.6,15.469999999999999,3.42,0.0,2.0,0.0,0.0,0.0
2026-01-31,Email/SMS,Flow - Post Purchase Winback,102.76,24.0,7.79,3.28,0.0,1.0,0.0,0.0,0.0
2026-01-31,Email/SMS,Flow - Welcome Series,194.61,70.6,14.95,6.24,0.0,2.0,1.0,0.0,0.0
2026-01-31,Google Ads,PMax - Skincare Prospecting,24.919999999999998,6.6,7.67,1.02,0.0,1.0,0.0,14.02,34.59
2026-01-31,Google Ads,Search - Brand,44.95,11.4,7.39,1.6,0.0,1.0,1.0,12.31,53.0
2026-01-31,Google Ads,Search - Nonbrand Skincare,320.69,136.8,15.1,9.9,0.0,2.0,2.0,124.57,410.68
2026-01-31,Google Ads,Shopping - Bestsellers,260.9,77.96000000000001,14.85,8.16,0.0,2.0,2.0,90.8,273.06
2026-01-31,Meta Ads,Prospecting - Broad,209.76,48.0,17.990000000000002,6.68,0.0,2.0,2.0,123.58,264.35
2026-01-31,Meta Ads,Prospecting - Lookalike 1%,30.95,7.2,7.9,1.2,0.0,1.0,1.0,16.3,42.71
2026-01-31,Meta Ads,Retargeting - Cart Abandon,49.1,13.2,8.38,1.72,0.0,1.0,0.0,15.75,72.62
2026-01-31,Meta Ads,Retargeting - Engaged 30d,82.75,17.7,14.86,3.0,0.0,2.0,2.0,29.93,123.65
2026-01-31,Organic Search,(organic),682.39,191.29999999999998,81.92,22.779999999999998,45.9,10.0,6.0,0.0,0.0
2026-01-31,Organic Social,(organic social),217.45,52.36,21.53,7.210000000000001,150.82,3.0,2.0,0.0,0.0
2026-02-01,Direct,(direct),295.35,80.0,40.99,10.06,0.0,5.0,1.0,0.0,0.0
2026-02-01,Email/SMS,Campaign - Monthly Newsletter,412.54999999999995,143.4,33.06,13.170000000000002,0.0,4.0,1.0,0.0,0.0
2026-02-01,Email/SMS,Flow - Abandoned Cart,129.66,61.0,8.72,4.06,0.0,1.0,0.0,0.0,0.0
2026-02-01,Email/SMS,Flow - Post Purchase Winback,98.0,38.0,8.85,3.14,0.0,1.0,1.0,0.0,0.0
2026-02-01,Email/SMS,Flow - Welcome Series,44.95,11.4,9.15,1.6,0.0,1.0,0.0,0.0,0.0
2026-02-01,Google Ads,PMax - Skincare Prospecting,313.90999999999997,76.8,30.390000000000004,10.3,0.0,4.0,3.0,117.53,326.5
2026-02-01,Google Ads,Search - Brand,73.59,22.8,8.03,2.43,73.59,1.0,1.0,10.12,95.88
2026-02-01,Google Ads,Search - Nonbrand Skincare,73.22,18.0,15.78,2.73,0.0,2.0,0.0,20.52,87.43
2026-02-01,Google Ads,Shopping - Bestsellers,84.0,21.0,7.21,2.74,0.0,1.0,1.0,27.34,97.77
2026-02-01,Meta Ads,Prospecting - Broad,408.65999999999997,129.18,42.58,13.350000000000001,62.95,5.0,2.0,304.7,589.06
2026-02-01,Meta Ads,Prospecting - Lookalike 1%,100.10000000000001,26.240000000000002,15.71,3.5,0.0,2.0,1.0,41.95,151.74
2026-02-01,Meta Ads,Retargeting - Cart Abandon,62.95,15.68,9.3,2.13,0.0,1.0,0.0,16.13,86.06
2026-02-01,Meta Ads,Retargeting - Engaged 30d,144.6,34.8,24.549999999999997,5.1,0.0,3.0,3.0,40.43,222.2
2026-02-01,Organic Search,(organic),663.4100000000001,185.45999999999998,81.34,22.240000000000002,89.67,10.0,4.0,0.0,0.0
2026-02-01,Organic Social,(organic social),152.0,45.6,7.35,4.71,0.0,1.0,1.0,0.0,0.0
2026-02-02,Direct,(direct),265.99,62.480000000000004,56.120000000000005,9.81,0.0,7.0,5.0,0.0,0.0
2026-02-02,Email/SMS,Flow - Abandoned Cart,179.74,49.94,24.5,6.119999999999999,40.12,3.0,0.0,0.0,0.0
2026-02-02,Email/SMS,Flow - Post Purchase Winback,138.67000000000002,34.5,15.9,4.62,42.67,2.0,0.0,0.0,0.0
2026-02-02,Email/SMS,Flow - Welcome Series,213.82999999999998,77.64,17.630000000000003,6.8,0.0,2.0,0.0,0.0,0.0
2026-02-02,Google Ads,PMax - Skincare Prospecting,87.24,38.0,8.65,2.83,0.0,1.0,1.0,32.23,106.22
2026-02-02,Google Ads,Search - Brand,186.63,43.28,31.180000000000003,6.609999999999999,0.0,4.0,4.0,24.59,210.18
2026-02-02,Google Ads,Search - Nonbrand Skincare,96.0,24.0,7.72,3.08,0.0,1.0,0.0,32.21,115.41
2026-02-02,Google Ads,Shopping - Bestsellers,44.95,11.4,7.06,1.6,0.0,1.0,1.0,12.64,53.63
2026-02-02,Meta Ads,Prospecting - Broad,237.26999999999998,62.099999999999994,32.03,8.09,0.0,4.0,2.0,145.44,350.65
2026-02-02,Meta Ads,Prospecting - Lookalike 1%,54.95,12.0,7.28,1.89,0.0,1.0,1.0,24.58,66.69
2026-02-02,Meta Ads,Retargeting - Cart Abandon,70.95,19.2,8.29,2.36,0.0,1.0,1.0,16.27,108.66
2026-02-02,Meta Ads,Retargeting - Engaged 30d,0.0,0.0,0.0,0.0,0.0,0.0,0.0,16.81,17.69
2026-02-02,Organic Search,(organic),216.24,53.7,32.1,7.48,0.0,4.0,3.0,0.0,0.0
2026-02-02,Organic Social,(organic social),62.95,16.8,7.11,2.13,0.0,1.0,1.0,0.0,0.0
2026-02-02,Unattributed,(not set),127.99000000000001,28.2,25.11,4.609999999999999,0.0,3.0,2.0,0.0,0.0
2026-02-03,Direct,(direct),286.45,66.08,48.690000000000005,10.09,0.0,6.0,4.0,0.0,0.0
2026-02-03,Email/SMS,Campaign - Monthly Newsletter,44.95,11.4,8.65,1.6,0.0,1.0,0.0,0.0,0.0
2026-02-03,Email/SMS,Flow - Abandoned Cart,58.95,16.64,7.91,2.01,0.0,1.0,0.0,0.0,0.0
2026-02-03,Email/SMS,Flow - Post Purchase Winback,177.12,41.86,23.71,6.039999999999999,0.0,3.0,0.0,0.0,0.0
2026-02-03,Email/SMS,Flow - Welcome Series,180.95,52.2,14.03,5.85,0.0,2.0,0.0,0.0,0.0
2026-02-03,Google Ads,PMax - Skincare Prospecting,0.0,0.0,0.0,0.0,0.0,0.0,0.0,11.03,3.63
2026-02-03,Google Ads,Search - Brand,122.85000000000001,31.64,23.450000000000003,4.459999999999999,93.9,3.0,3.0,14.93,135.48
2026-02-03,Google Ads,Search - Nonbrand Skincare,57.38,15.68,8.37,1.96,0.0,1.0,1.0,15.58,65.87
2026-02-03,Google Ads,Shopping - Bestsellers,156.41,68.2,15.17,5.14,0.0,2.0,2.0,56.56,189.55
2026-02-03,Meta Ads,Prospecting - Broad,76.11,18.0,15.57,2.8,0.0,2.0,2.0,57.9,113.49
2026-02-03,Meta Ads,Prospecting - Lookalike 1%,179.87,42.0,33.84,6.41,0.0,4.0,2.0,69.14,247.88
2026-02-03,Meta Ads,Retargeting - Cart Abandon,297.96000000000004,72.97999999999999,33.51,9.83,0.0,4.0,3.0,49.56,377.52
2026-02-03,Meta Ads,Retargeting - Engaged 30d,31.36,6.6,8.03,1.21,0.0,1.0,1.0,14.91,42.91
2026-02-03,Organic Search,(organic),299.23,75.46000000000001,40.61,10.180000000000001,0.0,5.0,2.0,0.0,0.0
2026-02-03,Organic Social,(organic social),107.57000000000001,26.560000000000002,14.98,3.7199999999999998,0.0,2.0,2.0,0.0,0.0
2026-02-04,Direct,(direct),137.14000000000001,30.6,23.67,4.88,0.0,3.0,1.0,0.0,0.0
2026-02-04,Email/SMS,Flow - Abandoned Cart,39.59,10.88,7.89,1.45,0.0,1.0,0.0,0.0,0.0
2026-02-04,Email/SMS,Flow - Post Purchase Winback,80.86000000000001,21.6,15.34,2.94,0.0,2.0,0.0,0.0,0.0
2026-02-04,Email/SMS,Flow - Welcome Series,187.75,50.56,23.9,6.339999999999999,0.0,3.0,0.0,0.0,0.0
2026-02-04,Google Ads,PMax - Skincare Prospecting,298.23,97.0,15.51,9.24,0.0,2.0,1.0,143.29,348.42
2026-02-04,Google Ads,Search - Brand,112.04,31.200000000000003,15.63,3.85,0.0,2.0,2.0,9.84,142.14
2026-02-04,Google Ads,Search - Nonbrand Skincare,215.93,68.16000000000001,26.88,7.15,0.0,3.0,2.0,76.19,224.0
2026-02-04,Google Ads,Shopping - Bestsellers,93.9,21.6,17.1,3.32,0.0,2.0,1.0,31.95,102.71
2026-02-04,Meta Ads,Prospecting - Broad,0.0,0.0,0.0,0.0,0.0,0.0,0.0,18.41,12.6
2026-02-04,Meta Ads,Prospecting - Lookalike 1%,89.88,19.2,14.71,3.21,0.0,2.0,2.0,36.48,118.8
2026-02-04,Meta Ads,Retargeting - Cart Abandon,137.57,45.2,16.53,4.59,0.0,2.0,1.0,25.08,180.12
2026-02-04,Meta Ads,Retargeting - Engaged 30d,429.4,160.4,17.18,13.05,0.0,2.0,1.0,143.85,600.4
2026-02-04,Organic Search,(organic),931.12,328.6,64.16,29.39,24.04,8.0,3.0,0.0,0.0
2026-02-04,Organic Social,(organic social),253.8,67.8,43.17,8.860000000000001,30.95,5.0,1.0,0.0,0.0
2026-02-04,Unattributed,(not set),212.05,76.68,15.280000000000001,6.74,0.0,2.0,2.0,0.0,0.0
2026-02-05,Direct,(direct),380.65,98.02,55.2,13.129999999999999,29.05,7.0,2.0,0.0,0.0
2026-02-05,Email/SMS,Campaign - Monthly Newsletter,51.81,10.5,7.22,1.8,0.0,1.0,0.0,0.0,0.0
2026-02-05,Email/SMS,Flow - Abandoned Cart,621.68,218.76,33.92,19.220000000000002,0.0,4.0,0.0,0.0,0.0
2026-02-05,Email/SMS,Flow - Post Purchase Winback,34.95,8.4,7.05,1.31,34.95,1.0,0.0,0.0,0.0
2026-02-05,Email/SMS,Flow - Welcome Series,34.64,9.6,8.11,1.3,0.0,1.0,0.0,0.0,0.0
2026-02-05,Google Ads,PMax - Skincare Prospecting,175.95,68.2,15.67,5.7,0.0,2.0,2.0,53.88,190.99
2026-02-05,Google Ads,Search - Brand,85.9,19.2,15.07,3.09,0.0,2.0,2.0,11.16,103.7
2026-02-05,Google Ads,Search - Nonbrand Skincare,44.95,11.4,7.59,1.6,0.0,1.0,0.0,17.18,53.48
2026-02-05,Google Ads,Shopping - Bestsellers,309.99,100.0,14.63,9.59,0.0,2.0,0.0,98.05,342.77
2026-02-05,Meta Ads,Prospecting - Broad,68.19,22.8,7.4,2.28,0.0,1.0,1.0,57.7,115.16
2026-02-05,Meta Ads,Prospecting - Lookalike 1%,104.85000000000001,25.200000000000003,23.56,3.9399999999999995,28.95,3.0,2.0,53.06,150.93
2026-02-05,Meta Ads,Retargeting - Cart Abandon,62.95,16.8,7.29,2.13,0.0,1.0,1.0,12.84,89.8
2026-02-05,Meta Ads,Retargeting - Engaged 30d,267.28,61.800000000000004,24.66,8.649999999999999,0.0,3.0,2.0,113.39,338.55
2026-02-05,Organic Search,(organic),424.26,107.32,61.550000000000004,14.709999999999999,29.48,8.0,3.0,0.0,0.0
2026-02-05,Organic Social,(organic social),169.16,42.38,15.99,5.51,36.16,2.0,2.0,0.0,0.0
2026-02-06,Direct,(direct),339.03,98.14000000000001,47.64,11.620000000000001,0.0,6.0,2.0,0.0,0.0
2026-02-06,Email/SMS,Campaign - Monthly Newsletter,72.09,16.8,17.18,2.69,33.14,2.0,0.0,0.0,0.0
2026-02-06,Email/SMS,Flow - Abandoned Cart,44.53,11.4,7.41,1.59,0.0,1.0,0.0,0.0,0.0
2026-02-06,Email/SMS,Flow - Post Purchase Winback,70.95,19.2,8.19,2.36,0.0,1.0,0.0,0.0,0.0
2026-02-06,Email/SMS,Flow - Welcome Series,96.0,24.0,7.04,3.08,0.0,1.0,0.0,0.0,0.0
2026-02-06,Google Ads,PMax - Skincare Prospecting,170.7,42.6,25.39,5.84,0.0,3.0,1.0,79.45,203.38
2026-02-06,Google Ads,Search - Brand,156.0,49.92,8.43,4.82,0.0,1.0,0.0,18.61,178.37
2026-02-06,Google Ads,Search - Nonbrand Skincare,364.0,123.03999999999999,15.290000000000001,11.15,0.0,2.0,1.0,148.69,397.08
2026-02-06,Google Ads,Shopping - Bestsellers,98.0,38.0,7.95,3.14,0.0,1.0,1.0,25.56,118.5
2026-02-06,Meta Ads,Prospecting - Broad,122.85000000000001,28.2,24.92,4.46,0.0,3.0,1.0,89.88,177.78
2026-02-06,Meta Ads,Prospecting - Lookalike 1%,262.0,66.0,30.639999999999997,8.790000000000001,0.0,4.0,2.0,140.79,341.78
2026-02-06,Meta Ads,Retargeting - Cart Abandon,424.76,159.2,15.55,12.92,0.0,2.0,2.0,81.13,629.7
2026-02-06,Meta Ads,Retargeting - Engaged 30d,100.15,24.6,22.97,3.8000000000000003,17.48,3.0,2.0,33.87,121.76
2026-02-06,Organic Search,(organic),414.96000000000004,113.08000000000001,61.14,14.44,38.95,8.0,3.0,0.0,0.0
2026-02-06,Organic Social,(organic social),182.45000000000002,44.4,32.74,6.5,0.0,4.0,4.0,0.0,0.0
2026-02-07,Direct,(direct),538.4300000000001,141.3,62.33,18.02,52.79,8.0,3.0,0.0,0.0
2026-02-07,Email/SMS,Campaign - Monthly Newsletter,50.95,13.2,9.03,1.78,0.0,1.0,0.0,0.0,0.0
2026-02-07,Email/SMS,Flow - Abandoned Cart,148.3,39.68,14.24,4.9,0.0,2.0,1.0,0.0,0.0
2026-02-07,Email/SMS,Flow - Post Purchase Winback,49.03,11.4,8.49,1.72,0.0,1.0,0.0,0.0,0.0
2026-02-07,Email/SMS,Flow - Welcome Series,85.69,17.7,15.49,3.08,0.0,2.0,0.0,0.0,0.0
2026-02-07,Google Ads,PMax - Skincare Prospecting,170.57,43.8,16.28,5.550000000000001,0.0,2.0,1.0,68.55,188.42
2026-02-07,Google Ads,Search - Brand,362.29999999999995,101.46000000000001,40.370000000000005,12.010000000000002,103.58,5.0,4.0,33.26,403.96
2026-02-07,Google Ads,Search - Nonbrand Skincare,148.32999999999998,42.76,16.490000000000002,4.9,0.0,2.0,2.0,65.72,181.22
2026-02-07,Google Ads,Shopping - Bestsellers,194.77000000000004,53.84,32.84,6.85,0.0,4.0,3.0,47.75,241.11
2026-02-07,Meta Ads,Prospecting - Broad,38.09,8.4,7.05,1.4,0.0,1.0,1.0,28.26,50.07
2026-02-07,Meta Ads,Prospecting - Lookalike 1%,364.0,108.8,47.95,12.359999999999998,0.0,6.0,5.0,211.56,478.54
2026-02-07,Meta Ads,Retargeting - Cart Abandon,180.62,62.0,15.579999999999998,5.84,0.0,2.0,1.0,27.31,236.2
2026-02-07,Meta Ads,Retargeting - Engaged 30d,47.900000000000006,14.4,8.19,1.69,0.0,1.0,1.0,17.58,72.26
2026-02-07,Organic Search,(organic),809.3499999999999,280.5,50.949999999999996,25.27,0.0,6.0,3.0,0.0,0.0
2026-02-07,Organic Social,(organic social),68.51,15.68,7.57,2.29,0.0,1.0,1.0,0.0,0.0
2026-02-07,Unattributed,(not set),38.160000000000004,10.88,7.05,1.41,0.0,1.0,1.0,0.0,0.0
2026-02-08,Direct,(direct),300.05,88.4,43.13,10.209999999999999,0.0,5.0,3.0,0.0,0.0
2026-02-08,Email/SMS,Flow - Post Purchase Winback,152.78,44.68,16.02,5.029999999999999,0.0,2.0,0.0,0.0,0.0
2026-02-08,Email/SMS,Flow - Welcome Series,46.35000000000001,10.5,8.39,1.64,0.0,1.0,0.0,0.0,0.0
2026-02-08,Google Ads,PMax - Skincare Prospecting,44.730000000000004,10.88,8.06,1.6,0.0,1.0,1.0,15.81,49.61
2026-02-08,Google Ads,Search - Brand,403.76,134.44,26.37,12.61,0.0,3.0,3.0,37.71,485.13
2026-02-08,Google Ads,Search - Nonbrand Skincare,53.61,16.64,8.3,1.85,0.0,1.0,1.0,17.07,64.34
2026-02-08,Google Ads,Shopping - Bestsellers,95.36000000000001,22.88,15.620000000000001,3.37,0.0,2.0,2.0,30.04,116.81
2026-02-08,Meta Ads,Prospecting - Broad,130.5,35.400000000000006,25.049999999999997,4.68,0.0,3.0,1.0,104.63,176.65
2026-02-08,Meta Ads,Prospecting - Lookalike 1%,103.01,24.08,16.55,3.58,17.48,2.0,2.0,46.4,129.65
2026-02-08,Meta Ads,Retargeting - Cart Abandon,153.9,61.0,7.71,4.76,0.0,1.0,1.0,29.52,186.47
2026-02-08,Meta Ads,Retargeting - Engaged 30d,487.21,126.2,59.29,16.22,0.0,7.0,4.0,204.86,576.92
2026-02-08,Organic Search,(organic),625.0699999999999,170.52000000000004,84.50000000000001,21.119999999999997,40.95,10.0,4.0,0.0,0.0
2026-02-08,Organic Social,(organic social),411.65,153.76,29.27,13.14,0.0,4.0,4.0,0.0,0.0
2026-02-08,Unattributed,(not set),44.080000000000005,10.88,8.22,1.58,0.0,1.0,1.0,0.0,0.0
2026-02-09,Email/SMS,Campaign - Monthly Newsletter,28.95,6.6,9.28,1.14,0.0,1.0,0.0,0.0,0.0
2026-02-09,Email/SMS,Flow - Abandoned Cart,156.6,40.8,24.56,5.4399999999999995,0.0,3.0,1.0,0.0,0.0
2026-02-09,Email/SMS,Flow - Post Purchase Winback,60.349999999999994,13.2,15.170000000000002,2.3499999999999996,0.0,2.0,0.0,0.0,0.0
2026-02-09,Email/SMS,Flow - Welcome Series,144.48000000000002,36.68,15.760000000000002,4.79,0.0,2.0,0.0,0.0,0.0
2026-02-09,Google Ads,PMax - Skincare Prospecting,62.95,15.68,8.45,2.13,0.0,1.0,1.0,30.04,74.25
2026-02-09,Google Ads,Search - Brand,163.24,50.84,17.34,5.33,0.0,2.0,2.0,19.84,188.61
2026-02-09,Google Ads,Search - Nonbrand Skincare,97.9,26.240000000000002,14.7,3.4399999999999995,0.0,2.0,1.0,24.27,101.76
2026-02-09,Google Ads,Shopping - Bestsellers,634.12,214.4,27.05,19.29,0.0,3.0,3.0,225.45,672.2
2026-02-09,Meta Ads,Prospecting - Broad,0.0,0.0,0.0,0.0,0.0,0.0,0.0,11.72,11.83
2026-02-09,Meta Ads,Prospecting - Lookalike 1%,152.38,45.080000000000005,17.119999999999997,5.02,0.0,2.0,1.0,74.28,239.54
2026-02-09,Meta Ads,Retargeting - Cart Abandon,0.0,0.0,0.0,0.0,0.0,0.0,0.0,15.35,15.3
2026-02-09,Meta Ads,Retargeting - Engaged 30d,71.02000000000001,15.600000000000001,17.98,2.66,0.0,2.0,2.0,29.96,84.72
2026-02-09,Organic Search,(organic),438.05000000000007,128.64,63.15,15.100000000000001,0.0,8.0,7.0,0.0,0.0
2026-02-09,Organic Social,(organic social),194.83,50.4,32.76,6.85,0.0,4.0,4.0,0.0,0.0
2026-02-09,Unattributed,(not set),790.47,283.68,25.74,23.83,0.0,3.0,3.0,0.0,0.0
2026-02-10,Direct,(direct),362.82,92.39999999999999,55.019999999999996,12.62,0.0,7.0,2.0,0.0,0.0
2026-02-10,Email/SMS,Campaign - Monthly Newsletter,47.550000000000004,11.4,8.29,1.68,47.55,1.0,0.0,0.0,0.0
2026-02-10,Email/SMS,Flow - Abandoned Cart,108.07,31.36,7.73,3.43,0.0,1.0,0.0,0.0,0.0
2026-02-10,Email/SMS,Flow - Post Purchase Winback,93.76,26.4,16.95,3.3200000000000003,0.0,2.0,1.0,0.0,0.0
2026-02-10,Email/SMS,Flow - Welcome Series,238.89000000000004,60.68,32.72,8.129999999999999,0.0,4.0,0.0,0.0,0.0
2026-02-10,Google Ads,PMax - Skincare Prospecting,81.85,17.7,15.379999999999999,2.9699999999999998,0.0,2.0,1.0,36.39,86.58
2026-02-10,Google Ads,Search - Brand,229.03000000000003,52.5,15.690000000000001,7.239999999999999,0.0,2.0,1.0,26.91,276.05
2026-02-10,Google Ads,Search - Nonbrand Skincare,164.09,45.76,16.82,5.359999999999999,52.09,2.0,2.0,56.48,176.38
2026-02-10,Google Ads,Shopping - Bestsellers,0.0,0.0,0.0,0.0,0.0,0.0,0.0,12.97,4.8
2026-02-10,Meta Ads,Prospecting - Broad,43.35000000000001,11.4,7.99,1.56,0.0,1.0,1.0,24.21,71.92
2026-02-10,Meta Ads,Prospecting - Lookalike 1%,131.28000000000003,31.799999999999997,22.42,4.699999999999999,0.0,3.0,3.0,76.83,178.88
2026-02-10,Meta Ads,Retargeting - Cart Abandon,231.61,57.0,25.71,7.62,0.0,3.0,1.0,51.29,322.9
2026-02-10,Meta Ads,Retargeting - Engaged 30d,0.0,0.0,0.0,0.0,0.0,0.0,0.0,14.95,8.78
2026-02-10,Organic Search,(organic),350.97999999999996,96.28,47.2,11.97,0.0,6.0,5.0,0.0,0.0
2026-02-10,Organic Social,(organic social),32.86,7.2,7.11,1.25,0.0,1.0,0.0,0.0,0.0
2026-02-10,Unattributed,(not set),195.51,65.08,27.96,6.57,0.0,3.0,2.0,0.0,0.0
2026-02-11,Direct,(direct),307.71,93.2,25.270000000000003,9.83,0.0,3.0,3.0,0.0,0.0
2026-02-11,Email/SMS,Flow - Post Purchase Winback,116.62,27.14,15.89,3.98,0.0,2.0,0.0,0.0,0.0
2026-02-11,Email/SMS,Flow - Welcome Series,59.56,12.0,7.82,2.03,0.0,1.0,0.0,0.0,0.0
2026-02-11,Google Ads,PMax - Skincare Prospecting,153.53,61.0,8.49,4.75,0.0,1.0,1.0,77.2,184.61
2026-02-11,Google Ads,Search - Brand,212.95,76.0,7.79,6.48,0.0,1.0,1.0,20.36,221.04
2026-02-11,Google Ads,Search - Nonbrand Skincare,0.0,0.0,0.0,0.0,0.0,0.0,0.0,8.9,6.78
2026-02-11,Google Ads,Shopping - Bestsellers,0.0,0.0,0.0,0.0,0.0,0.0,0.0,10.49,4.11
2026-02-11,Meta Ads,Prospecting - Broad,185.9,53.68,22.93,6.3,0.0,3.0,3.0,120.09,283.64
2026-02-11,Meta Ads,Prospecting - Lookalike 1%,266.19,81.36000000000001,32.67,8.93,0.0,4.0,3.0,145.21,388.41
2026-02-11,Meta Ads,Retargeting - Cart Abandon,385.5,92.1,49.64,12.98,0.0,6.0,5.0,78.8,519.0
2026-02-11,Meta Ads,Retargeting - Engaged 30d,124.64,28.2,23.09,4.51,0.0,3.0,1.0,38.26,159.01
2026-02-11,Organic Search,(organic),983.2900000000001,286.42,97.55999999999999,32.11,0.0,12.0,11.0,0.0,0.0
2026-02-11,Organic Social,(organic social),220.37,55.5,25.45,7.289999999999999,0.0,3.0,2.0,0.0,0.0
2026-02-12,Direct,(direct),633.01,178.4,50.88,20.15,0.0,6.0,1.0,0.0,0.0
2026-02-12,Email/SMS,Campaign - Monthly Newsletter,141.47000000000003,35.480000000000004,15.23,4.71,34.26,2.0,0.0,0.0,0.0
2026-02-12,Email/SMS,Flow - Abandoned Cart,194.39,64.8,16.17,6.23,0.0,2.0,1.0,0.0,0.0
2026-02-12,Email/SMS,Flow - Post Purchase Winback,124.95,33.3,16.29,4.22,0.0,2.0,0.0,0.0,0.0
2026-02-12,Email/SMS,Flow - Welcome Series,380.84,116.2,23.98,11.93,0.0,3.0,1.0,0.0,0.0
2026-02-12,Google Ads,PMax - Skincare Prospecting,144.19,50.0,18.08,4.78,0.0,2.0,2.0,51.29,173.46
2026-02-12,Google Ads,Search - Brand,103.47,28.200000000000003,16.02,3.6,0.0,2.0,1.0,12.37,134.6
2026-02-12,Google Ads,Search - Nonbrand Skincare,38.95,9.6,9.26,1.43,0.0,1.0,1.0,15.7,46.12
2026-02-12,Google Ads,Shopping - Bestsellers,33.339999999999996,7.2,8.53,1.27,0.0,1.0,1.0,8.78,36.61
2026-02-12,Meta Ads,Prospecting - Broad,0.0,0.0,0.0,0.0,0.0,0.0,0.0,14.52,15.83
2026-02-12,Meta Ads,Prospecting - Lookalike 1%,222.16,79.0,24.67,7.34,0.0,3.0,3.0,113.23,263.77
2026-02-12,Meta Ads,Retargeting - Cart Abandon,0.0,0.0,0.0,0.0,0.0,0.0,0.0,11.38,3.73
2026-02-12,Meta Ads,Retargeting - Engaged 30d,41.03,11.4,8.44,1.49,0.0,1.0,0.0,11.35,63.68
2026-02-12,Organic Search,(organic),367.57000000000005,93.68,60.93000000000001,13.059999999999999,0.0,8.0,5.0,0.0,0.0
2026-02-12,Organic Social,(organic social),282.06,72.38000000000001,38.4,9.68,30.95,5.0,2.0,0.0,0.0
2026-02-12,Unattributed,(not set),143.67000000000002,33.6,16.57,4.77,0.0,2.0,2.0,0.0,0.0
2026-02-13,Direct,(direct),585.49,157.22,72.44,19.669999999999998,168.0,9.0,6.0,0.0,0.0
2026-02-13,Email/SMS,Flow - Abandoned Cart,34.3,8.4,8.15,1.29,0.0,1.0,1.0,0.0,0.0
2026-02-13,Email/SMS,Flow - Post Purchase Winback,59.760000000000005,12.0,8.88,2.03,0.0,1.0,0.0,0.0,0.0
2026-02-13,Email/SMS,Flow - Welcome Series,288.05,88.4,26.479999999999997,9.25,0.0,3.0,1.0,0.0,0.0
2026-02-13,Google Ads,PMax - Skincare Prospecting,216.51999999999998,56.4,23.64,7.18,0.0,3.0,3.0,86.31,250.98
2026-02-13,Google Ads,Search - Brand,208.59,50.54,31.150000000000002,7.25,58.95,4.0,4.0,19.08,236.04
2026-02-13,Google Ads,Search - Nonbrand Skincare,85.26,38.0,7.8,2.77,0.0,1.0,1.0,25.23,109.58
2026-02-13,Google Ads,Shopping - Bestsellers,365.65,102.28,24.41,11.5,0.0,3.0,3.0,128.2,428.92
2026-02-13,Meta Ads,Prospecting - Broad,0.0,0.0,0.0,0.0,0.0,0.0,0.0,12.41,9.49
2026-02-13,Meta Ads,Prospecting - Lookalike 1%,130.07,49.4,16.48,4.37,0.0,2.0,0.0,53.95,190.27
2026-02-13,Meta Ads,Retargeting - Cart Abandon,227.01000000000002,56.480000000000004,22.34,7.48,0.0,3.0,1.0,43.08,348.5
2026-02-13,Meta Ads,Retargeting - Engaged 30d,119.13,33.68,16.810000000000002,4.0600000000000005,0.0,2.0,2.0,36.55,177.36
2026-02-13,Organic Search,(organic),249.98000000000002,64.5,34.980000000000004,8.45,96.0,4.0,2.0,0.0,0.0
2026-02-13,Organic Social,(organic social),71.99000000000001,18.0,15.54,2.69,0.0,2.0,2.0,0.0,0.0
2026-02-13,Unattributed,(not set),321.57,99.28,32.26,10.52,0.0,4.0,3.0,0.0,0.0
2026-02-14,Direct,(direct),210.17000000000002,52.88,30.630000000000003,7.29,0.0,4.0,1.0,0.0,0.0
2026-02-14,Email/SMS,Flow - Abandoned Cart,32.47,8.4,7.03,1.24,0.0,1.0,0.0,0.0,0.0
2026-02-14,Email/SMS,Flow - Post Purchase Winback,232.92000000000002,85.0,23.57,7.65,0.0,3.0,0.0,0.0,0.0
2026-02-14,Email/SMS,Flow - Welcome Series,37.96,9.6,8.5,1.4,37.96,1.0,0.0,0.0,0.0
2026-02-14,Google Ads,PMax - Skincare Prospecting,148.82999999999998,53.68,14.91,4.92,0.0,2.0,1.0,55.12,188.21
2026-02-14,Google Ads,Search - Brand,298.19,81.9,42.48,10.15,44.95,5.0,5.0,40.49,379.95
2026-02-14,Google Ads,Search - Nonbrand Skincare,62.95,15.68,8.85,2.13,0.0,1.0,1.0,23.73,75.14
2026-02-14,Google Ads,Shopping - Bestsellers,117.73,31.04,15.96,4.01,0.0,2.0,1.0,35.74,122.29
2026-02-14,Meta Ads,Prospecting - Broad,313.7,88.48,37.82,10.609999999999998,0.0,5.0,4.0,228.92,382.79
2026-02-14,Meta Ads,Prospecting - Lookalike 1%,251.62,57.9,22.47,8.19,0.0,3.0,2.0,83.07,386.8
2026-02-14,Meta Ads,Retargeting - Cart Abandon,228.10000000000002,62.24,29.509999999999998,7.81,0.0,4.0,4.0,41.56,369.45
2026-02-14,Meta Ads,Retargeting - Engaged 30d,0.0,0.0,0.0,0.0,0.0,0.0,0.0,16.15,10.84
2026-02-14,Organic Search,(organic),886.1199999999999,260.36,78.88,28.699999999999996,0.0,10.0,5.0,0.0,0.0
2026-02-14,Organic Social,(organic social),89.85,25.2,8.13,2.91,0.0,1.0,1.0,0.0,0.0
2026-02-14,Unattributed,(not set),179.62,43.36,25.74,6.119999999999999,0.0,3.0,1.0,0.0,0.0
2026-02-15,Direct,(direct),412.46000000000004,98.02000000000001,64.92,14.36,52.39,8.0,4.0,0.0,0.0
2026-02-15,Email/SMS,Campaign - Monthly Newsletter,38.95,9.6,8.5,1.43,19.48,1.0,0.0,0.0,0.0
2026-02-15,Email/SMS,Flow - Abandoned Cart,50.86,14.4,7.58,1.77,0.0,1.0,0.0,0.0,0.0
2026-02-15,Email/SMS,Flow - Post Purchase Winback,78.95,21.6,9.09,2.59,0.0,1.0,0.0,0.0,0.0
2026-02-15,Email/SMS,Flow - Welcome Series,396.86,118.74,41.54,13.01,62.25,5.0,0.0,0.0,0.0
2026-02-15,Google Ads,PMax - Skincare Prospecting,172.77,46.8,32.75,6.2,0.0,4.0,4.0,75.3,228.44
2026-02-15,Google Ads,Search - Brand,228.48000000000002,66.24,25.060000000000002,7.529999999999999,0.0,3.0,3.0,27.64,296.0
2026-02-15,Google Ads,Search - Nonbrand Skincare,98.0,38.0,7.47,3.14,0.0,1.0,1.0,31.51,103.23
2026-02-15,Google Ads,Shopping - Bestsellers,160.21,43.8,17.2,5.25,0.0,2.0,2.0,47.42,183.71
2026-02-15,Meta Ads,Prospecting - Broad,81.79,24.0,6.75,2.67,0.0,1.0,0.0,68.08,129.37
2026-02-15,Meta Ads,Prospecting - Lookalike 1%,289.61,101.64,24.22,9.29,0.0,3.0,3.0,140.42,451.97
2026-02-15,Meta Ads,Retargeting - Cart Abandon,150.17000000000002,49.4,15.5,4.95,0.0,2.0,1.0,29.42,225.24
2026-02-15,Meta Ads,Retargeting - Engaged 30d,145.0,61.0,8.85,4.5,0.0,1.0,1.0,39.01,191.61
2026-02-15,Organic Search,(organic),1056.7,329.86,75.05000000000001,33.34,0.0,9.0,7.0,0.0,0.0
2026-02-15,Organic Social,(organic social),50.09,12.0,7.58,1.75,0.0,1.0,1.0,0.0,0.0
2026-02-16,Direct,(direct),925.9,306.92,44.72,28.67,0.0,6.0,1.0,0.0,0.0
2026-02-16,Email/SMS,Campaign - Monthly Newsletter,196.13,52.8,32.53,6.89,72.49,4.0,1.0,0.0,0.0
2026-02-16,Email/SMS,Flow - Abandoned Cart,81.79,23.240000000000002,15.120000000000001,2.9699999999999998,0.0,2.0,1.0,0.0,0.0
2026-02-16,Email/SMS,Flow - Post Purchase Winback,509.19000000000005,173.0,24.380000000000003,15.670000000000002,0.0,3.0,1.0,0.0,0.0
2026-02-16,Email/SMS,Flow - Welcome Series,42.160000000000004,9.6,7.82,1.52,21.08,1.0,0.0,0.0,0.0
2026-02-16,Google Ads,PMax - Skincare Prospecting,30.84,8.4,7.88,1.19,0.0,1.0,1.0,12.32,39.26
2026-02-16,Google Ads,Search - Brand,0.0,0.0,0.0,0.0,0.0,0.0,0.0,12.09,7.65
2026-02-16,Google Ads,Search - Nonbrand Skincare,97.79,26.4,17.02,3.44,0.0,2.0,2.0,32.84,108.1
2026-02-16,Google Ads,Shopping - Bestsellers,28.95,6.6,9.2,1.14,0.0,1.0,1.0,12.64,31.78
2026-02-16,Meta Ads,Prospecting - Broad,208.33,54.0,25.68,6.9399999999999995,0.0,3.0,3.0,138.84,298.68
2026-02-16,Meta Ads,Prospecting - Lookalike 1%,644.53,260.64,14.69,19.29,0.0,2.0,2.0,347.78,920.05
2026-02-16,Meta Ads,Retargeting - Cart Abandon,122.95,30.6,16.16,4.17,0.0,2.0,1.0,20.56,147.03
2026-02-16,Meta Ads,Retargeting - Engaged 30d,310.03999999999996,110.28,24.12,9.9,0.0,3.0,2.0,95.11,496.06
2026-02-16,Organic Search,(organic),312.03,77.84,41.6,10.549999999999999,0.0,5.0,4.0,0.0,0.0
2026-02-17,Direct,(direct),471.68,124.11999999999999,57.42,15.780000000000001,0.0,7.0,3.0,0.0,0.0
2026-02-17,Email/SMS,Flow - Abandoned Cart,115.55000000000001,28.880000000000003,25.46,4.25,0.0,3.0,0.0,0.0,0.0
2026-02-17,Email/SMS,Flow - Post Purchase Winback,59.790000000000006,12.0,9.56,2.03,0.0,1.0,0.0,0.0,0.0
2026-02-17,Email/SMS,Flow - Welcome Series,314.44,106.08,24.41,10.02,0.0,3.0,0.0,0.0,0.0
2026-02-17,Google Ads,PMax - Skincare Prospecting,183.95,70.6,15.760000000000002,5.93,0.0,2.0,2.0,58.96,208.11
2026-02-17,Google Ads,Search - Brand,0.0,0.0,0.0,0.0,0.0,0.0,0.0,9.38,9.04
2026-02-17,Google Ads,Search - Nonbrand Skincare,103.96000000000001,28.200000000000003,23.25,3.92,46.06,3.0,3.0,29.41,125.84
2026-02-17,Google Ads,Shopping - Bestsellers,298.22999999999996,106.60000000000001,32.120000000000005,9.85,30.95,4.0,3.0,112.84,393.37
2026-02-17,Meta Ads,Prospecting - Broad,85.29,20.1,16.36,3.0700000000000003,0.0,2.0,2.0,46.18,139.18
2026-02-17,Meta Ads,Prospecting - Lookalike 1%,308.96999999999997,78.60000000000001,31.6,10.17,0.0,4.0,4.0,162.73,386.79
2026-02-17,Meta Ads,Retargeting - Cart Abandon,0.0,0.0,0.0,0.0,0.0,0.0,0.0,16.39,7.2
2026-02-17,Meta Ads,Retargeting - Engaged 30d,227.57,63.620000000000005,24.6,7.49,0.0,3.0,3.0,75.9,356.74
2026-02-17,Organic Search,(organic),213.47000000000003,57.16,31.049999999999997,7.389999999999999,0.0,4.0,1.0,0.0,0.0
2026-02-17,Organic Social,(organic social),214.99,71.28,15.44,6.84,0.0,2.0,1.0,0.0,0.0
2026-02-18,Direct,(direct),404.45000000000005,104.7,66.61,14.129999999999999,38.95,8.0,2.0,0.0,0.0
2026-02-18,Email/SMS,Campaign - Monthly Newsletter,153.76,39.08,23.13,5.359999999999999,0.0,3.0,2.0,0.0,0.0
2026-02-18,Email/SMS,Flow - Abandoned Cart,86.45,24.0,7.31,2.81,0.0,1.0,0.0,0.0,0.0
2026-02-18,Google Ads,PMax - Skincare Prospecting,128.15,33.3,17.85,4.3100000000000005,0.0,2.0,2.0,39.65,132.36
2026-02-18,Google Ads,Search - Brand,51.650000000000006,10.5,9.2,1.8,0.0,1.0,0.0,13.06,58.46
2026-02-18,Google Ads,Search - Nonbrand Skincare,118.85000000000001,30.08,23.45,4.35,0.0,3.0,2.0,49.7,122.86
2026-02-18,Google Ads,Shopping - Bestsellers,260.59999999999997,65.48,23.37,8.459999999999999,28.95,3.0,3.0,83.16,314.89
2026-02-18,Meta Ads,Prospecting - Broad,0.0,0.0,0.0,0.0,0.0,0.0,0.0,15.24,14.64
2026-02-18,Meta Ads,Prospecting - Lookalike 1%,150.13,54.64,15.04,4.95,0.0,2.0,2.0,53.95,196.25
2026-02-18,Meta Ads,Retargeting - Cart Abandon,49.46,12.0,9.07,1.73,0.0,1.0,1.0,14.09,85.03
2026-02-18,Meta Ads,Retargeting - Engaged 30d,332.74,104.2,31.39,10.85,52.65,4.0,3.0,127.98,409.87
2026-02-18,Organic Search,(organic),330.05999999999995,78.52000000000001,50.779999999999994,11.379999999999999,0.0,6.0,2.0,0.0,0.0
2026-02-18,Organic Social,(organic social),92.66,22.8,15.83,3.2800000000000002,0.0,2.0,2.0,0.0,0.0
2026-02-18,Unattributed,(not set),385.8,143.76,26.54,12.08,0.0,3.0,3.0,0.0,0.0
2026-02-19,Direct,(direct),386.57,119.19999999999999,39.72,12.71,103.78,5.0,1.0,0.0,0.0
2026-02-19,Email/SMS,Campaign - Monthly Newsletter,66.55,15.68,8.39,2.23,0.0,1.0,0.0,0.0,0.0
2026-02-19,Email/SMS,Flow - Abandoned Cart,89.76,21.380000000000003,14.95,3.2,0.0,2.0,0.0,0.0,0.0
2026-02-19,Email/SMS,Flow - Post Purchase Winback,231.97,70.4,35.64,7.92,0.0,4.0,0.0,0.0,0.0
2026-02-19,Email/SMS,Flow - Welcome Series,165.34,44.32,34.57,6.0,0.0,4.0,0.0,0.0,0.0
2026-02-19,Google Ads,PMax - Skincare Prospecting,495.26,168.5,40.25,15.85,54.95,5.0,5.0,219.48,538.92
2026-02-19,Google Ads,Search - Brand,98.0,38.0,8.73,3.14,0.0,1.0,0.0,13.37,110.6
2026-02-19,Google Ads,Search - Nonbrand Skincare,27.25,7.2,7.25,1.09,0.0,1.0,1.0,8.86,35.28
2026-02-19,Google Ads,Shopping - Bestsellers,116.59,45.2,16.89,3.9799999999999995,0.0,2.0,2.0,43.18,155.76
2026-02-19,Meta Ads,Prospecting - Broad,0.0,0.0,0.0,0.0,0.0,0.0,0.0,17.26,14.82
2026-02-19,Meta Ads,Prospecting - Lookalike 1%,205.83999999999997,51.68,25.96,6.869999999999999,0.0,3.0,2.0,89.82,292.74
2026-02-19,Meta Ads,Retargeting - Cart Abandon,49.88,12.0,8.43,1.75,0.0,1.0,1.0,11.53,70.84
2026-02-19,Meta Ads,Retargeting - Engaged 30d,214.61,52.36,25.880000000000003,7.13,0.0,3.0,2.0,85.78,323.72
2026-02-19,Organic Search,(organic),196.0,49.879999999999995,29.11,6.879999999999999,0.0,4.0,2.0,0.0,0.0
2026-02-19,Organic Social,(organic social),163.76,38.7,25.480000000000004,5.66,0.0,3.0,2.0,0.0,0.0
2026-02-19,Unattributed,(not set),76.0,22.8,9.08,2.5,0.0,1.0,0.0,0.0,0.0
2026-02-20,Direct,(direct),446.32,137.28000000000003,38.35,14.43,0.0,5.0,1.0,0.0,0.0
2026-02-20,Email/SMS,Campaign - Monthly Newsletter,197.26,63.2,16.32,6.33,107.07,2.0,0.0,0.0,0.0
2026-02-20,Email/SMS,Flow - Abandoned Cart,90.45,21.6,16.46,3.22,0.0,2.0,0.0,0.0,0.0
2026-02-20,Email/SMS,Flow - Post Purchase Winback,67.9,16.2,16.630000000000003,2.57,0.0,2.0,0.0,0.0,0.0
2026-02-20,Email/SMS,Flow - Welcome Series,110.30000000000001,22.5,17.009999999999998,3.8,0.0,2.0,0.0,0.0,0.0
2026-02-20,Google Ads,PMax - Skincare Prospecting,123.51,34.72,24.6,4.4799999999999995,0.0,3.0,2.0,69.29,143.23
2026-02-20,Google Ads,Search - Brand,205.69,50.4,14.01,6.56,0.0,2.0,2.0,20.65,217.46
2026-02-20,Google Ads,Search - Nonbrand Skincare,284.01,69.0,41.16,9.72,0.0,5.0,3.0,105.84,312.99
2026-02-20,Google Ads,Shopping - Bestsellers,517.77,182.44,43.07,16.509999999999998,0.0,5.0,3.0,180.61,607.41
2026-02-20,Meta Ads,Prospecting - Broad,189.07999999999998,50.400000000000006,31.9,6.68,0.0,4.0,2.0,119.45,240.86
2026-02-20,Meta Ads,Prospecting - Lookalike 1%,314.79999999999995,99.84,17.03,9.73,0.0,2.0,2.0,170.12,505.48
2026-02-20,Meta Ads,Retargeting - Cart Abandon,0.0,0.0,0.0,0.0,0.0,0.0,0.0,14.67,7.33
2026-02-20,Meta Ads,Retargeting - Engaged 30d,63.900000000000006,15.0,15.530000000000001,2.45,0.0,2.0,2.0,17.56,84.35
2026-02-20,Organic Search,(organic),136.95,47.6,16.94,4.57,0.0,2.0,1.0,0.0,0.0
2026-02-20,Organic Social,(organic social),227.01,69.8,32.63,7.779999999999999,0.0,4.0,3.0,0.0,0.0
2026-02-21,Direct,(direct),622.05,179.95999999999998,67.52,20.45,35.48,8.0,3.0,0.0,0.0
2026-02-21,Email/SMS,Campaign - Monthly Newsletter,173.94,68.2,17.3,5.64,0.0,2.0,1.0,0.0,0.0
2026-02-21,Email/SMS,Flow - Abandoned Cart,87.05,38.0,8.66,2.82,0.0,1.0,0.0,0.0,0.0
2026-02-21,Email/SMS,Flow - Post Purchase Winback,130.4,35.480000000000004,15.46,4.39,0.0,2.0,0.0,0.0,0.0
2026-02-21,Email/SMS,Flow - Welcome Series,249.22000000000003,57.68,41.87,8.74,0.0,5.0,0.0,0.0,0.0
2026-02-21,Google Ads,PMax - Skincare Prospecting,70.95,19.2,7.84,2.36,0.0,1.0,1.0,36.3,74.76
2026-02-21,Google Ads,Search - Brand,153.62,61.0,8.56,4.75,0.0,1.0,1.0,20.02,164.17
2026-02-21,Google Ads,Search - Nonbrand Skincare,194.99,76.68,15.129999999999999,6.26,62.95,2.0,2.0,80.17,222.19
2026-02-21,Google Ads,Shopping - Bestsellers,97.30000000000001,21.6,16.45,3.42,59.56,2.0,2.0,29.36,106.79
2026-02-21,Meta Ads,Prospecting - Broad,323.43,103.60000000000001,34.72,10.58,154.84,4.0,4.0,241.22,468.77
2026-02-21,Meta Ads,Prospecting - Lookalike 1%,371.76,96.84,39.78,12.280000000000001,101.41,5.0,3.0,134.82,460.36
2026-02-21,Meta Ads,Retargeting - Cart Abandon,84.0,21.0,7.68,2.74,0.0,1.0,1.0,15.09,119.69
2026-02-21,Meta Ads,Retargeting - Engaged 30d,48.68,11.4,8.91,1.71,0.0,1.0,1.0,12.24,64.82
2026-02-21,Organic Search,(organic),85.76,18.6,17.34,3.08,0.0,2.0,1.0,0.0,0.0
2026-02-21,Organic Social,(organic social),440.63,123.58,46.97,14.580000000000002,94.69999999999999,6.0,5.0,0.0,0.0
2026-02-21,Unattributed,(not set),79.89,19.2,16.5,2.92,0.0,2.0,0.0,0.0,0.0
2026-02-22,Direct,(direct),446.68,137.35999999999999,59.05,15.06,0.0,7.0,3.0,0.0,0.0
2026-02-22,Email/SMS,Campaign - Monthly Newsletter,66.43,21.76,6.96,2.23,0.0,1.0,0.0,0.0,0.0
2026-02-22,Email/SMS,Flow - Abandoned Cart,57.129999999999995,14.4,16.96,2.26,0.0,2.0,0.0,0.0,0.0
2026-02-22,Email/SMS,Flow - Post Purchase Winback,326.82,113.04,38.53,10.98,0.0,5.0,0.0,0.0,0.0
2026-02-22,Email/SMS,Flow - Welcome Series,57.519999999999996,13.2,14.59,2.27,0.0,2.0,0.0,0.0,0.0
2026-02-22,Google Ads,PMax - Skincare Prospecting,185.01000000000002,48.6,25.7,6.26,0.0,3.0,3.0,86.17,193.75
2026-02-22,Google Ads,Search - Brand,54.95,12.0,8.76,1.89,0.0,1.0,1.0,11.96,63.75
2026-02-22,Google Ads,Search - Nonbrand Skincare,0.0,0.0,0.0,0.0,0.0,0.0,0.0,10.82,8.4
2026-02-22,Google Ads,Shopping - Bestsellers,47.59,10.5,9.0,1.68,0.0,1.0,0.0,16.62,55.79
2026-02-22,Meta Ads,Prospecting - Broad,135.4,30.0,22.38,4.82,31.32,3.0,3.0,88.48,201.82
2026-02-22,Meta Ads,Prospecting - Lookalike 1%,80.55,21.76,8.36,2.64,0.0,1.0,1.0,28.53,105.01
2026-02-22,Meta Ads,Retargeting - Cart Abandon,143.27,30.6,25.06,5.05,28.95,3.0,3.0,28.07,201.17
2026-02-22,Meta Ads,Retargeting - Engaged 30d,183.85999999999999,52.2,24.07,6.2299999999999995,0.0,3.0,3.0,73.01,247.62
2026-02-22,Organic Search,(organic),244.32000000000005,60.44,41.5,8.59,58.95,5.0,1.0,0.0,0.0
2026-02-22,Organic Social,(organic social),266.85,78.2,33.97,8.940000000000001,84.0,4.0,3.0,0.0,0.0
2026-02-22,Unattributed,(not set),113.48,26.4,16.37,3.8899999999999997,0.0,2.0,1.0,0.0,0.0
2026-02-23,Direct,(direct),967.33,375.8,33.56,29.259999999999998,0.0,4.0,3.0,0.0,0.0
2026-02-23,Email/SMS,Flow - Abandoned Cart,34.65,8.4,9.12,1.3,0.0,1.0,0.0,0.0,0.0
2026-02-23,Email/SMS,Flow - Post Purchase Winback,140.72,36.68,14.809999999999999,4.6899999999999995,0.0,2.0,0.0,0.0,0.0
2026-02-23,Google Ads,PMax - Skincare Prospecting,47.790000000000006,11.4,7.64,1.69,0.0,1.0,1.0,20.3,56.36
2026-02-23,Google Ads,Search - Brand,78.9,24.0,9.21,2.59,78.9,1.0,1.0,12.87,100.82
2026-02-23,Google Ads,Search - Nonbrand Skincare,102.47,24.9,16.08,3.57,0.0,2.0,2.0,32.33,116.54
2026-02-23,Google Ads,Shopping - Bestsellers,93.64000000000001,20.1,16.15,3.31,0.0,2.0,2.0,24.47,96.7
2026-02-23,Meta Ads,Prospecting - Broad,359.8,112.24,38.330000000000005,11.930000000000001,0.0,5.0,5.0,281.24,470.62
2026-02-23,Meta Ads,Prospecting - Lookalike 1%,136.95,34.88,17.64,4.57,0.0,2.0,2.0,60.79,184.63
2026-02-23,Meta Ads,Retargeting - Cart Abandon,40.95,10.88,8.54,1.49,0.0,1.0,1.0,16.79,58.24
2026-02-23,Meta Ads,Retargeting - Engaged 30d,114.60000000000001,31.2,16.14,3.92,0.0,2.0,1.0,33.31,153.53
2026-02-23,Organic Search,(organic),873.22,282.48,81.79,28.320000000000004,0.0,10.0,9.0,0.0,0.0
2026-02-23,Organic Social,(organic social),33.24,7.2,8.33,1.26,0.0,1.0,0.0,0.0,0.0
2026-02-23,Unattributed,(not set),58.470000000000006,14.4,8.17,2.0,0.0,1.0,1.0,0.0,0.0
2026-02-24,Direct,(direct),507.93999999999994,152.16,47.87,16.52,0.0,6.0,1.0,0.0,0.0
2026-02-24,Email/SMS,Campaign - Monthly Newsletter,78.24,21.0,8.05,2.57,0.0,1.0,0.0,0.0,0.0
2026-02-24,Email/SMS,Flow - Abandoned Cart,46.92,10.5,8.23,1.66,0.0,1.0,0.0,0.0,0.0
2026-02-24,Email/SMS,Flow - Post Purchase Winback,147.64,41.400000000000006,17.82,4.89,0.0,2.0,0.0,0.0,0.0
2026-02-24,Email/SMS,Flow - Welcome Series,58.42,12.0,9.13,1.99,0.0,1.0,0.0,0.0,0.0
2026-02-24,Google Ads,PMax - Skincare Prospecting,111.27000000000001,26.4,22.47,4.12,0.0,3.0,3.0,59.46,127.45
2026-02-24,Google Ads,Search - Brand,216.01,76.68,16.65,6.87,62.95,2.0,2.0,26.1,242.28
2026-02-24,Google Ads,Search - Nonbrand Skincare,145.51000000000002,33.68,22.64,5.12,0.0,3.0,3.0,42.35,154.61
2026-02-24,Google Ads,Shopping - Bestsellers,79.05,18.6,15.649999999999999,2.8899999999999997,0.0,2.0,2.0,27.45,90.95
2026-02-24,Meta Ads,Prospecting - Broad,266.8,77.44,15.02,8.34,225.85,2.0,1.0,148.78,371.19
2026-02-24,Meta Ads,Prospecting - Lookalike 1%,132.3,48.5,15.85,4.44,0.0,2.0,2.0,83.75,220.11
2026-02-24,Meta Ads,Retargeting - Cart Abandon,211.46,54.68,24.950000000000003,7.039999999999999,0.0,3.0,2.0,33.1,284.8
2026-02-24,Meta Ads,Retargeting - Engaged 30d,57.99,14.4,8.91,1.98,0.0,1.0,1.0,15.43,77.22
2026-02-24,Organic Search,(organic),267.41,65.18,40.14,9.25,0.0,5.0,3.0,0.0,0.0
2026-02-24,Organic Social,(organic social),131.46,34.2,22.23,4.71,0.0,3.0,1.0,0.0,0.0
2026-02-24,Unattributed,(not set),37.51,10.88,8.5,1.39,0.0,1.0,1.0,0.0,0.0
2026-02-25,Direct,(direct),591.98,154.2,66.14,19.55,0.0,8.0,5.0,0.0,0.0
2026-02-25,Email/SMS,Flow - Abandoned Cart,107.86000000000001,28.64,17.19,3.73,0.0,2.0,0.0,0.0,0.0
2026-02-25,Email/SMS,Flow - Welcome Series,42.330000000000005,9.6,9.2,1.53,0.0,1.0,0.0,0.0,0.0
2026-02-25,Google Ads,PMax - Skincare Prospecting,48.95,10.5,8.21,1.72,0.0,1.0,1.0,19.66,55.68
2026-02-25,Google Ads,Search - Brand,84.41,20.1,15.59,3.05,0.0,2.0,2.0,8.83,94.02
2026-02-25,Google Ads,Search - Nonbrand Skincare,0.0,0.0,0.0,0.0,0.0,0.0,0.0,11.9,10.96
2026-02-25,Google Ads,Shopping - Bestsellers,233.86,53.86,30.84,7.9799999999999995,0.0,4.0,4.0,58.97,242.24
2026-02-25,Meta Ads,Prospecting - Broad,130.36,33.6,14.39,4.38,0.0,2.0,2.0,78.74,168.26
2026-02-25,Meta Ads,Prospecting - Lookalike 1%,405.87999999999994,132.9,24.84,12.670000000000002,356.92999999999995,3.0,1.0,199.88,515.75
2026-02-25,Meta Ads,Retargeting - Cart Abandon,106.49000000000001,23.4,15.69,3.69,0.0,2.0,2.0,14.7,161.19
2026-02-25,Meta Ads,Retargeting - Engaged 30d,301.95,84.42,25.810000000000002,9.66,0.0,3.0,1.0,123.44,392.46
2026-02-25,Organic Search,(organic),416.18,122.56,58.1,14.169999999999998,0.0,7.0,5.0,0.0,0.0
2026-02-25,Organic Social,(organic social),134.06,36.68,23.32,4.779999999999999,0.0,3.0,2.0,0.0,0.0
2026-02-25,Unattributed,(not set),54.95,12.0,8.89,1.89,0.0,1.0,1.0,0.0,0.0
2026-02-26,Direct,(direct),152.0,45.6,9.7,4.71,0.0,1.0,1.0,0.0,0.0
2026-02-26,Email/SMS,Campaign - Monthly Newsletter,62.95,15.68,6.72,2.13,0.0,1.0,0.0,0.0,0.0
2026-02-26,Email/SMS,Flow - Abandoned Cart,62.790000000000006,15.68,8.38,2.12,0.0,1.0,0.0,0.0,0.0
2026-02-26,Email/SMS,Flow - Post Purchase Winback,185.74,45.68,32.77,6.59,0.0,4.0,1.0,0.0,0.0
2026-02-26,Email/SMS,Flow - Welcome Series,27.599999999999998,7.2,7.32,1.1,0.0,1.0,0.0,0.0,0.0
2026-02-26,Google Ads,PMax - Skincare Prospecting,0.0,0.0,0.0,0.0,0.0,0.0,0.0,10.19,9.69
2026-02-26,Google Ads,Search - Brand,492.31999999999994,162.9,41.150000000000006,15.78,0.0,5.0,4.0,46.09,546.33
2026-02-26,Google Ads,Search - Nonbrand Skincare,171.14,43.36,16.330000000000002,5.57,0.0,2.0,1.0,44.24,193.0
2026-02-26,Google Ads,Shopping - Bestsellers,0.0,0.0,0.0,0.0,0.0,0.0,0.0,9.84,4.75
2026-02-26,Meta Ads,Prospecting - Broad,316.01,82.5,41.5,10.67,20.6,5.0,4.0,182.07,426.86
2026-02-26,Meta Ads,Prospecting - Lookalike 1%,212.9,63.5,31.96,7.380000000000001,0.0,4.0,4.0,93.33,283.83
2026-02-26,Meta Ads,Retargeting - Cart Abandon,155.38,36.0,32.2,5.699999999999999,0.0,4.0,3.0,34.15,196.8
2026-02-26,Meta Ads,Retargeting - Engaged 30d,196.16000000000003,44.4,32.18,6.88,0.0,4.0,4.0,80.12,240.04
2026-02-26,Organic Search,(organic),406.88000000000005,129.24,47.21,13.6,0.0,6.0,6.0,0.0,0.0
2026-02-26,Organic Social,(organic social),225.03,87.4,16.8,7.12,0.0,2.0,2.0,0.0,0.0
2026-02-27,Direct,(direct),298.54,72.08,41.72,10.16,0.0,5.0,1.0,0.0,0.0
2026-02-27,Email/SMS,Campaign - Monthly Newsletter,159.65,42.0,25.029999999999998,5.529999999999999,27.48,3.0,0.0,0.0,0.0
2026-02-27,Email/SMS,Flow - Abandoned Cart,53.67,12.0,9.45,1.86,0.0,1.0,0.0,0.0,0.0
2026-02-27,Email/SMS,Flow - Post Purchase Winback,215.51999999999998,55.2,31.97,7.449999999999999,0.0,4.0,0.0,0.0,0.0
2026-02-27,Email/SMS,Flow - Welcome Series,48.95,10.5,7.39,1.72,0.0,1.0,0.0,0.0,0.0
2026-02-27,Google Ads,PMax - Skincare Prospecting,171.89999999999998,56.0,24.43,5.88,0.0,3.0,3.0,67.06,177.99
2026-02-27,Google Ads,Search - Brand,75.14,19.2,9.15,2.48,0.0,1.0,1.0,11.68,88.83
2026-02-27,Google Ads,Search - Nonbrand Skincare,263.08,60.68000000000001,48.8,9.440000000000001,0.0,6.0,6.0,90.27,319.64
2026-02-27,Google Ads,Shopping - Bestsellers,30.95,7.2,8.45,1.2,0.0,1.0,1.0,14.24,37.45
2026-02-27,Meta Ads,Prospecting - Broad,26.849999999999998,7.2,8.28,1.08,26.85,1.0,0.0,18.96,36.98
2026-02-27,Meta Ads,Prospecting - Lookalike 1%,175.32,48.14,16.66,5.68,0.0,2.0,2.0,88.19,263.46
2026-02-27,Meta Ads,Retargeting - Cart Abandon,67.91,15.600000000000001,18.04,2.5700000000000003,34.95,2.0,2.0,19.17,98.71
2026-02-27,Meta Ads,Retargeting - Engaged 30d,115.77000000000001,33.6,14.58,3.96,0.0,2.0,2.0,53.32,169.4
2026-02-27,Organic Search,(organic),392.49,105.53999999999999,49.58,13.180000000000001,0.0,6.0,3.0,0.0,0.0
2026-02-27,Organic Social,(organic social),306.58,83.78,41.33,10.38,0.0,5.0,4.0,0.0,0.0
2026-02-28,Direct,(direct),519.51,176.5,40.33,16.57,0.0,5.0,2.0,0.0,0.0
2026-02-28,Email/SMS,Flow - Abandoned Cart,268.3,75.08000000000001,41.07,9.28,0.0,5.0,1.0,0.0,0.0
2026-02-28,Email/SMS,Flow - Post Purchase Winback,265.33000000000004,68.17999999999999,31.78,8.899999999999999,0.0,4.0,0.0,0.0,0.0
2026-02-28,Email/SMS,Flow - Welcome Series,217.61,52.8,26.379999999999995,7.210000000000001,83.51,3.0,0.0,0.0,0.0
2026-02-28,Google Ads,PMax - Skincare Prospecting,97.75999999999999,22.28,15.39,3.4400000000000004,66.89,2.0,2.0,30.91,115.07
2026-02-28,Google Ads,Search - Brand,475.76,164.0,18.24,14.39,0.0,2.0,0.0,49.24,574.25
2026-02-28,Google Ads,Search - Nonbrand Skincare,218.36000000000004,57.52,40.11,7.829999999999999,0.0,5.0,4.0,87.06,265.51
2026-02-28,Google Ads,Shopping - Bestsellers,383.84000000000003,122.8,29.339999999999996,12.33,0.0,4.0,4.0,136.5,413.56
2026-02-28,Meta Ads,Prospecting - Broad,271.85,80.0,33.019999999999996,9.07,144.38,4.0,4.0,144.73,418.03
2026-02-28,Meta Ads,Prospecting - Lookalike 1%,186.48000000000002,52.36,23.700000000000003,6.300000000000001,0.0,3.0,3.0,108.5,260.39
2026-02-28,Meta Ads,Retargeting - Cart Abandon,148.60000000000002,35.4,16.11,4.91,0.0,2.0,1.0,32.52,184.42
2026-02-28,Meta Ads,Retargeting - Engaged 30d,57.49000000000001,16.8,8.33,1.97,0.0,1.0,1.0,21.51,93.2
2026-02-28,Organic Search,(organic),145.97000000000003,37.04,24.000000000000004,5.13,0.0,3.0,3.0,0.0,0.0
2026-02-28,Organic Social,(organic social),62.95,15.68,8.98,2.13,31.48,1.0,0.0,0.0,0.0
2026-02-28,Unattributed,(not set),48.95,10.5,7.81,1.72,0.0,1.0,1.0,0.0,0.0
2026-03-01,Direct,(direct),288.46,78.23999999999998,47.81,10.16,0.0,6.0,2.0,0.0,0.0
2026-03-01,Email/SMS,Campaign - Monthly Newsletter,116.97,28.64,15.2,3.9899999999999998,0.0,2.0,0.0,0.0,0.0
2026-03-01,Email/SMS,Flow - Post Purchase Winback,171.97,45.0,15.43,5.58,0.0,2.0,1.0,0.0,0.0
2026-03-01,Email/SMS,Flow - Welcome Series,33.85,7.2,8.98,1.28,0.0,1.0,0.0,0.0,0.0
2026-03-01,Google Ads,PMax - Skincare Prospecting,155.65,38.54,26.240000000000002,5.41,0.0,3.0,3.0,67.41,175.81
2026-03-01,Google Ads,Search - Brand,38.95,9.6,9.78,1.43,0.0,1.0,1.0,14.38,45.23
2026-03-01,Google Ads,Search - Nonbrand Skincare,169.86,56.0,23.77,5.82,0.0,3.0,2.0,72.48,191.19
2026-03-01,Google Ads,Shopping - Bestsellers,55.97,15.68,7.46,1.92,0.0,1.0,0.0,13.3,70.0
2026-03-01,Meta Ads,Prospecting - Broad,262.95,72.32,24.619999999999997,8.53,0.0,3.0,3.0,128.14,315.17
2026-03-01,Meta Ads,Prospecting - Lookalike 1%,229.74,60.24,30.58,7.869999999999999,0.0,4.0,2.0,117.3,300.02
2026-03-01,Meta Ads,Retargeting - Cart Abandon,636.95,280.6,40.37,19.97,0.0,5.0,3.0,124.62,1121.64
2026-03-01,Meta Ads,Retargeting - Engaged 30d,117.9,31.200000000000003,14.41,4.02,38.95,2.0,2.0,41.83,172.89
2026-03-01,Organic Search,(organic),506.52,143.12,70.16,17.4,62.96,9.0,8.0,0.0,0.0
2026-03-01,Organic Social,(organic social),229.03999999999996,61.86000000000001,31.82,7.85,0.0,4.0,2.0,0.0,0.0
2026-03-01,Unattributed,(not set),77.84,22.8,7.86,2.56,0.0,1.0,1.0,0.0,0.0
2026-03-02,Direct,(direct),472.04999999999995,151.0,61.43,16.09,0.0,8.0,2.0,0.0,0.0
2026-03-02,Email/SMS,Flow - Abandoned Cart,112.76,27.68,16.28,3.87,26.28,2.0,0.0,0.0,0.0
2026-03-02,Email/SMS,Flow - Post Purchase Winback,182.09,48.0,8.3,5.58,0.0,1.0,0.0,0.0,0.0
2026-03-02,Email/SMS,Flow - Welcome Series,110.13000000000001,24.0,18.08,3.8,0.0,2.0,0.0,0.0,0.0
2026-03-02,Google Ads,PMax - Skincare Prospecting,107.37,23.4,16.04,3.71,0.0,2.0,1.0,54.75,117.55
2026-03-02,Google Ads,Search - Brand,312.31,122.0,8.0,9.36,0.0,1.0,0.0,26.85,353.47
2026-03-02,Google Ads,Search - Nonbrand Skincare,300.64,75.68,24.23,9.620000000000001,0.0,3.0,3.0,130.53,374.98
2026-03-02,Google Ads,Shopping - Bestsellers,90.91,21.6,15.16,3.24,0.0,2.0,1.0,33.79,103.72
2026-03-02,Meta Ads,Prospecting - Broad,84.0,21.0,7.45,2.74,84.0,1.0,0.0,38.16,99.52
2026-03-02,Meta Ads,Prospecting - Lookalike 1%,0.0,0.0,0.0,0.0,0.0,0.0,0.0,11.8,5.97
2026-03-02,Meta Ads,Retargeting - Cart Abandon,90.35000000000001,21.6,16.23,3.2199999999999998,0.0,2.0,1.0,19.37,116.38
2026-03-02,Meta Ads,Retargeting - Engaged 30d,105.32000000000001,26.18,14.379999999999999,3.66,0.0,2.0,1.0,47.49,149.32
2026-03-02,Organic Search,(organic),371.62,94.58,47.24,12.579999999999998,0.0,6.0,5.0,0.0,0.0
2026-03-02,Organic Social,(organic social),327.76,85.96000000000001,40.89,10.989999999999998,0.0,5.0,5.0,0.0,0.0
2026-03-02,Unattributed,(not set),144.0,36.0,7.57,4.48,0.0,1.0,1.0,0.0,0.0
2026-03-03,Direct,(direct),442.67,122.1,54.550000000000004,14.940000000000001,152.0,7.0,2.0,0.0,0.0
2026-03-03,Email/SMS,Campaign - Monthly Newsletter,294.71000000000004,82.6,30.62,9.74,0.0,4.0,0.0,0.0,0.0
2026-03-03,Email/SMS,Flow - Abandoned Cart,92.73,21.9,17.32,3.29,0.0,2.0,0.0,0.0,0.0
2026-03-03,Email/SMS,Flow - Post Purchase Winback,93.67000000000002,22.8,16.4,3.3200000000000003,0.0,2.0,1.0,0.0,0.0
2026-03-03,Email/SMS,Flow - Welcome Series,120.61000000000001,31.8,15.7,4.1,53.07,2.0,0.0,0.0,0.0
2026-03-03,Google Ads,PMax - Skincare Prospecting,294.0,114.0,8.49,8.83,0.0,1.0,1.0,100.15,331.3
2026-03-03,Google Ads,Search - Brand,0.0,0.0,0.0,0.0,0.0,0.0,0.0,9.33,7.82
2026-03-03,Google Ads,Search - Nonbrand Skincare,206.14,60.36,24.87,6.87,0.0,3.0,3.0,62.08,266.12
2026-03-03,Google Ads,Shopping - Bestsellers,40.95,10.88,8.12,1.49,0.0,1.0,1.0,8.71,42.49
2026-03-03,Meta Ads,Prospecting - Broad,101.16,31.36,7.42,3.23,0.0,1.0,1.0,75.12,166.76
2026-03-03,Meta Ads,Prospecting - Lookalike 1%,48.95,10.5,8.79,1.72,0.0,1.0,1.0,22.4,59.19
2026-03-03,Meta Ads,Retargeting - Cart Abandon,176.14000000000001,48.0,23.560000000000002,6.01,0.0,3.0,3.0,27.61,246.67
2026-03-03,Meta Ads,Retargeting - Engaged 30d,114.05000000000001,32.32,16.71,3.9099999999999997,58.95,2.0,2.0,35.57,176.36
2026-03-03,Organic Search,(organic),362.45,111.28,43.88,12.020000000000001,62.95,5.0,4.0,0.0,0.0
2026-03-03,Organic Social,(organic social),307.49,80.47999999999999,45.4,10.71,122.19999999999999,6.0,4.0,0.0,0.0
2026-03-03,Unattributed,(not set),168.0,42.0,7.16,5.17,0.0,1.0,1.0,0.0,0.0
2026-03-04,Direct,(direct),499.8,137.54000000000002,65.92,16.89,98.0,8.0,2.0,0.0,0.0
2026-03-04,Email/SMS,Campaign - Monthly Newsletter,199.85000000000002,54.0,15.78,6.390000000000001,0.0,2.0,0.0,0.0,0.0
2026-03-04,Email/SMS,Flow - Welcome Series,118.99000000000001,30.6,15.1,4.05,0.0,2.0,0.0,0.0,0.0
2026-03-04,Google Ads,PMax - Skincare Prospecting,189.57999999999998,46.8,24.71,6.39,0.0,3.0,3.0,80.67,218.82
2026-03-04,Google Ads,Search - Brand,132.22,31.8,15.18,4.4399999999999995,29.64,2.0,0.0,15.42,157.51
2026-03-04,Google Ads,Search - Nonbrand Skincare,295.11,95.2,34.54,9.76,0.0,4.0,3.0,88.39,343.98
2026-03-04,Google Ads,Shopping - Bestsellers,157.49,35.78,24.8,5.4799999999999995,0.0,3.0,1.0,38.47,184.13
2026-03-04,Meta Ads,Prospecting - Broad,296.53000000000003,68.4,32.45,9.8,0.0,4.0,4.0,218.17,355.98
2026-03-04,Meta Ads,Prospecting - Lookalike 1%,96.14000000000001,26.4,14.85,3.3899999999999997,23.25,2.0,2.0,41.96,136.34
2026-03-04,Meta Ads,Retargeting - Cart Abandon,255.59000000000003,68.03999999999999,26.04,8.32,0.0,3.0,3.0,55.65,390.83
2026-03-04,Meta Ads,Retargeting - Engaged 30d,40.95,10.88,7.57,1.49,0.0,1.0,0.0,12.19,52.53
2026-03-04,Organic Search,(organic),320.09,85.06,40.9,10.79,0.0,5.0,1.0,0.0,0.0
2026-03-04,Organic Social,(organic social),432.49,131.8,33.129999999999995,13.729999999999999,0.0,4.0,2.0,0.0,0.0
2026-03-05,Direct,(direct),353.9,91.36000000000001,31.44,11.459999999999999,0.0,4.0,2.0,0.0,0.0
2026-03-05,Email/SMS,Campaign - Monthly Newsletter,207.26,56.480000000000004,24.85,6.91,0.0,3.0,0.0,0.0,0.0
2026-03-05,Email/SMS,Flow - Abandoned Cart,84.76,21.6,14.530000000000001,3.06,0.0,2.0,0.0,0.0,0.0
2026-03-05,Email/SMS,Flow - Welcome Series,62.95,15.68,7.2,2.13,0.0,1.0,0.0,0.0,0.0
2026-03-05,Google Ads,PMax - Skincare Prospecting,195.16,51.6,33.31,6.85,0.0,4.0,4.0,66.73,227.77
2026-03-05,Google Ads,Search - Brand,101.71000000000001,28.799999999999997,17.03,3.55,0.0,2.0,1.0,13.08,128.33
2026-03-05,Google Ads,Search - Nonbrand Skincare,206.84,76.0,8.24,6.3,0.0,1.0,1.0,80.0,225.93
2026-03-05,Google Ads,Shopping - Bestsellers,165.36,41.86,15.0,5.390000000000001,0.0,2.0,2.0,61.04,189.86
2026-03-05,Meta Ads,Prospecting - Broad,225.76,54.9,23.259999999999998,7.45,0.0,3.0,1.0,120.71,309.41
2026-03-05,Meta Ads,Prospecting - Lookalike 1%,215.43,66.36,25.28,7.15,0.0,3.0,3.0,106.68,330.81
2026-03-05,Meta Ads,Retargeting - Cart Abandon,221.96,50.56,33.949999999999996,7.64,0.0,4.0,2.0,48.7,278.89
2026-03-05,Meta Ads,Retargeting - Engaged 30d,48.95,10.5,9.54,1.72,0.0,1.0,1.0,13.13,60.35
2026-03-05,Organic Search,(organic),551.77,183.76,50.25,17.81,59.96,6.0,2.0,0.0,0.0
2026-03-05,Organic Social,(organic social),201.40000000000003,49.5,39.32,7.329999999999999,13.5,5.0,4.0,0.0,0.0
2026-03-05,Unattributed,(not set),136.85000000000002,33.74,22.439999999999998,4.869999999999999,0.0,3.0,2.0,0.0,0.0
2026-03-06,Direct,(direct),436.28,114.5,62.78,15.05,0.0,8.0,5.0,0.0,0.0
2026-03-06,Email/SMS,Campaign - Monthly Newsletter,387.2,112.56,31.16,12.430000000000001,0.0,4.0,0.0,0.0,0.0
2026-03-06,Email/SMS,Flow - Abandoned Cart,296.54,132.88,16.94,9.2,0.0,2.0,0.0,0.0,0.0
2026-03-06,Email/SMS,Flow - Post Purchase Winback,44.95,11.4,8.49,1.6,0.0,1.0,0.0,0.0,0.0
2026-03-06,Email/SMS,Flow - Welcome Series,96.0,24.0,8.81,3.08,0.0,1.0,1.0,0.0,0.0
2026-03-06,Google Ads,PMax - Skincare Prospecting,0.0,0.0,0.0,0.0,0.0,0.0,0.0,11.89,9.13
2026-03-06,Google Ads,Search - Brand,0.0,0.0,0.0,0.0,0.0,0.0,0.0,12.73,11.61
2026-03-06,Google Ads,Search - Nonbrand Skincare,157.67000000000002,43.2,14.649999999999999,5.17,0.0,2.0,1.0,63.08,185.5
2026-03-06,Google Ads,Shopping - Bestsellers,70.26,18.0,15.0,2.6399999999999997,0.0,2.0,1.0,18.2,79.64
2026-03-06,Meta Ads,Prospecting - Broad,89.48,22.88,14.98,3.2,30.95,2.0,2.0,49.53,147.1
2026-03-06,Meta Ads,Prospecting - Lookalike 1%,193.9,53.68,24.37,6.52,0.0,3.0,3.0,100.46,238.7
2026-03-06,Meta Ads,Retargeting - Cart Abandon,0.0,0.0,0.0,0.0,0.0,0.0,0.0,12.43,4.94
2026-03-06,Meta Ads,Retargeting - Engaged 30d,383.67999999999995,130.79999999999998,25.740000000000002,12.03,30.95,3.0,2.0,118.61,556.48
2026-03-06,Organic Search,(organic),1000.2500000000001,328.74,84.11,32.01,112.57000000000001,10.0,7.0,0.0,0.0
2026-03-06,Organic Social,(organic social),473.88,126.52000000000001,44.95,15.53,57.75,6.0,4.0,0.0,0.0
2026-03-06,Unattributed,(not set),82.32,17.7,15.3,2.99,0.0,2.0,2.0,0.0,0.0
2026-03-07,Direct,(direct),601.36,185.2,59.53,19.84,0.0,8.0,2.0,0.0,0.0
2026-03-07,Email/SMS,Campaign - Monthly Newsletter,50.95,13.2,9.75,1.78,0.0,1.0,0.0,0.0,0.0
2026-03-07,Email/SMS,Flow - Abandoned Cart,199.98,49.2,32.96,6.999999999999999,0.0,4.0,0.0,0.0,0.0
2026-03-07,Email/SMS,Flow - Post Purchase Winback,39.87,10.88,8.13,1.46,0.0,1.0,0.0,0.0,0.0
2026-03-07,Google Ads,PMax - Skincare Prospecting,352.9,87.3,25.189999999999998,11.14,0.0,3.0,3.0,134.92,429.82
2026-03-07,Google Ads,Search - Brand,66.60000000000001,15.600000000000001,15.27,2.54,0.0,2.0,2.0,11.22,80.11
2026-03-07,Google Ads,Search - Nonbrand Skincare,315.4,113.8,31.07,10.35,168.7,4.0,2.0,123.24,421.36
2026-03-07,Google Ads,Shopping - Bestsellers,184.41,68.2,17.43,5.949999999999999,0.0,2.0,1.0,45.73,219.74
2026-03-07,Meta Ads,Prospecting - Broad,58.95,16.64,7.66,2.01,0.0,1.0,1.0,28.67,72.88
2026-03-07,Meta Ads,Prospecting - Lookalike 1%,0.0,0.0,0.0,0.0,0.0,0.0,0.0,19.25,11.21
2026-03-07,Meta Ads,Retargeting - Cart Abandon,204.59,54.88,31.63,7.13,0.0,4.0,3.0,47.89,251.94
2026-03-07,Meta Ads,Retargeting - Engaged 30d,59.290000000000006,12.0,8.27,2.02,0.0,1.0,1.0,19.75,71.68
2026-03-07,Organic Search,(organic),852.3100000000003,250.23999999999995,120.13000000000002,29.220000000000002,0.0,15.0,9.0,0.0,0.0
2026-03-07,Organic Social,(organic social),276.95,72.46000000000001,24.26,8.93,112.0,3.0,2.0,0.0,0.0
2026-03-08,Direct,(direct),199.76,45.3,41.42,7.29,0.0,5.0,1.0,0.0,0.0
2026-03-08,Email/SMS,Campaign - Monthly Newsletter,62.95,15.68,8.81,2.13,0.0,1.0,0.0,0.0,0.0
2026-03-08,Email/SMS,Flow - Abandoned Cart,143.65,38.24,25.069999999999997,5.07,0.0,3.0,1.0,0.0,0.0
2026-03-08,Email/SMS,Flow - Welcome Series,360.26,114.64,31.400000000000002,11.66,0.0,4.0,1.0,0.0,0.0
2026-03-08,Google Ads,PMax - Skincare Prospecting,207.54999999999998,59.52,15.469999999999999,6.62,0.0,2.0,2.0,67.51,223.29
2026-03-08,Google Ads,Search - Brand,592.49,197.6,15.88,17.78,426.18,2.0,2.0,53.65,656.52
2026-03-08,Google Ads,Search - Nonbrand Skincare,48.95,10.5,8.31,1.72,24.48,1.0,1.0,20.45,51.49
2026-03-08,Google Ads,Shopping - Bestsellers,96.0,24.0,8.61,3.08,0.0,1.0,1.0,27.89,114.96
2026-03-08,Meta Ads,Prospecting - Broad,143.22,37.96,18.34,4.76,0.0,2.0,2.0,73.77,180.71
2026-03-08,Meta Ads,Prospecting - Lookalike 1%,442.76,161.59999999999997,32.2,14.05,0.0,4.0,3.0,222.25,583.53
2026-03-08,Meta Ads,Retargeting - Cart Abandon,268.0,73.96,23.6,8.67,0.0,3.0,3.0,40.1,327.53
2026-03-08,Meta Ads,Retargeting - Engaged 30d,33.88,7.2,9.53,1.28,0.0,1.0,1.0,11.75,51.59
2026-03-08,Organic Search,(organic),1109.94,384.5,95.68,35.790000000000006,196.0,12.0,9.0,0.0,0.0
2026-03-08,Organic Social,(organic social),487.5,183.2,31.809999999999995,15.34,0.0,4.0,1.0,0.0,0.0
2026-03-08,Unattributed,(not set),70.05,18.6,16.439999999999998,2.63,0.0,2.0,1.0,0.0,0.0
2026-03-09,Direct,(direct),519.62,173.0,54.96000000000001,17.16,0.0,7.0,3.0,0.0,0.0
2026-03-09,Email/SMS,Campaign - Monthly Newsletter,68.29,15.68,7.87,2.28,0.0,1.0,0.0,0.0,0.0
2026-03-09,Email/SMS,Flow - Abandoned Cart,219.57999999999998,87.4,16.689999999999998,6.970000000000001,0.0,2.0,0.0,0.0,0.0
2026-03-09,Google Ads,PMax - Skincare Prospecting,180.48000000000002,61.92,17.619999999999997,5.83,0.0,2.0,1.0,107.93,239.57
2026-03-09,Google Ads,Search - Brand,54.95,12.0,6.57,1.89,54.95,1.0,1.0,9.99,60.4
2026-03-09,Google Ads,Search - Nonbrand Skincare,169.82,48.0,8.07,5.22,0.0,1.0,1.0,59.92,200.62
2026-03-09,Google Ads,Shopping - Bestsellers,112.0,31.36,7.62,3.55,0.0,1.0,1.0,26.86,130.22
2026-03-09,Meta Ads,Prospecting - Broad,59.39,12.0,8.52,2.02,0.0,1.0,1.0,45.24,79.71
2026-03-09,Meta Ads,Prospecting - Lookalike 1%,138.51,31.799999999999997,22.36,4.93,0.0,3.0,1.0,66.83,197.86
2026-03-09,Meta Ads,Retargeting - Cart Abandon,33.42,7.2,7.62,1.27,0.0,1.0,1.0,18.81,43.53
2026-03-09,Meta Ads,Retargeting - Engaged 30d,192.95,46.5,16.6,6.2,0.0,2.0,2.0,68.96,254.51
2026-03-09,Organic Search,(organic),1100.16,368.58,92.05,35.5,0.0,12.0,9.0,0.0,0.0
2026-03-09,Organic Social,(organic social),237.16000000000003,58.58,24.78,7.779999999999999,0.0,3.0,3.0,0.0,0.0
2026-03-09,Unattributed,(not set),88.34,20.4,15.78,3.16,0.0,2.0,1.0,0.0,0.0
2026-03-10,Direct,(direct),616.5,180.24,81.12,20.880000000000003,15.48,10.0,2.0,0.0,0.0
2026-03-10,Email/SMS,Campaign - Monthly Newsletter,314.61,137.68,16.560000000000002,9.73,31.48,2.0,0.0,0.0,0.0
2026-03-10,Email/SMS,Flow - Abandoned Cart,81.97,20.4,17.46,2.9699999999999998,0.0,2.0,0.0,0.0,0.0
2026-03-10,Email/SMS,Flow - Post Purchase Winback,385.15999999999997,124.39999999999999,41.760000000000005,12.67,104.34,5.0,0.0,0.0,0.0
2026-03-10,Email/SMS,Flow - Welcome Series,54.95,12.0,7.66,1.89,0.0,1.0,0.0,0.0,0.0
2026-03-10,Google Ads,PMax - Skincare Prospecting,60.06,12.0,9.2,2.04,0.0,1.0,1.0,21.98,70.06
2026-03-10,Google Ads,Search - Brand,112.38,29.7,18.23,3.8600000000000003,0.0,2.0,2.0,10.2,139.8
2026-03-10,Google Ads,Search - Nonbrand Skincare,142.51,34.2,23.77,5.039999999999999,38.07,3.0,2.0,59.49,157.28
2026-03-10,Google Ads,Shopping - Bestsellers,92.62,25.8,14.8,3.29,39.91,2.0,2.0,22.27,112.54
2026-03-10,Meta Ads,Prospecting - Broad,0.0,0.0,0.0,0.0,0.0,0.0,0.0,14.18,10.12
2026-03-10,Meta Ads,Prospecting - Lookalike 1%,134.95,33.6,16.11,4.51,0.0,2.0,1.0,64.09,168.99
2026-03-10,Meta Ads,Retargeting - Cart Abandon,331.9,82.19999999999999,32.55,10.82,264.0,4.0,2.0,60.21,395.12
2026-03-10,Meta Ads,Retargeting - Engaged 30d,101.44999999999999,25.28,26.18,3.84,0.0,3.0,3.0,27.54,135.43
2026-03-10,Organic Search,(organic),127.31,29.48,23.259999999999998,4.59,54.95,3.0,1.0,0.0,0.0
2026-03-10,Organic Social,(organic social),68.07000000000001,16.8,8.72,2.27,0.0,1.0,1.0,0.0,0.0
2026-03-10,Unattributed,(not set),54.95,14.4,7.75,1.89,54.95,1.0,1.0,0.0,0.0
2026-03-11,Direct,(direct),454.61000000000007,116.48,48.989999999999995,14.97,26.03,6.0,1.0,0.0,0.0
2026-03-11,Email/SMS,Campaign - Monthly Newsletter,407.26,110.56,31.71,13.01,0.0,4.0,0.0,0.0,0.0
2026-03-11,Email/SMS,Flow - Abandoned Cart,28.88,7.2,8.11,1.14,0.0,1.0,0.0,0.0,0.0
2026-03-11,Email/SMS,Flow - Post Purchase Winback,111.4,32.260000000000005,16.45,3.83,0.0,2.0,0.0,0.0,0.0
2026-03-11,Email/SMS,Flow - Welcome Series,212.95,58.44,15.68,6.77,0.0,2.0,1.0,0.0,0.0
2026-03-11,Google Ads,PMax - Skincare Prospecting,112.73,33.28,8.83,3.57,0.0,1.0,0.0,44.75,122.75
2026-03-11,Google Ads,Search - Brand,0.0,0.0,0.0,0.0,0.0,0.0,0.0,12.12,4.69
2026-03-11,Google Ads,Search - Nonbrand Skincare,83.63000000000001,21.380000000000003,15.61,3.03,0.0,2.0,1.0,30.27,104.83
2026-03-11,Google Ads,Shopping - Bestsellers,112.61,28.8,14.0,3.87,0.0,2.0,1.0,32.63,131.55
2026-03-11,Meta Ads,Prospecting - Broad,390.99,107.72,32.400000000000006,12.530000000000001,0.0,4.0,4.0,212.86,514.69
2026-03-11,Meta Ads,Prospecting - Lookalike 1%,228.41000000000003,55.36,32.190000000000005,7.82,0.0,4.0,4.0,82.94,305.63
2026-03-11,Meta Ads,Retargeting - Cart Abandon,102.22,24.0,7.55,3.26,0.0,1.0,1.0,18.74,144.8
2026-03-11,Meta Ads,Retargeting - Engaged 30d,379.49,103.4,32.0,12.2,0.0,4.0,3.0,137.09,577.83
2026-03-11,Organic Search,(organic),329.41,79.58,56.47999999999999,11.649999999999999,33.48,7.0,4.0,0.0,0.0
2026-03-11,Organic Social,(organic social),484.05,166.4,16.64,14.629999999999999,0.0,2.0,1.0,0.0,0.0
2026-03-11,Unattributed,(not set),37.230000000000004,8.4,7.0,1.38,0.0,1.0,1.0,0.0,0.0
2026-03-12,Direct,(direct),250.62,58.28,32.67,8.459999999999999,58.37,4.0,1.0,0.0,0.0
2026-03-12,Email/SMS,Campaign - Monthly Newsletter,49.25,12.0,9.78,1.73,0.0,1.0,0.0,0.0,0.0
2026-03-12,Email/SMS,Flow - Abandoned Cart,168.94,45.6,23.310000000000002,5.8,35.81,3.0,0.0,0.0,0.0
2026-03-12,Email/SMS,Flow - Welcome Series,166.95,43.36,18.21,5.4399999999999995,0.0,2.0,1.0,0.0,0.0
2026-03-12,Google Ads,PMax - Skincare Prospecting,219.27,57.6,31.28,7.549999999999999,0.0,4.0,3.0,108.05,238.2
2026-03-12,Google Ads,Search - Brand,238.92,61.8,23.35,7.83,0.0,3.0,2.0,25.44,275.28
2026-03-12,Google Ads,Search - Nonbrand Skincare,138.85000000000002,33.0,25.11,4.92,0.0,3.0,3.0,57.79,147.02
2026-03-12,Google Ads,Shopping - Bestsellers,53.6,10.5,7.57,1.85,0.0,1.0,0.0,14.99,60.27
2026-03-12,Meta Ads,Prospecting - Broad,157.67000000000002,42.0,23.549999999999997,5.47,0.0,3.0,2.0,129.46,252.46
2026-03-12,Meta Ads,Prospecting - Lookalike 1%,246.92000000000002,72.8,32.519999999999996,8.35,0.0,4.0,3.0,110.23,321.19
2026-03-12,Meta Ads,Retargeting - Cart Abandon,240.95,87.4,17.24,7.58,0.0,2.0,1.0,42.51,352.85
2026-03-12,Meta Ads,Retargeting - Engaged 30d,140.78,33.379999999999995,23.07,4.9799999999999995,0.0,3.0,3.0,61.71,198.72
2026-03-12,Organic Search,(organic),520.28,160.6,66.36,17.49,0.0,8.0,2.0,0.0,0.0
2026-03-12,Organic Social,(organic social),117.81,27.6,17.520000000000003,4.02,0.0,2.0,1.0,0.0,0.0
2026-03-12,Unattributed,(not set),211.35,76.0,9.02,6.43,0.0,1.0,1.0,0.0,0.0
2026-03-13,Direct,(direct),644.54,192.26,61.29,21.080000000000002,0.0,8.0,3.0,0.0,0.0
2026-03-13,Email/SMS,Campaign - Monthly Newsletter,114.0,34.2,7.83,3.61,0.0,1.0,0.0,0.0,0.0
2026-03-13,Email/SMS,Flow - Abandoned Cart,94.23,38.0,8.66,3.03,94.23,1.0,0.0,0.0,0.0
2026-03-13,Email/SMS,Flow - Post Purchase Winback,340.21,88.9,26.28,10.770000000000001,0.0,3.0,0.0,0.0,0.0
2026-03-13,Email/SMS,Flow - Welcome Series,209.56,53.24,32.71,7.28,100.05,4.0,1.0,0.0,0.0
2026-03-13,Google Ads,PMax - Skincare Prospecting,48.95,10.5,8.88,1.72,0.0,1.0,1.0,23.11,50.83
2026-03-13,Google Ads,Search - Brand,447.68999999999994,154.8,36.21,14.48,28.95,5.0,4.0,52.81,505.84
2026-03-13,Google Ads,Search - Nonbrand Skincare,459.72999999999996,149.8,35.15,14.530000000000001,96.0,4.0,4.0,192.33,553.85
2026-03-13,Google Ads,Shopping - Bestsellers,383.97,138.8,24.15,12.04,0.0,3.0,3.0,137.43,411.67
2026-03-13,Meta Ads,Prospecting - Broad,172.0,51.6,17.259999999999998,5.58,96.0,2.0,1.0,121.02,253.88
2026-03-13,Meta Ads,Prospecting - Lookalike 1%,164.68,43.36,16.6,5.38,0.0,2.0,2.0,79.04,242.4
2026-03-13,Meta Ads,Retargeting - Cart Abandon,423.99,106.64,24.91,13.200000000000001,0.0,3.0,2.0,76.84,565.68
2026-03-13,Meta Ads,Retargeting - Engaged 30d,58.95,16.64,8.09,2.01,0.0,1.0,1.0,21.23,72.75
2026-03-13,Organic Search,(organic),338.65,87.3,41.14,11.32,0.0,5.0,3.0,0.0,0.0
2026-03-13,Organic Social,(organic social),172.38,38.7,32.77,6.1899999999999995,0.0,4.0,4.0,0.0,0.0
2026-03-14,Direct,(direct),584.55,139.82,74.26,19.660000000000004,0.0,9.0,5.0,0.0,0.0
2026-03-14,Email/SMS,Campaign - Monthly Newsletter,220.71,66.58,31.44,7.6,42.77,4.0,0.0,0.0,0.0
2026-03-14,Email/SMS,Flow - Abandoned Cart,53.129999999999995,13.2,16.419999999999998,2.14,26.76,2.0,0.0,0.0,0.0
2026-03-14,Email/SMS,Flow - Post Purchase Winback,42.410000000000004,10.5,7.64,1.53,0.0,1.0,0.0,0.0,0.0
2026-03-14,Email/SMS,Flow - Welcome Series,89.46000000000001,22.28,14.77,3.2,0.0,2.0,0.0,0.0,0.0
2026-03-14,Google Ads,PMax - Skincare Prospecting,206.89000000000001,59.04,17.09,6.6,0.0,2.0,2.0,77.38,269.16
2026-03-14,Google Ads,Search - Brand,205.38,44.1,33.64,7.1499999999999995,0.0,4.0,3.0,25.53,226.95
2026-03-14,Google Ads,Search - Nonbrand Skincare,278.47,91.68,31.119999999999997,9.280000000000001,0.0,4.0,4.0,117.74,322.46
2026-03-14,Google Ads,Shopping - Bestsellers,151.31,41.4,23.12,5.279999999999999,0.0,3.0,3.0,45.5,160.57
2026-03-14,Meta Ads,Prospecting - Broad,104.67000000000002,24.08,16.56,3.63,0.0,2.0,2.0,59.57,128.69
2026-03-14,Meta Ads,Prospecting - Lookalike 1%,187.42000000000002,56.4,23.43,6.34,0.0,3.0,2.0,97.88,297.57
2026-03-14,Meta Ads,Retargeting - Cart Abandon,0.0,0.0,0.0,0.0,0.0,0.0,0.0,11.75,5.38
2026-03-14,Meta Ads,Retargeting - Engaged 30d,139.73000000000002,34.879999999999995,17.369999999999997,4.66,0.0,2.0,0.0,60.06,187.05
2026-03-14,Organic Search,(organic),564.24,145.52,72.03,19.07,51.0,9.0,7.0,0.0,0.0
2026-03-14,Organic Social,(organic social),109.88000000000001,27.14,16.23,3.79,0.0,2.0,2.0,0.0,0.0
2026-03-14,Unattributed,(not set),33.65,7.2,7.81,1.28,0.0,1.0,1.0,0.0,0.0
2026-03-15,Direct,(direct),697.1,201.16,65.87,22.63,0.0,8.0,3.0,0.0,0.0
2026-03-15,Email/SMS,Campaign - Monthly Newsletter,260.39,70.96000000000001,33.71,8.75,0.0,4.0,1.0,0.0,0.0
2026-03-15,Email/SMS,Flow - Abandoned Cart,35.77,9.6,9.07,1.34,0.0,1.0,0.0,0.0,0.0
2026-03-15,Email/SMS,Flow - Post Purchase Winback,48.95,10.5,7.1,1.72,0.0,1.0,0.0,0.0,0.0
2026-03-15,Email/SMS,Flow - Welcome Series,156.95,44.64,17.939999999999998,5.1499999999999995,0.0,2.0,0.0,0.0,0.0
2026-03-15,Google Ads,PMax - Skincare Prospecting,54.7,14.4,7.86,1.89,0.0,1.0,1.0,26.7,63.94
2026-03-15,Google Ads,Search - Brand,257.70000000000005,62.56,31.79,8.67,0.0,4.0,3.0,30.97,316.62
2026-03-15,Google Ads,Search - Nonbrand Skincare,0.0,0.0,0.0,0.0,0.0,0.0,0.0,11.74,7.48
2026-03-15,Google Ads,Shopping - Bestsellers,0.0,0.0,0.0,0.0,0.0,0.0,0.0,8.63,6.18
2026-03-15,Meta Ads,Prospecting - Broad,166.01999999999998,42.76,16.7,5.41,0.0,2.0,2.0,86.5,227.5
2026-03-15,Meta Ads,Prospecting - Lookalike 1%,213.97000000000003,58.66,32.74,7.4,43.1,4.0,3.0,85.7,276.75
2026-03-15,Meta Ads,Retargeting - Cart Abandon,126.04,34.2,16.23,4.26,0.0,2.0,2.0,21.79,170.25
2026-03-15,Meta Ads,Retargeting - Engaged 30d,269.57,62.7,50.66,9.6,0.0,6.0,5.0,96.95,396.74
2026-03-15,Organic Search,(organic),214.03000000000003,53.480000000000004,36.769999999999996,7.699999999999999,0.0,5.0,4.0,0.0,0.0
2026-03-15,Organic Social,(organic social),415.69,129.7,40.480000000000004,13.55,14.85,5.0,5.0,0.0,0.0
2026-03-15,Unattributed,(not set),110.67,44.6,16.3,3.8099999999999996,0.0,2.0,1.0,0.0,0.0
2026-03-16,Direct,(direct),346.83000000000004,89.94,50.160000000000004,11.85,0.0,6.0,4.0,0.0,0.0
2026-03-16,Email/SMS,Flow - Abandoned Cart,225.71000000000004,61.64,28.08,7.75,0.0,4.0,0.0,0.0,0.0
2026-03-16,Email/SMS,Flow - Welcome Series,66.32,15.0,15.8,2.52,0.0,2.0,1.0,0.0,0.0
2026-03-16,Google Ads,PMax - Skincare Prospecting,48.95,10.5,8.16,1.72,48.95,1.0,1.0,25.28,54.88
2026-03-16,Google Ads,Search - Brand,0.0,0.0,0.0,0.0,0.0,0.0,0.0,12.34,10.29
2026-03-16,Google Ads,Search - Nonbrand Skincare,165.45,38.18,22.9,5.7,57.82,3.0,2.0,51.36,176.78
2026-03-16,Google Ads,Shopping - Bestsellers,162.59,39.68,16.73,5.3100000000000005,0.0,2.0,2.0,37.94,194.87
2026-03-16,Meta Ads,Prospecting - Broad,151.15,38.56,15.62,4.99,0.0,2.0,1.0,78.4,207.04
2026-03-16,Meta Ads,Prospecting - Lookalike 1%,88.65,21.0,8.82,2.87,0.0,1.0,1.0,32.28,117.14
2026-03-16,Meta Ads,Retargeting - Cart Abandon,316.38,77.86,38.82,10.68,0.0,5.0,4.0,57.39,463.34
2026-03-16,Meta Ads,Retargeting - Engaged 30d,0.0,0.0,0.0,0.0,0.0,0.0,0.0,15.76,12.44
2026-03-16,Organic Search,(organic),447.38,123.8,70.10000000000001,15.659999999999998,0.0,9.0,6.0,0.0,0.0
2026-03-16,Organic Social,(organic social),265.08,63.9,23.9,8.59,0.0,3.0,3.0,0.0,0.0
2026-03-16,Unattributed,(not set),103.82,38.0,6.52,3.31,0.0,1.0,1.0,0.0,0.0
2026-03-17,Direct,(direct),209.33999999999997,58.88,30.95,7.27,0.0,4.0,3.0,0.0,0.0
2026-03-17,Email/SMS,Campaign - Monthly Newsletter,294.88,97.6,22.52,9.45,0.0,3.0,0.0,0.0,0.0
2026-03-17,Email/SMS,Flow - Abandoned Cart,58.47,15.68,7.61,2.0,0.0,1.0,0.0,0.0,0.0
2026-03-17,Email/SMS,Flow - Post Purchase Winback,162.27,41.84,23.310000000000002,5.61,0.0,3.0,1.0,0.0,0.0
2026-03-17,Email/SMS,Flow - Welcome Series,93.57,22.28,14.440000000000001,3.32,0.0,2.0,0.0,0.0,0.0
2026-03-17,Google Ads,PMax - Skincare Prospecting,31.46,6.6,8.58,1.21,0.0,1.0,0.0,15.46,33.77
2026-03-17,Google Ads,Search - Brand,0.0,0.0,0.0,0.0,0.0,0.0,0.0,11.85,5.77
2026-03-17,Google Ads,Search - Nonbrand Skincare,62.95,15.68,7.66,2.13,0.0,1.0,1.0,18.04,71.19
2026-03-17,Google Ads,Shopping - Bestsellers,417.1,145.36,22.630000000000003,13.0,0.0,3.0,3.0,137.81,448.81
2026-03-17,Meta Ads,Prospecting - Broad,74.95,21.76,6.77,2.47,0.0,1.0,1.0,46.3,110.36
2026-03-17,Meta Ads,Prospecting - Lookalike 1%,372.88,115.06,27.03,11.71,0.0,3.0,3.0,140.9,526.32
2026-03-17,Meta Ads,Retargeting - Cart Abandon,197.21,43.5,30.84,6.92,77.99000000000001,4.0,3.0,36.05,283.56
2026-03-17,Meta Ads,Retargeting - Engaged 30d,606.2800000000001,181.29999999999998,48.18,19.380000000000003,0.0,6.0,5.0,204.45,850.83
2026-03-17,Organic Search,(organic),697.5300000000001,215.70000000000002,57.47,22.32,0.0,7.0,5.0,0.0,0.0
2026-03-17,Organic Social,(organic social),62.95,15.68,7.1,2.13,0.0,1.0,1.0,0.0,0.0
2026-03-17,Unattributed,(not set),145.3,42.0,15.1,4.8100000000000005,0.0,2.0,2.0,0.0,0.0
2026-03-18,Direct,(direct),828.46,238.64,97.87,27.63,86.01,12.0,6.0,0.0,0.0
2026-03-18,Email/SMS,Campaign - Monthly Newsletter,438.78,132.7,39.86,14.209999999999999,0.0,5.0,0.0,0.0,0.0
2026-03-18,Email/SMS,Flow - Abandoned Cart,220.43,56.4,25.96,7.29,133.94,3.0,1.0,0.0,0.0
2026-03-18,Email/SMS,Flow - Post Purchase Winback,403.95,150.2,22.52,12.620000000000001,290.0,3.0,0.0,0.0,0.0
2026-03-18,Email/SMS,Flow - Welcome Series,109.53,26.4,16.31,3.7800000000000002,0.0,2.0,0.0,0.0,0.0
2026-03-18,Google Ads,PMax - Skincare Prospecting,243.9,60.6,22.98,7.97,0.0,3.0,2.0,114.95,260.27
2026-03-18,Google Ads,Search - Brand,32.95,7.2,6.66,1.26,0.0,1.0,1.0,8.93,35.82
2026-03-18,Google Ads,Search - Nonbrand Skincare,135.84,34.28,23.03,4.84,0.0,3.0,3.0,37.01,163.13
2026-03-18,Google Ads,Shopping - Bestsellers,47.99,11.4,8.51,1.69,0.0,1.0,1.0,17.23,53.51
2026-03-18,Meta Ads,Prospecting - Broad,0.0,0.0,0.0,0.0,0.0,0.0,0.0,18.14,15.75
2026-03-18,Meta Ads,Prospecting - Lookalike 1%,68.04,16.8,9.09,2.27,0.0,1.0,1.0,37.67,84.63
2026-03-18,Meta Ads,Retargeting - Cart Abandon,41.42,9.6,6.6,1.5,0.0,1.0,0.0,11.7,63.45
2026-03-18,Meta Ads,Retargeting - Engaged 30d,225.93,66.56,7.24,6.85,0.0,1.0,0.0,56.98,327.77
2026-03-18,Organic Search,(organic),368.27,94.28,45.66,12.49,0.0,6.0,1.0,0.0,0.0
2026-03-18,Unattributed,(not set),48.95,10.5,8.62,1.72,0.0,1.0,1.0,0.0,0.0
2026-03-19,Direct,(direct),617.25,158.16,71.91999999999999,20.590000000000003,0.0,9.0,2.0,0.0,0.0
2026-03-19,Email/SMS,Campaign - Monthly Newsletter,144.0,36.0,8.64,4.48,0.0,1.0,0.0,0.0,0.0
2026-03-19,Email/SMS,Flow - Abandoned Cart,175.32,62.0,22.97,5.99,51.04,3.0,0.0,0.0,0.0
2026-03-19,Email/SMS,Flow - Post Purchase Winback,103.35000000000001,25.8,17.240000000000002,3.59,0.0,2.0,0.0,0.0,0.0
2026-03-19,Email/SMS,Flow - Welcome Series,189.84,48.14,15.18,6.1,0.0,2.0,0.0,0.0,0.0
2026-03-19,Google Ads,PMax - Skincare Prospecting,114.0,34.2,7.29,3.61,114.0,1.0,1.0,40.32,127.93
2026-03-19,Google Ads,Search - Brand,0.0,0.0,0.0,0.0,0.0,0.0,0.0,11.44,10.61
2026-03-19,Google Ads,Search - Nonbrand Skincare,198.94,61.4,27.119999999999997,6.67,0.0,3.0,3.0,86.16,234.72
2026-03-19,Google Ads,Shopping - Bestsellers,48.42,11.4,8.38,1.7,0.0,1.0,1.0,12.48,54.73
2026-03-19,Meta Ads,Prospecting - Broad,103.69,23.4,23.83,3.9099999999999997,0.0,3.0,3.0,58.82,160.7
2026-03-19,Meta Ads,Prospecting - Lookalike 1%,28.95,6.6,8.07,1.14,0.0,1.0,1.0,12.64,39.14
2026-03-19,Meta Ads,Retargeting - Cart Abandon,145.19,47.6,16.39,4.81,0.0,2.0,2.0,30.98,202.53
2026-03-19,Meta Ads,Retargeting - Engaged 30d,226.95,63.24,23.759999999999998,7.4799999999999995,0.0,3.0,2.0,85.94,306.77
2026-03-19,Organic Search,(organic),568.63,151.64,64.91,18.89,57.89,8.0,6.0,0.0,0.0
2026-03-19,Organic Social,(organic social),160.52000000000004,37.8,30.880000000000003,5.85,0.0,4.0,3.0,0.0,0.0
2026-03-19,Unattributed,(not set),84.0,21.0,8.32,2.74,0.0,1.0,1.0,0.0,0.0
2026-03-20,Direct,(direct),623.75,175.28,62.83,20.47,0.0,8.0,4.0,0.0,0.0
2026-03-20,Email/SMS,Campaign - Monthly Newsletter,126.0,31.5,8.43,3.95,0.0,1.0,0.0,0.0,0.0
2026-03-20,Email/SMS,Flow - Abandoned Cart,32.02,8.4,7.57,1.23,0.0,1.0,0.0,0.0,0.0
2026-03-20,Email/SMS,Flow - Post Purchase Winback,320.22,85.96000000000001,38.19,10.78,29.3,5.0,0.0,0.0,0.0
2026-03-20,Email/SMS,Flow - Welcome Series,334.95,133.4,17.23,10.31,0.0,2.0,0.0,0.0,0.0
2026-03-20,Google Ads,PMax - Skincare Prospecting,243.76000000000002,82.6,14.75,7.66,0.0,2.0,1.0,120.88,288.52
2026-03-20,Google Ads,Search - Brand,174.44,42.6,21.35,5.96,115.9,3.0,2.0,18.12,203.26
2026-03-20,Google Ads,Search - Nonbrand Skincare,174.14999999999998,41.1,15.79,5.6499999999999995,0.0,2.0,2.0,71.84,200.44
2026-03-20,Google Ads,Shopping - Bestsellers,112.95,27.6,17.68,3.88,28.95,2.0,1.0,32.2,133.55
2026-03-20,Meta Ads,Prospecting - Broad,59.24,12.0,7.54,2.02,0.0,1.0,1.0,42.55,77.6
2026-03-20,Meta Ads,Prospecting - Lookalike 1%,924.4000000000002,361.0,49.5,28.6,0.0,6.0,4.0,461.27,1309.16
2026-03-20,Meta Ads,Retargeting - Cart Abandon,147.74,42.0,8.91,4.58,0.0,1.0,1.0,39.34,267.62
2026-03-20,Meta Ads,Retargeting - Engaged 30d,187.11,51.52,23.97,6.33,0.0,3.0,2.0,66.2,260.28
2026-03-20,Organic Search,(organic),264.82000000000005,67.72,37.15,9.18,0.0,5.0,3.0,0.0,0.0
2026-03-20,Organic Social,(organic social),342.17,115.76,30.93,11.120000000000001,0.0,4.0,4.0,0.0,0.0
2026-03-20,Unattributed,(not set),50.510000000000005,12.0,8.36,1.76,0.0,1.0,1.0,0.0,0.0
2026-03-21,Direct,(direct),597.48,206.07999999999998,67.52000000000001,19.73,16.71,8.0,2.0,0.0,0.0
2026-03-21,Email/SMS,Campaign - Monthly Newsletter,172.5,40.5,31.16,6.1899999999999995,0.0,4.0,0.0,0.0,0.0
2026-03-21,Email/SMS,Flow - Abandoned Cart,41.690000000000005,11.4,7.43,1.51,0.0,1.0,0.0,0.0,0.0
2026-03-21,Email/SMS,Flow - Post Purchase Winback,203.87,56.400000000000006,32.08,7.1000000000000005,0.0,4.0,2.0,0.0,0.0
2026-03-21,Email/SMS,Flow - Welcome Series,38.95,9.6,9.14,1.43,0.0,1.0,0.0,0.0,0.0
2026-03-21,Google Ads,PMax - Skincare Prospecting,38.95,9.6,7.53,1.43,0.0,1.0,1.0,17.62,46.18
2026-03-21,Google Ads,Search - Brand,135.82999999999998,45.2,15.860000000000001,4.54,30.95,2.0,2.0,15.04,140.76
2026-03-21,Google Ads,Search - Nonbrand Skincare,211.17999999999998,58.800000000000004,23.07,7.03,0.0,3.0,3.0,95.84,277.13
2026-03-21,Google Ads,Shopping - Bestsellers,708.7800000000001,284.2,33.97,21.75,0.0,4.0,4.0,211.9,918.57
2026-03-21,Meta Ads,Prospecting - Broad,82.49,22.8,7.82,2.69,0.0,1.0,1.0,37.45,103.49
2026-03-21,Meta Ads,Prospecting - Lookalike 1%,259.1,73.6,17.73,8.12,0.0,2.0,2.0,139.55,376.97
2026-03-21,Meta Ads,Retargeting - Cart Abandon,158.18,39.6,20.84,5.49,0.0,3.0,2.0,27.88,233.81
2026-03-21,Meta Ads,Retargeting - Engaged 30d,53.72,16.8,7.57,1.86,53.72,1.0,1.0,19.21,96.5
2026-03-21,Organic Search,(organic),706.27,197.06,86.92999999999999,23.770000000000003,0.0,11.0,8.0,0.0,0.0
2026-03-21,Organic Social,(organic social),155.8,39.080000000000005,33.24,5.72,54.95,4.0,2.0,0.0,0.0
2026-03-22,Direct,(direct),759.74,244.32,87.38000000000001,25.319999999999997,98.0,11.0,4.0,0.0,0.0
2026-03-22,Email/SMS,Campaign - Monthly Newsletter,48.300000000000004,11.4,8.06,1.7,0.0,1.0,0.0,0.0,0.0
2026-03-22,Email/SMS,Flow - Abandoned Cart,59.650000000000006,12.0,7.5,2.03,0.0,1.0,1.0,0.0,0.0
2026-03-22,Email/SMS,Flow - Welcome Series,175.95,68.2,16.16,5.7,72.5,2.0,0.0,0.0,0.0
2026-03-22,Google Ads,PMax - Skincare Prospecting,51.03,16.64,7.26,1.78,0.0,1.0,0.0,25.2,68.33
2026-03-22,Google Ads,Search - Brand,54.13,13.2,7.56,1.87,54.13,1.0,0.0,10.2,60.5
2026-03-22,Google Ads,Search - Nonbrand Skincare,425.46999999999997,104.78,54.84,14.44,0.0,7.0,6.0,127.95,488.57
2026-03-22,Google Ads,Shopping - Bestsellers,41.230000000000004,11.4,7.83,1.5,0.0,1.0,0.0,10.3,51.53
2026-03-22,Meta Ads,Prospecting - Broad,243.89000000000001,67.7,30.89,8.270000000000001,0.0,4.0,4.0,133.94,368.85
2026-03-22,Meta Ads,Prospecting - Lookalike 1%,64.13,14.4,14.73,2.46,0.0,2.0,2.0,30.71,92.73
2026-03-22,Meta Ads,Retargeting - Cart Abandon,0.0,0.0,0.0,0.0,0.0,0.0,0.0,18.62,8.9
2026-03-22,Meta Ads,Retargeting - Engaged 30d,213.16,76.0,8.89,6.48,0.0,1.0,1.0,57.11,292.46
2026-03-22,Organic Search,(organic),620.53,161.78,79.77,20.990000000000002,0.0,10.0,4.0,0.0,0.0
2026-03-22,Organic Social,(organic social),383.90000000000003,140.0,26.78,12.030000000000001,38.95,3.0,2.0,0.0,0.0
2026-03-22,Unattributed,(not set),179.70000000000002,42.82,26.03,6.12,0.0,3.0,1.0,0.0,0.0
2026-03-23,Direct,(direct),161.72000000000003,36.3,31.409999999999997,5.9,51.9,4.0,1.0,0.0,0.0
2026-03-23,Email/SMS,Campaign - Monthly Newsletter,343.59000000000003,85.58,40.629999999999995,11.469999999999999,0.0,5.0,0.0,0.0,0.0
2026-03-23,Email/SMS,Flow - Abandoned Cart,173.92000000000002,61.84,25.810000000000002,5.95,87.28,3.0,0.0,0.0,0.0
2026-03-23,Email/SMS,Flow - Welcome Series,84.0,21.0,8.3,2.74,0.0,1.0,0.0,0.0,0.0
2026-03-23,Google Ads,PMax - Skincare Prospecting,143.85000000000002,36.0,23.659999999999997,5.08,0.0,3.0,2.0,48.53,161.42
2026-03-23,Google Ads,Search - Brand,167.15,46.2,23.669999999999998,5.74,0.0,3.0,2.0,15.17,200.46
2026-03-23,Google Ads,Search - Nonbrand Skincare,54.35,15.68,8.59,1.88,0.0,1.0,1.0,23.3,75.53
2026-03-23,Google Ads,Shopping - Bestsellers,0.0,0.0,0.0,0.0,0.0,0.0,0.0,10.26,4.61
2026-03-23,Meta Ads,Prospecting - Broad,238.0,62.86,15.73,7.5,0.0,2.0,1.0,144.29,347.48
2026-03-23,Meta Ads,Prospecting - Lookalike 1%,237.26,58.58,23.07,7.78,0.0,3.0,3.0,108.58,346.4
2026-03-23,Meta Ads,Retargeting - Cart Abandon,64.0,15.600000000000001,14.24,2.46,26.8,2.0,2.0,18.43,95.68
2026-03-23,Meta Ads,Retargeting - Engaged 30d,122.95,30.6,18.43,4.17,0.0,2.0,2.0,46.05,157.72
2026-03-23,Organic Search,(organic),852.19,286.44,70.73,27.410000000000004,236.2,9.0,5.0,0.0,0.0
2026-03-23,Organic Social,(organic social),56.080000000000005,16.64,9.01,1.93,0.0,1.0,1.0,0.0,0.0
2026-03-24,Direct,(direct),341.4,97.10000000000001,50.07000000000001,11.7,0.0,6.0,2.0,0.0,0.0
2026-03-24,Email/SMS,Campaign - Monthly Newsletter,188.13,48.98,22.369999999999997,6.35,0.0,3.0,0.0,0.0,0.0
2026-03-24,Email/SMS,Flow - Post Purchase Winback,57.64,13.8,16.509999999999998,2.2699999999999996,14.48,2.0,0.0,0.0,0.0
2026-03-24,Email/SMS,Flow - Welcome Series,600.48,232.72,40.27,18.92,0.0,5.0,1.0,0.0,0.0
2026-03-24,Google Ads,PMax - Skincare Prospecting,176.56,48.0,9.76,5.42,0.0,1.0,1.0,62.74,219.98
2026-03-24,Google Ads,Search - Brand,0.0,0.0,0.0,0.0,0.0,0.0,0.0,12.2,8.16
2026-03-24,Google Ads,Search - Nonbrand Skincare,143.65,38.54,23.88,5.0600000000000005,0.0,3.0,3.0,56.82,180.53
2026-03-24,Google Ads,Shopping - Bestsellers,69.66,15.0,17.64,2.62,0.0,2.0,2.0,17.93,82.5
2026-03-24,Meta Ads,Prospecting - Broad,61.9,14.4,16.27,2.4,0.0,2.0,1.0,41.09,78.21
2026-03-24,Meta Ads,Prospecting - Lookalike 1%,276.95,78.24000000000001,21.89,8.93,0.0,3.0,3.0,141.32,393.01
2026-03-24,Meta Ads,Retargeting - Cart Abandon,132.5,31.2,24.42,4.739999999999999,0.0,3.0,1.0,24.7,196.78
2026-03-24,Meta Ads,Retargeting - Engaged 30d,182.49,44.260000000000005,24.85,6.1899999999999995,58.59,3.0,2.0,74.69,281.45
2026-03-24,Organic Search,(organic),415.48,107.03999999999999,57.5,14.14,0.0,7.0,6.0,0.0,0.0
2026-03-24,Organic Social,(organic social),50.95,13.2,7.9,1.78,0.0,1.0,1.0,0.0,0.0
2026-03-24,Unattributed,(not set),96.0,24.0,9.04,3.08,0.0,1.0,1.0,0.0,0.0
2026-03-25,Direct,(direct),94.47,21.0,16.41,3.34,0.0,2.0,0.0,0.0,0.0
2026-03-25,Email/SMS,Campaign - Monthly Newsletter,68.9,16.8,7.13,2.3,0.0,1.0,0.0,0.0,0.0
2026-03-25,Email/SMS,Flow - Abandoned Cart,92.95,25.8,16.700000000000003,3.29,43.19,2.0,0.0,0.0,0.0
2026-03-25,Email/SMS,Flow - Post Purchase Winback,142.19,35.4,15.219999999999999,4.72,0.0,2.0,0.0,0.0,0.0
2026-03-25,Email/SMS,Flow - Welcome Series,144.5,35.4,16.689999999999998,4.79,0.0,2.0,1.0,0.0,0.0
2026-03-25,Google Ads,PMax - Skincare Prospecting,89.48,27.520000000000003,16.03,3.2,0.0,2.0,1.0,40.64,112.2
2026-03-25,Google Ads,Search - Brand,126.16999999999999,33.6,24.380000000000003,4.56,0.0,3.0,2.0,17.76,162.23
2026-03-25,Google Ads,Search - Nonbrand Skincare,155.33,38.24,24.560000000000002,5.41,0.0,3.0,3.0,46.39,183.16
2026-03-25,Google Ads,Shopping - Bestsellers,69.9,16.8,16.310000000000002,2.63,0.0,2.0,1.0,17.65,79.32
2026-03-25,Meta Ads,Prospecting - Broad,98.85000000000001,24.08,22.83,3.7699999999999996,0.0,3.0,3.0,75.49,148.92
2026-03-25,Meta Ads,Prospecting - Lookalike 1%,180.34000000000003,44.32,24.17,6.13,0.0,3.0,2.0,73.13,234.15
2026-03-25,Meta Ads,Retargeting - Cart Abandon,195.47,77.64,15.08,6.26,0.0,2.0,2.0,31.29,276.58
2026-03-25,Meta Ads,Retargeting - Engaged 30d,701.9,276.32,24.27,21.26,580.0,3.0,3.0,202.22,858.91
2026-03-25,Organic Search,(organic),300.92,73.2,47.7,10.530000000000001,61.93,6.0,2.0,0.0,0.0
2026-03-25,Organic Social,(organic social),277.56,80.32,31.89,9.26,0.0,4.0,2.0,0.0,0.0
2026-03-25,Unattributed,(not set),389.73,149.68,24.97,12.200000000000001,0.0,3.0,3.0,0.0,0.0
2026-03-26,Direct,(direct),595.2099999999999,181.32,54.370000000000005,19.360000000000003,56.0,7.0,3.0,0.0,0.0
2026-03-26,Email/SMS,Campaign - Monthly Newsletter,89.9,22.8,14.76,3.2,0.0,2.0,0.0,0.0,0.0
2026-03-26,Email/SMS,Flow - Abandoned Cart,203.73000000000002,56.64,22.73,6.81,0.0,3.0,0.0,0.0,0.0
2026-03-26,Email/SMS,Flow - Post Purchase Winback,240.01,69.76,24.369999999999997,7.86,0.0,3.0,1.0,0.0,0.0
2026-03-26,Google Ads,PMax - Skincare Prospecting,0.0,0.0,0.0,0.0,0.0,0.0,0.0,11.09,9.52
2026-03-26,Google Ads,Search - Brand,379.97,114.18,33.46,12.23,0.0,4.0,3.0,44.38,453.84
2026-03-26,Google Ads,Search - Nonbrand Skincare,193.6,55.64,33.339999999999996,6.819999999999999,0.0,4.0,4.0,84.44,230.38
2026-03-26,Google Ads,Shopping - Bestsellers,28.94,7.2,8.51,1.14,0.0,1.0,1.0,13.8,36.82
2026-03-26,Meta Ads,Prospecting - Broad,266.4,63.68,17.64,8.33,101.72,2.0,2.0,193.0,329.59
2026-03-26,Meta Ads,Prospecting - Lookalike 1%,156.16000000000003,42.9,18.799999999999997,5.13,0.0,2.0,1.0,80.12,226.48
2026-03-26,Meta Ads,Retargeting - Cart Abandon,363.32000000000005,100.56,33.84,11.74,0.0,4.0,2.0,85.07,498.1
2026-03-26,Meta Ads,Retargeting - Engaged 30d,161.7,41.84,22.91,5.59,0.0,3.0,2.0,41.04,207.23
2026-03-26,Organic Search,(organic),337.25,108.18,30.5,10.97,0.0,4.0,4.0,0.0,0.0
2026-03-26,Organic Social,(organic social),217.98,80.19999999999999,24.089999999999996,7.22,0.0,3.0,1.0,0.0,0.0
2026-03-26,Unattributed,(not set),79.9,17.7,15.920000000000002,2.92,0.0,2.0,2.0,0.0,0.0
2026-03-27,Direct,(direct),436.33000000000004,110.38,61.599999999999994,15.049999999999999,0.0,8.0,3.0,0.0,0.0
2026-03-27,Email/SMS,Campaign - Monthly Newsletter,206.75000000000003,53.78,24.229999999999997,6.9,0.0,3.0,0.0,0.0,0.0
2026-03-27,Email/SMS,Flow - Abandoned Cart,30.95,7.2,7.85,1.2,0.0,1.0,0.0,0.0,0.0
2026-03-27,Email/SMS,Flow - Post Purchase Winback,28.95,6.6,6.93,1.14,0.0,1.0,0.0,0.0,0.0
2026-03-27,Email/SMS,Flow - Welcome Series,153.10000000000002,53.68,14.879999999999999,5.04,31.48,2.0,0.0,0.0,0.0
2026-03-27,Google Ads,PMax - Skincare Prospecting,93.9,21.9,16.7,3.3200000000000003,0.0,2.0,1.0,34.67,99.66
2026-03-27,Google Ads,Search - Brand,84.0,21.0,7.05,2.74,0.0,1.0,1.0,9.21,90.97
2026-03-27,Google Ads,Search - Nonbrand Skincare,93.85000000000001,22.8,16.3,3.32,0.0,2.0,2.0,35.19,104.71
2026-03-27,Google Ads,Shopping - Bestsellers,114.7,33.68,14.190000000000001,3.92,0.0,2.0,1.0,32.64,129.88
2026-03-27,Meta Ads,Prospecting - Broad,299.36,78.44,39.550000000000004,10.18,0.0,5.0,4.0,222.36,393.93
2026-03-27,Meta Ads,Prospecting - Lookalike 1%,68.36,15.68,9.13,2.28,0.0,1.0,1.0,29.95,105.86
2026-03-27,Meta Ads,Retargeting - Cart Abandon,188.85000000000002,48.0,24.64,6.38,0.0,3.0,3.0,25.79,231.54
2026-03-27,Meta Ads,Retargeting - Engaged 30d,93.9,20.4,14.379999999999999,3.32,0.0,2.0,2.0,25.31,144.43
2026-03-27,Organic Search,(organic),365.34999999999997,86.25999999999999,53.54,12.7,42.81,7.0,5.0,0.0,0.0
2026-03-27,Organic Social,(organic social),417.64000000000004,109.35999999999999,39.8,13.61,0.0,5.0,3.0,0.0,0.0
2026-03-27,Unattributed,(not set),111.86,29.84,16.4,3.8499999999999996,27.88,2.0,1.0,0.0,0.0
2026-03-28,Direct,(direct),575.19,147.46,81.94,19.689999999999998,0.0,10.0,5.0,0.0,0.0
2026-03-28,Email/SMS,Campaign - Monthly Newsletter,103.08000000000001,27.6,14.66,3.59,0.0,2.0,0.0,0.0,0.0
2026-03-28,Email/SMS,Flow - Abandoned Cart,737.53,282.0,15.34,21.990000000000002,105.05,2.0,0.0,0.0,0.0
2026-03-28,Email/SMS,Flow - Post Purchase Winback,30.95,7.2,7.3,1.2,0.0,1.0,0.0,0.0,0.0
2026-03-28,Email/SMS,Flow - Welcome Series,101.9,26.4,16.11,3.5599999999999996,0.0,2.0,0.0,0.0,0.0
2026-03-28,Google Ads,PMax - Skincare Prospecting,42.18,9.6,8.29,1.52,0.0,1.0,0.0,21.0,48.48
2026-03-28,Google Ads,Search - Brand,62.25,13.8,14.87,2.41,0.0,2.0,2.0,9.59,75.54
2026-03-28,Google Ads,Search - Nonbrand Skincare,93.52000000000001,20.4,18.3,3.31,0.0,2.0,2.0,31.5,110.96
2026-03-28,Google Ads,Shopping - Bestsellers,666.04,261.7,22.939999999999998,20.220000000000002,0.0,3.0,3.0,165.92,777.83
2026-03-28,Meta Ads,Prospecting - Broad,349.71,90.74,41.49000000000001,11.639999999999999,0.0,5.0,4.0,178.1,566.9
2026-03-28,Meta Ads,Prospecting - Lookalike 1%,311.16,82.2,32.720000000000006,10.219999999999999,163.08,4.0,4.0,184.13,500.75
2026-03-28,Meta Ads,Retargeting - Cart Abandon,199.07,61.2,23.46,6.68,0.0,3.0,3.0,45.98,330.87
2026-03-28,Meta Ads,Retargeting - Engaged 30d,310.91,89.68,24.14,9.92,34.26,3.0,3.0,111.58,428.71
2026-03-28,Organic Search,(organic),389.48,109.52000000000001,39.32,12.79,0.0,5.0,4.0,0.0,0.0
2026-03-28,Organic Social,(organic social),262.8,91.68,17.130000000000003,8.22,0.0,2.0,1.0,0.0,0.0
2026-03-28,Unattributed,(not set),123.26,29.480000000000004,23.889999999999997,4.47,0.0,3.0,2.0,0.0,0.0
2026-03-29,Direct,(direct),407.53,101.86000000000001,47.68,13.629999999999999,62.95,6.0,2.0,0.0,0.0
2026-03-29,Email/SMS,Campaign - Monthly Newsletter,239.64000000000001,59.04,24.550000000000004,7.85,0.0,3.0,0.0,0.0,0.0
2026-03-29,Email/SMS,Flow - Post Purchase Winback,212.0,72.2,15.64,6.75,0.0,2.0,0.0,0.0,0.0
2026-03-29,Email/SMS,Flow - Welcome Series,134.0,34.88,23.64,4.79,0.0,3.0,0.0,0.0,0.0
2026-03-29,Google Ads,PMax - Skincare Prospecting,396.43999999999994,102.24,49.370000000000005,13.299999999999999,117.34,6.0,5.0,136.03,483.04
2026-03-29,Google Ads,Search - Brand,54.95,12.0,9.01,1.89,0.0,1.0,1.0,11.62,58.91
2026-03-29,Google Ads,Search - Nonbrand Skincare,209.48,55.06,24.42,6.970000000000001,81.07,3.0,2.0,64.26,254.81
2026-03-29,Google Ads,Shopping - Bestsellers,355.05,101.96,33.71,11.489999999999998,0.0,4.0,2.0,88.57,392.09
2026-03-29,Meta Ads,Prospecting - Broad,26.87,7.2,8.86,1.08,0.0,1.0,1.0,21.88,46.65
2026-03-29,Meta Ads,Prospecting - Lookalike 1%,326.58,85.28,38.74,10.959999999999999,118.4,5.0,5.0,145.62,504.78
2026-03-29,Meta Ads,Retargeting - Cart Abandon,41.39,9.6,8.05,1.5,0.0,1.0,1.0,17.6,59.9
2026-03-29,Meta Ads,Retargeting - Engaged 30d,233.73000000000002,62.099999999999994,32.7,7.97,51.9,4.0,2.0,91.33,321.16
2026-03-29,Organic Search,(organic),448.45,135.2,40.92,14.510000000000002,0.0,5.0,3.0,0.0,0.0
2026-03-29,Organic Social,(organic social),250.4,72.32,23.46,8.16,0.0,3.0,3.0,0.0,0.0
2026-03-29,Unattributed,(not set),30.95,7.2,7.1,1.2,0.0,1.0,0.0,0.0,0.0
2026-03-30,Direct,(direct),471.99999999999994,153.44,58.480000000000004,15.780000000000001,0.0,7.0,3.0,0.0,0.0
2026-03-30,Email/SMS,Campaign - Monthly Newsletter,54.95,14.4,9.1,1.89,0.0,1.0,0.0,0.0,0.0
2026-03-30,Email/SMS,Flow - Post Purchase Winback,112.0,31.36,8.05,3.55,0.0,1.0,0.0,0.0,0.0
2026-03-30,Email/SMS,Flow - Welcome Series,110.3,28.2,16.9,3.8000000000000003,0.0,2.0,0.0,0.0,0.0
2026-03-30,Google Ads,PMax - Skincare Prospecting,301.76,73.80000000000001,37.53,10.25,0.0,5.0,2.0,107.63,353.45
2026-03-30,Google Ads,Search - Brand,54.95,12.0,7.29,1.89,0.0,1.0,1.0,11.87,58.29
2026-03-30,Google Ads,Search - Nonbrand Skincare,511.07,150.78,48.58999999999999,16.61,126.0,6.0,4.0,204.0,611.67
2026-03-30,Google Ads,Shopping - Bestsellers,98.0,38.0,7.41,3.14,0.0,1.0,1.0,34.62,113.58
2026-03-30,Meta Ads,Prospecting - Broad,0.0,0.0,0.0,0.0,0.0,0.0,0.0,13.3,11.3
2026-03-30,Meta Ads,Prospecting - Lookalike 1%,149.81,38.56,16.46,4.95,0.0,2.0,1.0,73.14,224.97
2026-03-30,Meta Ads,Retargeting - Cart Abandon,0.0,0.0,0.0,0.0,0.0,0.0,0.0,15.93,16.12
2026-03-30,Meta Ads,Retargeting - Engaged 30d,236.72000000000003,69.08000000000001,30.29,8.059999999999999,0.0,4.0,2.0,105.22,380.44
2026-03-30,Organic Search,(organic),313.97,112.0,24.279999999999998,10.0,0.0,3.0,2.0,0.0,0.0
2026-03-30,Organic Social,(organic social),229.42000000000002,66.58,34.71,7.85,0.0,4.0,3.0,0.0,0.0
2026-03-30,Unattributed,(not set),81.16,19.2,14.870000000000001,2.96,0.0,2.0,2.0,0.0,0.0
2026-03-31,Direct,(direct),281.58000000000004,70.12,40.68,9.67,0.0,5.0,2.0,0.0,0.0
2026-03-31,Email/SMS,Campaign - Monthly Newsletter,249.90999999999997,92.64,18.93,7.85,0.0,2.0,0.0,0.0,0.0
2026-03-31,Email/SMS,Flow - Abandoned Cart,199.31,61.28,15.09,6.380000000000001,0.0,2.0,1.0,0.0,0.0
2026-03-31,Email/SMS,Flow - Post Purchase Winback,131.12,32.1,14.46,4.41,0.0,2.0,0.0,0.0,0.0
2026-03-31,Email/SMS,Flow - Welcome Series,233.76999999999998,75.12,31.329999999999995,7.9799999999999995,17.93,4.0,0.0,0.0,0.0
2026-03-31,Google Ads,PMax - Skincare Prospecting,84.59,19.2,16.32,3.05,0.0,2.0,2.0,29.87,101.4
2026-03-31,Google Ads,Search - Brand,69.9,16.8,17.78,2.63,0.0,2.0,2.0,9.82,84.33
2026-03-31,Google Ads,Search - Nonbrand Skincare,423.35999999999996,103.44,47.099999999999994,14.07,44.95,6.0,4.0,158.44,514.21
2026-03-31,Google Ads,Shopping - Bestsellers,212.61,76.0,8.81,6.47,0.0,1.0,1.0,60.83,250.99
2026-03-31,Meta Ads,Prospecting - Broad,92.0,19.2,15.850000000000001,3.27,0.0,2.0,0.0,69.01,142.22
2026-03-31,Meta Ads,Prospecting - Lookalike 1%,0.0,0.0,0.0,0.0,0.0,0.0,0.0,15.8,9.61
2026-03-31,Meta Ads,Retargeting - Cart Abandon,38.86,11.4,7.12,1.43,0.0,1.0,1.0,18.44,54.55
2026-03-31,Meta Ads,Retargeting - Engaged 30d,122.64,28.799999999999997,23.91,4.45,41.87,3.0,2.0,38.49,178.77
2026-03-31,Organic Search,(organic),459.27,117.6,50.89999999999999,15.129999999999999,37.49,6.0,4.0,0.0,0.0
2026-03-31,Organic Social,(organic social),317.98,103.6,32.15,10.41,147.0,4.0,1.0,0.0,0.0
2026-04-01,Direct,(direct),715.72,270.76,40.54,22.26,0.0,5.0,2.0,0.0,0.0
2026-04-01,Email/SMS,Campaign - Monthly Newsletter,52.900000000000006,10.5,7.34,1.83,0.0,1.0,1.0,0.0,0.0
2026-04-01,Email/SMS,Flow - Abandoned Cart,54.150000000000006,14.4,7.38,1.87,0.0,1.0,0.0,0.0,0.0
2026-04-01,Email/SMS,Flow - Post Purchase Winback,132.84,33.68,25.26,4.75,0.0,3.0,0.0,0.0,0.0
2026-04-01,Email/SMS,Flow - Welcome Series,26.709999999999997,7.2,8.79,1.07,0.0,1.0,0.0,0.0,0.0
2026-04-01,Google Ads,PMax - Skincare Prospecting,456.83000000000004,140.8,22.69,14.149999999999999,0.0,3.0,3.0,152.76,538.76
2026-04-01,Google Ads,Search - Brand,61.14,14.4,15.71,2.38,0.0,2.0,2.0,13.76,68.89
2026-04-01,Google Ads,Search - Nonbrand Skincare,471.64,128.24,45.43,15.48,0.0,6.0,4.0,169.22,526.73
2026-04-01,Google Ads,Shopping - Bestsellers,49.050000000000004,13.2,8.62,1.72,0.0,1.0,1.0,17.05,61.94
2026-04-01,Meta Ads,Prospecting - Broad,269.12,70.2,18.59,8.41,0.0,2.0,2.0,191.47,390.71
2026-04-01,Meta Ads,Prospecting - Lookalike 1%,318.59,83.53999999999999,31.130000000000003,10.44,0.0,4.0,3.0,150.16,450.53
2026-04-01,Meta Ads,Retargeting - Cart Abandon,0.0,0.0,0.0,0.0,0.0,0.0,0.0,15.87,11.53
2026-04-01,Meta Ads,Retargeting - Engaged 30d,100.41,25.28,16.560000000000002,3.5199999999999996,37.46,2.0,2.0,31.24,152.38
2026-04-01,Organic Search,(organic),596.3800000000001,145.28,72.27,20.0,0.0,9.0,4.0,0.0,0.0
2026-04-01,Organic Social,(organic social),73.4,17.1,16.25,2.73,58.93000000000001,2.0,2.0,0.0,0.0
2026-04-01,Unattributed,(not set),94.42000000000002,21.9,18.44,3.33,0.0,2.0,2.0,0.0,0.0
2026-04-02,Direct,(direct),650.95,205.04,41.86,20.38,0.0,5.0,1.0,0.0,0.0
2026-04-02,Email/SMS,Campaign - Monthly Newsletter,324.9,103.9,30.860000000000003,10.61,0.0,4.0,0.0,0.0,0.0
2026-04-02,Email/SMS,Flow - Abandoned Cart,145.13,37.28,23.68,5.1,0.0,3.0,1.0,0.0,0.0
2026-04-02,Email/SMS,Flow - Post Purchase Winback,287.37,74.4,30.560000000000002,9.53,0.0,4.0,1.0,0.0,0.0
2026-04-02,Email/SMS,Flow - Welcome Series,98.0,38.0,7.76,3.14,0.0,1.0,1.0,0.0,0.0
2026-04-02,Google Ads,PMax - Skincare Prospecting,228.54,69.2,23.14,7.529999999999999,0.0,3.0,3.0,108.42,261.34
2026-04-02,Google Ads,Search - Brand,37.470000000000006,8.4,6.95,1.39,0.0,1.0,1.0,10.58,39.61
2026-04-02,Google Ads,Search - Nonbrand Skincare,301.40999999999997,77.03999999999999,31.87,9.940000000000001,0.0,4.0,4.0,96.28,358.33
2026-04-02,Google Ads,Shopping - Bestsellers,34.95,8.4,6.98,1.31,0.0,1.0,1.0,11.38,40.69
2026-04-02,Meta Ads,Prospecting - Broad,0.0,0.0,0.0,0.0,0.0,0.0,0.0,14.11,5.46
2026-04-02,Meta Ads,Prospecting - Lookalike 1%,0.0,0.0,0.0,0.0,0.0,0.0,0.0,11.65,6.62
2026-04-02,Meta Ads,Retargeting - Cart Abandon,117.52000000000001,28.64,18.67,4.0,0.0,2.0,2.0,26.82,158.74
2026-04-02,Meta Ads,Retargeting - Engaged 30d,54.95,12.0,8.52,1.89,0.0,1.0,1.0,21.18,83.25
2026-04-02,Organic Search,(organic),892.8500000000001,261.92,96.91,29.479999999999997,33.05,12.0,7.0,0.0,0.0
2026-04-02,Organic Social,(organic social),135.9,35.480000000000004,15.68,4.55,0.0,2.0,1.0,0.0,0.0
2026-04-02,Unattributed,(not set),103.92000000000002,25.28,15.16,3.62,0.0,2.0,2.0,0.0,0.0
2026-04-03,Direct,(direct),749.82,211.04000000000002,89.61000000000001,25.049999999999997,0.0,11.0,6.0,0.0,0.0
2026-04-03,Email/SMS,Campaign - Monthly Newsletter,62.95,15.68,9.5,2.13,0.0,1.0,0.0,0.0,0.0
2026-04-03,Email/SMS,Flow - Abandoned Cart,266.27,76.64,22.82,8.629999999999999,54.07,3.0,0.0,0.0,0.0
2026-04-03,Email/SMS,Flow - Post Purchase Winback,328.58000000000004,121.80000000000001,32.86,10.72,0.0,4.0,1.0,0.0,0.0
2026-04-03,Email/SMS,Flow - Welcome Series,73.11000000000001,19.8,15.25,2.7199999999999998,0.0,2.0,0.0,0.0,0.0
2026-04-03,Google Ads,PMax - Skincare Prospecting,28.95,6.6,8.86,1.14,0.0,1.0,0.0,9.79,31.88
2026-04-03,Google Ads,Search - Brand,309.69,102.0,24.33,9.879999999999999,0.0,3.0,3.0,42.16,374.67
2026-04-03,Google Ads,Search - Nonbrand Skincare,82.91,17.7,16.509999999999998,3.01,0.0,2.0,2.0,21.32,95.29
2026-04-03,Google Ads,Shopping - Bestsellers,110.95,31.200000000000003,18.14,3.81,0.0,2.0,1.0,29.84,129.37
2026-04-03,Meta Ads,Prospecting - Broad,48.95,10.5,8.08,1.72,0.0,1.0,1.0,24.22,59.11
2026-04-03,Meta Ads,Prospecting - Lookalike 1%,188.24,46.96,22.57,6.35,16.92,3.0,2.0,87.51,291.2
2026-04-03,Meta Ads,Retargeting - Cart Abandon,134.95,38.4,15.350000000000001,4.51,0.0,2.0,2.0,19.8,179.18
2026-04-03,Meta Ads,Retargeting - Engaged 30d,224.55,59.56,31.279999999999998,7.720000000000001,0.0,4.0,3.0,104.33,325.76
2026-04-03,Organic Search,(organic),421.92,150.0,39.89,13.74,0.0,5.0,2.0,0.0,0.0
2026-04-03,Organic Social,(organic social),186.89000000000001,43.8,24.68,6.32,0.0,3.0,3.0,0.0,0.0
2026-04-04,Direct,(direct),728.59,252.3,56.959999999999994,23.229999999999997,42.54,7.0,3.0,0.0,0.0
2026-04-04,Email/SMS,Flow - Abandoned Cart,171.26999999999998,42.0,26.650000000000002,5.87,0.0,3.0,0.0,0.0,0.0
2026-04-04,Email/SMS,Flow - Post Purchase Winback,30.95,7.2,9.65,1.2,0.0,1.0,0.0,0.0,0.0
2026-04-04,Email/SMS,Flow - Welcome Series,347.48,124.5,16.17,10.68,0.0,2.0,0.0,0.0,0.0
2026-04-04,Google Ads,PMax - Skincare Prospecting,382.43000000000006,93.68,41.37,12.58,0.0,5.0,3.0,177.09,419.8
2026-04-04,Google Ads,Search - Brand,200.58999999999997,55.199999999999996,26.33,6.72,0.0,3.0,3.0,25.35,236.69
2026-04-04,Google Ads,Search - Nonbrand Skincare,311.55,99.4,22.9,9.93,0.0,3.0,2.0,87.66,352.33
2026-04-04,Google Ads,Shopping - Bestsellers,62.2,13.8,15.71,2.41,0.0,2.0,2.0,21.85,64.16
2026-04-04,Meta Ads,Prospecting - Broad,60.0,14.4,9.04,2.04,0.0,1.0,1.0,37.47,75.15
2026-04-04,Meta Ads,Prospecting - Lookalike 1%,353.6,89.86,50.11,12.060000000000002,0.0,6.0,4.0,150.63,417.76
2026-04-04,Meta Ads,Retargeting - Cart Abandon,140.04,33.68,23.37,4.97,0.0,3.0,3.0,25.18,216.8
2026-04-04,Meta Ads,Retargeting - Engaged 30d,124.52000000000001,30.9,26.29,4.51,0.0,3.0,2.0,53.81,166.12
2026-04-04,Organic Search,(organic),420.05999999999995,111.14,55.83999999999999,14.29,38.95,7.0,4.0,0.0,0.0
2026-04-04,Organic Social,(organic social),74.23,18.9,13.969999999999999,2.75,0.0,2.0,2.0,0.0,0.0
2026-04-04,Unattributed,(not set),150.14,54.8,15.59,4.95,0.0,2.0,2.0,0.0,0.0
2026-04-05,Direct,(direct),472.04,133.0,56.25,15.78,0.0,7.0,1.0,0.0,0.0
2026-04-05,Email/SMS,Campaign - Monthly Newsletter,238.68,62.480000000000004,22.18,7.8100000000000005,0.0,3.0,0.0,0.0,0.0
2026-04-05,Email/SMS,Flow - Abandoned Cart,214.85000000000002,56.400000000000006,32.72,7.43,0.0,4.0,1.0,0.0,0.0
2026-04-05,Email/SMS,Flow - Post Purchase Winback,41.21,9.6,8.1,1.5,0.0,1.0,0.0,0.0,0.0
2026-04-05,Email/SMS,Flow - Welcome Series,260.5,64.96000000000001,29.830000000000002,8.75,0.0,4.0,0.0,0.0,0.0
2026-04-05,Google Ads,PMax - Skincare Prospecting,0.0,0.0,0.0,0.0,0.0,0.0,0.0,11.24,11.16
2026-04-05,Google Ads,Search - Brand,424.15,122.12,41.96,13.8,44.95,5.0,3.0,35.11,512.91
2026-04-05,Google Ads,Search - Nonbrand Skincare,83.72,18.9,14.73,3.0300000000000002,0.0,2.0,2.0,32.12,92.62
2026-04-05,Google Ads,Shopping - Bestsellers,96.0,24.0,8.79,3.08,0.0,1.0,1.0,23.79,103.63
2026-04-05,Meta Ads,Prospecting - Broad,58.95,16.64,7.53,2.01,0.0,1.0,0.0,34.5,73.11
2026-04-05,Meta Ads,Prospecting - Lookalike 1%,275.98,65.64,30.990000000000002,9.21,118.8,4.0,4.0,104.41,381.34
2026-04-05,Meta Ads,Retargeting - Cart Abandon,382.71,101.64,40.06,12.6,0.0,5.0,3.0,72.57,466.58
2026-04-05,Meta Ads,Retargeting - Engaged 30d,189.21999999999997,61.4,23.540000000000003,6.38,93.21,3.0,2.0,57.6,284.38
2026-04-05,Organic Search,(organic),462.35,164.04,43.33,14.900000000000002,0.0,5.0,2.0,0.0,0.0
2026-04-05,Organic Social,(organic social),207.88,68.08,24.130000000000003,6.93,105.42,3.0,0.0,0.0,0.0
2026-04-06,Direct,(direct),293.43,83.04,31.12,9.7,0.0,4.0,3.0,0.0,0.0
2026-04-06,Email/SMS,Campaign - Monthly Newsletter,48.95,10.5,6.95,1.72,0.0,1.0,0.0,0.0,0.0
2026-04-06,Email/SMS,Flow - Abandoned Cart,396.78000000000003,162.88,16.75,12.110000000000001,359.18,2.0,0.0,0.0,0.0
2026-04-06,Email/SMS,Flow - Post Purchase Winback,70.63,16.8,15.41,2.6399999999999997,0.0,2.0,0.0,0.0,0.0
2026-04-06,Email/SMS,Flow - Welcome Series,104.66,23.4,16.99,3.63,0.0,2.0,0.0,0.0,0.0
2026-04-06,Google Ads,PMax - Skincare Prospecting,179.37,43.36,13.84,5.8,0.0,2.0,1.0,78.59,188.08
2026-04-06,Google Ads,Search - Brand,103.9,26.560000000000002,16.78,3.62,0.0,2.0,2.0,14.09,112.71
2026-04-06,Google Ads,Search - Nonbrand Skincare,112.0,31.36,7.51,3.55,0.0,1.0,1.0,39.93,127.86
2026-04-06,Google Ads,Shopping - Bestsellers,97.03,21.9,16.32,3.41,0.0,2.0,2.0,22.49,109.26
2026-04-06,Meta Ads,Prospecting - Broad,114.47,31.2,15.74,3.92,0.0,2.0,2.0,85.22,167.6
2026-04-06,Meta Ads,Prospecting - Lookalike 1%,250.14,68.56,34.089999999999996,8.46,0.0,4.0,4.0,148.86,361.2
2026-04-06,Meta Ads,Retargeting - Cart Abandon,62.95,15.68,8.37,2.13,0.0,1.0,1.0,17.25,90.03
2026-04-06,Meta Ads,Retargeting - Engaged 30d,161.97000000000003,40.58,21.96,5.59,0.0,3.0,3.0,65.08,221.52
2026-04-06,Organic Search,(organic),278.68,74.47999999999999,39.87,9.579999999999998,64.61,5.0,3.0,0.0,0.0
2026-04-06,Organic Social,(organic social),398.23,116.08000000000001,48.53,13.35,0.0,6.0,5.0,0.0,0.0
2026-04-06,Unattributed,(not set),78.77000000000001,19.8,7.52,2.58,0.0,1.0,1.0,0.0,0.0
2026-04-07,Direct,(direct),469.40999999999997,115.36,80.66,16.63,0.0,10.0,2.0,0.0,0.0
2026-04-07,Email/SMS,Campaign - Monthly Newsletter,96.0,24.0,8.66,3.08,0.0,1.0,1.0,0.0,0.0
2026-04-07,Email/SMS,Flow - Abandoned Cart,80.97,23.84,16.46,2.95,0.0,2.0,0.0,0.0,0.0
2026-04-07,Email/SMS,Flow - Post Purchase Winback,49.9,14.4,7.33,1.75,0.0,1.0,0.0,0.0,0.0
2026-04-07,Email/SMS,Flow - Welcome Series,207.95,76.68,17.869999999999997,6.63,0.0,2.0,0.0,0.0,0.0
2026-04-07,Google Ads,PMax - Skincare Prospecting,44.95,11.4,7.13,1.6,0.0,1.0,0.0,15.06,51.15
2026-04-07,Google Ads,Search - Brand,250.07999999999998,62.1,31.880000000000003,8.45,120.73,4.0,3.0,31.64,262.77
2026-04-07,Google Ads,Search - Nonbrand Skincare,173.68,46.28,24.689999999999998,5.94,42.0,3.0,3.0,66.7,187.08
2026-04-07,Google Ads,Shopping - Bestsellers,64.26,16.64,7.07,2.16,32.13,1.0,1.0,21.45,71.47
2026-04-07,Meta Ads,Prospecting - Broad,55.83,12.0,8.21,1.92,0.0,1.0,0.0,34.47,91.39
2026-04-07,Meta Ads,Prospecting - Lookalike 1%,242.76,77.6,22.91,7.9399999999999995,0.0,3.0,0.0,125.41,350.34
2026-04-07,Meta Ads,Retargeting - Cart Abandon,206.9,76.0,8.63,6.3,0.0,1.0,1.0,47.25,272.46
2026-04-07,Meta Ads,Retargeting - Engaged 30d,0.0,0.0,0.0,0.0,0.0,0.0,0.0,16.4,8.24
2026-04-07,Organic Search,(organic),729.84,208.00000000000003,84.93,24.460000000000004,0.0,11.0,9.0,0.0,0.0
2026-04-07,Organic Social,(organic social),34.95,8.4,6.67,1.31,0.0,1.0,1.0,0.0,0.0
2026-04-07,Unattributed,(not set),104.0,33.28,8.0,3.32,0.0,1.0,1.0,0.0,0.0
2026-04-08,Direct,(direct),470.04,120.0,74.74,16.34,0.0,9.0,5.0,0.0,0.0
2026-04-08,Email/SMS,Campaign - Monthly Newsletter,160.0,43.8,15.05,5.24,0.0,2.0,0.0,0.0,0.0
2026-04-08,Email/SMS,Flow - Post Purchase Winback,898.29,335.71999999999997,61.16,28.450000000000003,0.0,8.0,1.0,0.0,0.0
2026-04-08,Email/SMS,Flow - Welcome Series,622.07,244.0,7.48,18.34,0.0,1.0,0.0,0.0,0.0
2026-04-08,Google Ads,PMax - Skincare Prospecting,153.27,35.84,22.58,5.35,0.0,3.0,3.0,57.17,174.92
2026-04-08,Google Ads,Search - Brand,124.13000000000001,29.4,15.66,4.2,0.0,2.0,2.0,16.0,133.84
2026-04-08,Google Ads,Search - Nonbrand Skincare,126.91999999999999,33.6,19.08,4.279999999999999,0.0,2.0,2.0,44.56,159.74
2026-04-08,Google Ads,Shopping - Bestsellers,145.0,61.0,7.84,4.5,0.0,1.0,0.0,49.81,167.1
2026-04-08,Meta Ads,Prospecting - Broad,48.95,10.5,8.86,1.72,0.0,1.0,1.0,33.81,68.45
2026-04-08,Meta Ads,Prospecting - Lookalike 1%,176.17000000000002,46.04,24.43,6.01,0.0,3.0,2.0,96.92,272.38
2026-04-08,Meta Ads,Retargeting - Cart Abandon,28.95,6.6,6.65,1.14,0.0,1.0,0.0,17.06,34.27
2026-04-08,Meta Ads,Retargeting - Engaged 30d,189.95,72.4,16.08,6.1,145.0,2.0,2.0,51.96,238.31
2026-04-08,Organic Search,(organic),378.22,105.58,68.21,13.39,0.0,8.0,7.0,0.0,0.0
2026-04-08,Unattributed,(not set),82.67,22.8,7.35,2.7,0.0,1.0,0.0,0.0,0.0
2026-04-09,Direct,(direct),308.92,71.56,54.45,11.06,0.0,7.0,1.0,0.0,0.0
2026-04-09,Email/SMS,Campaign - Monthly Newsletter,33.21,7.2,7.51,1.26,0.0,1.0,0.0,0.0,0.0
2026-04-09,Email/SMS,Flow - Post Purchase Winback,672.9200000000001,271.08,29.849999999999994,20.720000000000002,0.0,4.0,2.0,0.0,0.0
2026-04-09,Email/SMS,Flow - Welcome Series,119.94,31.200000000000003,25.880000000000003,4.38,0.0,3.0,0.0,0.0,0.0
2026-04-09,Google Ads,PMax - Skincare Prospecting,753.11,291.4,22.89,22.740000000000002,44.95,3.0,3.0,347.51,897.34
2026-04-09,Google Ads,Search - Brand,285.34000000000003,97.6,25.05,9.17,29.2,3.0,3.0,28.37,341.03
2026-04-09,Google Ads,Search - Nonbrand Skincare,49.03,11.4,8.57,1.72,0.0,1.0,1.0,15.89,55.67
2026-04-09,Google Ads,Shopping - Bestsellers,50.95,13.2,8.26,1.78,0.0,1.0,1.0,12.06,54.03
2026-04-09,Meta Ads,Prospecting - Broad,361.60999999999996,99.92,28.830000000000002,11.689999999999998,74.95,4.0,3.0,254.52,472.62
2026-04-09,Meta Ads,Prospecting - Lookalike 1%,135.64,32.4,17.950000000000003,4.53,0.0,2.0,1.0,62.5,175.09
2026-04-09,Meta Ads,Retargeting - Cart Abandon,181.63,46.88,24.96,6.17,0.0,3.0,3.0,40.35,275.73
2026-04-09,Meta Ads,Retargeting - Engaged 30d,171.03000000000003,40.58,26.86,5.859999999999999,0.0,3.0,3.0,70.62,222.49
2026-04-09,Organic Search,(organic),340.84000000000003,101.16,47.67,11.68,0.0,6.0,5.0,0.0,0.0
2026-04-09,Organic Social,(organic social),358.21999999999997,106.08000000000001,31.27,11.59,0.0,4.0,4.0,0.0,0.0
2026-04-10,Direct,(direct),682.2600000000001,167.10000000000002,121.38999999999999,24.27,0.0,15.0,4.0,0.0,0.0
2026-04-10,Email/SMS,Flow - Abandoned Cart,72.04,18.6,17.189999999999998,2.69,0.0,2.0,1.0,0.0,0.0
2026-04-10,Email/SMS,Flow - Welcome Series,104.26,38.0,8.43,3.32,104.26,1.0,0.0,0.0,0.0
2026-04-10,Google Ads,PMax - Skincare Prospecting,257.02,76.56,34.099999999999994,8.66,0.0,4.0,2.0,84.19,300.47
2026-04-10,Google Ads,Search - Brand,28.95,6.6,8.76,1.14,0.0,1.0,1.0,12.14,32.32
2026-04-10,Google Ads,Search - Nonbrand Skincare,171.44,40.800000000000004,22.42,5.87,0.0,3.0,3.0,58.58,191.98
2026-04-10,Google Ads,Shopping - Bestsellers,96.33000000000001,22.8,19.16,3.3899999999999997,0.0,2.0,1.0,22.4,111.42
2026-04-10,Meta Ads,Prospecting - Broad,266.89,65.4,32.04,8.94,0.0,4.0,3.0,174.53,356.15
2026-04-10,Meta Ads,Prospecting - Lookalike 1%,206.93,74.0,16.36,6.6,0.0,2.0,2.0,106.92,367.68
2026-04-10,Meta Ads,Retargeting - Cart Abandon,124.24,47.6,14.85,4.21,89.24,2.0,2.0,27.83,201.34
2026-04-10,Meta Ads,Retargeting - Engaged 30d,130.32,37.2,14.989999999999998,4.38,0.0,2.0,2.0,40.61,212.66
2026-04-10,Organic Search,(organic),318.43,82.04,31.39,10.43,0.0,4.0,3.0,0.0,0.0
2026-04-10,Organic Social,(organic social),86.65,18.9,16.18,3.1100000000000003,0.0,2.0,2.0,0.0,0.0
2026-04-10,Unattributed,(not set),542.91,193.4,34.910000000000004,16.939999999999998,31.51,4.0,3.0,0.0,0.0
2026-04-11,Direct,(direct),417.96,99.6,65.0,14.510000000000002,0.0,8.0,5.0,0.0,0.0
2026-04-11,Email/SMS,Campaign - Monthly Newsletter,199.95,73.0,15.47,6.39,0.0,2.0,0.0,0.0,0.0
2026-04-11,Email/SMS,Flow - Abandoned Cart,315.12,87.16,38.14,10.639999999999999,30.96,5.0,1.0,0.0,0.0
2026-04-11,Email/SMS,Flow - Post Purchase Winback,137.08,36.68,16.29,4.58,0.0,2.0,0.0,0.0,0.0
2026-04-11,Email/SMS,Flow - Welcome Series,101.44,21.9,16.65,3.54,0.0,2.0,0.0,0.0,0.0
2026-04-11,Google Ads,PMax - Skincare Prospecting,0.0,0.0,0.0,0.0,0.0,0.0,0.0,11.51,6.81
2026-04-11,Google Ads,Search - Brand,226.34,66.58,33.22,7.770000000000001,0.0,4.0,3.0,28.36,244.78
2026-04-11,Google Ads,Search - Nonbrand Skincare,45.42,10.5,8.11,1.62,45.42,1.0,1.0,12.66,54.33
2026-04-11,Google Ads,Shopping - Bestsellers,76.9,19.2,9.04,2.53,0.0,1.0,1.0,22.11,89.6
2026-04-11,Meta Ads,Prospecting - Broad,128.3,29.7,15.53,4.32,0.0,2.0,2.0,70.61,174.53
2026-04-11,Meta Ads,Prospecting - Lookalike 1%,189.63000000000002,43.28,30.190000000000005,6.699999999999999,0.0,4.0,2.0,91.58,228.11
2026-04-11,Meta Ads,Retargeting - Cart Abandon,62.95,15.68,8.63,2.13,31.48,1.0,1.0,11.29,87.75
2026-04-11,Meta Ads,Retargeting - Engaged 30d,82.29,18.6,15.489999999999998,2.98,0.0,2.0,0.0,34.38,125.54
2026-04-11,Organic Search,(organic),853.77,289.84000000000003,83.12,27.770000000000003,118.5,10.0,6.0,0.0,0.0
2026-04-11,Organic Social,(organic social),241.29,68.2,30.51,8.2,0.0,4.0,3.0,0.0,0.0
2026-04-11,Unattributed,(not set),136.77,31.200000000000003,25.810000000000002,4.869999999999999,58.87,3.0,2.0,0.0,0.0
2026-04-12,Direct,(direct),400.31,114.2,48.97,13.4,41.19,6.0,2.0,0.0,0.0
2026-04-12,Email/SMS,Campaign - Monthly Newsletter,96.0,28.8,7.04,3.08,0.0,1.0,0.0,0.0,0.0
2026-04-12,Email/SMS,Flow - Abandoned Cart,211.02,57.9,24.310000000000002,7.0200000000000005,0.0,3.0,0.0,0.0,0.0
2026-04-12,Email/SMS,Flow - Post Purchase Winback,90.53,21.9,15.0,3.23,0.0,2.0,0.0,0.0,0.0
2026-04-12,Email/SMS,Flow - Welcome Series,30.95,7.2,8.44,1.2,0.0,1.0,0.0,0.0,0.0
2026-04-12,Google Ads,PMax - Skincare Prospecting,328.15,80.4,25.2,10.420000000000002,0.0,3.0,3.0,168.43,392.77
2026-04-12,Google Ads,Search - Brand,0.0,0.0,0.0,0.0,0.0,0.0,0.0,11.51,8.48
2026-04-12,Google Ads,Search - Nonbrand Skincare,276.74,75.0,34.94,9.219999999999999,0.0,4.0,4.0,73.8,333.05
2026-04-12,Google Ads,Shopping - Bestsellers,84.0,21.0,7.17,2.74,0.0,1.0,1.0,19.46,90.59
2026-04-12,Meta Ads,Prospecting - Broad,407.79999999999995,106.19999999999999,49.04,13.63,0.0,6.0,5.0,221.83,600.18
2026-04-12,Meta Ads,Prospecting - Lookalike 1%,153.84,47.04,16.78,5.07,62.95,2.0,1.0,81.49,212.93
2026-04-12,Meta Ads,Retargeting - Cart Abandon,233.62,77.88,26.440000000000005,7.68,0.0,3.0,3.0,51.31,321.42
2026-04-12,Meta Ads,Retargeting - Engaged 30d,468.56,138.32,44.46,15.38,0.0,6.0,4.0,204.79,622.16
2026-04-12,Organic Search,(organic),242.37,69.84,31.49,8.23,27.98,4.0,2.0,0.0,0.0
2026-04-12,Organic Social,(organic social),352.37,91.88,47.11,12.010000000000002,37.14,6.0,5.0,0.0,0.0
2026-04-12,Unattributed,(not set),54.95,14.4,8.31,1.89,0.0,1.0,1.0,0.0,0.0
2026-04-13,Direct,(direct),320.25,80.67999999999999,52.12,11.389999999999999,54.95,7.0,4.0,0.0,0.0
2026-04-13,Email/SMS,Campaign - Monthly Newsletter,114.05000000000001,31.2,14.81,3.91,0.0,2.0,0.0,0.0,0.0
2026-04-13,Email/SMS,Flow - Abandoned Cart,164.16,43.5,17.14,5.36,0.0,2.0,0.0,0.0,0.0
2026-04-13,Email/SMS,Flow - Post Purchase Winback,253.43,60.0,24.6,8.25,0.0,3.0,0.0,0.0,0.0
2026-04-13,Google Ads,PMax - Skincare Prospecting,0.0,0.0,0.0,0.0,0.0,0.0,0.0,8.44,5.41
2026-04-13,Google Ads,Search - Brand,91.23,25.8,16.17,3.24,0.0,2.0,1.0,9.6,124.64
2026-04-13,Google Ads,Search - Nonbrand Skincare,224.0,62.72,8.48,6.8,0.0,1.0,1.0,93.09,270.21
2026-04-13,Google Ads,Shopping - Bestsellers,119.75,31.36,8.15,3.77,0.0,1.0,1.0,35.69,126.2
2026-04-13,Meta Ads,Prospecting - Broad,203.99999999999997,52.2,29.68,7.11,0.0,4.0,3.0,108.05,298.81
2026-04-13,Meta Ads,Prospecting - Lookalike 1%,166.16,38.1,31.66,6.03,0.0,4.0,4.0,64.44,263.87
2026-04-13,Meta Ads,Retargeting - Cart Abandon,0.0,0.0,0.0,0.0,0.0,0.0,0.0,17.12,12.54
2026-04-13,Meta Ads,Retargeting - Engaged 30d,230.46000000000004,52.5,39.37,8.18,0.0,5.0,3.0,92.34,278.14
2026-04-13,Organic Search,(organic),357.03999999999996,96.96,30.04,11.55,0.0,4.0,3.0,0.0,0.0
2026-04-13,Organic Social,(organic social),263.15,64.03999999999999,33.79,8.82,0.0,4.0,3.0,0.0,0.0
2026-04-13,Unattributed,(not set),62.95,15.68,8.54,2.13,0.0,1.0,1.0,0.0,0.0
2026-04-14,Direct,(direct),344.90000000000003,105.7,42.76,11.51,0.0,5.0,1.0,0.0,0.0
2026-04-14,Email/SMS,Flow - Abandoned Cart,99.18,25.28,15.8,3.4799999999999995,0.0,2.0,0.0,0.0,0.0
2026-04-14,Email/SMS,Flow - Post Purchase Winback,83.73,20.4,16.91,3.0300000000000002,0.0,2.0,0.0,0.0,0.0
2026-04-14,Email/SMS,Flow - Welcome Series,183.28,40.8,33.2,6.52,0.0,4.0,2.0,0.0,0.0
2026-04-14,Google Ads,PMax - Skincare Prospecting,100.46000000000001,27.08,14.7,3.5199999999999996,0.0,2.0,2.0,41.63,126.29
2026-04-14,Google Ads,Search - Brand,219.2,83.8,13.690000000000001,6.95,72.5,2.0,2.0,28.74,274.6
2026-04-14,Google Ads,Search - Nonbrand Skincare,58.400000000000006,12.0,7.07,1.99,0.0,1.0,1.0,21.64,67.88
2026-04-14,Google Ads,Shopping - Bestsellers,96.45,24.0,15.940000000000001,3.3899999999999997,0.0,2.0,2.0,22.09,106.49
2026-04-14,Meta Ads,Prospecting - Broad,684.48,213.2,45.22,21.64,0.0,6.0,4.0,430.3,999.58
2026-04-14,Meta Ads,Prospecting - Lookalike 1%,274.73,63.68,14.71,8.57,0.0,2.0,1.0,121.9,389.18
2026-04-14,Meta Ads,Retargeting - Cart Abandon,193.95,71.5,15.52,6.22,0.0,2.0,2.0,37.72,251.19
2026-04-14,Meta Ads,Retargeting - Engaged 30d,82.31,22.28,16.32,2.99,40.95,2.0,2.0,35.03,114.01
2026-04-14,Organic Search,(organic),194.72,43.8,33.59,6.84,0.0,4.0,3.0,0.0,0.0
2026-04-14,Organic Social,(organic social),160.32000000000002,39.9,23.29,5.550000000000001,0.0,3.0,3.0,0.0,0.0
2026-04-14,Unattributed,(not set),192.8,45.38,32.27,6.789999999999999,0.0,4.0,4.0,0.0,0.0
2026-04-15,Direct,(direct),255.79000000000002,68.47999999999999,30.49,8.61,0.0,4.0,1.0,0.0,0.0
2026-04-15,Email/SMS,Campaign - Monthly Newsletter,196.0,76.0,7.23,5.98,0.0,1.0,0.0,0.0,0.0
2026-04-15,Email/SMS,Flow - Welcome Series,183.18,69.4,17.0,5.91,145.0,2.0,0.0,0.0,0.0
2026-04-15,Google Ads,PMax - Skincare Prospecting,218.21,62.9,34.63,7.54,0.0,4.0,3.0,73.58,252.91
2026-04-15,Google Ads,Search - Brand,38.95,9.6,8.24,1.43,0.0,1.0,1.0,13.93,47.48
2026-04-15,Google Ads,Search - Nonbrand Skincare,81.22,21.76,17.07,2.96,0.0,2.0,1.0,34.81,98.69
2026-04-15,Google Ads,Shopping - Bestsellers,38.15,11.4,8.71,1.41,0.0,1.0,0.0,15.63,49.68
2026-04-15,Meta Ads,Prospecting - Broad,277.82,68.64,33.82,9.25,0.0,4.0,3.0,176.84,394.49
2026-04-15,Meta Ads,Prospecting - Lookalike 1%,63.93000000000001,16.64,8.93,2.15,0.0,1.0,1.0,24.61,94.03
2026-04-15,Meta Ads,Retargeting - Cart Abandon,264.78,73.2,21.41,8.57,96.0,3.0,3.0,52.55,364.92
2026-04-15,Meta Ads,Retargeting - Engaged 30d,216.75,55.8,25.990000000000002,7.1899999999999995,0.0,3.0,3.0,87.48,349.41
2026-04-15,Organic Search,(organic),963.2900000000001,282.78000000000003,101.61999999999999,31.82,28.95,13.0,9.0,0.0,0.0
2026-04-15,Organic Social,(organic social),179.06000000000003,39.9,29.5,6.4,0.0,4.0,3.0,0.0,0.0
2026-04-15,Unattributed,(not set),50.95,13.2,7.5,1.78,0.0,1.0,1.0,0.0,0.0
2026-04-16,Direct,(direct),675.1299999999999,178.73999999999998,84.17000000000002,22.589999999999996,0.0,10.0,3.0,0.0,0.0
2026-04-16,Email/SMS,Campaign - Monthly Newsletter,58.32,12.0,9.0,1.99,0.0,1.0,0.0,0.0,0.0
2026-04-16,Email/SMS,Flow - Abandoned Cart,88.82000000000001,22.88,17.74,3.18,0.0,2.0,0.0,0.0,0.0
2026-04-16,Email/SMS,Flow - Post Purchase Winback,219.82,57.60000000000001,32.31,7.58,0.0,4.0,1.0,0.0,0.0
2026-04-16,Email/SMS,Flow - Welcome Series,145.0,61.0,8.48,4.5,0.0,1.0,0.0,0.0,0.0
2026-04-16,Google Ads,PMax - Skincare Prospecting,103.9,26.18,14.91,3.61,0.0,2.0,2.0,33.99,132.68
2026-04-16,Google Ads,Search - Brand,295.1,106.28,26.869999999999997,9.45,0.0,3.0,3.0,41.56,324.0
2026-04-16,Google Ads,Search - Nonbrand Skincare,251.44000000000003,60.68,31.88,8.5,0.0,4.0,2.0,101.2,288.92
2026-04-16,Google Ads,Shopping - Bestsellers,124.21000000000001,28.64,16.42,4.2,0.0,2.0,2.0,29.03,134.06
2026-04-16,Meta Ads,Prospecting - Broad,188.24,56.68,25.240000000000002,6.35,22.48,3.0,2.0,129.2,309.35
2026-04-16,Meta Ads,Prospecting - Lookalike 1%,0.0,0.0,0.0,0.0,0.0,0.0,0.0,12.5,12.39
2026-04-16,Meta Ads,Retargeting - Cart Abandon,48.95,10.5,8.02,1.72,0.0,1.0,1.0,12.38,62.25
2026-04-16,Meta Ads,Retargeting - Engaged 30d,272.37,71.26,40.38,9.4,0.0,5.0,5.0,90.57,400.84
2026-04-16,Organic Search,(organic),109.51,25.5,23.82,4.07,0.0,3.0,2.0,0.0,0.0
2026-04-16,Organic Social,(organic social),111.26,26.4,16.48,3.8200000000000003,0.0,2.0,2.0,0.0,0.0
2026-04-16,Unattributed,(not set),105.57000000000001,25.28,16.48,3.66,0.0,2.0,2.0,0.0,0.0
2026-04-17,Direct,(direct),211.89,49.28,33.25,7.34,27.48,4.0,1.0,0.0,0.0
2026-04-17,Email/SMS,Campaign - Monthly Newsletter,84.0,21.0,9.12,2.74,0.0,1.0,0.0,0.0,0.0
2026-04-17,Email/SMS,Flow - Abandoned Cart,93.71000000000001,25.799999999999997,16.740000000000002,3.32,0.0,2.0,0.0,0.0,0.0
2026-04-17,Email/SMS,Flow - Post Purchase Winback,276.52,66.0,41.01,9.51,22.3,5.0,0.0,0.0,0.0
2026-04-17,Email/SMS,Flow - Welcome Series,63.550000000000004,21.76,7.82,2.14,0.0,1.0,0.0,0.0,0.0
2026-04-17,Google Ads,PMax - Skincare Prospecting,152.35999999999999,41.400000000000006,14.91,5.02,0.0,2.0,1.0,54.01,161.83
2026-04-17,Google Ads,Search - Brand,302.69,97.0,22.009999999999998,9.68,0.0,3.0,3.0,35.33,377.1
2026-04-17,Google Ads,Search - Nonbrand Skincare,30.95,7.2,8.86,1.2,0.0,1.0,1.0,12.04,35.6
2026-04-17,Google Ads,Shopping - Bestsellers,189.3,43.88,30.6,6.6899999999999995,0.0,4.0,3.0,53.2,205.23
2026-04-17,Meta Ads,Prospecting - Broad,30.98,6.6,8.35,1.2,0.0,1.0,0.0,18.87,47.52
2026-04-17,Meta Ads,Prospecting - Lookalike 1%,181.8,42.0,33.440000000000005,6.47,0.0,4.0,4.0,98.2,269.72
2026-04-17,Meta Ads,Retargeting - Cart Abandon,62.300000000000004,16.64,8.52,2.11,0.0,1.0,1.0,16.62,74.96
2026-04-17,Meta Ads,Retargeting - Engaged 30d,104.48,38.0,6.52,3.33,0.0,1.0,1.0,31.4,146.55
2026-04-17,Organic Search,(organic),297.93,75.9,56.42999999999999,10.74,0.0,7.0,4.0,0.0,0.0
2026-04-17,Organic Social,(organic social),368.2200000000001,103.40000000000002,53.480000000000004,12.770000000000001,0.0,7.0,3.0,0.0,0.0
2026-04-17,Unattributed,(not set),282.38,69.68,31.060000000000002,9.4,215.95999999999998,4.0,4.0,0.0,0.0
2026-04-18,Direct,(direct),999.6600000000001,262.58,123.42,33.480000000000004,0.0,15.0,7.0,0.0,0.0
2026-04-18,Email/SMS,Campaign - Monthly Newsletter,244.17000000000002,57.3,32.17,8.28,0.0,4.0,0.0,0.0,0.0
2026-04-18,Email/SMS,Flow - Abandoned Cart,75.07000000000001,22.8,8.21,2.48,0.0,1.0,0.0,0.0,0.0
2026-04-18,Email/SMS,Flow - Post Purchase Winback,104.4,24.0,6.95,3.33,0.0,1.0,0.0,0.0,0.0
2026-04-18,Email/SMS,Flow - Welcome Series,41.300000000000004,9.6,8.89,1.5,0.0,1.0,0.0,0.0,0.0
2026-04-18,Google Ads,PMax - Skincare Prospecting,300.94,80.46000000000001,33.61,9.94,0.0,4.0,4.0,142.55,379.68
2026-04-18,Google Ads,Search - Brand,0.0,0.0,0.0,0.0,0.0,0.0,0.0,10.54,10.83
2026-04-18,Google Ads,Search - Nonbrand Skincare,0.0,0.0,0.0,0.0,0.0,0.0,0.0,8.92,9.61
2026-04-18,Google Ads,Shopping - Bestsellers,44.11,10.5,8.08,1.58,0.0,1.0,1.0,10.6,53.09
2026-04-18,Meta Ads,Prospecting - Broad,566.85,190.4,48.81,18.23,0.0,6.0,5.0,327.61,836.55
2026-04-18,Meta Ads,Prospecting - Lookalike 1%,96.28,23.4,15.56,3.39,0.0,2.0,1.0,55.79,123.6
2026-04-18,Meta Ads,Retargeting - Cart Abandon,67.53,15.68,8.43,2.26,0.0,1.0,0.0,14.4,84.52
2026-04-18,Meta Ads,Retargeting - Engaged 30d,95.62,23.4,14.9,3.37,0.0,2.0,2.0,41.91,143.38
2026-04-18,Organic Search,(organic),681.7800000000001,208.36,85.62,23.060000000000002,0.0,11.0,8.0,0.0,0.0
2026-04-18,Organic Social,(organic social),62.95,15.68,7.11,2.13,62.95,1.0,1.0,0.0,0.0
2026-04-18,Unattributed,(not set),33.26,7.2,8.43,1.26,0.0,1.0,0.0,0.0,0.0
2026-04-19,Direct,(direct),350.08,88.14,49.739999999999995,11.94,48.95,6.0,2.0,0.0,0.0
2026-04-19,Email/SMS,Campaign - Monthly Newsletter,345.36,90.08000000000001,50.47,11.809999999999999,0.0,6.0,0.0,0.0,0.0
2026-04-19,Email/SMS,Flow - Abandoned Cart,438.21000000000004,161.7,33.4,13.91,0.0,4.0,1.0,0.0,0.0
2026-04-19,Email/SMS,Flow - Post Purchase Winback,34.72,9.6,6.87,1.31,0.0,1.0,0.0,0.0,0.0
2026-04-19,Email/SMS,Flow - Welcome Series,33.79,7.2,8.4,1.28,0.0,1.0,0.0,0.0,0.0
2026-04-19,Google Ads,PMax - Skincare Prospecting,140.85000000000002,31.2,26.01,4.9799999999999995,0.0,3.0,2.0,57.68,146.6
2026-04-19,Google Ads,Search - Brand,58.95,16.64,7.04,2.01,0.0,1.0,1.0,14.57,67.52
2026-04-19,Google Ads,Search - Nonbrand Skincare,90.19,21.0,7.49,2.92,0.0,1.0,0.0,35.03,97.23
2026-04-19,Google Ads,Shopping - Bestsellers,198.58999999999997,59.2,17.23,6.359999999999999,0.0,2.0,1.0,54.23,240.37
2026-04-19,Meta Ads,Prospecting - Broad,52.24,10.5,7.61,1.81,0.0,1.0,1.0,38.68,79.23
2026-04-19,Meta Ads,Prospecting - Lookalike 1%,421.47,105.28,38.41,13.719999999999999,0.0,5.0,4.0,225.72,631.95
2026-04-19,Meta Ads,Retargeting - Cart Abandon,271.74,67.5,39.870000000000005,9.37,45.28,5.0,5.0,49.4,375.05
2026-04-19,Meta Ads,Retargeting - Engaged 30d,466.37,117.3,36.47,15.02,0.0,5.0,4.0,141.28,722.51
2026-04-19,Organic Search,(organic),132.39,32.1,21.93,4.74,0.0,3.0,1.0,0.0,0.0
2026-04-19,Organic Social,(organic social),123.24000000000001,29.700000000000003,22.8,4.47,0.0,3.0,3.0,0.0,0.0
2026-04-19,Unattributed,(not set),161.72,54.64,15.54,5.29,0.0,2.0,2.0,0.0,0.0
2026-04-20,Direct,(direct),93.28,22.28,17.31,3.3,93.28,2.0,1.0,0.0,0.0
2026-04-20,Email/SMS,Campaign - Monthly Newsletter,278.71000000000004,68.78,40.47,9.58,32.74,5.0,0.0,0.0,0.0
2026-04-20,Email/SMS,Flow - Abandoned Cart,196.18,76.68,14.75,6.29,0.0,2.0,0.0,0.0,0.0
2026-04-20,Email/SMS,Flow - Post Purchase Winback,288.84999999999997,93.7,24.14,9.28,0.0,3.0,1.0,0.0,0.0
2026-04-20,Email/SMS,Flow - Welcome Series,91.15,21.0,9.1,2.94,0.0,1.0,0.0,0.0,0.0
2026-04-20,Google Ads,PMax - Skincare Prospecting,213.19,47.78,33.89,7.39,0.0,4.0,3.0,94.46,247.16
2026-04-20,Google Ads,Search - Brand,31.66,6.6,6.91,1.22,0.0,1.0,1.0,13.46,33.16
2026-04-20,Google Ads,Search - Nonbrand Skincare,117.48,24.9,23.65,4.31,0.0,3.0,3.0,36.51,132.21
2026-04-20,Google Ads,Shopping - Bestsellers,118.18,27.68,16.36,4.03,0.0,2.0,2.0,40.97,144.89
2026-04-20,Meta Ads,Prospecting - Broad,233.2,65.16000000000001,30.020000000000003,7.960000000000001,0.0,4.0,4.0,175.42,300.62
2026-04-20,Meta Ads,Prospecting - Lookalike 1%,215.76,49.580000000000005,32.77,7.46,33.02,4.0,3.0,102.81,274.77
2026-04-20,Meta Ads,Retargeting - Cart Abandon,277.65,72.0,23.61,8.95,78.58,3.0,3.0,56.44,351.73
2026-04-20,Meta Ads,Retargeting - Engaged 30d,28.19,7.2,7.43,1.12,0.0,1.0,1.0,13.99,45.56
2026-04-20,Organic Search,(organic),243.94,64.2,28.59,8.27,78.95,4.0,3.0,0.0,0.0
2026-04-20,Unattributed,(not set),32.52,8.4,7.25,1.24,0.0,1.0,1.0,0.0,0.0
2026-04-21,Direct,(direct),479.96000000000004,132.56,48.88,15.709999999999999,0.0,6.0,1.0,0.0,0.0
2026-04-21,Email/SMS,Campaign - Monthly Newsletter,210.83999999999997,54.6,23.21,7.01,0.0,3.0,0.0,0.0,0.0
2026-04-21,Email/SMS,Flow - Abandoned Cart,92.69,23.4,16.63,3.29,0.0,2.0,0.0,0.0,0.0
2026-04-21,Email/SMS,Flow - Welcome Series,145.0,61.0,7.24,4.5,145.0,1.0,0.0,0.0,0.0
2026-04-21,Google Ads,PMax - Skincare Prospecting,71.29,18.0,17.990000000000002,2.67,0.0,2.0,1.0,33.07,92.21
2026-04-21,Google Ads,Search - Brand,0.0,0.0,0.0,0.0,0.0,0.0,0.0,10.4,3.17
2026-04-21,Google Ads,Search - Nonbrand Skincare,181.24,42.3,26.46,6.159999999999999,91.43,3.0,3.0,46.78,214.16
2026-04-21,Google Ads,Shopping - Bestsellers,49.46,16.64,8.44,1.73,0.0,1.0,1.0,15.47,67.4
2026-04-21,Meta Ads,Prospecting - Broad,48.95,10.5,8.66,1.72,0.0,1.0,0.0,25.54,66.52
2026-04-21,Meta Ads,Prospecting - Lookalike 1%,72.42,18.6,16.09,2.7,13.74,2.0,2.0,30.24,96.11
2026-04-21,Meta Ads,Retargeting - Cart Abandon,80.15,18.0,16.14,2.92,0.0,2.0,1.0,14.29,106.7
2026-04-21,Meta Ads,Retargeting - Engaged 30d,321.21000000000004,91.52,39.95,10.81,99.36,5.0,5.0,122.67,484.62
2026-04-21,Organic Search,(organic),917.0699999999999,334.67999999999995,70.28,29.29,197.2,9.0,7.0,0.0,0.0
2026-04-21,Organic Social,(organic social),247.87000000000003,60.3,35.93,8.39,0.0,4.0,1.0,0.0,0.0
2026-04-21,Unattributed,(not set),117.9,30.08,16.11,4.02,0.0,2.0,1.0,0.0,0.0
2026-04-22,Direct,(direct),559.42,192.28000000000003,58.37,18.31,0.0,7.0,3.0,0.0,0.0
2026-04-22,Email/SMS,Campaign - Monthly Newsletter,146.51,49.4,17.240000000000002,4.85,0.0,2.0,0.0,0.0,0.0
2026-04-22,Email/SMS,Flow - Abandoned Cart,247.24,91.08,31.73,8.379999999999999,65.46,4.0,0.0,0.0,0.0
2026-04-22,Email/SMS,Flow - Post Purchase Winback,245.4,72.32,26.160000000000004,8.01,0.0,3.0,1.0,0.0,0.0
2026-04-22,Email/SMS,Flow - Welcome Series,75.36,17.7,17.43,2.79,0.0,2.0,0.0,0.0,0.0
2026-04-22,Google Ads,PMax - Skincare Prospecting,79.0,21.0,15.76,2.8899999999999997,0.0,2.0,2.0,28.69,99.89
2026-04-22,Google Ads,Search - Brand,82.48,20.1,15.99,2.99,0.0,2.0,1.0,9.75,104.62
2026-04-22,Google Ads,Search - Nonbrand Skincare,0.0,0.0,0.0,0.0,0.0,0.0,0.0,14.52,11.02
2026-04-22,Google Ads,Shopping - Bestsellers,494.25,171.8,31.33,15.53,0.0,4.0,3.0,143.14,552.35
2026-04-22,Meta Ads,Prospecting - Broad,388.9,119.2,42.940000000000005,12.78,17.48,5.0,3.0,272.87,551.49
2026-04-22,Meta Ads,Prospecting - Lookalike 1%,38.95,9.6,8.35,1.43,0.0,1.0,1.0,14.49,45.99
2026-04-22,Meta Ads,Retargeting - Cart Abandon,133.9,34.879999999999995,16.119999999999997,4.49,0.0,2.0,1.0,20.75,186.46
2026-04-22,Meta Ads,Retargeting - Engaged 30d,43.650000000000006,10.5,7.07,1.57,0.0,1.0,0.0,20.57,69.91
2026-04-22,Organic Search,(organic),340.66999999999996,99.56,31.65,11.08,0.0,4.0,1.0,0.0,0.0
2026-04-22,Organic Social,(organic social),128.64,44.6,16.59,4.33,0.0,2.0,1.0,0.0,0.0
2026-04-22,Unattributed,(not set),235.49,72.8,24.23,7.72,0.0,3.0,3.0,0.0,0.0
2026-04-23,Direct,(direct),318.44,83.84,51.01,11.03,0.0,6.0,1.0,0.0,0.0
2026-04-23,Email/SMS,Campaign - Monthly Newsletter,362.84000000000003,116.2,22.5,11.430000000000001,103.02,3.0,1.0,0.0,0.0
2026-04-23,Email/SMS,Flow - Abandoned Cart,239.58999999999997,62.699999999999996,32.730000000000004,8.15,0.0,4.0,0.0,0.0,0.0
2026-04-23,Email/SMS,Flow - Post Purchase Winback,207.88,48.0,7.61,6.33,0.0,1.0,0.0,0.0,0.0
2026-04-23,Email/SMS,Flow - Welcome Series,85.67,21.0,9.01,2.78,0.0,1.0,0.0,0.0,0.0
2026-04-23,Google Ads,PMax - Skincare Prospecting,35.33,9.6,8.01,1.32,0.0,1.0,1.0,17.09,47.09
2026-04-23,Google Ads,Search - Brand,385.47,101.78,48.21,12.98,0.0,6.0,4.0,54.63,423.1
2026-04-23,Google Ads,Search - Nonbrand Skincare,54.95,12.0,9.38,1.89,0.0,1.0,1.0,15.97,63.69
2026-04-23,Google Ads,Shopping - Bestsellers,238.95,61.2,17.479999999999997,7.529999999999999,168.0,2.0,2.0,85.31,283.77
2026-04-23,Meta Ads,Prospecting - Broad,303.67,80.72,26.07,9.71,0.0,3.0,2.0,231.37,359.24
2026-04-23,Meta Ads,Prospecting - Lookalike 1%,269.62,95.8,23.86,8.71,0.0,3.0,2.0,106.84,410.75
2026-04-23,Meta Ads,Retargeting - Cart Abandon,290.0,122.0,9.1,8.71,0.0,1.0,1.0,46.57,375.47
2026-04-23,Meta Ads,Retargeting - Engaged 30d,114.76,24.0,15.5,3.92,0.0,2.0,2.0,29.07,170.51
2026-04-23,Organic Search,(organic),759.13,210.28,66.28,24.419999999999998,63.57,8.0,6.0,0.0,0.0
2026-04-23,Organic Social,(organic social),40.95,10.88,8.88,1.49,0.0,1.0,1.0,0.0,0.0
2026-04-23,Unattributed,(not set),141.12,40.480000000000004,16.96,4.6899999999999995,0.0,2.0,2.0,0.0,0.0
2026-04-24,Direct,(direct),190.93,51.24,29.22,6.73,0.0,4.0,1.0,0.0,0.0
2026-04-24,Email/SMS,Campaign - Monthly Newsletter,185.45,64.32000000000001,16.96,5.98,0.0,2.0,0.0,0.0,0.0
2026-04-24,Email/SMS,Flow - Abandoned Cart,276.59000000000003,122.0,8.43,8.32,0.0,1.0,0.0,0.0,0.0
2026-04-24,Email/SMS,Flow - Post Purchase Winback,386.99,143.6,29.82,12.42,0.0,4.0,0.0,0.0,0.0
2026-04-24,Google Ads,PMax - Skincare Prospecting,44.95,11.4,7.08,1.6,0.0,1.0,1.0,17.15,54.41
2026-04-24,Google Ads,Search - Brand,197.03000000000003,55.2,25.479999999999997,6.609999999999999,0.0,3.0,3.0,21.25,239.15
2026-04-24,Google Ads,Search - Nonbrand Skincare,571.88,197.6,42.94,18.09,0.0,5.0,5.0,150.79,666.86
2026-04-24,Google Ads,Shopping - Bestsellers,103.22,28.200000000000003,17.03,3.59,44.95,2.0,2.0,36.74,133.49
2026-04-24,Meta Ads,Prospecting - Broad,145.17000000000002,33.6,15.209999999999999,4.8100000000000005,0.0,2.0,2.0,77.18,210.29
2026-04-24,Meta Ads,Prospecting - Lookalike 1%,246.73000000000002,89.03999999999999,23.04,8.05,0.0,3.0,2.0,140.27,344.86
2026-04-24,Meta Ads,Retargeting - Cart Abandon,331.83000000000004,84.84,21.84,10.530000000000001,0.0,3.0,1.0,71.45,513.56
2026-04-24,Meta Ads,Retargeting - Engaged 30d,129.65,30.6,24.02,4.66,0.0,3.0,2.0,48.24,158.6
2026-04-24,Organic Search,(organic),566.4,149.16000000000003,66.69,18.839999999999996,0.0,8.0,6.0,0.0,0.0
2026-04-24,Organic Social,(organic social),429.19,109.2,46.13,14.24,102.6,6.0,5.0,0.0,0.0
2026-04-24,Unattributed,(not set),41.68,9.6,8.05,1.51,0.0,1.0,1.0,0.0,0.0
2026-04-25,Direct,(direct),474.6700000000001,130.96,54.24,15.859999999999998,0.0,7.0,2.0,0.0,0.0
2026-04-25,Email/SMS,Flow - Post Purchase Winback,119.92,31.36,8.68,3.78,0.0,1.0,0.0,0.0,0.0
2026-04-25,Email/SMS,Flow - Welcome Series,185.12,55.44,16.66,5.96,0.0,2.0,0.0,0.0,0.0
2026-04-25,Google Ads,PMax - Skincare Prospecting,62.43,16.64,6.52,2.11,0.0,1.0,1.0,19.18,71.08
2026-04-25,Google Ads,Search - Brand,680.5400000000001,237.07999999999998,42.2,21.240000000000002,0.0,5.0,5.0,65.83,753.71
2026-04-25,Google Ads,Search - Nonbrand Skincare,88.38,24.0,14.670000000000002,3.16,0.0,2.0,1.0,22.78,101.22
2026-04-25,Google Ads,Shopping - Bestsellers,110.62,33.28,15.309999999999999,3.81,0.0,2.0,1.0,33.79,146.33
2026-04-25,Meta Ads,Prospecting - Broad,535.74,143.29999999999998,56.92,17.64,0.0,7.0,7.0,256.7,654.87
2026-04-25,Meta Ads,Prospecting - Lookalike 1%,145.23000000000002,31.2,25.34,5.109999999999999,15.28,3.0,2.0,50.23,201.47
2026-04-25,Meta Ads,Retargeting - Cart Abandon,113.66,29.48,23.1,4.2,0.0,3.0,3.0,18.55,172.96
2026-04-25,Meta Ads,Retargeting - Engaged 30d,262.75,69.92,26.09,8.52,0.0,3.0,2.0,104.62,402.98
2026-04-25,Organic Search,(organic),338.63,87.9,57.68000000000001,11.92,0.0,7.0,4.0,0.0,0.0
2026-04-25,Organic Social,(organic social),360.86999999999995,91.80000000000001,55.88,12.559999999999999,0.0,7.0,7.0,0.0,0.0
2026-04-25,Unattributed,(not set),30.89,7.2,8.4,1.2,0.0,1.0,0.0,0.0,0.0
2026-04-26,Direct,(direct),394.46999999999997,107.56,39.129999999999995,12.950000000000001,29.94,5.0,0.0,0.0,0.0
2026-04-26,Email/SMS,Campaign - Monthly Newsletter,63.660000000000004,16.64,9.22,2.15,0.0,1.0,0.0,0.0,0.0
2026-04-26,Email/SMS,Flow - Abandoned Cart,115.71000000000001,34.2,18.14,3.95,0.0,2.0,0.0,0.0,0.0
2026-04-26,Email/SMS,Flow - Post Purchase Winback,194.53,75.4,17.25,6.24,0.0,2.0,0.0,0.0,0.0
2026-04-26,Email/SMS,Flow - Welcome Series,570.4200000000001,193.64,51.68,18.35,0.0,6.0,2.0,0.0,0.0
2026-04-26,Google Ads,PMax - Skincare Prospecting,112.0,31.36,8.69,3.55,0.0,1.0,1.0,40.68,121.19
2026-04-26,Google Ads,Search - Brand,0.0,0.0,0.0,0.0,0.0,0.0,0.0,10.63,11.53
2026-04-26,Google Ads,Search - Nonbrand Skincare,293.84,94.0,22.78,9.43,0.0,3.0,3.0,103.83,330.77
2026-04-26,Google Ads,Shopping - Bestsellers,192.01,54.6,25.189999999999998,6.47,0.0,3.0,3.0,54.86,250.46
2026-04-26,Meta Ads,Prospecting - Broad,337.03999999999996,85.96000000000001,30.39,10.98,192.0,4.0,3.0,260.13,495.8
2026-04-26,Meta Ads,Prospecting - Lookalike 1%,59.78,12.0,7.84,2.03,0.0,1.0,1.0,29.75,71.94
2026-04-26,Meta Ads,Retargeting - Cart Abandon,146.95,48.5,14.809999999999999,4.86,0.0,2.0,1.0,23.17,184.06
2026-04-26,Meta Ads,Retargeting - Engaged 30d,302.94,95.6,32.86,9.99,0.0,4.0,2.0,98.31,441.73
2026-04-26,Organic Search,(organic),618.62,192.52,58.72,20.35,0.0,8.0,4.0,0.0,0.0
2026-04-26,Organic Social,(organic social),407.02000000000004,140.56,42.85,13.3,54.11,5.0,3.0,0.0,0.0
2026-04-26,Unattributed,(not set),148.6,33.0,17.509999999999998,4.91,0.0,2.0,2.0,0.0,0.0
2026-04-27,Direct,(direct),363.39000000000004,87.0,53.81,12.64,0.0,7.0,3.0,0.0,0.0
2026-04-27,Email/SMS,Campaign - Monthly Newsletter,78.95,21.6,7.81,2.59,0.0,1.0,0.0,0.0,0.0
2026-04-27,Email/SMS,Flow - Post Purchase Winback,122.35000000000001,29.480000000000004,22.68,4.4399999999999995,0.0,3.0,1.0,0.0,0.0
2026-04-27,Email/SMS,Flow - Welcome Series,112.0,31.36,7.09,3.55,0.0,1.0,0.0,0.0,0.0
2026-04-27,Google Ads,PMax - Skincare Prospecting,152.72,43.2,25.89,5.33,44.0,3.0,1.0,59.83,182.07
2026-04-27,Google Ads,Search - Brand,63.730000000000004,14.4,16.509999999999998,2.45,0.0,2.0,2.0,8.66,76.51
2026-04-27,Google Ads,Search - Nonbrand Skincare,187.65,53.120000000000005,16.330000000000002,6.04,0.0,2.0,2.0,75.63,220.93
2026-04-27,Google Ads,Shopping - Bestsellers,256.95,77.06,16.43,8.05,0.0,2.0,2.0,74.73,283.76
2026-04-27,Meta Ads,Prospecting - Broad,38.95,9.6,9.17,1.43,0.0,1.0,1.0,19.18,47.35
2026-04-27,Meta Ads,Prospecting - Lookalike 1%,224.87,61.92,17.0,7.12,84.96,2.0,2.0,105.63,306.79
2026-04-27,Meta Ads,Retargeting - Cart Abandon,81.94,20.48,15.58,2.9699999999999998,0.0,2.0,2.0,19.61,120.59
2026-04-27,Meta Ads,Retargeting - Engaged 30d,141.56,33.3,23.15,5.01,0.0,3.0,3.0,37.79,207.57
2026-04-27,Organic Search,(organic),392.9,117.1,63.39,13.799999999999999,18.8,8.0,5.0,0.0,0.0
2026-04-27,Organic Social,(organic social),54.95,12.0,7.44,1.89,54.95,1.0,1.0,0.0,0.0
2026-04-27,Unattributed,(not set),100.19,25.8,14.66,3.5,0.0,2.0,2.0,0.0,0.0
2026-04-28,Direct,(direct),1357.5,433.0799999999999,91.17,42.67000000000001,0.0,11.0,6.0,0.0,0.0
2026-04-28,Email/SMS,Flow - Abandoned Cart,149.07999999999998,47.04,8.02,4.62,0.0,1.0,0.0,0.0,0.0
2026-04-28,Email/SMS,Flow - Post Purchase Winback,259.97,68.84,40.88,9.03,0.0,5.0,0.0,0.0,0.0
2026-04-28,Email/SMS,Flow - Welcome Series,31.66,6.6,7.79,1.22,0.0,1.0,0.0,0.0,0.0
2026-04-28,Google Ads,PMax - Skincare Prospecting,0.0,0.0,0.0,0.0,0.0,0.0,0.0,9.14,2.75
2026-04-28,Google Ads,Search - Brand,136.15,38.4,8.12,4.25,0.0,1.0,1.0,15.81,164.8
2026-04-28,Google Ads,Search - Nonbrand Skincare,156.0,49.92,7.68,4.82,0.0,1.0,1.0,58.58,183.7
2026-04-28,Google Ads,Shopping - Bestsellers,0.0,0.0,0.0,0.0,0.0,0.0,0.0,11.3,5.49
2026-04-28,Meta Ads,Prospecting - Broad,62.95,15.68,8.15,2.13,0.0,1.0,1.0,36.44,95.89
2026-04-28,Meta Ads,Prospecting - Lookalike 1%,358.01,92.4,44.96000000000001,12.190000000000001,81.97,6.0,5.0,172.37,465.9
2026-04-28,Meta Ads,Retargeting - Cart Abandon,200.05,57.6,16.22,6.4,0.0,2.0,2.0,48.0,313.98
2026-04-28,Meta Ads,Retargeting - Engaged 30d,488.47,133.66,46.94,15.959999999999999,0.0,6.0,3.0,185.89,671.7
2026-04-28,Organic Search,(organic),331.99,90.02,40.16,11.129999999999999,28.57,5.0,3.0,0.0,0.0
2026-04-28,Organic Social,(organic social),162.35000000000002,40.64,15.5,5.31,0.0,2.0,1.0,0.0,0.0
2026-04-28,Unattributed,(not set),58.89,12.0,7.25,2.01,0.0,1.0,1.0,0.0,0.0
2026-04-29,Direct,(direct),373.34,110.28,51.52,12.63,0.0,6.0,3.0,0.0,0.0
2026-04-29,Email/SMS,Campaign - Monthly Newsletter,174.89000000000001,39.6,39.489999999999995,6.57,32.71,5.0,0.0,0.0,0.0
2026-04-29,Email/SMS,Flow - Abandoned Cart,254.82,64.28,37.54,8.89,0.0,5.0,2.0,0.0,0.0
2026-04-29,Google Ads,PMax - Skincare Prospecting,203.23000000000002,62.0,16.740000000000002,6.49,0.0,2.0,1.0,78.01,220.34
2026-04-29,Google Ads,Search - Brand,0.0,0.0,0.0,0.0,0.0,0.0,0.0,12.74,11.21
2026-04-29,Google Ads,Search - Nonbrand Skincare,186.09000000000003,44.84,31.6,6.59,0.0,4.0,4.0,54.89,225.46
2026-04-29,Google Ads,Shopping - Bestsellers,342.15000000000003,96.9,41.150000000000006,11.42,0.0,5.0,4.0,93.95,407.87
2026-04-29,Meta Ads,Prospecting - Broad,447.34000000000003,198.68,22.82,13.87,0.0,3.0,3.0,359.13,640.34
2026-04-29,Meta Ads,Prospecting - Lookalike 1%,237.81,71.6,23.560000000000002,7.789999999999999,0.0,3.0,3.0,100.63,368.15
2026-04-29,Meta Ads,Retargeting - Cart Abandon,57.99,12.0,7.97,1.98,0.0,1.0,0.0,12.5,82.0
2026-04-29,Meta Ads,Retargeting - Engaged 30d,205.19,62.72,9.12,6.25,0.0,1.0,0.0,74.23,305.88
2026-04-29,Organic Search,(organic),278.07,71.4,32.44,9.26,0.0,4.0,1.0,0.0,0.0
2026-04-29,Organic Social,(organic social),227.51999999999998,61.28,23.79,7.5,0.0,3.0,1.0,0.0,0.0
2026-04-29,Unattributed,(not set),170.53,44.18,23.97,5.84,0.0,3.0,3.0,0.0,0.0
2026-04-30,Direct,(direct),125.81,34.879999999999995,17.8,4.25,0.0,2.0,1.0,0.0,0.0
2026-04-30,Email/SMS,Campaign - Monthly Newsletter,319.09000000000003,78.6,37.17,10.760000000000002,47.79,5.0,0.0,0.0,0.0
2026-04-30,Email/SMS,Flow - Post Purchase Winback,323.14,119.5,34.55,10.57,0.0,4.0,0.0,0.0,0.0
2026-04-30,Google Ads,PMax - Skincare Prospecting,101.9,25.28,16.16,3.5599999999999996,0.0,2.0,1.0,43.11,115.01
2026-04-30,Google Ads,Search - Brand,0.0,0.0,0.0,0.0,0.0,0.0,0.0,14.6,7.68
2026-04-30,Google Ads,Search - Nonbrand Skincare,345.21,112.88000000000001,38.12,11.520000000000001,0.0,5.0,4.0,126.4,368.6
2026-04-30,Google Ads,Shopping - Bestsellers,37.27,9.6,8.4,1.38,37.27,1.0,0.0,13.97,48.96
2026-04-30,Meta Ads,Prospecting - Broad,259.24,68.16,25.310000000000002,8.42,0.0,3.0,2.0,115.54,381.01
2026-04-30,Meta Ads,Prospecting - Lookalike 1%,302.85,84.38,22.490000000000002,9.68,0.0,3.0,3.0,170.81,483.86
2026-04-30,Meta Ads,Retargeting - Cart Abandon,0.0,0.0,0.0,0.0,0.0,0.0,0.0,13.29,12.87
2026-04-30,Meta Ads,Retargeting - Engaged 30d,415.8,158.0,14.280000000000001,12.66,0.0,2.0,2.0,174.71,535.47
2026-04-30,Organic Search,(organic),866.3200000000002,230.9,97.69000000000001,28.710000000000004,98.0,12.0,5.0,0.0,0.0
2026-04-30,Organic Social,(organic social),478.46999999999997,160.8,24.53,14.78,0.0,3.0,3.0,0.0,0.0
2026-04-30,Unattributed,(not set),189.83999999999997,44.4,33.32,6.699999999999999,0.0,4.0,3.0,0.0,0.0
2026-05-01,Direct,(direct),496.07000000000005,120.67999999999999,65.25999999999999,16.8,79.9,8.0,1.0,0.0,0.0
2026-05-01,Email/SMS,Campaign - Monthly Newsletter,52.84,10.5,8.02,1.83,0.0,1.0,0.0,0.0,0.0
2026-05-01,Email/SMS,Flow - Abandoned Cart,199.3,61.22,22.66,6.68,0.0,3.0,1.0,0.0,0.0
2026-05-01,Email/SMS,Flow - Post Purchase Winback,196.7,49.199999999999996,26.560000000000002,6.609999999999999,44.95,3.0,0.0,0.0,0.0
2026-05-01,Email/SMS,Flow - Welcome Series,243.08,68.16,32.11,8.25,0.0,4.0,0.0,0.0,0.0
2026-05-01,Google Ads,PMax - Skincare Prospecting,246.45,64.8,15.81,7.75,0.0,2.0,2.0,88.76,302.6
2026-05-01,Google Ads,Search - Brand,187.66,50.56,16.16,6.04,0.0,2.0,2.0,22.75,221.5
2026-05-01,Google Ads,Search - Nonbrand Skincare,92.78,24.6,14.530000000000001,3.29,0.0,2.0,2.0,39.47,114.18
2026-05-01,Google Ads,Shopping - Bestsellers,466.53000000000003,138.1,39.63,15.03,135.43,5.0,5.0,130.6,503.13
2026-05-01,Meta Ads,Prospecting - Broad,342.92,109.67999999999999,31.900000000000002,11.149999999999999,38.12,4.0,2.0,213.11,501.64
2026-05-01,Meta Ads,Prospecting - Lookalike 1%,59.78,12.0,8.3,2.03,0.0,1.0,1.0,21.85,86.04
2026-05-01,Meta Ads,Retargeting - Cart Abandon,43.65,10.5,8.6,1.57,0.0,1.0,1.0,11.9,62.66
2026-05-01,Meta Ads,Retargeting - Engaged 30d,351.96000000000004,124.5,23.33,11.110000000000001,0.0,3.0,3.0,111.72,539.3
2026-05-01,Organic Search,(organic),112.85000000000001,25.200000000000003,25.189999999999998,4.17,0.0,3.0,2.0,0.0,0.0
2026-05-01,Organic Social,(organic social),159.06,44.400000000000006,27.009999999999998,5.51,0.0,3.0,1.0,0.0,0.0
2026-05-02,Direct,(direct),103.43,26.4,26.47,3.8999999999999995,0.0,3.0,2.0,0.0,0.0
2026-05-02,Email/SMS,Campaign - Monthly Newsletter,108.53,26.18,15.19,3.75,0.0,2.0,0.0,0.0,0.0
2026-05-02,Email/SMS,Flow - Abandoned Cart,224.20999999999998,72.96000000000001,24.7,7.41,50.95,3.0,0.0,0.0,0.0
2026-05-02,Email/SMS,Flow - Post Purchase Winback,141.76,34.88,14.68,4.72,0.0,2.0,0.0,0.0,0.0
2026-05-02,Email/SMS,Flow - Welcome Series,54.95,12.0,7.5,1.89,0.0,1.0,0.0,0.0,0.0
2026-05-02,Google Ads,PMax - Skincare Prospecting,250.64000000000004,57.08,38.75,8.77,61.0,5.0,5.0,105.53,283.74
2026-05-02,Google Ads,Search - Brand,134.38,30.68,25.28,4.79,0.0,3.0,2.0,16.65,141.7
2026-05-02,Google Ads,Search - Nonbrand Skincare,212.35,58.06,21.07,7.05,34.89,3.0,2.0,58.34,268.15
2026-05-02,Google Ads,Shopping - Bestsellers,0.0,0.0,0.0,0.0,0.0,0.0,0.0,13.3,11.59
2026-05-02,Meta Ads,Prospecting - Broad,153.66000000000003,40.96,21.93,5.359999999999999,0.0,3.0,1.0,122.78,241.91
2026-05-02,Meta Ads,Prospecting - Lookalike 1%,86.48,20.4,16.630000000000003,3.0999999999999996,0.0,2.0,0.0,44.99,119.31
2026-05-02,Meta Ads,Retargeting - Cart Abandon,78.95,21.6,7.96,2.59,0.0,1.0,1.0,17.8,121.04
2026-05-02,Meta Ads,Retargeting - Engaged 30d,116.06,28.799999999999997,16.35,3.9699999999999998,0.0,2.0,1.0,41.95,144.17
2026-05-02,Organic Search,(organic),1197.59,358.82,123.19000000000003,39.22,156.48,15.0,7.0,0.0,0.0
2026-05-02,Organic Social,(organic social),196.66,55.2,24.54,6.6,0.0,3.0,3.0,0.0,0.0
2026-05-03,Direct,(direct),853.76,233.66,92.38999999999999,28.059999999999995,0.0,11.0,3.0,0.0,0.0
2026-05-03,Email/SMS,Campaign - Monthly Newsletter,97.77000000000001,26.240000000000002,16.619999999999997,3.43,0.0,2.0,0.0,0.0,0.0
2026-05-03,Email/SMS,Flow - Abandoned Cart,100.38,26.4,15.719999999999999,3.52,69.83,2.0,0.0,0.0,0.0
2026-05-03,Email/SMS,Flow - Post Purchase Winback,192.0,52.8,15.2,6.16,0.0,2.0,0.0,0.0,0.0
2026-05-03,Email/SMS,Flow - Welcome Series,333.03999999999996,110.92,26.32,10.56,0.0,3.0,1.0,0.0,0.0
2026-05-03,Google Ads,PMax - Skincare Prospecting,40.95,10.88,7.43,1.49,0.0,1.0,0.0,20.94,45.56
2026-05-03,Google Ads,Search - Brand,213.39,54.0,27.14,7.09,0.0,3.0,3.0,29.05,242.38
2026-05-03,Google Ads,Search - Nonbrand Skincare,72.95,19.8,9.55,2.42,0.0,1.0,1.0,27.09,78.26
2026-05-03,Google Ads,Shopping - Bestsellers,105.9,25.2,15.32,3.67,0.0,2.0,2.0,25.35,113.75
2026-05-03,Meta Ads,Prospecting - Broad,394.86,127.36000000000001,31.119999999999997,12.66,16.88,4.0,4.0,191.62,502.8
2026-05-03,Meta Ads,Prospecting - Lookalike 1%,170.57000000000002,45.6,16.28,5.550000000000001,0.0,2.0,0.0,69.87,205.92
2026-05-03,Meta Ads,Retargeting - Cart Abandon,76.0,22.8,8.28,2.5,76.0,1.0,1.0,16.31,107.8
2026-05-03,Meta Ads,Retargeting - Engaged 30d,57.9,13.2,16.07,2.28,0.0,2.0,1.0,18.65,86.06
2026-05-03,Organic Search,(organic),396.78999999999996,97.66,38.25,13.02,0.0,5.0,4.0,0.0,0.0
2026-05-03,Organic Social,(organic social),178.95,44.4,17.16,5.790000000000001,0.0,2.0,2.0,0.0,0.0
2026-05-03,Unattributed,(not set),298.53999999999996,97.0,24.22,9.55,0.0,3.0,2.0,0.0,0.0
2026-05-04,Direct,(direct),588.1600000000001,163.62,41.51,18.560000000000002,0.0,5.0,2.0,0.0,0.0
2026-05-04,Email/SMS,Campaign - Monthly Newsletter,75.68,19.2,7.18,2.49,0.0,1.0,0.0,0.0,0.0
2026-05-04,Email/SMS,Flow - Post Purchase Winback,157.7,50.0,16.19,5.17,98.0,2.0,0.0,0.0,0.0
2026-05-04,Email/SMS,Flow - Welcome Series,156.14,35.699999999999996,33.65,5.73,80.24000000000001,4.0,1.0,0.0,0.0
2026-05-04,Google Ads,PMax - Skincare Prospecting,142.38,33.0,15.23,4.73,0.0,2.0,2.0,62.7,155.23
2026-05-04,Google Ads,Search - Brand,250.95,88.0,16.23,7.87,0.0,2.0,1.0,29.43,295.48
2026-05-04,Google Ads,Search - Nonbrand Skincare,66.72,15.68,7.06,2.23,0.0,1.0,1.0,21.13,77.6
2026-05-04,Google Ads,Shopping - Bestsellers,0.0,0.0,0.0,0.0,0.0,0.0,0.0,12.43,13.21
2026-05-04,Meta Ads,Prospecting - Broad,165.77,40.64,24.1,5.7,0.0,3.0,2.0,92.4,235.07
2026-05-04,Meta Ads,Prospecting - Lookalike 1%,85.7,22.28,16.689999999999998,3.09,0.0,2.0,2.0,33.51,113.91
2026-05-04,Meta Ads,Retargeting - Cart Abandon,164.0,37.8,32.61,5.96,0.0,4.0,3.0,34.27,244.29
2026-05-04,Meta Ads,Retargeting - Engaged 30d,177.19,59.760000000000005,15.04,5.74,0.0,2.0,2.0,70.61,249.34
2026-05-04,Organic Search,(organic),460.86,128.04,43.06999999999999,14.87,0.0,5.0,5.0,0.0,0.0
2026-05-04,Organic Social,(organic social),245.41,69.84,26.549999999999997,8.01,0.0,3.0,2.0,0.0,0.0
2026-05-04,Unattributed,(not set),67.65,15.68,8.64,2.26,0.0,1.0,1.0,0.0,0.0
2026-05-05,Direct,(direct),519.16,156.27999999999997,55.07,17.169999999999998,0.0,7.0,3.0,0.0,0.0
2026-05-05,Email/SMS,Campaign - Monthly Newsletter,89.45,21.0,8.83,2.89,0.0,1.0,0.0,0.0,0.0
2026-05-05,Email/SMS,Flow - Post Purchase Winback,220.26000000000002,60.0,23.95,7.29,56.0,3.0,0.0,0.0,0.0
2026-05-05,Email/SMS,Flow - Welcome Series,162.22,44.480000000000004,16.92,5.300000000000001,0.0,2.0,0.0,0.0,0.0
2026-05-05,Google Ads,PMax - Skincare Prospecting,512.23,191.60000000000002,41.269999999999996,16.34,38.0,5.0,4.0,244.36,618.24
2026-05-05,Google Ads,Search - Brand,53.150000000000006,12.0,7.76,1.84,0.0,1.0,1.0,11.54,70.79
2026-05-05,Google Ads,Search - Nonbrand Skincare,236.71,58.88,16.36,7.470000000000001,44.71,2.0,2.0,83.93,247.43
2026-05-05,Google Ads,Shopping - Bestsellers,308.0,87.92,16.11,9.54,0.0,2.0,1.0,102.76,361.49
2026-05-05,Meta Ads,Prospecting - Broad,54.95,14.4,7.11,1.89,0.0,1.0,1.0,28.42,65.31
2026-05-05,Meta Ads,Prospecting - Lookalike 1%,214.13,63.84,26.21,7.109999999999999,30.95,3.0,2.0,124.42,342.47
2026-05-05,Meta Ads,Retargeting - Cart Abandon,411.48,116.6,33.08,13.139999999999999,0.0,4.0,3.0,67.79,512.22
2026-05-05,Meta Ads,Retargeting - Engaged 30d,46.21,14.4,8.38,1.64,0.0,1.0,1.0,17.53,79.14
2026-05-05,Organic Search,(organic),269.13,67.28,28.23,9.0,82.96,4.0,3.0,0.0,0.0
2026-05-05,Organic Social,(organic social),246.65999999999997,65.64,31.980000000000004,8.36,0.0,4.0,2.0,0.0,0.0
2026-05-06,Direct,(direct),671.1199999999999,202.89999999999998,73.53,22.17,0.0,9.0,1.0,0.0,0.0
2026-05-06,Email/SMS,Flow - Abandoned Cart,187.07999999999998,54.3,15.05,6.03,0.0,2.0,0.0,0.0,0.0
2026-05-06,Email/SMS,Flow - Post Purchase Winback,44.95,11.4,8.68,1.6,0.0,1.0,0.0,0.0,0.0
2026-05-06,Email/SMS,Flow - Welcome Series,231.79000000000002,69.5,24.32,7.62,0.0,3.0,1.0,0.0,0.0
2026-05-06,Google Ads,PMax - Skincare Prospecting,261.84,67.2,29.0,8.79,0.0,4.0,2.0,113.61,281.68
2026-05-06,Google Ads,Search - Brand,297.31,73.36,23.91,9.52,24.48,3.0,3.0,25.84,316.0
2026-05-06,Google Ads,Search - Nonbrand Skincare,144.58,34.28,25.389999999999997,5.1,29.64,3.0,2.0,50.78,175.03
2026-05-06,Google Ads,Shopping - Bestsellers,181.82999999999998,44.4,23.79,6.17,60.12,3.0,3.0,48.52,214.64
2026-05-06,Meta Ads,Prospecting - Broad,177.83999999999997,44.480000000000004,33.01,6.35,0.0,4.0,3.0,87.88,222.04
2026-05-06,Meta Ads,Prospecting - Lookalike 1%,548.62,191.44,31.32,17.11,0.0,4.0,3.0,277.22,808.26
2026-05-06,Meta Ads,Retargeting - Cart Abandon,79.61000000000001,19.2,18.47,2.91,0.0,2.0,2.0,15.03,110.7
2026-05-06,Meta Ads,Retargeting - Engaged 30d,0.0,0.0,0.0,0.0,0.0,0.0,0.0,13.55,13.74
2026-05-06,Organic Search,(organic),133.9,34.879999999999995,15.9,4.49,0.0,2.0,2.0,0.0,0.0
2026-05-06,Organic Social,(organic social),48.95,10.5,8.67,1.72,24.48,1.0,1.0,0.0,0.0
2026-05-06,Unattributed,(not set),48.95,10.5,7.36,1.72,0.0,1.0,1.0,0.0,0.0
2026-05-07,Direct,(direct),396.41999999999996,98.18000000000002,47.35,13.299999999999999,15.48,6.0,3.0,0.0,0.0
2026-05-07,Email/SMS,Campaign - Monthly Newsletter,100.42000000000002,24.0,15.850000000000001,3.51,41.98,2.0,1.0,0.0,0.0
2026-05-07,Email/SMS,Flow - Post Purchase Winback,154.10000000000002,36.08,23.75,5.37,0.0,3.0,0.0,0.0,0.0
2026-05-07,Email/SMS,Flow - Welcome Series,80.74,22.8,7.2,2.64,0.0,1.0,0.0,0.0,0.0
2026-05-07,Google Ads,PMax - Skincare Prospecting,183.32999999999998,42.38,33.97,6.52,62.95,4.0,2.0,68.96,195.85
2026-05-07,Google Ads,Search - Brand,98.1,31.36,7.16,3.14,0.0,1.0,1.0,11.77,116.58
2026-05-07,Google Ads,Search - Nonbrand Skincare,264.35,70.18,32.34,8.87,0.0,4.0,1.0,83.44,325.47
2026-05-07,Google Ads,Shopping - Bestsellers,218.41000000000003,56.84,23.55,7.23,0.0,3.0,3.0,51.34,271.09
2026-05-07,Meta Ads,Prospecting - Broad,178.58,56.9,25.53,6.08,53.56,3.0,3.0,115.82,290.62
2026-05-07,Meta Ads,Prospecting - Lookalike 1%,111.4,27.68,15.35,3.83,33.83,2.0,1.0,49.14,132.59
2026-05-07,Meta Ads,Retargeting - Cart Abandon,370.3,120.84,32.52,11.94,0.0,4.0,3.0,85.33,535.03
2026-05-07,Meta Ads,Retargeting - Engaged 30d,51.89,10.5,7.8,1.8,0.0,1.0,1.0,16.65,66.62
2026-05-07,Organic Search,(organic),272.11,73.5,32.39,9.09,0.0,4.0,4.0,0.0,0.0
2026-05-07,Organic Social,(organic social),166.34000000000003,41.480000000000004,23.83,5.72,24.22,3.0,3.0,0.0,0.0
2026-05-07,Unattributed,(not set),52.35,10.5,7.5,1.82,0.0,1.0,1.0,0.0,0.0
2026-05-08,Direct,(direct),442.77000000000004,118.12,46.31999999999999,14.63,0.0,6.0,4.0,0.0,0.0
2026-05-08,Email/SMS,Campaign - Monthly Newsletter,106.27,38.0,8.83,3.38,0.0,1.0,0.0,0.0,0.0
2026-05-08,Email/SMS,Flow - Abandoned Cart,132.63,34.800000000000004,23.999999999999996,4.74,0.0,3.0,0.0,0.0,0.0
2026-05-08,Email/SMS,Flow - Post Purchase Winback,148.89,42.88,16.5,4.92,0.0,2.0,0.0,0.0,0.0
2026-05-08,Email/SMS,Flow - Welcome Series,142.45999999999998,44.32000000000001,22.57,5.04,0.0,3.0,0.0,0.0,0.0
2026-05-08,Google Ads,PMax - Skincare Prospecting,179.5,49.28,17.17,5.81,0.0,2.0,2.0,65.56,214.79
2026-05-08,Google Ads,Search - Brand,220.73000000000002,60.42,22.46,7.3,109.8,3.0,3.0,22.32,253.68
2026-05-08,Google Ads,Search - Nonbrand Skincare,245.26000000000002,58.2,30.75,8.309999999999999,0.0,4.0,4.0,99.67,290.51
2026-05-08,Google Ads,Shopping - Bestsellers,354.33,152.0,8.12,10.58,0.0,1.0,0.0,117.31,411.21
2026-05-08,Meta Ads,Prospecting - Broad,317.59999999999997,81.6,42.32,10.7,54.95,5.0,4.0,192.8,438.33
2026-05-08,Meta Ads,Prospecting - Lookalike 1%,157.3,41.86,18.46,5.16,112.0,2.0,2.0,82.77,190.56
2026-05-08,Meta Ads,Retargeting - Cart Abandon,0.0,0.0,0.0,0.0,0.0,0.0,0.0,17.37,10.68
2026-05-08,Meta Ads,Retargeting - Engaged 30d,290.72,79.44,40.64,9.94,0.0,5.0,4.0,108.63,408.78
2026-05-08,Organic Search,(organic),337.15000000000003,82.66000000000001,49.63999999999999,11.58,0.0,6.0,4.0,0.0,0.0
2026-05-08,Organic Social,(organic social),59.93000000000001,19.2,7.93,2.04,0.0,1.0,0.0,0.0,0.0
2026-05-08,Unattributed,(not set),47.53,11.4,6.91,1.68,0.0,1.0,1.0,0.0,0.0
2026-05-09,Direct,(direct),438.47999999999996,113.39999999999999,56.690000000000005,14.81,0.0,7.0,4.0,0.0,0.0
2026-05-09,Email/SMS,Campaign - Monthly Newsletter,285.19,83.6,42.589999999999996,9.76,0.0,5.0,0.0,0.0,0.0
2026-05-09,Email/SMS,Flow - Welcome Series,253.51999999999998,61.2,25.11,8.25,0.0,3.0,0.0,0.0,0.0
2026-05-09,Google Ads,PMax - Skincare Prospecting,123.38,29.7,15.75,4.18,0.0,2.0,2.0,41.17,131.0
2026-05-09,Google Ads,Search - Brand,165.32000000000002,38.48,24.17,5.6899999999999995,0.0,3.0,3.0,15.39,176.27
2026-05-09,Google Ads,Search - Nonbrand Skincare,119.18,28.200000000000003,22.0,4.359999999999999,0.0,3.0,3.0,44.12,126.38
2026-05-09,Google Ads,Shopping - Bestsellers,179.75,51.16,25.04,6.12,0.0,3.0,2.0,55.13,235.61
2026-05-09,Meta Ads,Prospecting - Broad,53.43000000000001,10.5,8.32,1.85,0.0,1.0,0.0,40.69,74.3
2026-05-09,Meta Ads,Prospecting - Lookalike 1%,74.95,16.8,16.03,2.7800000000000002,0.0,2.0,2.0,27.12,105.07
2026-05-09,Meta Ads,Retargeting - Cart Abandon,155.65,39.9,22.28,5.41,0.0,3.0,3.0,33.26,206.44
2026-05-09,Meta Ads,Retargeting - Engaged 30d,0.0,0.0,0.0,0.0,0.0,0.0,0.0,19.18,19.66
2026-05-09,Organic Search,(organic),707.33,232.67999999999998,54.220000000000006,22.62,0.0,7.0,5.0,0.0,0.0
2026-05-09,Organic Social,(organic social),437.89000000000004,128.6,54.39999999999999,14.8,0.0,7.0,6.0,0.0,0.0
2026-05-09,Unattributed,(not set),72.5,17.1,16.59,2.7,0.0,2.0,2.0,0.0,0.0
2026-05-10,Direct,(direct),310.04999999999995,79.28,41.12,10.489999999999998,0.0,5.0,2.0,0.0,0.0
2026-05-10,Email/SMS,Campaign - Monthly Newsletter,161.9,37.28,23.080000000000002,5.59,0.0,3.0,0.0,0.0,0.0
2026-05-10,Email/SMS,Flow - Abandoned Cart,83.5,18.9,15.09,3.02,0.0,2.0,0.0,0.0,0.0
2026-05-10,Email/SMS,Flow - Post Purchase Winback,243.28,64.8,29.75,8.25,38.07,4.0,0.0,0.0,0.0
2026-05-10,Email/SMS,Flow - Welcome Series,96.0,24.0,8.28,3.08,0.0,1.0,0.0,0.0,0.0
2026-05-10,Google Ads,PMax - Skincare Prospecting,244.74,91.68,14.86,7.7,0.0,2.0,2.0,84.33,281.96
2026-05-10,Google Ads,Search - Brand,209.33,76.0,8.31,6.37,0.0,1.0,0.0,17.08,252.4
2026-05-10,Google Ads,Search - Nonbrand Skincare,663.34,230.28,37.45,20.73,0.0,5.0,4.0,184.57,694.9
2026-05-10,Google Ads,Shopping - Bestsellers,106.66,38.0,8.22,3.39,106.66,1.0,0.0,35.01,110.66
2026-05-10,Meta Ads,Prospecting - Broad,241.53000000000003,60.839999999999996,39.71,8.5,0.0,5.0,4.0,170.91,327.15
2026-05-10,Meta Ads,Prospecting - Lookalike 1%,150.38,38.56,18.450000000000003,4.96,119.43,2.0,2.0,77.43,186.16
2026-05-10,Meta Ads,Retargeting - Cart Abandon,181.63,45.76,25.72,6.17,0.0,3.0,3.0,31.89,235.35
2026-05-10,Meta Ads,Retargeting - Engaged 30d,104.36000000000001,26.4,15.030000000000001,3.63,0.0,2.0,2.0,29.24,161.76
2026-05-10,Organic Search,(organic),179.73000000000002,49.8,24.61,6.109999999999999,0.0,3.0,1.0,0.0,0.0
2026-05-10,Organic Social,(organic social),412.01,116.75999999999999,49.22,13.750000000000002,0.0,6.0,5.0,0.0,0.0
2026-05-10,Unattributed,(not set),62.95,15.68,7.49,2.13,0.0,1.0,1.0,0.0,0.0
2026-05-11,Direct,(direct),389.21,97.58,49.67999999999999,13.08,0.0,6.0,1.0,0.0,0.0
2026-05-11,Email/SMS,Campaign - Monthly Newsletter,211.38,52.5,17.05,6.7299999999999995,0.0,2.0,1.0,0.0,0.0
2026-05-11,Email/SMS,Flow - Abandoned Cart,110.91,33.28,14.850000000000001,3.8200000000000003,53.28,2.0,0.0,0.0,0.0
2026-05-11,Email/SMS,Flow - Post Purchase Winback,178.07,54.16,18.3,5.76,102.07,2.0,0.0,0.0,0.0
2026-05-11,Email/SMS,Flow - Welcome Series,532.95,166.12,31.18,16.65,0.0,4.0,0.0,0.0,0.0
2026-05-11,Google Ads,PMax - Skincare Prospecting,61.9,14.4,16.37,2.4,0.0,2.0,1.0,27.6,73.29
2026-05-11,Google Ads,Search - Brand,100.79,27.6,15.47,3.5300000000000002,0.0,2.0,2.0,9.71,123.19
2026-05-11,Google Ads,Search - Nonbrand Skincare,256.24,90.48,24.21,8.34,0.0,3.0,3.0,88.85,285.78
2026-05-11,Google Ads,Shopping - Bestsellers,230.99,67.4,25.310000000000002,7.59,0.0,3.0,3.0,73.99,244.99
2026-05-11,Meta Ads,Prospecting - Broad,31.64,6.6,8.16,1.22,0.0,1.0,1.0,22.89,41.86
2026-05-11,Meta Ads,Prospecting - Lookalike 1%,125.70000000000002,27.68,16.42,4.25,0.0,2.0,1.0,50.91,172.23
2026-05-11,Meta Ads,Retargeting - Cart Abandon,101.74,24.0,7.33,3.25,0.0,1.0,0.0,21.83,131.27
2026-05-11,Meta Ads,Retargeting - Engaged 30d,76.0,22.8,7.27,2.5,0.0,1.0,0.0,31.41,89.7
2026-05-11,Organic Search,(organic),133.76000000000002,33.0,24.25,4.779999999999999,0.0,3.0,2.0,0.0,0.0
2026-05-11,Organic Social,(organic social),295.38,87.82,30.990000000000002,9.77,0.0,4.0,3.0,0.0,0.0
2026-05-12,Direct,(direct),581.7800000000001,176.04,64.34,19.26,19.48,8.0,2.0,0.0,0.0
2026-05-12,Email/SMS,Campaign - Monthly Newsletter,53.400000000000006,10.5,8.87,1.85,0.0,1.0,0.0,0.0,0.0
2026-05-12,Email/SMS,Flow - Abandoned Cart,28.44,7.2,7.92,1.12,0.0,1.0,0.0,0.0,0.0
2026-05-12,Email/SMS,Flow - Post Purchase Winback,204.95,48.0,8.88,6.24,0.0,1.0,0.0,0.0,0.0
2026-05-12,Email/SMS,Flow - Welcome Series,409.89,106.18,32.29,13.09,0.0,4.0,0.0,0.0,0.0
2026-05-12,Google Ads,PMax - Skincare Prospecting,118.69,32.32,15.16,4.05,0.0,2.0,2.0,63.02,150.76
2026-05-12,Google Ads,Search - Brand,262.21,73.96000000000001,25.02,8.5,0.0,3.0,2.0,27.19,294.54
2026-05-12,Google Ads,Search - Nonbrand Skincare,205.16,54.24,24.58,6.85,0.0,3.0,3.0,86.7,248.82
2026-05-12,Google Ads,Shopping - Bestsellers,89.9,22.799999999999997,15.84,3.21,0.0,2.0,2.0,23.65,105.88
2026-05-12,Meta Ads,Prospecting - Broad,88.99000000000001,22.28,16.85,3.18,0.0,2.0,2.0,57.93,106.65
2026-05-12,Meta Ads,Prospecting - Lookalike 1%,125.9,32.480000000000004,14.43,4.26,0.0,2.0,2.0,52.67,187.0
2026-05-12,Meta Ads,Retargeting - Cart Abandon,0.0,0.0,0.0,0.0,0.0,0.0,0.0,16.13,11.12
2026-05-12,Meta Ads,Retargeting - Engaged 30d,50.95,13.2,7.63,1.78,0.0,1.0,1.0,21.61,68.36
2026-05-12,Organic Search,(organic),592.9499999999999,197.0,58.629999999999995,19.29,0.0,7.0,5.0,0.0,0.0
2026-05-12,Organic Social,(organic social),344.78,110.88,24.419999999999995,10.89,0.0,3.0,3.0,0.0,0.0
2026-05-12,Unattributed,(not set),209.65,48.0,9.7,6.38,0.0,1.0,1.0,0.0,0.0
2026-05-13,Direct,(direct),341.04999999999995,101.0,46.49,11.69,58.59,6.0,3.0,0.0,0.0
2026-05-13,Email/SMS,Campaign - Monthly Newsletter,32.83,7.2,7.05,1.25,0.0,1.0,0.0,0.0,0.0
2026-05-13,Email/SMS,Flow - Post Purchase Winback,210.5,47.7,32.24,7.300000000000001,53.14,4.0,0.0,0.0,0.0
2026-05-13,Email/SMS,Flow - Welcome Series,38.47,11.4,8.18,1.42,0.0,1.0,0.0,0.0,0.0
2026-05-13,Google Ads,PMax - Skincare Prospecting,50.95,12.0,6.93,1.78,0.0,1.0,0.0,21.73,65.01
2026-05-13,Google Ads,Search - Brand,209.95999999999998,65.0,21.84,7.0,0.0,3.0,3.0,22.31,224.98
2026-05-13,Google Ads,Search - Nonbrand Skincare,95.78,24.6,17.02,3.37,0.0,2.0,2.0,31.51,116.09
2026-05-13,Google Ads,Shopping - Bestsellers,207.5,53.86,33.05,7.220000000000001,0.0,4.0,4.0,58.1,256.77
2026-05-13,Meta Ads,Prospecting - Broad,271.32,76.36,32.269999999999996,9.07,0.0,4.0,4.0,174.92,369.7
2026-05-13,Meta Ads,Prospecting - Lookalike 1%,196.0,76.0,9.06,5.98,0.0,1.0,1.0,91.61,268.61
2026-05-13,Meta Ads,Retargeting - Cart Abandon,108.06,25.28,17.299999999999997,3.7300000000000004,0.0,2.0,2.0,21.19,132.7
2026-05-13,Meta Ads,Retargeting - Engaged 30d,0.0,0.0,0.0,0.0,0.0,0.0,0.0,18.5,11.15
2026-05-13,Organic Search,(organic),1129.58,383.09999999999997,59.599999999999994,34.839999999999996,0.0,7.0,3.0,0.0,0.0
2026-05-13,Organic Social,(organic social),354.31,95.03999999999999,29.21,11.47,0.0,4.0,3.0,0.0,0.0
2026-05-13,Unattributed,(not set),79.73,20.1,16.42,2.91,0.0,2.0,1.0,0.0,0.0
2026-05-14,Direct,(direct),422.46999999999997,122.32,48.50999999999999,14.06,0.0,6.0,1.0,0.0,0.0
2026-05-14,Email/SMS,Flow - Abandoned Cart,237.13,65.12,24.729999999999997,7.77,0.0,3.0,1.0,0.0,0.0
2026-05-14,Email/SMS,Flow - Post Purchase Winback,299.52,87.8,32.59,9.89,0.0,4.0,1.0,0.0,0.0
2026-05-14,Email/SMS,Flow - Welcome Series,180.72000000000003,50.1,22.3,6.14,83.77000000000001,3.0,0.0,0.0,0.0
2026-05-14,Google Ads,PMax - Skincare Prospecting,31.53,6.6,7.11,1.21,0.0,1.0,1.0,14.44,34.29
2026-05-14,Google Ads,Search - Brand,276.52,67.8,40.42999999999999,9.51,0.0,5.0,4.0,31.8,326.31
2026-05-14,Google Ads,Search - Nonbrand Skincare,125.98,34.2,15.51,4.25,0.0,2.0,1.0,40.37,131.97
2026-05-14,Google Ads,Shopping - Bestsellers,288.20000000000005,92.2,31.14,9.55,54.95,4.0,3.0,95.44,307.1
2026-05-14,Meta Ads,Prospecting - Broad,163.43,52.96,17.22,5.34,68.17,2.0,1.0,101.79,254.3
2026-05-14,Meta Ads,Prospecting - Lookalike 1%,48.95,10.5,7.56,1.72,0.0,1.0,1.0,18.4,67.75
2026-05-14,Meta Ads,Retargeting - Cart Abandon,419.67999999999995,117.68,39.58,13.67,137.95,5.0,3.0,77.54,527.66
2026-05-14,Meta Ads,Retargeting - Engaged 30d,62.95,15.68,8.44,2.13,0.0,1.0,1.0,17.06,83.57
2026-05-14,Organic Search,(organic),362.46999999999997,116.2,38.39,12.02,0.0,5.0,4.0,0.0,0.0
2026-05-14,Organic Social,(organic social),101.32,24.0,7.66,3.24,0.0,1.0,0.0,0.0,0.0
2026-05-15,Direct,(direct),871.57,286.0,69.32,27.970000000000002,186.62,9.0,2.0,0.0,0.0
2026-05-15,Email/SMS,Flow - Post Purchase Winback,155.42000000000002,40.879999999999995,24.65,5.41,0.0,3.0,0.0,0.0,0.0
2026-05-15,Email/SMS,Flow - Welcome Series,477.68,178.18,34.35,15.06,0.0,4.0,0.0,0.0,0.0
2026-05-15,Google Ads,PMax - Skincare Prospecting,124.44999999999999,30.0,23.12,4.51,0.0,3.0,3.0,56.46,140.7
2026-05-15,Google Ads,Search - Brand,69.9,16.8,16.18,2.63,0.0,2.0,2.0,14.59,79.1
2026-05-15,Google Ads,Search - Nonbrand Skincare,189.84,54.88,15.83,6.109999999999999,0.0,2.0,1.0,57.26,231.46
2026-05-15,Google Ads,Shopping - Bestsellers,163.24,48.0,16.17,5.33,87.63,2.0,1.0,39.46,182.72
2026-05-15,Meta Ads,Prospecting - Broad,166.31,48.0,8.44,5.12,0.0,1.0,1.0,89.1,258.24
2026-05-15,Meta Ads,Prospecting - Lookalike 1%,98.0,38.0,7.74,3.14,0.0,1.0,1.0,53.51,117.13
2026-05-15,Meta Ads,Retargeting - Cart Abandon,91.21,21.0,8.76,2.95,0.0,1.0,1.0,19.34,134.01
2026-05-15,Meta Ads,Retargeting - Engaged 30d,306.28,82.06,50.79,10.69,179.84,6.0,5.0,112.05,475.64
2026-05-15,Organic Search,(organic),417.37,122.08000000000001,53.53,14.2,0.0,7.0,6.0,0.0,0.0
2026-05-15,Organic Social,(organic social),97.59,25.04,15.309999999999999,3.43,0.0,2.0,2.0,0.0,0.0
2026-05-15,Unattributed,(not set),123.27000000000001,29.7,16.939999999999998,4.18,26.16,2.0,2.0,0.0,0.0
2026-05-16,Direct,(direct),463.28,140.24,65.96000000000001,15.84,147.86,8.0,1.0,0.0,0.0
2026-05-16,Email/SMS,Campaign - Monthly Newsletter,63.910000000000004,15.600000000000001,15.74,2.45,0.0,2.0,0.0,0.0,0.0
2026-05-16,Email/SMS,Flow - Abandoned Cart,241.32,60.300000000000004,44.01,8.5,0.0,5.0,0.0,0.0,0.0
2026-05-16,Email/SMS,Flow - Welcome Series,267.11,102.4,24.05,8.64,0.0,3.0,0.0,0.0,0.0
2026-05-16,Google Ads,PMax - Skincare Prospecting,0.0,0.0,0.0,0.0,0.0,0.0,0.0,8.98,5.42
2026-05-16,Google Ads,Search - Brand,51.03,16.64,7.34,1.78,0.0,1.0,0.0,12.11,67.71
2026-05-16,Google Ads,Search - Nonbrand Skincare,98.0,38.0,8.32,3.14,0.0,1.0,0.0,31.72,110.35
2026-05-16,Google Ads,Shopping - Bestsellers,58.95,16.64,8.5,2.01,0.0,1.0,1.0,14.81,62.11
2026-05-16,Meta Ads,Prospecting - Broad,181.63,47.84,23.8,6.17,0.0,3.0,3.0,93.76,278.43
2026-05-16,Meta Ads,Prospecting - Lookalike 1%,131.16000000000003,36.0,16.04,4.41,0.0,2.0,2.0,47.35,192.61
2026-05-16,Meta Ads,Retargeting - Cart Abandon,84.43,17.7,16.91,3.05,0.0,2.0,1.0,13.36,114.0
2026-05-16,Meta Ads,Retargeting - Engaged 30d,26.81,6.6,7.24,1.08,0.0,1.0,0.0,11.99,34.94
2026-05-16,Organic Search,(organic),766.5700000000002,199.79999999999998,93.86,25.53,0.0,11.0,7.0,0.0,0.0
2026-05-16,Organic Social,(organic social),402.03,95.56,47.49,13.459999999999999,43.5,6.0,3.0,0.0,0.0
2026-05-16,Unattributed,(not set),114.15,36.0,17.09,3.9099999999999997,0.0,2.0,2.0,0.0,0.0
2026-05-17,Direct,(direct),393.98999999999995,113.2,41.0,12.92,0.0,5.0,2.0,0.0,0.0
2026-05-17,Email/SMS,Campaign - Monthly Newsletter,220.0,63.68,15.559999999999999,6.98,0.0,2.0,0.0,0.0,0.0
2026-05-17,Email/SMS,Flow - Abandoned Cart,26.59,6.6,9.06,1.07,0.0,1.0,0.0,0.0,0.0
2026-05-17,Email/SMS,Flow - Post Purchase Winback,30.95,7.2,8.24,1.2,0.0,1.0,0.0,0.0,0.0
2026-05-17,Email/SMS,Flow - Welcome Series,367.12,121.6,31.77,11.84,0.0,4.0,0.0,0.0,0.0
2026-05-17,Google Ads,PMax - Skincare Prospecting,267.44000000000005,67.44,40.28,9.26,0.0,5.0,3.0,88.09,291.38
2026-05-17,Google Ads,Search - Brand,48.580000000000005,11.4,9.17,1.71,0.0,1.0,1.0,12.04,56.95
2026-05-17,Google Ads,Search - Nonbrand Skincare,306.88,122.0,6.91,9.2,0.0,1.0,1.0,93.21,354.94
2026-05-17,Google Ads,Shopping - Bestsellers,181.51,46.28,23.880000000000003,6.16,0.0,3.0,2.0,44.82,224.56
2026-05-17,Meta Ads,Prospecting - Broad,500.6,157.68,40.42,16.02,0.0,5.0,4.0,316.47,722.6
2026-05-17,Meta Ads,Prospecting - Lookalike 1%,0.0,0.0,0.0,0.0,0.0,0.0,0.0,18.18,16.82
2026-05-17,Meta Ads,Retargeting - Cart Abandon,381.14,132.07999999999998,24.12,11.950000000000001,0.0,3.0,1.0,77.94,494.22
2026-05-17,Meta Ads,Retargeting - Engaged 30d,164.91000000000003,40.660000000000004,22.05,5.68,0.0,3.0,3.0,42.28,200.1
2026-05-17,Organic Search,(organic),254.84999999999997,69.88000000000001,33.11,8.59,95.9,4.0,1.0,0.0,0.0
2026-05-17,Organic Social,(organic social),321.68,85.28,47.02,11.14,0.0,6.0,4.0,0.0,0.0
2026-05-17,Unattributed,(not set),223.7,61.28,15.85,7.09,0.0,2.0,2.0,0.0,0.0
2026-05-18,Direct,(direct),573.27,151.24,63.620000000000005,19.03,120.72,8.0,3.0,0.0,0.0
2026-05-18,Email/SMS,Campaign - Monthly Newsletter,282.51,68.24000000000001,31.560000000000002,9.39,0.0,4.0,0.0,0.0,0.0
2026-05-18,Email/SMS,Flow - Abandoned Cart,80.43,22.8,9.14,2.63,0.0,1.0,0.0,0.0,0.0
2026-05-18,Email/SMS,Flow - Post Purchase Winback,62.95,15.68,9.32,2.13,0.0,1.0,0.0,0.0,0.0
2026-05-18,Email/SMS,Flow - Welcome Series,216.24,75.4,14.33,6.87,0.0,2.0,0.0,0.0,0.0
2026-05-18,Google Ads,PMax - Skincare Prospecting,30.95,7.2,8.75,1.2,0.0,1.0,1.0,13.07,35.57
2026-05-18,Google Ads,Search - Brand,54.88,15.68,7.01,1.89,0.0,1.0,1.0,9.94,73.65
2026-05-18,Google Ads,Search - Nonbrand Skincare,80.05,24.0,7.63,2.62,0.0,1.0,0.0,36.75,114.04
2026-05-18,Google Ads,Shopping - Bestsellers,58.5,12.0,8.42,2.0,0.0,1.0,1.0,16.2,68.59
2026-05-18,Meta Ads,Prospecting - Broad,242.72,63.68,22.629999999999995,7.93,0.0,3.0,2.0,162.55,373.24
2026-05-18,Meta Ads,Prospecting - Lookalike 1%,162.8,45.6,8.03,5.02,0.0,1.0,1.0,91.73,236.27
2026-05-18,Meta Ads,Retargeting - Cart Abandon,85.04,18.9,14.45,3.06,0.0,2.0,1.0,13.37,116.87
2026-05-18,Meta Ads,Retargeting - Engaged 30d,133.9,34.879999999999995,16.96,4.49,0.0,2.0,2.0,45.18,180.2
2026-05-18,Organic Search,(organic),642.98,205.93999999999997,55.88,20.74,338.95,7.0,7.0,0.0,0.0
2026-05-18,Organic Social,(organic social),53.300000000000004,10.5,7.79,1.85,0.0,1.0,0.0,0.0,0.0
2026-05-18,Unattributed,(not set),70.84,16.2,16.619999999999997,2.65,0.0,2.0,2.0,0.0,0.0
2026-05-19,Direct,(direct),295.09000000000003,78.66,40.71,10.07,0.0,5.0,2.0,0.0,0.0
2026-05-19,Email/SMS,Campaign - Monthly Newsletter,62.95,15.68,8.84,2.13,0.0,1.0,0.0,0.0,0.0
2026-05-19,Email/SMS,Flow - Abandoned Cart,408.09999999999997,138.86,22.24,12.729999999999999,112.9,3.0,0.0,0.0,0.0
2026-05-19,Email/SMS,Flow - Welcome Series,33.42,7.2,7.67,1.27,0.0,1.0,0.0,0.0,0.0
2026-05-19,Google Ads,PMax - Skincare Prospecting,28.95,6.6,9.29,1.14,0.0,1.0,1.0,12.64,33.3
2026-05-19,Google Ads,Search - Brand,458.95000000000005,163.79999999999998,39.99,14.81,83.73,5.0,5.0,59.13,612.38
2026-05-19,Google Ads,Search - Nonbrand Skincare,41.470000000000006,9.6,7.67,1.5,0.0,1.0,0.0,16.44,47.18
2026-05-19,Google Ads,Shopping - Bestsellers,402.83,120.26,40.7,13.180000000000001,0.0,5.0,5.0,99.53,467.06
2026-05-19,Meta Ads,Prospecting - Broad,349.71000000000004,122.4,18.240000000000002,10.75,0.0,2.0,1.0,231.71,522.68
2026-05-19,Meta Ads,Prospecting - Lookalike 1%,180.20999999999998,71.5,16.13,5.83,0.0,2.0,1.0,69.61,277.76
2026-05-19,Meta Ads,Retargeting - Cart Abandon,96.68,24.08,15.399999999999999,3.41,0.0,2.0,1.0,22.99,133.61
2026-05-19,Meta Ads,Retargeting - Engaged 30d,25.24,6.6,7.29,1.03,0.0,1.0,1.0,18.28,34.28
2026-05-19,Organic Search,(organic),488.98999999999995,135.36,53.529999999999994,16.28,0.0,7.0,2.0,0.0,0.0
2026-05-19,Organic Social,(organic social),702.0400000000001,297.64000000000004,22.72,21.26,0.0,3.0,3.0,0.0,0.0
2026-05-19,Unattributed,(not set),103.9,28.04,16.61,3.61,0.0,2.0,1.0,0.0,0.0
2026-05-20,Direct,(direct),328.01,106.0,32.75,10.71,0.0,4.0,1.0,0.0,0.0
2026-05-20,Email/SMS,Campaign - Monthly Newsletter,175.09,57.2,16.48,5.68,0.0,2.0,0.0,0.0,0.0
2026-05-20,Email/SMS,Flow - Abandoned Cart,48.86000000000001,10.5,9.4,1.72,0.0,1.0,0.0,0.0,0.0
2026-05-20,Email/SMS,Flow - Welcome Series,52.940000000000005,15.68,7.73,1.84,0.0,1.0,0.0,0.0,0.0
2026-05-20,Google Ads,PMax - Skincare Prospecting,158.38,34.879999999999995,24.82,5.5,0.0,3.0,3.0,68.06,169.37
2026-05-20,Google Ads,Search - Brand,148.63,40.2,22.46,5.220000000000001,0.0,3.0,3.0,15.09,155.86
2026-05-20,Google Ads,Search - Nonbrand Skincare,152.95,50.0,16.080000000000002,5.03,0.0,2.0,2.0,54.75,161.47
2026-05-20,Google Ads,Shopping - Bestsellers,142.65,40.8,15.69,4.74,0.0,2.0,2.0,40.02,188.13
2026-05-20,Meta Ads,Prospecting - Broad,173.98000000000002,46.879999999999995,23.93,5.95,0.0,3.0,2.0,96.29,275.03
2026-05-20,Meta Ads,Prospecting - Lookalike 1%,58.95,16.64,8.26,2.01,0.0,1.0,1.0,23.66,70.75
2026-05-20,Meta Ads,Retargeting - Cart Abandon,441.28999999999996,122.74,49.2,14.590000000000002,62.23,6.0,5.0,72.24,665.43
2026-05-20,Meta Ads,Retargeting - Engaged 30d,185.9,43.36,24.6,6.29,0.0,3.0,2.0,55.4,249.58
2026-05-20,Organic Search,(organic),352.51000000000005,99.88000000000001,64.08,12.62,0.0,8.0,5.0,0.0,0.0
2026-05-20,Organic Social,(organic social),113.30000000000001,27.14,16.810000000000002,3.8899999999999997,0.0,2.0,2.0,0.0,0.0
2026-05-20,Unattributed,(not set),38.54,9.6,8.58,1.42,0.0,1.0,0.0,0.0,0.0
2026-05-21,Direct,(direct),309.98,90.2,39.42,10.490000000000002,0.0,5.0,4.0,0.0,0.0
2026-05-21,Email/SMS,Campaign - Monthly Newsletter,108.57000000000001,29.7,16.080000000000002,3.75,0.0,2.0,0.0,0.0,0.0
2026-05-21,Email/SMS,Flow - Abandoned Cart,79.95,26.4,8.33,2.62,0.0,1.0,0.0,0.0,0.0
2026-05-21,Email/SMS,Flow - Post Purchase Winback,153.29000000000002,37.64,24.03,5.35,0.0,3.0,1.0,0.0,0.0
2026-05-21,Email/SMS,Flow - Welcome Series,352.34000000000003,94.16,39.28,11.709999999999999,24.48,5.0,1.0,0.0,0.0
2026-05-21,Google Ads,PMax - Skincare Prospecting,477.01,168.64,17.380000000000003,14.43,0.0,2.0,2.0,225.19,511.42
2026-05-21,Google Ads,Search - Brand,408.1,135.6,23.1,12.74,0.0,3.0,2.0,50.59,495.11
2026-05-21,Google Ads,Search - Nonbrand Skincare,103.82000000000001,28.8,17.23,3.61,48.87,2.0,2.0,35.11,121.28
2026-05-21,Google Ads,Shopping - Bestsellers,83.9,18.6,15.61,3.03,0.0,2.0,2.0,22.55,97.55
2026-05-21,Meta Ads,Prospecting - Broad,42.46,9.6,8.37,1.53,0.0,1.0,1.0,30.17,65.41
2026-05-21,Meta Ads,Prospecting - Lookalike 1%,87.80000000000001,20.4,14.79,3.14,0.0,2.0,2.0,32.22,108.78
2026-05-21,Meta Ads,Retargeting - Cart Abandon,104.67,23.7,15.370000000000001,3.6399999999999997,0.0,2.0,2.0,15.44,144.32
2026-05-21,Meta Ads,Retargeting - Engaged 30d,0.0,0.0,0.0,0.0,0.0,0.0,0.0,16.66,8.61
2026-05-21,Organic Search,(organic),543.09,138.92000000000002,52.96000000000001,17.86,0.0,7.0,5.0,0.0,0.0
2026-05-21,Organic Social,(organic social),275.09000000000003,74.4,34.66,9.18,0.0,4.0,4.0,0.0,0.0
2026-05-21,Unattributed,(not set),140.34,33.6,16.479999999999997,4.67,0.0,2.0,1.0,0.0,0.0
2026-05-22,Direct,(direct),231.59,57.6,32.39,7.91,0.0,4.0,3.0,0.0,0.0
2026-05-22,Email/SMS,Campaign - Monthly Newsletter,357.9,91.28,50.220000000000006,12.19,0.0,6.0,0.0,0.0,0.0
2026-05-22,Email/SMS,Flow - Abandoned Cart,281.51,83.04,33.97,9.370000000000001,59.46,4.0,0.0,0.0,0.0
2026-05-22,Email/SMS,Flow - Welcome Series,637.61,200.78,67.67,20.88,122.34,8.0,1.0,0.0,0.0
2026-05-22,Google Ads,PMax - Skincare Prospecting,0.0,0.0,0.0,0.0,0.0,0.0,0.0,13.46,13.27
2026-05-22,Google Ads,Search - Brand,142.95,38.56,14.19,4.75,112.0,2.0,2.0,19.42,157.61
2026-05-22,Google Ads,Search - Nonbrand Skincare,38.11,8.4,7.44,1.41,0.0,1.0,1.0,14.03,40.31
2026-05-22,Google Ads,Shopping - Bestsellers,82.16,22.8,7.43,2.68,0.0,1.0,1.0,21.48,90.43
2026-05-22,Meta Ads,Prospecting - Broad,327.01,108.4,28.69,10.67,20.56,4.0,4.0,170.71,481.25
2026-05-22,Meta Ads,Prospecting - Lookalike 1%,113.9,28.88,15.52,3.91,25.48,2.0,1.0,51.08,147.48
2026-05-22,Meta Ads,Retargeting - Cart Abandon,83.48,20.48,16.25,3.02,0.0,2.0,1.0,16.01,115.81
2026-05-22,Meta Ads,Retargeting - Engaged 30d,466.37,143.96,48.580000000000005,15.32,0.0,6.0,3.0,167.58,715.54
2026-05-22,Organic Search,(organic),183.11,45.38,33.08,6.5200000000000005,0.0,4.0,2.0,0.0,0.0
2026-05-22,Organic Social,(organic social),199.95,73.0,14.850000000000001,6.39,0.0,2.0,2.0,0.0,0.0
2026-05-23,Direct,(direct),330.95,89.24,41.910000000000004,11.09,24.48,5.0,1.0,0.0,0.0
2026-05-23,Email/SMS,Campaign - Monthly Newsletter,331.88,82.88000000000001,30.22,10.830000000000002,0.0,4.0,2.0,0.0,0.0
2026-05-23,Email/SMS,Flow - Abandoned Cart,160.75,44.7,23.11,5.550000000000001,0.0,3.0,0.0,0.0,0.0
2026-05-23,Email/SMS,Flow - Post Purchase Winback,208.02,53.92,33.57,7.23,63.09,4.0,0.0,0.0,0.0
2026-05-23,Email/SMS,Flow - Welcome Series,144.0,36.0,7.4,4.48,0.0,1.0,0.0,0.0,0.0
2026-05-23,Google Ads,PMax - Skincare Prospecting,259.95,89.2,22.47,8.44,0.0,3.0,2.0,83.2,273.68
2026-05-23,Google Ads,Search - Brand,64.95,19.2,7.37,2.18,64.95,1.0,1.0,11.29,76.6
2026-05-23,Google Ads,Search - Nonbrand Skincare,150.95,42.08,16.060000000000002,4.98,0.0,2.0,1.0,46.33,168.29
2026-05-23,Google Ads,Shopping - Bestsellers,153.70000000000002,34.5,17.21,5.0600000000000005,0.0,2.0,1.0,44.68,163.52
2026-05-23,Meta Ads,Prospecting - Broad,139.17000000000002,33.74,24.190000000000005,4.9399999999999995,0.0,3.0,2.0,94.27,178.68
2026-05-23,Meta Ads,Prospecting - Lookalike 1%,54.95,12.0,8.04,1.89,0.0,1.0,0.0,30.15,80.72
2026-05-23,Meta Ads,Retargeting - Cart Abandon,255.81,62.1,41.49,8.92,32.96,5.0,5.0,42.72,368.06
2026-05-23,Meta Ads,Retargeting - Engaged 30d,133.9,34.879999999999995,14.48,4.49,62.95,2.0,1.0,39.0,188.95
2026-05-23,Organic Search,(organic),819.6700000000001,233.48,64.00999999999999,26.16,245.19,8.0,8.0,0.0,0.0
2026-05-23,Organic Social,(organic social),193.82,49.96,24.85,6.529999999999999,0.0,3.0,2.0,0.0,0.0
2026-05-23,Unattributed,(not set),302.82,78.4,14.87,9.39,239.87,2.0,0.0,0.0,0.0
2026-05-24,Direct,(direct),662.4200000000001,204.24,56.220000000000006,21.31,0.0,7.0,3.0,0.0,0.0
2026-05-24,Email/SMS,Campaign - Monthly Newsletter,38.95,9.6,8.02,1.43,0.0,1.0,0.0,0.0,0.0
2026-05-24,Email/SMS,Flow - Abandoned Cart,164.81,42.0,34.63999999999999,5.9799999999999995,0.0,4.0,1.0,0.0,0.0
2026-05-24,Email/SMS,Flow - Post Purchase Winback,233.34000000000003,59.480000000000004,25.02,7.67,57.19,3.0,0.0,0.0,0.0
2026-05-24,Email/SMS,Flow - Welcome Series,138.19,32.480000000000004,23.37,4.8999999999999995,0.0,3.0,0.0,0.0,0.0
2026-05-24,Google Ads,PMax - Skincare Prospecting,51.730000000000004,10.5,8.45,1.8,0.0,1.0,1.0,16.26,62.07
2026-05-24,Google Ads,Search - Brand,28.95,6.6,7.36,1.14,0.0,1.0,1.0,11.64,30.72
2026-05-24,Google Ads,Search - Nonbrand Skincare,0.0,0.0,0.0,0.0,0.0,0.0,0.0,11.54,5.23
2026-05-24,Google Ads,Shopping - Bestsellers,103.45,27.14,16.84,3.5999999999999996,0.0,2.0,2.0,30.58,128.71
2026-05-24,Meta Ads,Prospecting - Broad,259.21,91.6,31.490000000000002,8.709999999999999,33.79,4.0,4.0,198.98,396.51
2026-05-24,Meta Ads,Prospecting - Lookalike 1%,537.52,132.74,47.89,17.38,0.0,6.0,6.0,263.97,827.56
2026-05-24,Meta Ads,Retargeting - Cart Abandon,210.17000000000002,50.48,30.65,7.29,0.0,4.0,2.0,43.79,322.04
2026-05-24,Meta Ads,Retargeting - Engaged 30d,0.0,0.0,0.0,0.0,0.0,0.0,0.0,17.93,8.74
2026-05-24,Organic Search,(organic),225.93,51.080000000000005,39.8,8.05,24.48,5.0,4.0,0.0,0.0
2026-05-24,Organic Social,(organic social),267.5,68.1,38.6,9.26,0.0,5.0,4.0,0.0,0.0
2026-05-25,Direct,(direct),300.25,72.46000000000001,38.62,10.200000000000001,67.76,5.0,2.0,0.0,0.0
2026-05-25,Email/SMS,Campaign - Monthly Newsletter,111.9,26.18,16.05,3.8499999999999996,0.0,2.0,0.0,0.0,0.0
2026-05-25,Email/SMS,Flow - Abandoned Cart,34.6,8.4,7.26,1.3,0.0,1.0,0.0,0.0,0.0
2026-05-25,Email/SMS,Flow - Post Purchase Winback,54.95,12.0,7.94,1.89,0.0,1.0,0.0,0.0,0.0
2026-05-25,Email/SMS,Flow - Welcome Series,26.25,7.2,7.45,1.06,0.0,1.0,1.0,0.0,0.0
2026-05-25,Google Ads,PMax - Skincare Prospecting,0.0,0.0,0.0,0.0,0.0,0.0,0.0,9.73,3.91
2026-05-25,Google Ads,Search - Brand,101.57,21.6,17.490000000000002,3.54,0.0,2.0,2.0,11.83,105.54
2026-05-25,Google Ads,Search - Nonbrand Skincare,108.2,27.68,18.049999999999997,3.73,0.0,2.0,2.0,47.19,133.9
2026-05-25,Google Ads,Shopping - Bestsellers,34.95,8.4,8.94,1.31,0.0,1.0,1.0,9.31,38.11
2026-05-25,Meta Ads,Prospecting - Broad,385.96999999999997,96.76,37.0,12.69,0.0,5.0,5.0,176.9,505.23
2026-05-25,Meta Ads,Prospecting - Lookalike 1%,112.30000000000001,30.08,14.129999999999999,3.8600000000000003,0.0,2.0,1.0,54.0,170.91
2026-05-25,Meta Ads,Retargeting - Cart Abandon,0.0,0.0,0.0,0.0,0.0,0.0,0.0,12.09,13.3
2026-05-25,Meta Ads,Retargeting - Engaged 30d,415.32,135.9,24.61,12.95,0.0,3.0,1.0,180.04,542.6
2026-05-25,Organic Search,(organic),280.98999999999995,72.0,48.81,9.950000000000001,0.0,6.0,4.0,0.0,0.0
2026-05-25,Organic Social,(organic social),431.64,136.38,38.49,14.02,0.0,5.0,5.0,0.0,0.0
2026-05-25,Unattributed,(not set),134.85,38.56,15.58,4.51,0.0,2.0,1.0,0.0,0.0
2026-05-26,Direct,(direct),341.85,79.66,46.95,11.71,0.0,6.0,0.0,0.0,0.0
2026-05-26,Email/SMS,Campaign - Monthly Newsletter,210.74,58.32,23.6,7.01,34.95,3.0,1.0,0.0,0.0
2026-05-26,Email/SMS,Flow - Abandoned Cart,101.78,28.8,8.08,3.25,0.0,1.0,0.0,0.0,0.0
2026-05-26,Email/SMS,Flow - Post Purchase Winback,98.84,25.04,16.46,3.46,0.0,2.0,1.0,0.0,0.0
2026-05-26,Email/SMS,Flow - Welcome Series,61.84,13.8,16.68,2.3899999999999997,0.0,2.0,0.0,0.0,0.0
2026-05-26,Google Ads,PMax - Skincare Prospecting,427.53000000000003,140.4,23.61,13.3,0.0,3.0,2.0,167.92,504.15
2026-05-26,Google Ads,Search - Brand,185.7,61.32,15.73,5.98,140.75,2.0,1.0,23.55,214.18
2026-05-26,Google Ads,Search - Nonbrand Skincare,145.0,61.0,8.03,4.5,0.0,1.0,1.0,35.42,160.57
2026-05-26,Google Ads,Shopping - Bestsellers,103.64000000000001,23.4,14.97,3.5999999999999996,0.0,2.0,1.0,22.65,115.03
2026-05-26,Meta Ads,Prospecting - Broad,297.65999999999997,73.2,24.37,9.530000000000001,96.0,3.0,2.0,187.83,460.47
2026-05-26,Meta Ads,Prospecting - Lookalike 1%,0.0,0.0,0.0,0.0,0.0,0.0,0.0,16.79,13.04
2026-05-26,Meta Ads,Retargeting - Cart Abandon,135.10999999999999,45.2,17.82,4.52,0.0,2.0,1.0,29.69,191.27
2026-05-26,Meta Ads,Retargeting - Engaged 30d,422.45,116.4,47.68,14.06,134.95,6.0,2.0,122.36,664.9
2026-05-26,Organic Search,(organic),744.69,259.2,40.18,23.09,40.73,5.0,2.0,0.0,0.0
2026-05-26,Organic Social,(organic social),91.15,20.1,16.21,3.24,0.0,2.0,2.0,0.0,0.0
2026-05-26,Unattributed,(not set),30.95,7.2,6.58,1.2,0.0,1.0,1.0,0.0,0.0
2026-05-27,Direct,(direct),424.32000000000005,108.08,72.81,15.0,44.95,9.0,1.0,0.0,0.0
2026-05-27,Email/SMS,Campaign - Monthly Newsletter,270.3,64.74000000000001,31.21,9.04,0.0,4.0,1.0,0.0,0.0
2026-05-27,Email/SMS,Flow - Abandoned Cart,184.49999999999997,59.52,17.12,5.95,0.0,2.0,0.0,0.0,0.0
2026-05-27,Email/SMS,Flow - Post Purchase Winback,38.95,9.6,8.07,1.43,0.0,1.0,0.0,0.0,0.0
2026-05-27,Google Ads,PMax - Skincare Prospecting,237.14000000000004,73.2,23.560000000000002,7.779999999999999,0.0,3.0,3.0,125.7,305.01
2026-05-27,Google Ads,Search - Brand,290.0,122.0,8.62,8.71,0.0,1.0,1.0,23.76,347.45
2026-05-27,Google Ads,Search - Nonbrand Skincare,326.3,96.0,32.66,10.66,23.67,4.0,3.0,93.86,422.92
2026-05-27,Google Ads,Shopping - Bestsellers,201.59999999999997,54.0,26.0,6.75,0.0,3.0,2.0,47.58,220.77
2026-05-27,Meta Ads,Prospecting - Broad,63.89,16.64,8.79,2.15,0.0,1.0,1.0,29.9,91.24
2026-05-27,Meta Ads,Prospecting - Lookalike 1%,228.86,61.8,23.89,7.539999999999999,0.0,3.0,3.0,96.62,298.56
2026-05-27,Meta Ads,Retargeting - Cart Abandon,143.66000000000003,42.0,15.12,4.77,0.0,2.0,2.0,37.03,189.73
2026-05-27,Meta Ads,Retargeting - Engaged 30d,125.54,29.78,22.79,4.54,0.0,3.0,2.0,38.59,187.11
2026-05-27,Organic Search,(organic),386.0,150.8,16.59,11.790000000000001,0.0,2.0,1.0,0.0,0.0
2026-05-27,Organic Social,(organic social),189.75,50.18,24.96,6.3999999999999995,47.77,3.0,2.0,0.0,0.0
2026-05-27,Unattributed,(not set),104.92,38.0,7.71,3.34,0.0,1.0,1.0,0.0,0.0
2026-05-28,Direct,(direct),211.8,49.28,35.64,7.65,0.0,5.0,2.0,0.0,0.0
2026-05-28,Email/SMS,Campaign - Monthly Newsletter,90.4,21.0,7.24,2.92,0.0,1.0,0.0,0.0,0.0
2026-05-28,Email/SMS,Flow - Abandoned Cart,158.4,38.18,24.41,5.5,0.0,3.0,1.0,0.0,0.0
2026-05-28,Email/SMS,Flow - Post Purchase Winback,43.35,11.4,8.35,1.56,0.0,1.0,0.0,0.0,0.0
2026-05-28,Email/SMS,Flow - Welcome Series,470.07,162.5,16.689999999999998,14.23,0.0,2.0,0.0,0.0,0.0
2026-05-28,Google Ads,PMax - Skincare Prospecting,93.03,24.6,18.72,3.3,0.0,2.0,1.0,50.88,105.5
2026-05-28,Google Ads,Search - Brand,213.78000000000003,58.72,29.66,7.4,0.0,4.0,4.0,24.11,261.57
2026-05-28,Google Ads,Search - Nonbrand Skincare,48.56,11.4,8.2,1.71,0.0,1.0,1.0,18.15,57.38
2026-05-28,Google Ads,Shopping - Bestsellers,43.75,10.88,7.18,1.57,0.0,1.0,0.0,13.51,48.75
2026-05-28,Meta Ads,Prospecting - Broad,166.72,42.6,25.28,5.73,0.0,3.0,3.0,115.87,221.51
2026-05-28,Meta Ads,Prospecting - Lookalike 1%,0.0,0.0,0.0,0.0,0.0,0.0,0.0,15.29,16.81
2026-05-28,Meta Ads,Retargeting - Cart Abandon,98.35,26.560000000000002,13.739999999999998,3.46,0.0,2.0,1.0,23.42,150.91
2026-05-28,Meta Ads,Retargeting - Engaged 30d,297.68,82.28,24.410000000000004,9.54,0.0,3.0,3.0,117.16,456.07
2026-05-28,Organic Search,(organic),688.6,205.38,69.78,22.68,0.0,9.0,6.0,0.0,0.0
2026-05-28,Organic Social,(organic social),425.51000000000005,138.24,46.72,14.149999999999999,0.0,6.0,3.0,0.0,0.0
2026-05-29,Direct,(direct),647.5200000000001,156.38,81.03999999999999,21.770000000000003,0.0,10.0,7.0,0.0,0.0
2026-05-29,Email/SMS,Campaign - Monthly Newsletter,136.13,38.4,8.59,4.25,0.0,1.0,0.0,0.0,0.0
2026-05-29,Email/SMS,Flow - Abandoned Cart,115.80000000000001,28.8,25.21,4.26,0.0,3.0,0.0,0.0,0.0
2026-05-29,Email/SMS,Flow - Post Purchase Winback,378.76,101.88000000000001,39.74,12.48,0.0,5.0,0.0,0.0,0.0
2026-05-29,Email/SMS,Flow - Welcome Series,126.0,31.5,9.26,3.95,0.0,1.0,0.0,0.0,0.0
2026-05-29,Google Ads,PMax - Skincare Prospecting,0.0,0.0,0.0,0.0,0.0,0.0,0.0,9.98,5.55
2026-05-29,Google Ads,Search - Brand,126.77000000000001,33.0,24.37,4.57,0.0,3.0,3.0,16.82,152.42
2026-05-29,Google Ads,Search - Nonbrand Skincare,96.68,21.6,17.240000000000002,3.4,0.0,2.0,2.0,31.82,115.23
2026-05-29,Google Ads,Shopping - Bestsellers,180.15,42.0,7.21,5.52,0.0,1.0,1.0,51.79,206.35
2026-05-29,Meta Ads,Prospecting - Broad,130.95,32.32,15.91,4.4,0.0,2.0,2.0,86.49,198.15
2026-05-29,Meta Ads,Prospecting - Lookalike 1%,196.95,48.6,17.11,6.31,0.0,2.0,2.0,74.88,279.59
2026-05-29,Meta Ads,Retargeting - Cart Abandon,73.51,16.8,17.259999999999998,2.73,42.56,2.0,2.0,19.25,93.83
2026-05-29,Meta Ads,Retargeting - Engaged 30d,255.95000000000002,73.03999999999999,39.739999999999995,8.920000000000002,0.0,5.0,4.0,82.31,368.39
2026-05-29,Organic Search,(organic),409.42999999999995,110.56,43.57,13.379999999999997,0.0,5.0,3.0,0.0,0.0
2026-05-29,Organic Social,(organic social),63.370000000000005,19.2,8.01,2.14,0.0,1.0,0.0,0.0,0.0
2026-05-29,Unattributed,(not set),317.65,95.96,22.439999999999998,10.11,0.0,3.0,3.0,0.0,0.0
2026-05-30,Direct,(direct),428.11,116.08,65.53,14.82,0.0,8.0,2.0,0.0,0.0
2026-05-30,Email/SMS,Flow - Abandoned Cart,150.59,45.6,15.05,4.96,0.0,2.0,1.0,0.0,0.0
2026-05-30,Email/SMS,Flow - Post Purchase Winback,249.18,84.4,14.280000000000001,7.83,212.28,2.0,0.0,0.0,0.0
2026-05-30,Email/SMS,Flow - Welcome Series,267.63,86.0,16.68,8.36,49.0,2.0,0.0,0.0,0.0
2026-05-30,Google Ads,PMax - Skincare Prospecting,57.17,13.8,15.09,2.26,0.0,2.0,2.0,23.81,65.98
2026-05-30,Google Ads,Search - Brand,193.38000000000002,45.38,33.41,6.8100000000000005,0.0,4.0,3.0,19.1,246.57
2026-05-30,Google Ads,Search - Nonbrand Skincare,54.95,12.0,8.17,1.89,54.95,1.0,1.0,22.43,57.97
2026-05-30,Google Ads,Shopping - Bestsellers,292.62,92.16,24.72,9.38,0.0,3.0,3.0,67.78,323.07
2026-05-30,Meta Ads,Prospecting - Broad,30.95,7.2,6.81,1.2,0.0,1.0,0.0,20.33,47.94
2026-05-30,Meta Ads,Prospecting - Lookalike 1%,415.23,100.36,23.52,12.930000000000001,0.0,3.0,2.0,154.05,548.72
2026-05-30,Meta Ads,Retargeting - Cart Abandon,62.95,15.68,7.76,2.13,0.0,1.0,0.0,14.96,81.59
2026-05-30,Meta Ads,Retargeting - Engaged 30d,133.54000000000002,30.6,25.93,4.76,0.0,3.0,2.0,53.73,180.12
2026-05-30,Organic Search,(organic),569.49,173.34,64.57,18.91,0.0,8.0,3.0,0.0,0.0
2026-05-30,Organic Social,(organic social),488.35,131.20000000000002,72.72,16.86,0.0,9.0,9.0,0.0,0.0
2026-05-31,Direct,(direct),694.97,226.68,63.43,22.55,0.0,8.0,4.0,0.0,0.0
2026-05-31,Email/SMS,Campaign - Monthly Newsletter,150.21,53.68,16.45,4.96,0.0,2.0,0.0,0.0,0.0
2026-05-31,Email/SMS,Flow - Abandoned Cart,176.96,45.3,23.770000000000003,6.04,0.0,3.0,0.0,0.0,0.0
2026-05-31,Email/SMS,Flow - Post Purchase Winback,34.95,8.4,7.7,1.31,34.95,1.0,0.0,0.0,0.0
2026-05-31,Email/SMS,Flow - Welcome Series,28.95,6.6,7.67,1.14,0.0,1.0,0.0,0.0,0.0
2026-05-31,Google Ads,PMax - Skincare Prospecting,266.0,85.03999999999999,15.02,8.31,0.0,2.0,1.0,85.06,302.13
2026-05-31,Google Ads,Search - Brand,648.3000000000001,225.2,46.87,20.589999999999996,0.0,6.0,5.0,71.08,795.51
2026-05-31,Google Ads,Search - Nonbrand Skincare,180.69,46.96,21.909999999999997,6.14,0.0,3.0,3.0,72.03,218.82
2026-05-31,Google Ads,Shopping - Bestsellers,154.94,37.8,22.93,5.3999999999999995,0.0,3.0,3.0,51.4,192.13
2026-05-31,Meta Ads,Prospecting - Broad,0.0,0.0,0.0,0.0,0.0,0.0,0.0,12.66,6.33
2026-05-31,Meta Ads,Prospecting - Lookalike 1%,384.29,97.22,21.55,12.040000000000001,0.0,3.0,3.0,186.41,584.45
2026-05-31,Meta Ads,Retargeting - Cart Abandon,412.03999999999996,109.52,25.230000000000004,12.84,0.0,3.0,3.0,69.77,534.8
2026-05-31,Meta Ads,Retargeting - Engaged 30d,234.51,64.2,26.589999999999996,7.7,0.0,3.0,1.0,102.79,350.42
2026-05-31,Organic Search,(organic),480.88,157.5,58.5,16.04,0.0,7.0,4.0,0.0,0.0
2026-05-31,Organic Social,(organic social),119.57000000000001,26.18,14.45,4.07,0.0,2.0,2.0,0.0,0.0
2026-06-01,Direct,(direct),310.54,81.08,47.190000000000005,10.809999999999999,0.0,6.0,2.0,0.0,0.0
2026-06-01,Email/SMS,Campaign - Monthly Newsletter,61.080000000000005,15.68,6.66,2.07,0.0,1.0,0.0,0.0,0.0
2026-06-01,Email/SMS,Flow - Abandoned Cart,53.57,12.0,8.4,1.85,0.0,1.0,0.0,0.0,0.0
2026-06-01,Email/SMS,Flow - Post Purchase Winback,48.95,10.5,8.77,1.72,0.0,1.0,0.0,0.0,0.0
2026-06-01,Email/SMS,Flow - Welcome Series,120.95,28.2,22.94,4.3999999999999995,0.0,3.0,0.0,0.0,0.0
2026-06-01,Google Ads,PMax - Skincare Prospecting,41.57,9.6,7.45,1.51,0.0,1.0,1.0,14.9,49.11
2026-06-01,Google Ads,Search - Brand,0.0,0.0,0.0,0.0,0.0,0.0,0.0,12.64,9.93
2026-06-01,Google Ads,Search - Nonbrand Skincare,411.72,122.16,39.24,13.440000000000001,76.0,5.0,4.0,130.5,453.88
2026-06-01,Google Ads,Shopping - Bestsellers,183.89999999999998,59.6,25.67,6.23,0.0,3.0,3.0,58.49,223.07
2026-06-01,Meta Ads,Prospecting - Broad,89.72,33.28,7.55,2.9,0.0,1.0,0.0,79.39,143.48
2026-06-01,Meta Ads,Prospecting - Lookalike 1%,280.99,129.2,16.740000000000002,8.75,0.0,2.0,1.0,153.55,383.7
2026-06-01,Meta Ads,Retargeting - Cart Abandon,223.04999999999998,59.400000000000006,26.07,7.369999999999999,0.0,3.0,1.0,50.09,280.46
2026-06-01,Meta Ads,Retargeting - Engaged 30d,167.14,45.28,16.46,5.4399999999999995,0.0,2.0,1.0,48.63,213.92
2026-06-01,Organic Search,(organic),216.92000000000002,55.06,33.11,7.4799999999999995,0.0,4.0,3.0,0.0,0.0
2026-06-02,Direct,(direct),460.88,152.86,40.79,14.86,0.0,5.0,2.0,0.0,0.0
2026-06-02,Email/SMS,Campaign - Monthly Newsletter,52.21,10.5,6.5,1.81,0.0,1.0,0.0,0.0,0.0
2026-06-02,Email/SMS,Flow - Abandoned Cart,188.91000000000003,53.64,25.21,6.38,23.84,3.0,0.0,0.0,0.0
2026-06-02,Email/SMS,Flow - Welcome Series,187.95,44.1,23.77,6.35,0.0,3.0,0.0,0.0,0.0
2026-06-02,Google Ads,PMax - Skincare Prospecting,53.02,10.5,7.04,1.84,0.0,1.0,0.0,16.21,58.28
2026-06-02,Google Ads,Search - Brand,67.7,15.600000000000001,17.17,2.56,32.75,2.0,2.0,10.97,80.83
2026-06-02,Google Ads,Search - Nonbrand Skincare,37.1,8.4,8.28,1.38,0.0,1.0,1.0,10.66,42.07
2026-06-02,Google Ads,Shopping - Bestsellers,285.04,69.53999999999999,32.41,9.459999999999999,0.0,4.0,4.0,74.79,310.4
2026-06-02,Meta Ads,Prospecting - Broad,62.17999999999999,15.0,16.25,2.4,0.0,2.0,2.0,34.08,87.86
2026-06-02,Meta Ads,Prospecting - Lookalike 1%,48.760000000000005,11.4,9.76,1.71,0.0,1.0,1.0,19.15,62.4
2026-06-02,Meta Ads,Retargeting - Cart Abandon,96.75,22.88,15.34,3.41,0.0,2.0,2.0,13.98,138.83
2026-06-02,Meta Ads,Retargeting - Engaged 30d,152.68,35.4,15.36,5.029999999999999,104.74,2.0,2.0,63.43,229.16
2026-06-02,Organic Search,(organic),328.34,108.1,41.47,11.02,0.0,5.0,4.0,0.0,0.0
2026-06-02,Organic Social,(organic social),210.29000000000002,51.46,22.96,7.0,0.0,3.0,3.0,0.0,0.0
2026-06-02,Unattributed,(not set),54.95,12.0,8.45,1.89,0.0,1.0,0.0,0.0,0.0
2026-06-03,Direct,(direct),365.26,104.86,41.5,12.090000000000002,51.78,5.0,1.0,0.0,0.0
2026-06-03,Email/SMS,Campaign - Monthly Newsletter,520.53,138.92000000000002,56.52,17.19,167.46,7.0,0.0,0.0,0.0
2026-06-03,Email/SMS,Flow - Abandoned Cart,49.800000000000004,13.2,7.01,1.74,0.0,1.0,1.0,0.0,0.0
2026-06-03,Email/SMS,Flow - Post Purchase Winback,30.95,7.2,6.93,1.2,0.0,1.0,0.0,0.0,0.0
2026-06-03,Email/SMS,Flow - Welcome Series,154.18,61.0,8.65,4.77,0.0,1.0,0.0,0.0,0.0
2026-06-03,Google Ads,PMax - Skincare Prospecting,58.290000000000006,12.0,7.01,1.99,0.0,1.0,0.0,22.88,66.46
2026-06-03,Google Ads,Search - Brand,94.96,38.0,8.97,3.05,0.0,1.0,1.0,10.46,125.48
2026-06-03,Google Ads,Search - Nonbrand Skincare,84.0,21.0,7.55,2.74,0.0,1.0,1.0,21.88,98.31
2026-06-03,Google Ads,Shopping - Bestsellers,135.11,34.88,24.8,4.83,106.92,3.0,3.0,49.11,153.39
2026-06-03,Meta Ads,Prospecting - Broad,117.9,27.68,15.76,4.02,62.95,2.0,1.0,63.23,179.37
2026-06-03,Meta Ads,Prospecting - Lookalike 1%,0.0,0.0,0.0,0.0,0.0,0.0,0.0,12.7,10.74
2026-06-03,Meta Ads,Retargeting - Cart Abandon,130.4,30.6,15.82,4.38,0.0,2.0,1.0,21.6,184.79
2026-06-03,Meta Ads,Retargeting - Engaged 30d,93.9,21.9,14.89,3.3200000000000003,0.0,2.0,2.0,25.77,115.19
2026-06-03,Organic Search,(organic),556.89,142.88,63.730000000000004,18.56,0.0,8.0,6.0,0.0,0.0
2026-06-03,Organic Social,(organic social),48.95,10.5,7.7,1.72,0.0,1.0,0.0,0.0,0.0
2026-06-03,Unattributed,(not set),196.0,76.0,8.76,5.98,0.0,1.0,1.0,0.0,0.0
2026-06-04,Direct,(direct),472.41,116.17999999999999,56.28999999999999,15.81,0.0,7.0,2.0,0.0,0.0
2026-06-04,Email/SMS,Campaign - Monthly Newsletter,37.550000000000004,8.4,7.04,1.39,0.0,1.0,0.0,0.0,0.0
2026-06-04,Email/SMS,Flow - Abandoned Cart,38.07,10.88,7.78,1.4,0.0,1.0,0.0,0.0,0.0
2026-06-04,Email/SMS,Flow - Post Purchase Winback,108.23,31.04,16.04,3.74,0.0,2.0,0.0,0.0,0.0
2026-06-04,Email/SMS,Flow - Welcome Series,116.77,33.6,15.49,3.99,0.0,2.0,1.0,0.0,0.0
2026-06-04,Google Ads,PMax - Skincare Prospecting,58.25,12.0,7.41,1.99,0.0,1.0,1.0,23.46,66.05
2026-06-04,Google Ads,Search - Brand,134.7,31.5,8.33,4.21,0.0,1.0,1.0,12.95,164.29
2026-06-04,Google Ads,Search - Nonbrand Skincare,34.28,9.6,8.88,1.29,0.0,1.0,1.0,10.19,42.04
2026-06-04,Google Ads,Shopping - Bestsellers,153.70000000000002,38.480000000000004,31.28,5.66,0.0,4.0,4.0,36.16,183.28
2026-06-04,Meta Ads,Prospecting - Broad,191.49,52.2,33.78999999999999,6.74,76.0,4.0,3.0,101.77,286.23
2026-06-04,Meta Ads,Prospecting - Lookalike 1%,177.37,42.6,25.3,6.04,0.0,3.0,1.0,92.3,218.13
2026-06-04,Meta Ads,Retargeting - Cart Abandon,297.22999999999996,90.8,35.08,9.82,105.08,4.0,4.0,51.69,390.16
2026-06-04,Meta Ads,Retargeting - Engaged 30d,58.95,16.64,8.0,2.01,0.0,1.0,1.0,21.82,77.24
2026-06-04,Organic Search,(organic),324.15999999999997,78.60000000000001,32.4,10.6,166.34,4.0,4.0,0.0,0.0
2026-06-04,Organic Social,(organic social),117.92000000000002,24.0,14.51,4.02,0.0,2.0,1.0,0.0,0.0
2026-06-05,Direct,(direct),391.18,137.16,30.98,12.54,0.0,4.0,1.0,0.0,0.0
2026-06-05,Email/SMS,Flow - Abandoned Cart,317.88,84.68,30.48,10.419999999999998,36.87,4.0,0.0,0.0,0.0
2026-06-05,Email/SMS,Flow - Post Purchase Winback,131.55,31.880000000000003,24.92,4.71,0.0,3.0,0.0,0.0,0.0
2026-06-05,Email/SMS,Flow - Welcome Series,92.63000000000001,21.9,14.52,3.29,0.0,2.0,1.0,0.0,0.0
2026-06-05,Google Ads,PMax - Skincare Prospecting,164.3,43.14,24.28,5.66,40.95,3.0,3.0,69.0,174.59
2026-06-05,Google Ads,Search - Brand,0.0,0.0,0.0,0.0,0.0,0.0,0.0,10.53,8.21
2026-06-05,Google Ads,Search - Nonbrand Skincare,249.89999999999998,61.2,23.25,8.15,0.0,3.0,2.0,102.27,270.64
2026-06-05,Google Ads,Shopping - Bestsellers,175.44,39.08,25.14,5.99,0.0,3.0,2.0,49.25,200.86
2026-06-05,Meta Ads,Prospecting - Broad,69.06,18.0,16.41,2.6100000000000003,36.76,2.0,2.0,43.59,117.05
2026-06-05,Meta Ads,Prospecting - Lookalike 1%,176.77,42.76,24.36,6.029999999999999,0.0,3.0,3.0,63.67,270.66
2026-06-05,Meta Ads,Retargeting - Cart Abandon,0.0,0.0,0.0,0.0,0.0,0.0,0.0,17.61,9.72
2026-06-05,Meta Ads,Retargeting - Engaged 30d,0.0,0.0,0.0,0.0,0.0,0.0,0.0,12.79,9.07
2026-06-05,Organic Search,(organic),346.74,93.52000000000001,49.63999999999999,11.870000000000001,0.0,6.0,5.0,0.0,0.0
2026-06-05,Organic Social,(organic social),109.96000000000001,28.64,14.690000000000001,3.79,0.0,2.0,1.0,0.0,0.0
2026-06-05,Unattributed,(not set),439.32000000000005,137.96,43.230000000000004,14.24,0.0,5.0,3.0,0.0,0.0
2026-06-06,Direct,(direct),555.1200000000001,142.74,54.269999999999996,18.18,32.93,7.0,3.0,0.0,0.0
2026-06-06,Email/SMS,Campaign - Monthly Newsletter,58.980000000000004,12.0,8.78,2.01,0.0,1.0,0.0,0.0,0.0
2026-06-06,Email/SMS,Flow - Abandoned Cart,119.79,31.36,16.939999999999998,4.08,0.0,2.0,0.0,0.0,0.0
2026-06-06,Email/SMS,Flow - Post Purchase Winback,44.95,11.4,8.64,1.6,0.0,1.0,0.0,0.0,0.0
2026-06-06,Google Ads,PMax - Skincare Prospecting,277.96,83.6,33.50000000000001,9.26,0.0,4.0,3.0,103.83,337.6
2026-06-06,Google Ads,Search - Brand,27.759999999999998,7.2,8.23,1.11,0.0,1.0,1.0,9.26,31.91
2026-06-06,Google Ads,Search - Nonbrand Skincare,190.06,42.0,33.64,6.71,0.0,4.0,2.0,76.48,212.67
2026-06-06,Google Ads,Shopping - Bestsellers,209.41000000000003,55.56,33.0,7.27,0.0,4.0,3.0,66.64,224.1
2026-06-06,Meta Ads,Prospecting - Broad,0.0,0.0,0.0,0.0,0.0,0.0,0.0,12.2,6.98
2026-06-06,Meta Ads,Prospecting - Lookalike 1%,156.25,61.0,7.79,4.83,0.0,1.0,1.0,84.67,213.23
2026-06-06,Meta Ads,Retargeting - Cart Abandon,475.40000000000003,135.64,58.089999999999996,15.889999999999999,0.0,7.0,6.0,99.96,569.59
2026-06-06,Meta Ads,Retargeting - Engaged 30d,33.64,7.2,8.39,1.28,0.0,1.0,1.0,13.77,48.43
2026-06-06,Organic Search,(organic),459.9,114.52000000000001,67.58,16.02,58.44,9.0,5.0,0.0,0.0
2026-06-06,Organic Social,(organic social),29.14,7.2,6.7,1.15,14.57,1.0,1.0,0.0,0.0
2026-06-07,Direct,(direct),399.05,115.92000000000002,48.410000000000004,13.37,52.79,6.0,2.0,0.0,0.0
2026-06-07,Email/SMS,Campaign - Monthly Newsletter,70.95,19.2,8.07,2.36,70.95,1.0,0.0,0.0,0.0
2026-06-07,Email/SMS,Flow - Post Purchase Winback,155.25,61.0,7.19,4.8,0.0,1.0,1.0,0.0,0.0
2026-06-07,Email/SMS,Flow - Welcome Series,97.35000000000001,21.6,15.370000000000001,3.42,0.0,2.0,0.0,0.0,0.0
2026-06-07,Google Ads,PMax - Skincare Prospecting,318.02,75.08,41.00000000000001,10.72,59.44,5.0,4.0,125.03,377.34
2026-06-07,Google Ads,Search - Brand,0.0,0.0,0.0,0.0,0.0,0.0,0.0,12.75,12.13
2026-06-07,Google Ads,Search - Nonbrand Skincare,0.0,0.0,0.0,0.0,0.0,0.0,0.0,10.23,7.61
2026-06-07,Google Ads,Shopping - Bestsellers,176.05,42.08,34.78,6.3100000000000005,40.95,4.0,3.0,50.3,221.25
2026-06-07,Meta Ads,Prospecting - Broad,280.0,97.0,18.13,8.72,0.0,2.0,1.0,133.68,359.52
2026-06-07,Meta Ads,Prospecting - Lookalike 1%,217.07999999999998,51.980000000000004,31.35,7.49,0.0,4.0,4.0,120.27,299.13
2026-06-07,Meta Ads,Retargeting - Cart Abandon,400.82,118.08,46.36,13.43,0.0,6.0,5.0,70.92,496.28
2026-06-07,Meta Ads,Retargeting - Engaged 30d,40.95,10.88,8.6,1.49,0.0,1.0,1.0,15.57,57.96
2026-06-07,Organic Search,(organic),286.15999999999997,67.28,47.82,10.09,0.0,6.0,4.0,0.0,0.0
2026-06-07,Organic Social,(organic social),52.17,10.5,8.03,1.81,0.0,1.0,1.0,0.0,0.0
2026-06-07,Unattributed,(not set),80.56,18.9,18.28,2.93,0.0,2.0,2.0,0.0,0.0
2026-06-08,Direct,(direct),357.08,93.62,30.810000000000002,11.56,23.04,4.0,3.0,0.0,0.0
2026-06-08,Email/SMS,Campaign - Monthly Newsletter,153.91000000000003,38.92,23.49,5.37,0.0,3.0,1.0,0.0,0.0
2026-06-08,Email/SMS,Flow - Abandoned Cart,73.01,21.76,9.27,2.42,36.51,1.0,1.0,0.0,0.0
2026-06-08,Email/SMS,Flow - Post Purchase Winback,535.55,209.4,22.39,16.43,54.95,3.0,0.0,0.0,0.0
2026-06-08,Email/SMS,Flow - Welcome Series,37.49,11.4,7.78,1.39,0.0,1.0,0.0,0.0,0.0
2026-06-08,Google Ads,PMax - Skincare Prospecting,198.73000000000002,53.400000000000006,23.71,6.67,0.0,3.0,3.0,104.92,233.61
2026-06-08,Google Ads,Search - Brand,0.0,0.0,0.0,0.0,0.0,0.0,0.0,11.34,7.85
2026-06-08,Google Ads,Search - Nonbrand Skincare,129.11,30.980000000000004,25.93,4.65,35.44,3.0,2.0,49.54,152.75
2026-06-08,Google Ads,Shopping - Bestsellers,321.32,99.84,24.27,10.22,0.0,3.0,2.0,86.87,357.86
2026-06-08,Meta Ads,Prospecting - Broad,73.9,18.0,14.4,2.74,0.0,2.0,2.0,40.49,108.74
2026-06-08,Meta Ads,Prospecting - Lookalike 1%,28.95,6.6,7.84,1.14,0.0,1.0,0.0,15.47,38.87
2026-06-08,Meta Ads,Retargeting - Cart Abandon,62.970000000000006,16.8,7.44,2.13,0.0,1.0,0.0,13.21,91.59
2026-06-08,Meta Ads,Retargeting - Engaged 30d,0.0,0.0,0.0,0.0,0.0,0.0,0.0,18.5,11.16
2026-06-08,Organic Search,(organic),284.68,66.6,42.59,9.74,0.0,5.0,3.0,0.0,0.0
2026-06-08,Organic Social,(organic social),70.95,19.2,7.34,2.36,0.0,1.0,1.0,0.0,0.0
2026-06-08,Unattributed,(not set),102.17,22.88,16.1,3.56,33.39,2.0,0.0,0.0,0.0
2026-06-09,Direct,(direct),478.42,158.3,50.45,15.67,0.0,6.0,3.0,0.0,0.0
2026-06-09,Email/SMS,Campaign - Monthly Newsletter,230.19,55.8,32.22,7.88,0.0,4.0,0.0,0.0,0.0
2026-06-09,Email/SMS,Flow - Abandoned Cart,114.17000000000002,27.68,16.79,3.91,0.0,2.0,1.0,0.0,0.0
2026-06-09,Email/SMS,Flow - Post Purchase Winback,54.95,12.0,7.26,1.89,0.0,1.0,0.0,0.0,0.0
2026-06-09,Email/SMS,Flow - Welcome Series,90.24000000000001,18.9,14.78,3.21,0.0,2.0,0.0,0.0,0.0
2026-06-09,Google Ads,PMax - Skincare Prospecting,30.599999999999998,8.4,8.05,1.19,0.0,1.0,1.0,16.47,41.23
2026-06-09,Google Ads,Search - Brand,59.92,12.0,9.19,2.04,0.0,1.0,1.0,9.88,64.6
2026-06-09,Google Ads,Search - Nonbrand Skincare,0.0,0.0,0.0,0.0,0.0,0.0,0.0,11.87,12.96
2026-06-09,Google Ads,Shopping - Bestsellers,83.9,18.6,18.0,3.03,0.0,2.0,1.0,27.84,86.67
2026-06-09,Meta Ads,Prospecting - Broad,0.0,0.0,0.0,0.0,0.0,0.0,0.0,19.15,15.99
2026-06-09,Meta Ads,Prospecting - Lookalike 1%,58.14,12.0,7.03,1.99,0.0,1.0,1.0,28.16,79.99
2026-06-09,Meta Ads,Retargeting - Cart Abandon,342.95,124.5,17.32,10.55,0.0,2.0,1.0,48.42,505.09
2026-06-09,Meta Ads,Retargeting - Engaged 30d,0.0,0.0,0.0,0.0,0.0,0.0,0.0,13.91,13.41
2026-06-09,Organic Search,(organic),728.0300000000001,203.32,79.2,24.11,0.0,10.0,8.0,0.0,0.0
2026-06-09,Organic Social,(organic social),272.98,63.9,23.439999999999998,8.81,0.0,3.0,3.0,0.0,0.0
2026-06-09,Unattributed,(not set),98.0,38.0,8.45,3.14,49.0,1.0,1.0,0.0,0.0
2026-06-10,Direct,(direct),92.63,24.08,16.06,3.29,0.0,2.0,1.0,0.0,0.0
2026-06-10,Email/SMS,Campaign - Monthly Newsletter,352.25,93.53999999999999,41.22,11.719999999999999,0.0,5.0,0.0,0.0,0.0
2026-06-10,Email/SMS,Flow - Post Purchase Winback,82.45,22.8,9.24,2.69,0.0,1.0,0.0,0.0,0.0
2026-06-10,Email/SMS,Flow - Welcome Series,48.95,10.5,9.4,1.72,0.0,1.0,0.0,0.0,0.0
2026-06-10,Google Ads,PMax - Skincare Prospecting,209.97,59.1,25.189999999999998,6.99,30.04,3.0,3.0,70.93,239.53
2026-06-10,Google Ads,Search - Brand,28.95,6.6,8.27,1.14,0.0,1.0,1.0,11.94,31.46
2026-06-10,Google Ads,Search - Nonbrand Skincare,240.08999999999997,64.48,25.0,7.859999999999999,0.0,3.0,0.0,66.12,258.34
2026-06-10,Google Ads,Shopping - Bestsellers,372.7,95.94,30.68,12.02,0.0,4.0,4.0,107.09,426.54
2026-06-10,Meta Ads,Prospecting - Broad,115.02000000000001,27.3,16.38,3.94,0.0,2.0,1.0,70.5,176.76
2026-06-10,Meta Ads,Prospecting - Lookalike 1%,112.48,28.799999999999997,15.799999999999999,3.86,0.0,2.0,0.0,38.87,165.17
2026-06-10,Meta Ads,Retargeting - Cart Abandon,195.37,55.04,22.619999999999997,6.5600000000000005,50.03,3.0,2.0,39.11,281.68
2026-06-10,Meta Ads,Retargeting - Engaged 30d,172.95,51.84,18.200000000000003,5.619999999999999,0.0,2.0,1.0,73.58,204.48
2026-06-10,Organic Search,(organic),603.8000000000001,205.04,39.129999999999995,19.019999999999996,0.0,5.0,4.0,0.0,0.0
2026-06-10,Organic Social,(organic social),67.82000000000001,15.68,6.65,2.27,33.91,1.0,1.0,0.0,0.0
2026-06-10,Unattributed,(not set),86.41,20.1,15.75,3.1100000000000003,0.0,2.0,2.0,0.0,0.0
2026-06-11,Direct,(direct),341.74000000000007,73.2,56.330000000000005,12.01,0.0,7.0,2.0,0.0,0.0
2026-06-11,Email/SMS,Campaign - Monthly Newsletter,161.94,45.0,15.52,5.300000000000001,0.0,2.0,0.0,0.0,0.0
2026-06-11,Email/SMS,Flow - Abandoned Cart,152.68,44.7,16.119999999999997,5.03,0.0,2.0,1.0,0.0,0.0
2026-06-11,Email/SMS,Flow - Post Purchase Winback,44.95,11.4,8.91,1.6,0.0,1.0,0.0,0.0,0.0
2026-06-11,Email/SMS,Flow - Welcome Series,41.46,10.5,7.94,1.5,0.0,1.0,0.0,0.0,0.0
2026-06-11,Google Ads,PMax - Skincare Prospecting,69.9,16.8,16.96,2.63,0.0,2.0,1.0,24.83,79.08
2026-06-11,Google Ads,Search - Brand,424.09999999999997,144.0,30.68,13.5,30.95,4.0,2.0,46.82,463.57
2026-06-11,Google Ads,Search - Nonbrand Skincare,222.95,61.44,17.52,7.06,0.0,2.0,2.0,70.57,260.55
2026-06-11,Google Ads,Shopping - Bestsellers,113.22,30.0,15.74,3.8899999999999997,0.0,2.0,2.0,26.26,125.0
2026-06-11,Meta Ads,Prospecting - Broad,266.89,60.0,14.66,8.34,0.0,2.0,1.0,167.44,362.41
2026-06-11,Meta Ads,Prospecting - Lookalike 1%,110.93,26.1,25.03,4.12,0.0,3.0,3.0,55.46,148.75
2026-06-11,Meta Ads,Retargeting - Cart Abandon,311.87,101.88,33.41,10.259999999999998,94.91,4.0,4.0,59.95,487.46
2026-06-11,Meta Ads,Retargeting - Engaged 30d,60.02,14.4,8.16,2.04,0.0,1.0,1.0,24.14,93.02
2026-06-11,Organic Search,(organic),263.85,92.8,24.04,8.55,0.0,3.0,2.0,0.0,0.0
2026-06-11,Organic Social,(organic social),63.2,16.64,8.85,2.13,0.0,1.0,1.0,0.0,0.0
2026-06-11,Unattributed,(not set),59.93000000000001,12.0,7.68,2.04,0.0,1.0,1.0,0.0,0.0
2026-06-12,Direct,(direct),439.8999999999999,104.1,48.989999999999995,14.56,38.95,6.0,2.0,0.0,0.0
2026-06-12,Email/SMS,Flow - Abandoned Cart,59.519999999999996,13.8,15.09,2.33,28.95,2.0,0.0,0.0,0.0
2026-06-12,Email/SMS,Flow - Post Purchase Winback,70.16,16.2,16.549999999999997,2.6399999999999997,0.0,2.0,0.0,0.0,0.0
2026-06-12,Email/SMS,Flow - Welcome Series,244.04000000000002,87.4,15.82,7.67,0.0,2.0,0.0,0.0,0.0
2026-06-12,Google Ads,PMax - Skincare Prospecting,84.71000000000001,17.1,15.25,3.06,0.0,2.0,2.0,40.51,92.43
2026-06-12,Google Ads,Search - Brand,315.3,103.47999999999999,35.34,10.350000000000001,0.0,4.0,2.0,43.78,370.89
2026-06-12,Google Ads,Search - Nonbrand Skincare,117.9,27.68,16.060000000000002,4.02,0.0,2.0,2.0,42.29,126.55
2026-06-12,Google Ads,Shopping - Bestsellers,0.0,0.0,0.0,0.0,0.0,0.0,0.0,9.68,4.31
2026-06-12,Meta Ads,Prospecting - Broad,30.95,7.2,9.22,1.2,0.0,1.0,1.0,23.37,38.73
2026-06-12,Meta Ads,Prospecting - Lookalike 1%,63.160000000000004,16.8,16.08,2.4299999999999997,29.93,2.0,1.0,30.0,100.49
2026-06-12,Meta Ads,Retargeting - Cart Abandon,59.93000000000001,12.0,9.05,2.04,0.0,1.0,0.0,19.04,92.09
2026-06-12,Meta Ads,Retargeting - Engaged 30d,233.72999999999996,58.580000000000005,33.28,7.9799999999999995,0.0,4.0,2.0,74.35,330.76
2026-06-12,Organic Search,(organic),577.4,136.95999999999998,74.14999999999999,19.750000000000004,84.12,10.0,5.0,0.0,0.0
2026-06-12,Unattributed,(not set),136.46,34.88,17.1,4.55,0.0,2.0,1.0,0.0,0.0
2026-06-13,Direct,(direct),578.5699999999999,172.60000000000002,62.59,19.169999999999998,0.0,8.0,3.0,0.0,0.0
2026-06-13,Email/SMS,Campaign - Monthly Newsletter,44.95,11.4,9.27,1.6,0.0,1.0,0.0,0.0,0.0
2026-06-13,Email/SMS,Flow - Abandoned Cart,545.91,188.56,31.92,17.04,0.0,4.0,0.0,0.0,0.0
2026-06-13,Email/SMS,Flow - Post Purchase Winback,94.43,23.4,16.580000000000002,3.34,0.0,2.0,0.0,0.0,0.0
2026-06-13,Email/SMS,Flow - Welcome Series,193.09,64.32000000000001,15.78,6.199999999999999,0.0,2.0,0.0,0.0,0.0
2026-06-13,Google Ads,PMax - Skincare Prospecting,267.56,67.88,32.53,8.969999999999999,72.95,4.0,2.0,94.42,297.24
2026-06-13,Google Ads,Search - Brand,196.79999999999998,50.839999999999996,24.75,6.609999999999999,0.0,3.0,2.0,17.92,235.73
2026-06-13,Google Ads,Search - Nonbrand Skincare,38.95,9.6,8.11,1.43,0.0,1.0,0.0,13.2,44.04
2026-06-13,Google Ads,Shopping - Bestsellers,30.95,7.2,7.33,1.2,0.0,1.0,1.0,12.03,33.91
2026-06-13,Meta Ads,Prospecting - Broad,58.010000000000005,14.4,6.91,1.98,0.0,1.0,1.0,44.29,82.98
2026-06-13,Meta Ads,Prospecting - Lookalike 1%,149.67000000000002,39.599999999999994,25.310000000000002,5.24,0.0,3.0,2.0,67.7,227.26
2026-06-13,Meta Ads,Retargeting - Cart Abandon,54.95,14.4,7.24,1.89,0.0,1.0,1.0,17.32,65.34
2026-06-13,Meta Ads,Retargeting - Engaged 30d,353.33000000000004,83.54,29.29,11.46,0.0,4.0,2.0,151.27,527.11
2026-06-13,Organic Search,(organic),377.31000000000006,99.0,47.82,12.74,62.85,6.0,6.0,0.0,0.0
2026-06-13,Organic Social,(organic social),184.23,52.64,17.200000000000003,5.949999999999999,0.0,2.0,0.0,0.0,0.0
2026-06-14,Direct,(direct),392.05,120.66000000000001,64.15,13.77,0.0,8.0,3.0,0.0,0.0
2026-06-14,Email/SMS,Flow - Abandoned Cart,28.91,7.2,7.52,1.14,0.0,1.0,0.0,0.0,0.0
2026-06-14,Email/SMS,Flow - Post Purchase Winback,172.54000000000002,49.8,24.69,5.9,0.0,3.0,1.0,0.0,0.0
2026-06-14,Email/SMS,Flow - Welcome Series,145.2,34.58,25.7,5.12,0.0,3.0,1.0,0.0,0.0
2026-06-14,Google Ads,PMax - Skincare Prospecting,54.95,12.0,8.32,1.89,0.0,1.0,1.0,27.08,66.37
2026-06-14,Google Ads,Search - Brand,0.0,0.0,0.0,0.0,0.0,0.0,0.0,11.15,9.28
2026-06-14,Google Ads,Search - Nonbrand Skincare,241.96,62.72,6.66,7.32,0.0,1.0,1.0,96.12,264.47
2026-06-14,Google Ads,Shopping - Bestsellers,263.15,76.4,29.799999999999997,8.83,52.04,4.0,4.0,84.62,317.59
2026-06-14,Meta Ads,Prospecting - Broad,48.95,10.5,8.09,1.72,48.95,1.0,1.0,33.81,62.42
2026-06-14,Meta Ads,Prospecting - Lookalike 1%,247.73999999999998,63.76,26.02,8.09,0.0,3.0,3.0,86.79,354.06
2026-06-14,Meta Ads,Retargeting - Cart Abandon,691.97,198.11999999999998,36.95,21.56,72.5,5.0,1.0,141.08,928.06
2026-06-14,Meta Ads,Retargeting - Engaged 30d,50.95,13.2,7.9,1.78,0.0,1.0,1.0,22.04,73.22
2026-06-14,Organic Search,(organic),340.76,95.38,47.69,11.680000000000001,0.0,6.0,3.0,0.0,0.0
2026-06-14,Organic Social,(organic social),316.98999999999995,85.14,29.759999999999998,10.39,154.87,4.0,4.0,0.0,0.0
2026-06-15,Direct,(direct),128.69,30.9,25.519999999999996,4.63,0.0,3.0,1.0,0.0,0.0
2026-06-15,Email/SMS,Flow - Abandoned Cart,75.94,22.8,7.27,2.5,0.0,1.0,0.0,0.0,0.0
2026-06-15,Email/SMS,Flow - Post Purchase Winback,277.27000000000004,74.98,41.239999999999995,9.540000000000001,0.0,5.0,0.0,0.0,0.0
2026-06-15,Email/SMS,Flow - Welcome Series,62.95,15.68,8.42,2.13,0.0,1.0,0.0,0.0,0.0
2026-06-15,Google Ads,PMax - Skincare Prospecting,0.0,0.0,0.0,0.0,0.0,0.0,0.0,11.98,11.24
2026-06-15,Google Ads,Search - Brand,221.7,62.4,16.810000000000002,7.03,0.0,2.0,2.0,28.61,301.19
2026-06-15,Google Ads,Search - Nonbrand Skincare,93.9,21.9,17.93,3.3200000000000003,0.0,2.0,0.0,32.92,114.27
2026-06-15,Google Ads,Shopping - Bestsellers,196.0,76.0,9.13,5.98,0.0,1.0,1.0,49.6,220.56
2026-06-15,Meta Ads,Prospecting - Broad,232.92000000000002,55.8,31.970000000000002,7.949999999999999,54.95,4.0,4.0,176.42,306.48
2026-06-15,Meta Ads,Prospecting - Lookalike 1%,25.66,6.6,6.69,1.04,0.0,1.0,1.0,11.44,44.08
2026-06-15,Meta Ads,Retargeting - Cart Abandon,153.98000000000002,34.879999999999995,26.89,5.37,0.0,3.0,3.0,28.2,204.29
2026-06-15,Meta Ads,Retargeting - Engaged 30d,82.36,22.8,8.62,2.69,0.0,1.0,1.0,30.27,122.44
2026-06-15,Organic Search,(organic),434.42,103.13999999999999,63.510000000000005,14.989999999999998,0.0,8.0,6.0,0.0,0.0
2026-06-15,Organic Social,(organic social),407.93,152.0,15.349999999999998,12.43,196.0,2.0,2.0,0.0,0.0
2026-06-16,Direct,(direct),302.8,95.2,33.8,9.98,55.5,4.0,2.0,0.0,0.0
2026-06-16,Email/SMS,Campaign - Monthly Newsletter,78.95,21.6,8.01,2.59,0.0,1.0,0.0,0.0,0.0
2026-06-16,Email/SMS,Flow - Abandoned Cart,135.17000000000002,30.9,24.33,4.82,0.0,3.0,0.0,0.0,0.0
2026-06-16,Email/SMS,Flow - Post Purchase Winback,96.0,24.0,8.6,3.08,0.0,1.0,0.0,0.0,0.0
2026-06-16,Email/SMS,Flow - Welcome Series,58.410000000000004,12.0,6.67,1.99,0.0,1.0,0.0,0.0,0.0
2026-06-16,Google Ads,PMax - Skincare Prospecting,0.0,0.0,0.0,0.0,0.0,0.0,0.0,14.01,12.77
2026-06-16,Google Ads,Search - Brand,226.76,78.2,25.0,7.4799999999999995,94.72,3.0,3.0,20.06,307.77
2026-06-16,Google Ads,Search - Nonbrand Skincare,62.95,15.68,6.91,2.13,0.0,1.0,1.0,23.89,71.16
2026-06-16,Google Ads,Shopping - Bestsellers,34.96,9.6,7.85,1.31,0.0,1.0,0.0,10.95,40.68
2026-06-16,Meta Ads,Prospecting - Broad,293.89,75.67999999999999,38.56,10.02,0.0,5.0,4.0,171.17,473.1
2026-06-16,Meta Ads,Prospecting - Lookalike 1%,38.95,9.6,7.35,1.43,0.0,1.0,0.0,21.63,55.18
2026-06-16,Meta Ads,Retargeting - Cart Abandon,105.1,38.0,9.4,3.35,52.55,1.0,1.0,21.0,131.89
2026-06-16,Meta Ads,Retargeting - Engaged 30d,101.67000000000002,21.0,16.12,3.55,0.0,2.0,2.0,34.75,135.62
2026-06-16,Organic Search,(organic),442.84999999999997,140.8,53.68,14.93,15.48,7.0,6.0,0.0,0.0
2026-06-16,Organic Social,(organic social),199.71,48.08,22.79,6.699999999999999,0.0,3.0,2.0,0.0,0.0
2026-06-16,Unattributed,(not set),124.95,30.6,17.84,4.22,0.0,2.0,2.0,0.0,0.0
2026-06-17,Direct,(direct),498.59000000000003,143.44,46.269999999999996,16.25,0.0,6.0,1.0,0.0,0.0
2026-06-17,Email/SMS,Campaign - Monthly Newsletter,89.03,21.6,15.51,3.1799999999999997,0.0,2.0,1.0,0.0,0.0
2026-06-17,Email/SMS,Flow - Welcome Series,70.95,19.2,9.58,2.36,70.95,1.0,0.0,0.0,0.0
2026-06-17,Google Ads,PMax - Skincare Prospecting,100.03,25.28,17.740000000000002,3.5,0.0,2.0,1.0,38.78,104.4
2026-06-17,Google Ads,Search - Brand,363.08,80.4,43.29,12.020000000000001,0.0,5.0,5.0,48.83,440.53
2026-06-17,Google Ads,Search - Nonbrand Skincare,0.0,0.0,0.0,0.0,0.0,0.0,0.0,9.24,5.57
2026-06-17,Google Ads,Shopping - Bestsellers,141.62,35.84,23.259999999999998,5.0,27.48,3.0,3.0,39.74,183.47
2026-06-17,Meta Ads,Prospecting - Broad,93.27000000000001,23.7,16.15,3.31,0.0,2.0,1.0,65.61,131.52
2026-06-17,Meta Ads,Prospecting - Lookalike 1%,130.57,30.6,15.81,4.39,0.0,2.0,2.0,73.04,167.02
2026-06-17,Meta Ads,Retargeting - Cart Abandon,293.35999999999996,111.24000000000001,32.08,9.71,158.51,4.0,3.0,47.68,431.83
2026-06-17,Meta Ads,Retargeting - Engaged 30d,99.49000000000001,21.9,16.65,3.49,0.0,2.0,2.0,37.46,124.84
2026-06-17,Organic Search,(organic),321.2699999999999,83.48,45.28,11.129999999999999,15.48,6.0,3.0,0.0,0.0
2026-06-17,Organic Social,(organic social),245.69,88.0,14.89,7.720000000000001,0.0,2.0,1.0,0.0,0.0
2026-06-18,Direct,(direct),92.70000000000002,22.5,15.75,3.29,0.0,2.0,1.0,0.0,0.0
2026-06-18,Email/SMS,Campaign - Monthly Newsletter,127.86,33.44,17.9,4.31,0.0,2.0,0.0,0.0,0.0
2026-06-18,Email/SMS,Flow - Abandoned Cart,27.009999999999998,6.6,6.63,1.08,0.0,1.0,0.0,0.0,0.0
2026-06-18,Email/SMS,Flow - Post Purchase Winback,68.5,17.1,16.439999999999998,2.58,0.0,2.0,0.0,0.0,0.0
2026-06-18,Email/SMS,Flow - Welcome Series,84.33,21.6,8.05,2.75,0.0,1.0,0.0,0.0,0.0
2026-06-18,Google Ads,PMax - Skincare Prospecting,74.95,21.76,7.06,2.47,0.0,1.0,1.0,35.97,77.63
2026-06-18,Google Ads,Search - Brand,72.15,16.2,16.2,2.69,0.0,2.0,2.0,11.93,79.98
2026-06-18,Google Ads,Search - Nonbrand Skincare,107.05000000000001,25.8,17.4,3.7,0.0,2.0,1.0,32.1,121.26
2026-06-18,Google Ads,Shopping - Bestsellers,160.09000000000003,38.18,25.08,5.55,31.48,3.0,2.0,55.79,186.02
2026-06-18,Meta Ads,Prospecting - Broad,411.11999999999995,118.89999999999999,54.54,14.02,186.34,7.0,6.0,301.38,607.88
2026-06-18,Meta Ads,Prospecting - Lookalike 1%,88.73,22.28,16.5,3.1799999999999997,0.0,2.0,2.0,32.2,116.03
2026-06-18,Meta Ads,Retargeting - Cart Abandon,54.95,12.0,7.96,1.89,0.0,1.0,1.0,18.49,68.62
2026-06-18,Meta Ads,Retargeting - Engaged 30d,118.74,31.36,7.34,3.74,0.0,1.0,1.0,48.57,158.43
2026-06-18,Organic Search,(organic),479.55,118.36,65.42,16.310000000000002,54.95,8.0,6.0,0.0,0.0
2026-06-18,Organic Social,(organic social),149.05,41.86,15.9,4.92,0.0,2.0,1.0,0.0,0.0
2026-06-18,Unattributed,(not set),46.89,12.0,8.56,1.66,0.0,1.0,0.0,0.0,0.0
2026-06-19,Direct,(direct),371.18,110.0,39.82,12.26,59.42,5.0,1.0,0.0,0.0
2026-06-19,Email/SMS,Campaign - Monthly Newsletter,89.69000000000001,21.6,15.709999999999999,3.2,0.0,2.0,0.0,0.0,0.0
2026-06-19,Email/SMS,Flow - Abandoned Cart,105.13,26.18,17.73,3.65,0.0,2.0,1.0,0.0,0.0
2026-06-19,Email/SMS,Flow - Post Purchase Winback,59.85,12.0,8.2,2.04,0.0,1.0,1.0,0.0,0.0
2026-06-19,Email/SMS,Flow - Welcome Series,90.66,20.4,23.23,3.5299999999999994,30.76,3.0,0.0,0.0,0.0
2026-06-19,Google Ads,PMax - Skincare Prospecting,113.9,28.88,16.85,3.91,0.0,2.0,1.0,46.53,117.52
2026-06-19,Google Ads,Search - Brand,50.24,14.4,9.63,1.76,0.0,1.0,1.0,10.6,61.33
2026-06-19,Google Ads,Search - Nonbrand Skincare,103.07000000000001,26.240000000000002,16.16,3.59,64.12,2.0,1.0,40.92,106.69
2026-06-19,Google Ads,Shopping - Bestsellers,42.410000000000004,9.6,8.12,1.53,0.0,1.0,1.0,14.58,45.11
2026-06-19,Meta Ads,Prospecting - Broad,252.20000000000002,60.6,31.8,8.52,0.0,4.0,4.0,140.91,320.29
2026-06-19,Meta Ads,Prospecting - Lookalike 1%,43.410000000000004,10.5,9.31,1.56,0.0,1.0,0.0,20.76,71.59
2026-06-19,Meta Ads,Retargeting - Cart Abandon,141.57,34.8,24.839999999999996,5.0,0.0,3.0,2.0,23.04,203.26
2026-06-19,Meta Ads,Retargeting - Engaged 30d,582.26,187.56,57.39999999999999,18.98,59.88,7.0,4.0,200.59,893.08
2026-06-19,Organic Search,(organic),116.46000000000001,26.18,14.879999999999999,3.98,0.0,2.0,1.0,0.0,0.0
2026-06-19,Organic Social,(organic social),177.91,43.8,23.24,6.0600000000000005,0.0,3.0,1.0,0.0,0.0
2026-06-19,Unattributed,(not set),350.38,152.0,7.09,10.46,0.0,1.0,1.0,0.0,0.0
2026-06-20,Direct,(direct),473.83000000000004,152.64,48.870000000000005,15.53,0.0,6.0,4.0,0.0,0.0
2026-06-20,Email/SMS,Campaign - Monthly Newsletter,126.83000000000001,32.32,15.05,4.279999999999999,0.0,2.0,0.0,0.0,0.0
2026-06-20,Email/SMS,Flow - Abandoned Cart,213.16,58.58,23.46,7.09,0.0,3.0,0.0,0.0,0.0
2026-06-20,Email/SMS,Flow - Post Purchase Winback,446.87,109.22,47.03,14.76,34.18,6.0,0.0,0.0,0.0
2026-06-20,Email/SMS,Flow - Welcome Series,98.77000000000001,22.5,16.93,3.46,0.0,2.0,0.0,0.0,0.0
2026-06-20,Google Ads,PMax - Skincare Prospecting,77.73,18.6,16.39,2.85,16.39,2.0,2.0,31.13,88.98
2026-06-20,Google Ads,Search - Brand,156.75,39.6,22.490000000000002,5.449999999999999,0.0,3.0,2.0,13.59,176.59
2026-06-20,Google Ads,Search - Nonbrand Skincare,89.46,24.0,15.559999999999999,3.2,0.0,2.0,2.0,35.2,106.74
2026-06-20,Google Ads,Shopping - Bestsellers,211.28,71.28,14.04,6.73,0.0,2.0,1.0,51.45,241.7
2026-06-20,Meta Ads,Prospecting - Broad,0.0,0.0,0.0,0.0,0.0,0.0,0.0,17.64,10.17
2026-06-20,Meta Ads,Prospecting - Lookalike 1%,192.98000000000002,72.4,16.12,6.1899999999999995,0.0,2.0,1.0,102.79,275.44
2026-06-20,Meta Ads,Retargeting - Cart Abandon,408.77,144.8,31.02,13.059999999999999,311.92,4.0,4.0,91.47,632.64
2026-06-20,Meta Ads,Retargeting - Engaged 30d,227.65,82.6,15.99,7.2,0.0,2.0,2.0,71.82,288.16
2026-06-20,Organic Search,(organic),380.53,101.63999999999999,51.38,12.85,0.0,6.0,4.0,0.0,0.0
2026-06-20,Organic Social,(organic social),62.95,15.68,7.21,2.13,0.0,1.0,1.0,0.0,0.0
2026-06-21,Direct,(direct),156.07000000000002,38.18,32.83,5.7299999999999995,30.95,4.0,0.0,0.0,0.0
2026-06-21,Email/SMS,Flow - Welcome Series,550.52,196.9,51.169999999999995,17.76,126.59,6.0,0.0,0.0,0.0
2026-06-21,Google Ads,PMax - Skincare Prospecting,171.78,49.28,17.43,5.58,43.78,2.0,2.0,74.37,207.24
2026-06-21,Google Ads,Search - Brand,275.19,92.67999999999999,33.28,9.18,0.0,4.0,4.0,35.46,346.09
2026-06-21,Google Ads,Search - Nonbrand Skincare,65.68,14.4,16.98,2.51,0.0,2.0,2.0,19.74,79.6
2026-06-21,Google Ads,Shopping - Bestsellers,107.31,28.04,16.549999999999997,3.71,0.0,2.0,2.0,22.7,116.94
2026-06-21,Meta Ads,Prospecting - Broad,115.12,24.0,16.55,3.9299999999999997,0.0,2.0,2.0,78.7,148.15
2026-06-21,Meta Ads,Prospecting - Lookalike 1%,246.46999999999997,67.2,23.47,8.05,0.0,3.0,3.0,128.59,363.01
2026-06-21,Meta Ads,Retargeting - Cart Abandon,185.46,49.199999999999996,23.01,6.279999999999999,0.0,3.0,2.0,34.1,259.73
2026-06-21,Meta Ads,Retargeting - Engaged 30d,108.74000000000001,26.4,15.96,3.75,0.0,2.0,0.0,42.43,162.14
2026-06-21,Organic Search,(organic),658.48,193.11999999999998,69.0,21.79,0.0,9.0,7.0,0.0,0.0
2026-06-21,Organic Social,(organic social),59.739999999999995,14.4,14.74,2.33,0.0,2.0,0.0,0.0,0.0
2026-06-22,Direct,(direct),454.76,148.45999999999998,57.33,15.290000000000001,0.0,7.0,3.0,0.0,0.0
2026-06-22,Email/SMS,Flow - Abandoned Cart,190.06,66.56,8.41,5.81,0.0,1.0,0.0,0.0,0.0
2026-06-22,Email/SMS,Flow - Post Purchase Winback,141.11,37.8,15.59,4.6899999999999995,0.0,2.0,0.0,0.0,0.0
2026-06-22,Email/SMS,Flow - Welcome Series,112.0,31.36,7.61,3.55,112.0,1.0,0.0,0.0,0.0
2026-06-22,Google Ads,PMax - Skincare Prospecting,237.9,58.8,24.83,7.8,0.0,3.0,3.0,76.58,279.05
2026-06-22,Google Ads,Search - Brand,163.96,53.68,15.29,5.35,0.0,2.0,2.0,16.47,181.41
2026-06-22,Google Ads,Search - Nonbrand Skincare,85.57,17.7,17.759999999999998,3.08,52.68,2.0,1.0,34.49,93.0
2026-06-22,Google Ads,Shopping - Bestsellers,34.690000000000005,9.6,7.94,1.31,0.0,1.0,1.0,10.75,43.24
2026-06-22,Meta Ads,Prospecting - Broad,58.760000000000005,12.0,8.41,2.0,0.0,1.0,1.0,27.3,81.28
2026-06-22,Meta Ads,Prospecting - Lookalike 1%,143.78,47.6,16.92,4.77,52.42,2.0,0.0,62.02,189.99
2026-06-22,Meta Ads,Retargeting - Cart Abandon,112.92000000000002,33.6,16.53,3.88,0.0,2.0,2.0,18.43,164.14
2026-06-22,Meta Ads,Retargeting - Engaged 30d,0.0,0.0,0.0,0.0,0.0,0.0,0.0,16.31,17.44
2026-06-22,Organic Search,(organic),424.89,110.55999999999999,49.44,14.12,0.0,6.0,5.0,0.0,0.0
2026-06-22,Organic Social,(organic social),97.47,22.88,17.59,3.4299999999999997,0.0,2.0,1.0,0.0,0.0
2026-06-22,Unattributed,(not set),102.69,25.28,16.0,3.5700000000000003,35.28,2.0,1.0,0.0,0.0
2026-06-23,Direct,(direct),252.38,74.0,32.9,8.51,0.0,4.0,1.0,0.0,0.0
2026-06-23,Email/SMS,Campaign - Monthly Newsletter,168.0,42.0,8.74,5.17,0.0,1.0,0.0,0.0,0.0
2026-06-23,Email/SMS,Flow - Post Purchase Winback,117.78,30.08,16.93,4.02,0.0,2.0,0.0,0.0,0.0
2026-06-23,Google Ads,PMax - Skincare Prospecting,199.23000000000002,49.88,30.719999999999995,6.97,0.0,4.0,2.0,90.61,243.55
2026-06-23,Google Ads,Search - Brand,192.78000000000003,44.4,25.29,6.49,0.0,3.0,3.0,20.76,228.61
2026-06-23,Google Ads,Search - Nonbrand Skincare,0.0,0.0,0.0,0.0,0.0,0.0,0.0,11.04,7.85
2026-06-23,Google Ads,Shopping - Bestsellers,474.1,244.0,8.74,14.05,0.0,1.0,1.0,146.02,694.55
2026-06-23,Meta Ads,Prospecting - Broad,189.09,54.08,15.53,6.09,0.0,2.0,1.0,125.81,303.41
2026-06-23,Meta Ads,Prospecting - Lookalike 1%,188.76999999999998,48.9,24.799999999999997,6.379999999999999,0.0,3.0,2.0,104.07,258.57
2026-06-23,Meta Ads,Retargeting - Cart Abandon,167.41000000000003,39.0,33.6,6.06,15.48,4.0,4.0,34.72,232.29
2026-06-23,Meta Ads,Retargeting - Engaged 30d,175.79,45.6,25.73,6.0,0.0,3.0,2.0,74.31,235.62
2026-06-23,Organic Search,(organic),76.76,18.0,16.05,2.8200000000000003,0.0,2.0,2.0,0.0,0.0
2026-06-23,Organic Social,(organic social),292.63000000000005,68.78,42.449999999999996,9.99,52.41,5.0,4.0,0.0,0.0
2026-06-23,Unattributed,(not set),101.46000000000001,25.2,17.05,3.54,0.0,2.0,1.0,0.0,0.0
2026-06-24,Direct,(direct),368.2699999999999,98.98,57.3,12.78,0.0,7.0,1.0,0.0,0.0
2026-06-24,Email/SMS,Campaign - Monthly Newsletter,248.88000000000002,69.32000000000001,32.129999999999995,8.42,0.0,4.0,0.0,0.0,0.0
2026-06-24,Email/SMS,Flow - Abandoned Cart,70.81,19.2,8.45,2.35,0.0,1.0,0.0,0.0,0.0
2026-06-24,Email/SMS,Flow - Post Purchase Winback,66.57000000000001,15.68,6.6,2.23,0.0,1.0,0.0,0.0,0.0
2026-06-24,Email/SMS,Flow - Welcome Series,290.0,122.0,7.53,8.71,0.0,1.0,0.0,0.0,0.0
2026-06-24,Google Ads,PMax - Skincare Prospecting,165.98999999999998,40.5,21.15,5.71,0.0,3.0,3.0,58.83,182.96
2026-06-24,Google Ads,Search - Brand,0.0,0.0,0.0,0.0,0.0,0.0,0.0,13.62,4.92
2026-06-24,Google Ads,Search - Nonbrand Skincare,245.3,66.98,24.57,8.02,0.0,3.0,3.0,68.58,283.2
2026-06-24,Google Ads,Shopping - Bestsellers,0.0,0.0,0.0,0.0,0.0,0.0,0.0,8.82,5.65
2026-06-24,Meta Ads,Prospecting - Broad,114.61999999999999,31.880000000000003,22.45,4.23,0.0,3.0,3.0,62.74,160.55
2026-06-24,Meta Ads,Prospecting - Lookalike 1%,83.53999999999999,17.1,17.02,3.02,0.0,2.0,0.0,45.26,124.12
2026-06-24,Meta Ads,Retargeting - Cart Abandon,70.95,19.2,8.44,2.36,0.0,1.0,1.0,19.44,108.63
2026-06-24,Meta Ads,Retargeting - Engaged 30d,253.05,98.5,24.0,8.25,0.0,3.0,1.0,88.2,443.22
2026-06-24,Organic Search,(organic),205.89000000000001,48.6,39.55,7.47,0.0,5.0,5.0,0.0,0.0
2026-06-24,Organic Social,(organic social),202.22000000000003,57.44,24.5,6.76,56.67,3.0,2.0,0.0,0.0
2026-06-24,Unattributed,(not set),140.08,38.4,9.36,4.36,0.0,1.0,1.0,0.0,0.0
2026-06-25,Direct,(direct),606.07,161.89999999999998,75.78,20.28,194.92000000000002,9.0,1.0,0.0,0.0
2026-06-25,Email/SMS,Campaign - Monthly Newsletter,54.95,14.4,7.59,1.89,54.95,1.0,0.0,0.0,0.0
2026-06-25,Email/SMS,Flow - Welcome Series,122.02,32.4,18.68,4.14,0.0,2.0,0.0,0.0,0.0
2026-06-25,Google Ads,PMax - Skincare Prospecting,0.0,0.0,0.0,0.0,0.0,0.0,0.0,9.64,4.41
2026-06-25,Google Ads,Search - Brand,38.95,9.6,7.83,1.43,0.0,1.0,1.0,12.1,43.3
2026-06-25,Google Ads,Search - Nonbrand Skincare,217.14999999999998,58.28,22.89,7.2,125.25,3.0,3.0,78.39,282.57
2026-06-25,Google Ads,Shopping - Bestsellers,157.89999999999998,39.0,21.62,5.4799999999999995,0.0,3.0,2.0,54.68,167.37
2026-06-25,Meta Ads,Prospecting - Broad,254.67000000000002,65.56,24.580000000000002,8.29,50.95,3.0,1.0,114.81,323.24
2026-06-25,Meta Ads,Prospecting - Lookalike 1%,597.88,220.96,24.69,18.240000000000002,0.0,3.0,2.0,286.21,827.16
2026-06-25,Meta Ads,Retargeting - Cart Abandon,307.24,77.12,32.67,10.11,0.0,4.0,3.0,50.84,441.6
2026-06-25,Meta Ads,Retargeting - Engaged 30d,38.95,9.6,7.41,1.43,0.0,1.0,1.0,18.79,49.72
2026-06-25,Organic Search,(organic),307.63,96.7,32.31,10.13,0.0,4.0,1.0,0.0,0.0
2026-06-25,Organic Social,(organic social),145.8,36.080000000000005,31.43,5.43,44.95,4.0,4.0,0.0,0.0
2026-06-26,Direct,(direct),532.48,139.04000000000002,56.43,17.549999999999997,0.0,7.0,2.0,0.0,0.0
2026-06-26,Email/SMS,Campaign - Monthly Newsletter,89.97000000000001,21.0,15.759999999999998,3.21,0.0,2.0,1.0,0.0,0.0
2026-06-26,Email/SMS,Flow - Abandoned Cart,84.74,24.0,7.53,2.76,0.0,1.0,0.0,0.0,0.0
2026-06-26,Email/SMS,Flow - Post Purchase Winback,689.99,237.68,41.24999999999999,21.509999999999998,67.01,5.0,0.0,0.0,0.0
2026-06-26,Google Ads,PMax - Skincare Prospecting,145.0,61.0,7.92,4.5,0.0,1.0,1.0,57.3,165.27
2026-06-26,Google Ads,Search - Brand,103.68,25.8,16.17,3.5999999999999996,0.0,2.0,2.0,14.5,109.2
2026-06-26,Google Ads,Search - Nonbrand Skincare,380.68,128.51999999999998,30.7,12.229999999999999,0.0,4.0,4.0,161.83,421.5
2026-06-26,Google Ads,Shopping - Bestsellers,115.21000000000001,37.2,15.059999999999999,3.94,0.0,2.0,2.0,34.38,136.38
2026-06-26,Meta Ads,Prospecting - Broad,0.0,0.0,0.0,0.0,0.0,0.0,0.0,15.74,7.93
2026-06-26,Meta Ads,Prospecting - Lookalike 1%,316.28,92.24000000000001,31.42,10.37,0.0,4.0,3.0,164.64,414.33
2026-06-26,Meta Ads,Retargeting - Cart Abandon,142.95,42.88,14.469999999999999,4.75,0.0,2.0,1.0,20.08,208.45
2026-06-26,Meta Ads,Retargeting - Engaged 30d,0.0,0.0,0.0,0.0,0.0,0.0,0.0,12.09,6.84
2026-06-26,Organic Search,(organic),295.91,78.96000000000001,45.58,10.39,66.62,6.0,3.0,0.0,0.0
2026-06-26,Organic Social,(organic social),235.44,56.4,24.64,7.720000000000001,0.0,3.0,2.0,0.0,0.0
2026-06-26,Unattributed,(not set),252.67999999999998,73.16,17.450000000000003,7.930000000000001,0.0,2.0,2.0,0.0,0.0
2026-06-27,Direct,(direct),27.12,7.2,7.19,1.09,0.0,1.0,0.0,0.0,0.0
2026-06-27,Email/SMS,Campaign - Monthly Newsletter,126.61000000000001,29.700000000000003,25.869999999999997,4.58,0.0,3.0,0.0,0.0,0.0
2026-06-27,Email/SMS,Flow - Abandoned Cart,156.0,49.92,8.21,4.82,0.0,1.0,0.0,0.0,0.0
2026-06-27,Email/SMS,Flow - Post Purchase Winback,207.32999999999998,53.480000000000004,33.230000000000004,7.22,0.0,4.0,0.0,0.0,0.0
2026-06-27,Email/SMS,Flow - Welcome Series,136.19,37.28,24.109999999999996,4.85,0.0,3.0,0.0,0.0,0.0
2026-06-27,Google Ads,PMax - Skincare Prospecting,293.58,89.4,38.620000000000005,10.01,22.48,5.0,5.0,105.66,356.02
2026-06-27,Google Ads,Search - Brand,30.95,7.2,7.0,1.2,0.0,1.0,1.0,14.62,35.7
2026-06-27,Google Ads,Search - Nonbrand Skincare,236.41000000000003,56.1,23.34,7.76,0.0,3.0,2.0,69.54,261.24
2026-06-27,Google Ads,Shopping - Bestsellers,86.73,33.28,8.31,2.82,0.0,1.0,1.0,29.06,118.85
2026-06-27,Meta Ads,Prospecting - Broad,86.46000000000001,20.1,17.14,3.11,0.0,2.0,2.0,67.89,138.55
2026-06-27,Meta Ads,Prospecting - Lookalike 1%,72.83,18.6,16.49,2.71,0.0,2.0,1.0,33.19,95.88
2026-06-27,Meta Ads,Retargeting - Cart Abandon,0.0,0.0,0.0,0.0,0.0,0.0,0.0,14.21,11.34
2026-06-27,Meta Ads,Retargeting - Engaged 30d,103.13,23.4,15.42,3.59,0.0,2.0,2.0,32.0,136.81
2026-06-27,Organic Search,(organic),1051.1200000000001,329.84,82.50000000000001,33.489999999999995,28.95,10.0,5.0,0.0,0.0
2026-06-27,Organic Social,(organic social),275.51,100.07999999999998,34.58,9.190000000000001,0.0,4.0,3.0,0.0,0.0
2026-06-27,Unattributed,(not set),54.95,12.0,8.74,1.89,0.0,1.0,1.0,0.0,0.0
2026-06-28,Direct,(direct),377.66999999999996,93.83999999999999,55.31999999999999,13.05,0.0,7.0,2.0,0.0,0.0
2026-06-28,Email/SMS,Flow - Abandoned Cart,54.730000000000004,12.0,7.95,1.89,0.0,1.0,0.0,0.0,0.0
2026-06-28,Email/SMS,Flow - Post Purchase Winback,277.58,88.56,23.63,8.940000000000001,74.95,3.0,0.0,0.0,0.0
2026-06-28,Email/SMS,Flow - Welcome Series,171.59000000000003,45.0,24.340000000000003,5.869999999999999,47.68,3.0,0.0,0.0,0.0
2026-06-28,Google Ads,PMax - Skincare Prospecting,64.43,16.64,8.03,2.17,0.0,1.0,1.0,27.14,75.24
2026-06-28,Google Ads,Search - Brand,168.7,63.2,17.97,5.5,0.0,2.0,2.0,15.97,197.5
2026-06-28,Google Ads,Search - Nonbrand Skincare,51.440000000000005,14.4,7.66,1.79,0.0,1.0,1.0,19.98,64.69
2026-06-28,Google Ads,Shopping - Bestsellers,0.0,0.0,0.0,0.0,0.0,0.0,0.0,11.2,7.92
2026-06-28,Meta Ads,Prospecting - Broad,234.10000000000002,54.980000000000004,39.019999999999996,8.299999999999999,0.0,5.0,4.0,132.57,323.28
2026-06-28,Meta Ads,Prospecting - Lookalike 1%,163.67000000000002,54.800000000000004,25.290000000000003,5.64,0.0,3.0,3.0,90.37,237.76
2026-06-28,Meta Ads,Retargeting - Cart Abandon,32.87,7.2,9.11,1.25,16.43,1.0,1.0,15.17,43.77
2026-06-28,Meta Ads,Retargeting - Engaged 30d,144.34,34.5,32.1,5.390000000000001,0.0,4.0,4.0,54.58,190.01
2026-06-28,Organic Search,(organic),920.8800000000001,324.70000000000005,57.71,28.82,0.0,7.0,6.0,0.0,0.0
2026-06-28,Organic Social,(organic social),110.87,25.799999999999997,23.980000000000004,4.11,42.14,3.0,1.0,0.0,0.0
2026-06-29,Direct,(direct),632.6300000000001,208.7,48.150000000000006,20.14,0.0,6.0,3.0,0.0,0.0
2026-06-29,Email/SMS,Campaign - Monthly Newsletter,84.0,21.0,8.45,2.74,0.0,1.0,1.0,0.0,0.0
2026-06-29,Email/SMS,Flow - Abandoned Cart,145.22,40.2,16.6,4.8100000000000005,0.0,2.0,0.0,0.0,0.0
2026-06-29,Email/SMS,Flow - Welcome Series,255.49,68.48,32.3,8.61,0.0,4.0,0.0,0.0,0.0
2026-06-29,Google Ads,PMax - Skincare Prospecting,101.67000000000002,23.4,15.23,3.55,0.0,2.0,2.0,51.28,123.67
2026-06-29,Google Ads,Search - Brand,201.49,55.120000000000005,27.029999999999998,6.75,0.0,3.0,1.0,23.72,221.24
2026-06-29,Google Ads,Search - Nonbrand Skincare,0.0,0.0,0.0,0.0,0.0,0.0,0.0,12.87,7.61
2026-06-29,Google Ads,Shopping - Bestsellers,293.92,104.36000000000001,26.39,9.42,145.0,3.0,3.0,106.63,325.0
2026-06-29,Meta Ads,Prospecting - Broad,128.17000000000002,36.0,16.73,4.32,0.0,2.0,2.0,97.51,209.72
2026-06-29,Meta Ads,Prospecting - Lookalike 1%,131.88,32.4,15.35,4.43,0.0,2.0,2.0,54.22,186.17
2026-06-29,Meta Ads,Retargeting - Cart Abandon,80.01,18.6,18.04,2.92,0.0,2.0,2.0,16.55,111.63
2026-06-29,Meta Ads,Retargeting - Engaged 30d,128.0,38.4,9.44,4.01,0.0,1.0,0.0,43.0,170.81
2026-06-29,Organic Search,(organic),210.32999999999998,49.88,40.099999999999994,7.6000000000000005,0.0,5.0,4.0,0.0,0.0
2026-06-29,Unattributed,(not set),34.95,8.4,6.95,1.31,0.0,1.0,0.0,0.0,0.0
2026-06-30,Direct,(direct),763.79,279.2,38.77,23.65,0.0,5.0,2.0,0.0,0.0
2026-06-30,Email/SMS,Campaign - Monthly Newsletter,69.02,15.600000000000001,15.85,2.5999999999999996,0.0,2.0,0.0,0.0,0.0
2026-06-30,Email/SMS,Flow - Post Purchase Winback,228.63,94.28,14.4,7.23,0.0,2.0,0.0,0.0,0.0
2026-06-30,Email/SMS,Flow - Welcome Series,124.19000000000001,29.4,24.549999999999997,4.5,0.0,3.0,1.0,0.0,0.0
2026-06-30,Google Ads,PMax - Skincare Prospecting,31.05,6.6,8.15,1.2,0.0,1.0,1.0,15.54,33.01
2026-06-30,Google Ads,Search - Brand,470.36,183.0,15.350000000000001,14.239999999999998,158.28,2.0,1.0,37.29,511.24
2026-06-30,Google Ads,Search - Nonbrand Skincare,158.02000000000004,39.08,24.049999999999997,5.4799999999999995,62.47,3.0,2.0,45.21,188.27
2026-06-30,Google Ads,Shopping - Bestsellers,360.4,96.76,49.18,12.249999999999998,45.54,6.0,4.0,129.06,434.96
2026-06-30,Meta Ads,Prospecting - Broad,79.9,19.8,15.52,2.91,0.0,2.0,1.0,53.28,104.65
2026-06-30,Meta Ads,Prospecting - Lookalike 1%,107.9,27.08,14.940000000000001,3.73,0.0,2.0,2.0,39.07,130.76
2026-06-30,Meta Ads,Retargeting - Cart Abandon,86.7,24.0,7.7,2.81,0.0,1.0,1.0,22.43,155.47
2026-06-30,Meta Ads,Retargeting - Engaged 30d,58.330000000000005,12.0,7.16,1.99,0.0,1.0,1.0,20.46,74.39
2026-06-30,Organic Search,(organic),456.54,140.04000000000002,45.11,14.73,32.89,5.0,3.0,0.0,0.0
2026-06-30,Organic Social,(organic social),125.14000000000001,32.4,16.59,4.23,54.19,2.0,2.0,0.0,0.0
2026-07-01,Direct,(direct),283.63,73.2,40.99,9.72,47.92,5.0,1.0,0.0,0.0
2026-07-01,Email/SMS,Flow - Post Purchase Winback,28.95,6.6,6.73,1.14,0.0,1.0,0.0,0.0,0.0
2026-07-01,Email/SMS,Flow - Welcome Series,139.55,36.44,23.479999999999997,4.949999999999999,0.0,3.0,0.0,0.0,0.0
2026-07-01,Google Ads,PMax - Skincare Prospecting,83.03,22.8,7.79,2.71,0.0,1.0,1.0,39.6,89.42
2026-07-01,Google Ads,Search - Brand,200.88,50.4,23.64,6.72,42.9,3.0,3.0,16.82,209.98
2026-07-01,Google Ads,Search - Nonbrand Skincare,48.95,10.5,8.26,1.72,0.0,1.0,1.0,15.13,51.32
2026-07-01,Google Ads,Shopping - Bestsellers,329.24,99.94,32.05,10.75,0.0,4.0,3.0,95.35,421.65
2026-07-01,Meta Ads,Prospecting - Broad,58.95,16.64,7.8,2.01,0.0,1.0,1.0,37.67,91.06
2026-07-01,Meta Ads,Prospecting - Lookalike 1%,189.73,45.6,23.93,6.41,0.0,3.0,2.0,64.77,270.25
2026-07-01,Meta Ads,Retargeting - Cart Abandon,208.0,66.56,14.54,6.64,0.0,2.0,1.0,32.49,312.42
2026-07-01,Meta Ads,Retargeting - Engaged 30d,201.98,75.4,15.52,6.46,0.0,2.0,1.0,74.75,280.74
2026-07-01,Organic Search,(organic),411.17,124.11999999999999,43.84,13.43,114.42999999999999,5.0,4.0,0.0,0.0
2026-07-01,Organic Social,(organic social),373.29,106.4,41.34,12.33,31.48,5.0,3.0,0.0,0.0
2026-07-01,Unattributed,(not set),77.46000000000001,18.080000000000002,17.05,2.85,0.0,2.0,2.0,0.0,0.0
2026-07-02,Direct,(direct),304.27,90.64,40.78,10.309999999999999,0.0,5.0,2.0,0.0,0.0
2026-07-02,Email/SMS,Flow - Abandoned Cart,28.55,7.2,9.56,1.13,0.0,1.0,0.0,0.0,0.0
2026-07-02,Email/SMS,Flow - Post Purchase Winback,30.78,6.6,7.34,1.19,0.0,1.0,0.0,0.0,0.0
2026-07-02,Email/SMS,Flow - Welcome Series,215.96,57.6,16.26,6.870000000000001,0.0,2.0,0.0,0.0,0.0
2026-07-02,Google Ads,PMax - Skincare Prospecting,93.45,38.0,7.65,3.01,0.0,1.0,1.0,42.27,117.91
2026-07-02,Google Ads,Search - Brand,88.65,21.9,15.52,3.17,0.0,2.0,1.0,10.97,100.36
2026-07-02,Google Ads,Search - Nonbrand Skincare,372.49,93.08000000000001,38.65,12.29,0.0,5.0,4.0,145.6,391.06
2026-07-02,Google Ads,Shopping - Bestsellers,206.44,60.5,24.049999999999997,6.89,0.0,3.0,2.0,73.0,248.09
2026-07-02,Meta Ads,Prospecting - Broad,0.0,0.0,0.0,0.0,0.0,0.0,0.0,12.46,4.21
2026-07-02,Meta Ads,Prospecting - Lookalike 1%,300.1,110.03999999999999,32.78,9.9,0.0,4.0,2.0,161.21,478.13
2026-07-02,Meta Ads,Retargeting - Cart Abandon,0.0,0.0,0.0,0.0,0.0,0.0,0.0,17.56,7.36
2026-07-02,Meta Ads,Retargeting - Engaged 30d,295.94,75.75999999999999,50.970000000000006,10.370000000000001,0.0,6.0,4.0,122.67,434.56
2026-07-02,Organic Search,(organic),489.65999999999997,125.26000000000002,54.150000000000006,16.290000000000003,0.0,7.0,4.0,0.0,0.0
2026-07-02,Organic Social,(organic social),28.95,6.6,9.51,1.14,0.0,1.0,1.0,0.0,0.0
2026-07-02,Unattributed,(not set),28.32,7.2,7.81,1.12,0.0,1.0,0.0,0.0,0.0
2026-07-03,Direct,(direct),703.55,227.88,50.699999999999996,22.189999999999998,160.95,6.0,2.0,0.0,0.0
2026-07-03,Email/SMS,Campaign - Monthly Newsletter,334.54,87.08000000000001,40.010000000000005,11.21,0.0,5.0,1.0,0.0,0.0
2026-07-03,Email/SMS,Flow - Abandoned Cart,35.24,9.6,7.75,1.32,0.0,1.0,0.0,0.0,0.0
2026-07-03,Email/SMS,Flow - Post Purchase Winback,77.9,17.1,16.57,2.86,0.0,2.0,0.0,0.0,0.0
2026-07-03,Email/SMS,Flow - Welcome Series,42.24,9.6,7.56,1.52,0.0,1.0,0.0,0.0,0.0
2026-07-03,Google Ads,PMax - Skincare Prospecting,229.14,53.86000000000001,29.119999999999997,7.8500000000000005,0.0,4.0,3.0,111.0,264.92
2026-07-03,Google Ads,Search - Brand,237.33999999999997,82.9,22.77,7.779999999999999,0.0,3.0,2.0,22.17,268.6
2026-07-03,Google Ads,Search - Nonbrand Skincare,38.230000000000004,8.4,9.36,1.41,0.0,1.0,1.0,14.57,40.48
2026-07-03,Google Ads,Shopping - Bestsellers,319.2,93.96,32.24,10.450000000000001,0.0,4.0,4.0,95.21,371.69
2026-07-03,Meta Ads,Prospecting - Broad,111.79,27.14,16.04,3.84,0.0,2.0,2.0,60.69,157.29
2026-07-03,Meta Ads,Prospecting - Lookalike 1%,224.73,62.400000000000006,25.689999999999998,7.42,0.0,3.0,3.0,125.46,271.22
2026-07-03,Meta Ads,Retargeting - Cart Abandon,128.95,45.2,15.07,4.34,0.0,2.0,2.0,22.71,169.47
2026-07-03,Meta Ads,Retargeting - Engaged 30d,179.96,45.68,24.4,6.12,0.0,3.0,3.0,65.85,268.47
2026-07-03,Organic Search,(organic),194.7,52.96,24.080000000000002,6.54,0.0,3.0,2.0,0.0,0.0
2026-07-03,Organic Social,(organic social),70.95,19.2,7.82,2.36,70.95,1.0,0.0,0.0,0.0
2026-07-04,Direct,(direct),977.29,353.96000000000004,43.38,29.840000000000003,0.0,5.0,2.0,0.0,0.0
2026-07-04,Email/SMS,Campaign - Monthly Newsletter,274.38,70.88,24.730000000000004,8.85,0.0,3.0,0.0,0.0,0.0
2026-07-04,Email/SMS,Flow - Abandoned Cart,81.34,19.2,14.66,2.96,0.0,2.0,1.0,0.0,0.0
2026-07-04,Email/SMS,Flow - Post Purchase Winback,81.11,38.0,8.38,2.65,0.0,1.0,0.0,0.0,0.0
2026-07-04,Email/SMS,Flow - Welcome Series,84.31,20.1,17.39,3.05,0.0,2.0,0.0,0.0,0.0
2026-07-04,Google Ads,PMax - Skincare Prospecting,54.440000000000005,16.64,8.0,1.88,0.0,1.0,1.0,25.13,64.98
2026-07-04,Google Ads,Search - Brand,259.19,74.98,37.59,9.01,0.0,5.0,5.0,29.95,272.3
2026-07-04,Google Ads,Search - Nonbrand Skincare,0.0,0.0,0.0,0.0,0.0,0.0,0.0,9.37,5.6
2026-07-04,Google Ads,Shopping - Bestsellers,56.620000000000005,15.68,7.51,1.94,0.0,1.0,1.0,20.03,66.67
2026-07-04,Meta Ads,Prospecting - Broad,269.36,89.36000000000001,24.27,8.71,0.0,3.0,1.0,221.01,439.91
2026-07-04,Meta Ads,Prospecting - Lookalike 1%,238.51,68.4,24.43,7.8100000000000005,46.63,3.0,1.0,95.81,412.08
2026-07-04,Meta Ads,Retargeting - Cart Abandon,132.17,32.480000000000004,23.77,4.72,0.0,3.0,3.0,22.31,207.22
2026-07-04,Meta Ads,Retargeting - Engaged 30d,526.7,176.78,40.95,16.77,0.0,5.0,4.0,151.14,743.91
2026-07-04,Organic Search,(organic),434.34999999999997,137.57999999999998,49.06,14.389999999999999,0.0,6.0,4.0,0.0,0.0
2026-07-04,Organic Social,(organic social),31.61,6.6,7.01,1.22,0.0,1.0,0.0,0.0,0.0
2026-07-04,Unattributed,(not set),488.85999999999996,215.64,22.189999999999998,15.07,0.0,3.0,2.0,0.0,0.0
2026-07-05,Direct,(direct),614.02,168.2,64.15,20.21,25.2,8.0,3.0,0.0,0.0
2026-07-05,Email/SMS,Campaign - Monthly Newsletter,92.61,23.84,18.61,3.29,0.0,2.0,0.0,0.0,0.0
2026-07-05,Email/SMS,Flow - Abandoned Cart,70.95,19.2,7.82,2.36,0.0,1.0,0.0,0.0,0.0
2026-07-05,Email/SMS,Flow - Post Purchase Winback,93.9,21.6,16.85,3.32,0.0,2.0,0.0,0.0,0.0
2026-07-05,Email/SMS,Flow - Welcome Series,54.95,12.0,8.19,1.89,0.0,1.0,0.0,0.0,0.0
2026-07-05,Google Ads,PMax - Skincare Prospecting,366.47,116.76,40.760000000000005,12.129999999999999,81.99,5.0,4.0,147.3,428.51
2026-07-05,Google Ads,Search - Brand,143.58,35.4,16.23,4.77,59.58,2.0,1.0,13.12,162.02
2026-07-05,Google Ads,Search - Nonbrand Skincare,213.85000000000002,76.68,19.08,6.8,0.0,2.0,1.0,86.97,221.24
2026-07-05,Google Ads,Shopping - Bestsellers,0.0,0.0,0.0,0.0,0.0,0.0,0.0,9.33,6.97
2026-07-05,Meta Ads,Prospecting - Broad,196.0,76.0,7.6,5.98,0.0,1.0,1.0,130.32,273.48
2026-07-05,Meta Ads,Prospecting - Lookalike 1%,648.0,207.84000000000003,37.97,20.3,0.0,5.0,5.0,348.73,785.66
2026-07-05,Meta Ads,Retargeting - Cart Abandon,326.97,81.76,24.52,10.38,0.0,3.0,2.0,71.18,392.76
2026-07-05,Meta Ads,Retargeting - Engaged 30d,0.0,0.0,0.0,0.0,0.0,0.0,0.0,14.07,6.54
2026-07-05,Organic Search,(organic),394.28,107.24000000000001,49.11,13.22,54.95,6.0,5.0,0.0,0.0
2026-07-05,Organic Social,(organic social),269.23,92.5,24.33,8.700000000000001,0.0,3.0,3.0,0.0,0.0
2026-07-05,Unattributed,(not set),27.58,7.2,8.59,1.1,0.0,1.0,1.0,0.0,0.0
2026-07-06,Direct,(direct),600.4200000000001,168.62,73.51,20.109999999999996,18.96,9.0,4.0,0.0,0.0
2026-07-06,Email/SMS,Campaign - Monthly Newsletter,30.65,8.4,8.17,1.19,0.0,1.0,0.0,0.0,0.0
2026-07-06,Email/SMS,Flow - Abandoned Cart,240.76,63.3,30.089999999999996,8.18,0.0,4.0,0.0,0.0,0.0
2026-07-06,Email/SMS,Flow - Post Purchase Winback,48.2,11.4,9.26,1.7,0.0,1.0,0.0,0.0,0.0
2026-07-06,Email/SMS,Flow - Welcome Series,50.95,13.2,8.84,1.78,0.0,1.0,0.0,0.0,0.0
2026-07-06,Google Ads,PMax - Skincare Prospecting,145.0,61.0,7.36,4.5,145.0,1.0,1.0,62.5,161.56
2026-07-06,Google Ads,Search - Brand,41.300000000000004,9.6,7.17,1.5,0.0,1.0,0.0,13.26,44.87
2026-07-06,Google Ads,Search - Nonbrand Skincare,0.0,0.0,0.0,0.0,0.0,0.0,0.0,10.98,10.81
2026-07-06,Google Ads,Shopping - Bestsellers,0.0,0.0,0.0,0.0,0.0,0.0,0.0,11.71,4.26
2026-07-06,Meta Ads,Prospecting - Broad,280.0,97.0,17.03,8.72,0.0,2.0,0.0,193.49,364.13
2026-07-06,Meta Ads,Prospecting - Lookalike 1%,28.95,6.6,7.91,1.14,0.0,1.0,1.0,13.73,38.05
2026-07-06,Meta Ads,Retargeting - Cart Abandon,203.93,48.9,26.160000000000004,6.81,0.0,3.0,2.0,43.88,253.05
2026-07-06,Meta Ads,Retargeting - Engaged 30d,37.29,10.88,7.04,1.38,0.0,1.0,0.0,16.18,50.35
2026-07-06,Organic Search,(organic),199.39,67.84,33.019999999999996,6.98,0.0,4.0,4.0,0.0,0.0
2026-07-06,Organic Social,(organic social),289.4,72.9,33.2,9.59,0.0,4.0,4.0,0.0,0.0
2026-07-06,Unattributed,(not set),84.0,25.2,7.32,2.74,84.0,1.0,1.0,0.0,0.0
2026-07-07,Direct,(direct),217.0,52.28,42.11,7.790000000000001,0.0,5.0,1.0,0.0,0.0
2026-07-07,Email/SMS,Campaign - Monthly Newsletter,58.95,16.64,6.93,2.01,0.0,1.0,0.0,0.0,0.0
2026-07-07,Email/SMS,Flow - Abandoned Cart,92.77000000000001,26.240000000000002,15.959999999999999,3.29,0.0,2.0,0.0,0.0,0.0
2026-07-07,Email/SMS,Flow - Post Purchase Winback,28.38,7.2,7.75,1.12,0.0,1.0,0.0,0.0,0.0
2026-07-07,Email/SMS,Flow - Welcome Series,162.95,44.7,15.43,5.33,0.0,2.0,0.0,0.0,0.0
2026-07-07,Google Ads,PMax - Skincare Prospecting,0.0,0.0,0.0,0.0,0.0,0.0,0.0,14.28,14.74
2026-07-07,Google Ads,Search - Brand,294.44,83.84,33.84,9.74,0.0,4.0,3.0,27.69,369.14
2026-07-07,Google Ads,Search - Nonbrand Skincare,96.0,28.8,7.89,3.08,0.0,1.0,1.0,25.17,108.89
2026-07-07,Google Ads,Shopping - Bestsellers,145.0,61.0,7.98,4.5,0.0,1.0,1.0,33.02,175.74
2026-07-07,Meta Ads,Prospecting - Broad,28.95,6.6,7.54,1.14,0.0,1.0,1.0,16.08,39.22
2026-07-07,Meta Ads,Prospecting - Lookalike 1%,85.53,19.8,17.450000000000003,3.08,0.0,2.0,1.0,32.5,131.03
2026-07-07,Meta Ads,Retargeting - Cart Abandon,119.72000000000001,30.6,25.31,4.37,0.0,3.0,2.0,28.33,164.36
2026-07-07,Meta Ads,Retargeting - Engaged 30d,563.1800000000001,173.4,41.47,17.830000000000002,0.0,5.0,5.0,226.82,826.42
2026-07-07,Organic Search,(organic),683.76,223.09999999999997,65.05,22.22,27.48,8.0,3.0,0.0,0.0
2026-07-07,Organic Social,(organic social),67.0,15.68,9.18,2.24,0.0,1.0,1.0,0.0,0.0
2026-07-08,Direct,(direct),580.97,173.76,61.34,19.240000000000002,0.0,8.0,1.0,0.0,0.0
2026-07-08,Email/SMS,Flow - Abandoned Cart,31.58,7.2,6.71,1.22,0.0,1.0,0.0,0.0,0.0
2026-07-08,Email/SMS,Flow - Welcome Series,223.22,55.2,15.83,7.08,0.0,2.0,1.0,0.0,0.0
2026-07-08,Google Ads,PMax - Skincare Prospecting,58.95,16.64,8.57,2.01,0.0,1.0,1.0,23.41,65.2
2026-07-08,Google Ads,Search - Brand,76.61000000000001,18.0,16.64,2.8200000000000003,0.0,2.0,2.0,12.28,92.44
2026-07-08,Google Ads,Search - Nonbrand Skincare,229.94,61.96,29.790000000000003,7.86,99.09,4.0,3.0,68.5,259.86
2026-07-08,Google Ads,Shopping - Bestsellers,58.95,16.64,9.02,2.01,0.0,1.0,1.0,17.4,69.2
2026-07-08,Meta Ads,Prospecting - Broad,179.48,43.36,16.61,5.81,0.0,2.0,1.0,86.98,225.36
2026-07-08,Meta Ads,Prospecting - Lookalike 1%,90.27000000000001,21.0,15.53,3.2199999999999998,0.0,2.0,1.0,33.49,108.77
2026-07-08,Meta Ads,Retargeting - Cart Abandon,43.370000000000005,10.5,6.96,1.56,0.0,1.0,1.0,13.17,60.44
2026-07-08,Meta Ads,Retargeting - Engaged 30d,164.26,38.56,24.76,5.67,0.0,3.0,2.0,54.75,231.8
2026-07-08,Organic Search,(organic),653.89,192.86,65.62,21.36,61.9,8.0,6.0,0.0,0.0
2026-07-08,Organic Social,(organic social),89.05,22.88,17.049999999999997,3.19,0.0,2.0,2.0,0.0,0.0
2026-07-08,Unattributed,(not set),33.870000000000005,9.6,7.65,1.28,0.0,1.0,0.0,0.0,0.0
2026-07-09,Direct,(direct),202.51,48.9,23.43,6.77,52.3,3.0,1.0,0.0,0.0
2026-07-09,Email/SMS,Campaign - Monthly Newsletter,135.94,45.6,8.4,4.24,0.0,1.0,1.0,0.0,0.0
2026-07-09,Email/SMS,Flow - Abandoned Cart,34.3,8.4,8.79,1.29,0.0,1.0,0.0,0.0,0.0
2026-07-09,Email/SMS,Flow - Post Purchase Winback,119.59,29.78,26.0,4.37,34.95,3.0,0.0,0.0,0.0
2026-07-09,Email/SMS,Flow - Welcome Series,128.95,45.2,17.619999999999997,4.34,0.0,2.0,1.0,0.0,0.0
2026-07-09,Google Ads,PMax - Skincare Prospecting,237.71999999999997,74.9,25.740000000000002,7.790000000000001,0.0,3.0,1.0,90.35,286.97
2026-07-09,Google Ads,Search - Brand,138.63000000000002,49.92,8.71,4.32,0.0,1.0,1.0,18.84,191.56
2026-07-09,Google Ads,Search - Nonbrand Skincare,60.75,15.600000000000001,17.05,2.36,0.0,2.0,2.0,27.39,69.61
2026-07-09,Google Ads,Shopping - Bestsellers,355.86,91.44,34.17,11.520000000000001,67.85,4.0,4.0,107.73,395.78
2026-07-09,Meta Ads,Prospecting - Broad,106.95,30.0,15.43,3.7,0.0,2.0,1.0,74.99,156.2
2026-07-09,Meta Ads,Prospecting - Lookalike 1%,307.31,91.4,24.74,9.81,0.0,3.0,2.0,117.09,449.65
2026-07-09,Meta Ads,Retargeting - Cart Abandon,188.79000000000002,51.76,24.07,6.369999999999999,0.0,3.0,3.0,31.78,250.97
2026-07-09,Meta Ads,Retargeting - Engaged 30d,0.0,0.0,0.0,0.0,0.0,0.0,0.0,17.77,13.51
2026-07-09,Organic Search,(organic),310.47,81.92,31.68,10.2,0.0,4.0,1.0,0.0,0.0
2026-07-09,Organic Social,(organic social),231.79000000000002,54.599999999999994,33.83,7.91,0.0,4.0,1.0,0.0,0.0
2026-07-09,Unattributed,(not set),375.82,139.7,23.4,11.8,0.0,3.0,2.0,0.0,0.0
2026-07-10,Direct,(direct),1038.6599999999999,368.7,53.54999999999999,32.230000000000004,580.0,7.0,2.0,0.0,0.0
2026-07-10,Email/SMS,Campaign - Monthly Newsletter,112.52000000000001,28.88,15.73,3.87,0.0,2.0,0.0,0.0,0.0
2026-07-10,Email/SMS,Flow - Post Purchase Winback,223.56,66.56,7.32,6.78,0.0,1.0,0.0,0.0,0.0
2026-07-10,Email/SMS,Flow - Welcome Series,333.77,96.9,33.9,10.879999999999999,0.0,4.0,1.0,0.0,0.0
2026-07-10,Google Ads,PMax - Skincare Prospecting,0.0,0.0,0.0,0.0,0.0,0.0,0.0,10.33,7.67
2026-07-10,Google Ads,Search - Brand,58.31,12.0,8.36,1.99,0.0,1.0,0.0,11.35,60.76
2026-07-10,Google Ads,Search - Nonbrand Skincare,51.84,10.5,7.53,1.8,0.0,1.0,1.0,14.01,59.28
2026-07-10,Google Ads,Shopping - Bestsellers,198.83,51.760000000000005,30.89,6.9799999999999995,0.0,4.0,4.0,62.6,255.49
2026-07-10,Meta Ads,Prospecting - Broad,633.55,228.6,32.44,19.58,0.0,4.0,2.0,390.68,758.32
2026-07-10,Meta Ads,Prospecting - Lookalike 1%,357.54,108.92,25.77,11.270000000000001,138.3,3.0,2.0,169.85,446.03
2026-07-10,Meta Ads,Retargeting - Cart Abandon,70.15,16.2,13.059999999999999,2.63,0.0,2.0,0.0,15.68,104.79
2026-07-10,Meta Ads,Retargeting - Engaged 30d,140.08,35.4,23.61,4.96,0.0,3.0,1.0,38.45,207.28
2026-07-10,Organic Search,(organic),379.69,100.19999999999999,45.83,12.81,64.5,6.0,4.0,0.0,0.0
2026-07-10,Organic Social,(organic social),284.2,97.0,25.98,9.14,0.0,3.0,3.0,0.0,0.0
2026-07-11,Direct,(direct),529.84,137.60000000000002,57.64,17.490000000000002,31.48,7.0,2.0,0.0,0.0
2026-07-11,Email/SMS,Campaign - Monthly Newsletter,284.72999999999996,90.18,31.589999999999996,9.45,0.0,4.0,0.0,0.0,0.0
2026-07-11,Email/SMS,Flow - Abandoned Cart,97.37,26.240000000000002,14.14,3.42,0.0,2.0,0.0,0.0,0.0
2026-07-11,Email/SMS,Flow - Post Purchase Winback,123.64000000000001,28.200000000000003,24.39,4.49,0.0,3.0,0.0,0.0,0.0
2026-07-11,Email/SMS,Flow - Welcome Series,96.11000000000001,26.4,17.91,3.3899999999999997,0.0,2.0,0.0,0.0,0.0
2026-07-11,Google Ads,PMax - Skincare Prospecting,133.98000000000002,32.4,17.95,4.48,0.0,2.0,2.0,67.27,161.14
2026-07-11,Google Ads,Search - Brand,206.42999999999998,63.239999999999995,22.36,6.890000000000001,0.0,3.0,3.0,30.79,261.19
2026-07-11,Google Ads,Search - Nonbrand Skincare,249.92000000000002,63.44,31.650000000000002,8.44,0.0,4.0,3.0,107.45,292.28
2026-07-11,Google Ads,Shopping - Bestsellers,54.95,12.0,8.38,1.89,0.0,1.0,1.0,13.93,56.89
2026-07-11,Meta Ads,Prospecting - Broad,48.230000000000004,11.4,8.58,1.7,0.0,1.0,1.0,21.32,74.17
2026-07-11,Meta Ads,Prospecting - Lookalike 1%,0.0,0.0,0.0,0.0,0.0,0.0,0.0,14.18,10.74
2026-07-11,Meta Ads,Retargeting - Cart Abandon,704.6600000000001,218.64,41.07000000000001,21.939999999999998,0.0,5.0,3.0,96.79,886.88
2026-07-11,Meta Ads,Retargeting - Engaged 30d,253.14,99.0,17.0,7.9399999999999995,0.0,2.0,0.0,108.39,330.2
2026-07-11,Organic Search,(organic),380.65,125.72,38.56,12.530000000000001,65.05,5.0,3.0,0.0,0.0
2026-07-11,Organic Social,(organic social),163.54000000000002,39.68,16.92,5.34,0.0,2.0,0.0,0.0,0.0
2026-07-11,Unattributed,(not set),91.03,21.0,6.86,2.94,0.0,1.0,1.0,0.0,0.0
2026-07-12,Direct,(direct),222.24,83.2,18.57,7.040000000000001,0.0,2.0,2.0,0.0,0.0
2026-07-12,Email/SMS,Campaign - Monthly Newsletter,26.8,7.2,6.67,1.08,0.0,1.0,0.0,0.0,0.0
2026-07-12,Email/SMS,Flow - Abandoned Cart,141.49,34.879999999999995,26.52,5.0,29.14,3.0,0.0,0.0,0.0
2026-07-12,Email/SMS,Flow - Post Purchase Winback,170.78,48.96,15.919999999999998,5.5600000000000005,0.0,2.0,0.0,0.0,0.0
2026-07-12,Email/SMS,Flow - Welcome Series,198.16,50.4,31.500000000000004,6.949999999999999,41.31,4.0,1.0,0.0,0.0
2026-07-12,Google Ads,PMax - Skincare Prospecting,428.58,104.64,26.04,13.32,41.17,3.0,3.0,129.99,480.18
2026-07-12,Google Ads,Search - Brand,38.95,9.6,8.16,1.43,0.0,1.0,1.0,10.95,47.41
2026-07-12,Google Ads,Search - Nonbrand Skincare,106.80000000000001,22.5,16.86,3.69,54.95,2.0,2.0,29.89,118.72
2026-07-12,Google Ads,Shopping - Bestsellers,0.0,0.0,0.0,0.0,0.0,0.0,0.0,11.91,9.81
2026-07-12,Meta Ads,Prospecting - Broad,238.67999999999998,58.49999999999999,28.380000000000003,8.12,0.0,4.0,2.0,117.12,362.5
2026-07-12,Meta Ads,Prospecting - Lookalike 1%,215.89999999999998,65.68,24.990000000000002,7.16,0.0,3.0,2.0,81.15,280.0
2026-07-12,Meta Ads,Retargeting - Cart Abandon,253.86999999999998,67.14,39.47,8.86,0.0,5.0,5.0,40.16,384.1
2026-07-12,Meta Ads,Retargeting - Engaged 30d,237.23000000000002,63.68,16.689999999999998,7.4799999999999995,89.14,2.0,2.0,80.87,359.55
2026-07-12,Organic Search,(organic),529.37,137.1,65.2,17.759999999999998,31.48,8.0,5.0,0.0,0.0
2026-07-12,Organic Social,(organic social),170.95,45.760000000000005,15.25,5.550000000000001,0.0,2.0,2.0,0.0,0.0
2026-07-13,Direct,(direct),186.94,55.040000000000006,24.54,6.32,0.0,3.0,0.0,0.0,0.0
2026-07-13,Email/SMS,Flow - Abandoned Cart,147.17000000000002,40.96,16.19,4.87,0.0,2.0,0.0,0.0,0.0
2026-07-13,Email/SMS,Flow - Welcome Series,93.47,25.2,17.13,3.31,0.0,2.0,0.0,0.0,0.0
2026-07-13,Google Ads,PMax - Skincare Prospecting,0.0,0.0,0.0,0.0,0.0,0.0,0.0,8.5,4.24
2026-07-13,Google Ads,Search - Brand,181.32,42.0,7.83,5.56,0.0,1.0,1.0,15.14,201.47
2026-07-13,Google Ads,Search - Nonbrand Skincare,58.95,16.64,7.41,2.01,0.0,1.0,1.0,24.34,69.26
2026-07-13,Google Ads,Shopping - Bestsellers,410.28000000000003,103.06,60.39,14.0,57.52,7.0,7.0,94.8,440.55
2026-07-13,Meta Ads,Prospecting - Broad,283.0,93.47999999999999,22.56,9.110000000000001,0.0,3.0,3.0,147.96,385.0
2026-07-13,Meta Ads,Prospecting - Lookalike 1%,187.43,43.2,16.91,6.03,0.0,2.0,1.0,61.5,228.18
2026-07-13,Meta Ads,Retargeting - Cart Abandon,0.0,0.0,0.0,0.0,0.0,0.0,0.0,19.27,10.45
2026-07-13,Meta Ads,Retargeting - Engaged 30d,48.330000000000005,14.4,9.0,1.7,0.0,1.0,1.0,19.48,72.76
2026-07-13,Organic Search,(organic),576.1400000000001,144.6,89.97,20.009999999999998,0.0,11.0,8.0,0.0,0.0
2026-07-13,Organic Social,(organic social),113.44,33.28,8.02,3.59,0.0,1.0,0.0,0.0,0.0
2026-07-14,Direct,(direct),437.14,142.24,38.44,14.18,0.0,5.0,2.0,0.0,0.0
2026-07-14,Email/SMS,Campaign - Monthly Newsletter,82.09,22.8,8.98,2.68,0.0,1.0,0.0,0.0,0.0
2026-07-14,Email/SMS,Flow - Abandoned Cart,74.1,18.080000000000002,15.79,2.75,0.0,2.0,0.0,0.0,0.0
2026-07-14,Email/SMS,Flow - Welcome Series,85.9,19.2,14.71,3.09,0.0,2.0,0.0,0.0,0.0
2026-07-14,Google Ads,PMax - Skincare Prospecting,135.86,34.8,16.4,4.54,0.0,2.0,2.0,56.23,150.89
2026-07-14,Google Ads,Search - Brand,117.16,27.68,16.28,4.0,0.0,2.0,1.0,15.05,141.86
2026-07-14,Google Ads,Search - Nonbrand Skincare,201.20999999999998,50.56,30.01,7.029999999999999,0.0,4.0,3.0,65.8,232.3
2026-07-14,Google Ads,Shopping - Bestsellers,0.0,0.0,0.0,0.0,0.0,0.0,0.0,8.83,3.78
2026-07-14,Meta Ads,Prospecting - Broad,124.02000000000001,28.64,16.57,4.2,0.0,2.0,1.0,89.27,150.59
2026-07-14,Meta Ads,Prospecting - Lookalike 1%,76.0,22.8,6.52,2.5,0.0,1.0,1.0,28.23,89.84
2026-07-14,Meta Ads,Retargeting - Cart Abandon,110.51,28.200000000000003,14.71,3.8099999999999996,86.73,2.0,1.0,21.59,130.5
2026-07-14,Meta Ads,Retargeting - Engaged 30d,62.95,15.68,7.3,2.13,0.0,1.0,1.0,22.56,79.98
2026-07-14,Organic Search,(organic),274.66,75.08000000000001,32.06,9.17,72.98,4.0,4.0,0.0,0.0
2026-07-14,Organic Social,(organic social),502.50000000000006,140.14000000000001,64.43,16.96,0.0,8.0,6.0,0.0,0.0
2026-07-14,Unattributed,(not set),33.769999999999996,7.2,8.29,1.28,0.0,1.0,0.0,0.0,0.0
2026-07-15,Direct,(direct),351.41,89.53999999999999,60.33,12.280000000000001,14.48,7.0,2.0,0.0,0.0
2026-07-15,Email/SMS,Campaign - Monthly Newsletter,92.31,21.6,16.02,3.2800000000000002,59.35,2.0,0.0,0.0,0.0
2026-07-15,Email/SMS,Flow - Abandoned Cart,180.86,51.68000000000001,24.71,6.15,0.0,3.0,2.0,0.0,0.0
2026-07-15,Email/SMS,Flow - Welcome Series,391.55,125.48,31.66,12.56,0.0,4.0,0.0,0.0,0.0
2026-07-15,Google Ads,PMax - Skincare Prospecting,290.0,86.0,15.24,9.01,98.0,2.0,1.0,102.14,323.65
2026-07-15,Google Ads,Search - Brand,171.59,40.879999999999995,24.23,5.89,0.0,3.0,2.0,18.82,185.48
2026-07-15,Google Ads,Search - Nonbrand Skincare,48.95,10.5,8.82,1.72,0.0,1.0,1.0,16.9,53.64
2026-07-15,Google Ads,Shopping - Bestsellers,101.44,27.14,16.880000000000003,3.54,48.95,2.0,2.0,24.24,113.66
2026-07-15,Meta Ads,Prospecting - Broad,98.0,38.0,6.76,3.14,0.0,1.0,0.0,55.4,128.52
2026-07-15,Meta Ads,Prospecting - Lookalike 1%,62.95,16.8,8.57,2.13,0.0,1.0,1.0,31.83,74.59
2026-07-15,Meta Ads,Retargeting - Cart Abandon,40.95,10.88,8.46,1.49,0.0,1.0,0.0,13.15,57.68
2026-07-15,Meta Ads,Retargeting - Engaged 30d,229.26,58.5,31.72,7.85,0.0,4.0,4.0,73.55,289.53
2026-07-15,Organic Search,(organic),653.3000000000001,222.56,48.59,20.75,0.0,6.0,3.0,0.0,0.0
2026-07-15,Organic Social,(organic social),33.75,7.2,8.81,1.28,0.0,1.0,1.0,0.0,0.0
2026-07-16,Direct,(direct),609.0500000000001,171.48,77.21000000000001,20.66,98.0,10.0,3.0,0.0,0.0
2026-07-16,Email/SMS,Campaign - Monthly Newsletter,76.0,22.8,8.99,2.5,0.0,1.0,0.0,0.0,0.0
2026-07-16,Email/SMS,Flow - Abandoned Cart,105.41,31.36,7.96,3.36,0.0,1.0,0.0,0.0,0.0
2026-07-16,Email/SMS,Flow - Post Purchase Winback,93.9,21.6,15.32,3.32,0.0,2.0,0.0,0.0,0.0
2026-07-16,Email/SMS,Flow - Welcome Series,134.95,38.4,16.26,4.51,0.0,2.0,0.0,0.0,0.0
2026-07-16,Google Ads,PMax - Skincare Prospecting,128.95,32.4,16.48,4.34,0.0,2.0,1.0,56.9,142.37
2026-07-16,Google Ads,Search - Brand,191.9,59.6,24.17,6.46,0.0,3.0,2.0,15.94,211.16
2026-07-16,Google Ads,Search - Nonbrand Skincare,0.0,0.0,0.0,0.0,0.0,0.0,0.0,13.68,5.75
2026-07-16,Google Ads,Shopping - Bestsellers,0.0,0.0,0.0,0.0,0.0,0.0,0.0,10.63,9.03
2026-07-16,Meta Ads,Prospecting - Broad,176.06,38.7,32.7,6.3,0.0,4.0,1.0,126.38,256.46
2026-07-16,Meta Ads,Prospecting - Lookalike 1%,388.47999999999996,140.6,22.720000000000002,12.169999999999998,0.0,3.0,1.0,220.55,471.85
2026-07-16,Meta Ads,Retargeting - Cart Abandon,324.13,90.08,30.8,10.6,0.0,4.0,2.0,51.41,444.4
2026-07-16,Meta Ads,Retargeting - Engaged 30d,31.25,6.6,7.52,1.21,31.25,1.0,1.0,16.55,41.77
2026-07-16,Organic Search,(organic),269.27,77.68,32.89,9.01,0.0,4.0,3.0,0.0,0.0
2026-07-16,Organic Social,(organic social),84.53999999999999,19.2,15.55,3.05,54.95,2.0,1.0,0.0,0.0
2026-07-17,Direct,(direct),144.85000000000002,33.38,22.18,5.1,48.95,3.0,1.0,0.0,0.0
2026-07-17,Email/SMS,Campaign - Monthly Newsletter,163.58,40.8,16.259999999999998,5.34,0.0,2.0,0.0,0.0,0.0
2026-07-17,Email/SMS,Flow - Abandoned Cart,124.4,35.84,24.98,4.510000000000001,0.0,3.0,0.0,0.0,0.0
2026-07-17,Email/SMS,Flow - Post Purchase Winback,301.9,104.96000000000001,22.71,9.65,0.0,3.0,0.0,0.0,0.0
2026-07-17,Email/SMS,Flow - Welcome Series,58.95,16.64,9.28,2.01,0.0,1.0,0.0,0.0,0.0
2026-07-17,Google Ads,PMax - Skincare Prospecting,186.1,60.36,20.57,6.3,0.0,3.0,3.0,109.93,240.85
2026-07-17,Google Ads,Search - Brand,103.76,28.8,7.12,3.31,0.0,1.0,1.0,10.27,118.22
2026-07-17,Google Ads,Search - Nonbrand Skincare,473.65,140.36,33.3,14.95,0.0,4.0,4.0,174.31,568.36
2026-07-17,Google Ads,Shopping - Bestsellers,66.96000000000001,15.68,7.56,2.24,0.0,1.0,0.0,17.13,69.89
2026-07-17,Meta Ads,Prospecting - Broad,0.0,0.0,0.0,0.0,0.0,0.0,0.0,17.38,6.15
2026-07-17,Meta Ads,Prospecting - Lookalike 1%,64.28,14.4,13.899999999999999,2.4699999999999998,0.0,2.0,2.0,29.49,90.67
2026-07-17,Meta Ads,Retargeting - Cart Abandon,112.0,33.6,7.16,3.55,0.0,1.0,1.0,16.77,156.94
2026-07-17,Meta Ads,Retargeting - Engaged 30d,298.12,72.30000000000001,48.68999999999999,10.440000000000001,48.64,6.0,5.0,83.4,465.62
2026-07-17,Organic Search,(organic),533.52,136.57999999999998,67.83,17.88,0.0,8.0,4.0,0.0,0.0
2026-07-17,Organic Social,(organic social),122.85000000000001,28.2,26.63,4.46,0.0,3.0,3.0,0.0,0.0
2026-07-18,Direct,(direct),598.57,174.4,59.47,19.75,0.0,8.0,3.0,0.0,0.0
2026-07-18,Email/SMS,Flow - Abandoned Cart,49.38,12.0,9.19,1.73,0.0,1.0,1.0,0.0,0.0
2026-07-18,Email/SMS,Flow - Post Purchase Winback,193.8,49.64,33.37,6.819999999999999,0.0,4.0,0.0,0.0,0.0
2026-07-18,Email/SMS,Flow - Welcome Series,70.95,19.2,8.38,2.36,0.0,1.0,0.0,0.0,0.0
2026-07-18,Google Ads,PMax - Skincare Prospecting,214.37,76.0,8.53,6.52,0.0,1.0,1.0,94.43,225.28
2026-07-18,Google Ads,Search - Brand,188.42,47.1,26.04,6.359999999999999,0.0,3.0,3.0,19.59,232.6
2026-07-18,Google Ads,Search - Nonbrand Skincare,0.0,0.0,0.0,0.0,0.0,0.0,0.0,9.13,3.46
2026-07-18,Google Ads,Shopping - Bestsellers,364.81,98.26,49.620000000000005,12.379999999999999,0.0,6.0,6.0,120.47,449.51
2026-07-18,Meta Ads,Prospecting - Broad,82.88,20.48,17.7,3.01,0.0,2.0,2.0,39.55,127.45
2026-07-18,Meta Ads,Prospecting - Lookalike 1%,41.940000000000005,9.6,8.22,1.52,0.0,1.0,1.0,17.24,63.84
2026-07-18,Meta Ads,Retargeting - Cart Abandon,224.9,80.8,24.47,7.41,34.95,3.0,2.0,52.06,318.33
2026-07-18,Meta Ads,Retargeting - Engaged 30d,234.61,57.760000000000005,23.56,7.7,0.0,3.0,1.0,70.83,297.44
2026-07-18,Organic Search,(organic),612.1899999999999,203.68,55.1,19.85,59.32,7.0,4.0,0.0,0.0
2026-07-18,Organic Social,(organic social),205.6,52.8,24.839999999999996,6.859999999999999,0.0,3.0,2.0,0.0,0.0
2026-07-18,Unattributed,(not set),51.89,10.5,8.68,1.8,0.0,1.0,0.0,0.0,0.0
2026-07-19,Direct,(direct),397.12000000000006,136.64000000000001,46.96,13.310000000000002,0.0,6.0,2.0,0.0,0.0
2026-07-19,Email/SMS,Campaign - Monthly Newsletter,168.96,72.4,14.350000000000001,5.5,0.0,2.0,0.0,0.0,0.0
2026-07-19,Email/SMS,Flow - Abandoned Cart,140.67000000000002,36.68,17.46,4.68,84.0,2.0,1.0,0.0,0.0
2026-07-19,Email/SMS,Flow - Post Purchase Winback,166.85,54.8,15.71,5.4399999999999995,0.0,2.0,0.0,0.0,0.0
2026-07-19,Email/SMS,Flow - Welcome Series,243.04000000000002,91.6,33.629999999999995,8.26,119.51,4.0,0.0,0.0,0.0
2026-07-19,Google Ads,PMax - Skincare Prospecting,118.34,38.4,9.29,3.73,0.0,1.0,0.0,47.53,161.43
2026-07-19,Google Ads,Search - Brand,97.95000000000002,23.4,15.69,3.44,49.4,2.0,2.0,14.1,109.41
2026-07-19,Google Ads,Search - Nonbrand Skincare,0.0,0.0,0.0,0.0,0.0,0.0,0.0,13.52,6.0
2026-07-19,Google Ads,Shopping - Bestsellers,367.54,123.56,31.55,11.86,104.51,4.0,2.0,104.59,457.59
2026-07-19,Meta Ads,Prospecting - Broad,92.87,38.0,8.36,2.99,0.0,1.0,0.0,77.9,147.91
2026-07-19,Meta Ads,Prospecting - Lookalike 1%,240.13,62.699999999999996,24.400000000000002,7.86,0.0,3.0,3.0,102.53,308.17
2026-07-19,Meta Ads,Retargeting - Cart Abandon,254.39999999999998,59.4,30.099999999999998,8.58,0.0,4.0,2.0,34.91,350.81
2026-07-19,Meta Ads,Retargeting - Engaged 30d,323.77,86.48,21.8,10.290000000000001,0.0,3.0,1.0,128.46,462.72
2026-07-19,Organic Search,(organic),477.16999999999996,129.68,56.040000000000006,15.939999999999998,0.0,7.0,6.0,0.0,0.0
2026-07-19,Organic Social,(organic social),38.95,9.6,9.67,1.43,19.48,1.0,1.0,0.0,0.0
2026-07-20,Direct,(direct),507.89000000000004,141.14,52.02,16.82,0.0,7.0,1.0,0.0,0.0
2026-07-20,Email/SMS,Campaign - Monthly Newsletter,67.73,15.68,7.86,2.26,0.0,1.0,0.0,0.0,0.0
2026-07-20,Email/SMS,Flow - Abandoned Cart,142.46,50.0,16.560000000000002,4.7299999999999995,0.0,2.0,0.0,0.0,0.0
2026-07-20,Email/SMS,Flow - Post Purchase Winback,62.95,15.68,9.52,2.13,62.95,1.0,0.0,0.0,0.0
2026-07-20,Google Ads,PMax - Skincare Prospecting,30.619999999999997,6.6,8.88,1.19,0.0,1.0,1.0,10.87,34.29
2026-07-20,Google Ads,Search - Brand,338.95000000000005,128.4,15.39,10.43,0.0,2.0,2.0,32.37,448.64
2026-07-20,Google Ads,Search - Nonbrand Skincare,54.95,14.4,7.36,1.89,0.0,1.0,1.0,14.07,58.96
2026-07-20,Google Ads,Shopping - Bestsellers,42.86000000000001,11.4,7.6,1.54,0.0,1.0,1.0,11.9,53.42
2026-07-20,Meta Ads,Prospecting - Broad,101.75,23.4,25.550000000000004,3.8499999999999996,0.0,3.0,1.0,65.41,131.87
2026-07-20,Meta Ads,Prospecting - Lookalike 1%,250.35,122.0,8.06,7.56,0.0,1.0,0.0,170.42,365.1
2026-07-20,Meta Ads,Retargeting - Cart Abandon,93.94,21.6,15.68,3.3200000000000003,16.94,2.0,2.0,19.93,131.32
2026-07-20,Meta Ads,Retargeting - Engaged 30d,57.9,13.2,15.79,2.28,0.0,2.0,1.0,17.99,89.24
2026-07-20,Organic Search,(organic),660.35,195.0,72.0,21.83,0.0,9.0,5.0,0.0,0.0
2026-07-20,Organic Social,(organic social),38.95,9.6,8.23,1.43,0.0,1.0,0.0,0.0,0.0
2026-07-20,Unattributed,(not set),44.95,11.4,8.37,1.6,0.0,1.0,0.0,0.0,0.0
2026-07-21,Direct,(direct),266.83,79.92,33.4,8.94,0.0,4.0,1.0,0.0,0.0
2026-07-21,Email/SMS,Campaign - Monthly Newsletter,155.47,61.0,9.09,4.81,0.0,1.0,0.0,0.0,0.0
2026-07-21,Email/SMS,Flow - Abandoned Cart,84.61,21.6,17.490000000000002,3.05,0.0,2.0,0.0,0.0,0.0
2026-07-21,Email/SMS,Flow - Post Purchase Winback,112.0,31.36,8.19,3.55,0.0,1.0,1.0,0.0,0.0
2026-07-21,Email/SMS,Flow - Welcome Series,155.61,37.8,25.48,5.41,41.43,3.0,0.0,0.0,0.0
2026-07-21,Google Ads,PMax - Skincare Prospecting,79.57000000000001,18.0,15.8,2.91,0.0,2.0,1.0,39.17,93.67
2026-07-21,Google Ads,Search - Brand,0.0,0.0,0.0,0.0,0.0,0.0,0.0,11.0,7.86
2026-07-21,Google Ads,Search - Nonbrand Skincare,944.49,374.4,24.970000000000002,28.29,0.0,3.0,1.0,262.57,1038.25
2026-07-21,Google Ads,Shopping - Bestsellers,54.95,12.0,8.37,1.89,0.0,1.0,1.0,19.18,66.02
2026-07-21,Meta Ads,Prospecting - Broad,48.95,10.5,7.59,1.72,0.0,1.0,1.0,24.68,68.88
2026-07-21,Meta Ads,Prospecting - Lookalike 1%,32.71,7.2,6.7,1.25,0.0,1.0,0.0,16.97,40.26
2026-07-21,Meta Ads,Retargeting - Cart Abandon,265.55,92.8,23.88,8.600000000000001,0.0,3.0,3.0,50.15,365.63
2026-07-21,Meta Ads,Retargeting - Engaged 30d,180.78,46.72,31.62,6.4399999999999995,24.04,4.0,3.0,63.59,254.21
2026-07-21,Organic Search,(organic),610.8400000000001,181.02,67.6,20.1,0.0,8.0,4.0,0.0,0.0
2026-07-21,Organic Social,(organic social),473.62,162.5,17.06,14.34,0.0,2.0,2.0,0.0,0.0
2026-07-21,Unattributed,(not set),112.0,31.36,8.27,3.55,112.0,1.0,1.0,0.0,0.0
2026-07-22,Direct,(direct),554.17,169.82000000000002,54.129999999999995,18.17,72.5,7.0,3.0,0.0,0.0
2026-07-22,Email/SMS,Flow - Abandoned Cart,111.75999999999999,28.2,17.22,3.84,0.0,2.0,0.0,0.0,0.0
2026-07-22,Email/SMS,Flow - Post Purchase Winback,155.07,40.58,23.93,5.4,62.95,3.0,0.0,0.0,0.0
2026-07-22,Google Ads,PMax - Skincare Prospecting,0.0,0.0,0.0,0.0,0.0,0.0,0.0,14.04,7.55
2026-07-22,Google Ads,Search - Brand,68.2,18.080000000000002,16.07,2.58,0.0,2.0,2.0,8.73,82.49
2026-07-22,Google Ads,Search - Nonbrand Skincare,47.64,11.4,8.6,1.68,0.0,1.0,1.0,17.44,54.58
2026-07-22,Google Ads,Shopping - Bestsellers,94.13,22.28,17.59,3.33,0.0,2.0,1.0,29.77,99.37
2026-07-22,Meta Ads,Prospecting - Broad,87.93,19.2,16.310000000000002,3.15,0.0,2.0,1.0,51.33,112.96
2026-07-22,Meta Ads,Prospecting - Lookalike 1%,429.09,156.2,16.25,13.049999999999999,0.0,2.0,2.0,219.16,635.09
2026-07-22,Meta Ads,Retargeting - Cart Abandon,58.52,14.4,7.34,2.0,0.0,1.0,0.0,13.82,86.76
2026-07-22,Meta Ads,Retargeting - Engaged 30d,175.91,67.6,17.11,5.7,145.0,2.0,1.0,64.84,262.95
2026-07-22,Organic Search,(organic),266.22,67.2,39.510000000000005,9.23,0.0,5.0,4.0,0.0,0.0
2026-07-22,Organic Social,(organic social),754.85,303.4,29.860000000000003,23.08,0.0,4.0,2.0,0.0,0.0
2026-07-22,Unattributed,(not set),242.35999999999996,58.2,40.19,8.52,39.48,5.0,3.0,0.0,0.0
2026-07-23,Direct,(direct),722.6800000000001,219.84,74.86000000000001,23.660000000000004,106.37,9.0,1.0,0.0,0.0
2026-07-23,Email/SMS,Flow - Abandoned Cart,179.75,48.14,18.04,5.81,58.95,2.0,0.0,0.0,0.0
2026-07-23,Email/SMS,Flow - Post Purchase Winback,161.0,36.0,24.619999999999997,5.56,0.0,3.0,0.0,0.0,0.0
2026-07-23,Email/SMS,Flow - Welcome Series,284.18,122.0,6.51,8.54,0.0,1.0,0.0,0.0,0.0
2026-07-23,Google Ads,PMax - Skincare Prospecting,93.64,23.84,17.1,3.3200000000000003,0.0,2.0,2.0,37.69,113.64
2026-07-23,Google Ads,Search - Brand,41.9,11.4,8.74,1.52,0.0,1.0,1.0,13.17,58.35
2026-07-23,Google Ads,Search - Nonbrand Skincare,210.15,48.0,7.35,6.39,0.0,1.0,1.0,60.16,242.99
2026-07-23,Google Ads,Shopping - Bestsellers,292.13,101.04,24.740000000000002,9.370000000000001,0.0,3.0,2.0,93.61,325.55
2026-07-23,Meta Ads,Prospecting - Broad,171.89999999999998,47.4,23.96,5.88,0.0,3.0,2.0,107.34,206.12
2026-07-23,Meta Ads,Prospecting - Lookalike 1%,182.05,45.0,38.06,6.779999999999999,0.0,5.0,4.0,73.18,230.98
2026-07-23,Meta Ads,Retargeting - Cart Abandon,53.07,16.64,7.65,1.84,0.0,1.0,1.0,11.47,72.48
2026-07-23,Meta Ads,Retargeting - Engaged 30d,0.0,0.0,0.0,0.0,0.0,0.0,0.0,14.92,12.06
2026-07-23,Organic Search,(organic),494.63,145.0,65.43,16.75,0.0,8.0,6.0,0.0,0.0
2026-07-24,Direct,(direct),360.12,120.0,40.5,11.95,0.0,5.0,1.0,0.0,0.0
2026-07-24,Email/SMS,Campaign - Monthly Newsletter,204.85999999999999,51.6,32.26,7.1499999999999995,0.0,4.0,0.0,0.0,0.0
2026-07-24,Email/SMS,Flow - Abandoned Cart,34.74,8.4,8.41,1.31,17.37,1.0,1.0,0.0,0.0
2026-07-24,Email/SMS,Flow - Welcome Series,271.79,99.56,32.269999999999996,9.09,0.0,4.0,0.0,0.0,0.0
2026-07-24,Google Ads,PMax - Skincare Prospecting,89.9,21.380000000000003,17.380000000000003,3.21,0.0,2.0,2.0,40.26,107.35
2026-07-24,Google Ads,Search - Brand,30.95,7.2,8.44,1.2,0.0,1.0,1.0,10.16,34.31
2026-07-24,Google Ads,Search - Nonbrand Skincare,0.0,0.0,0.0,0.0,0.0,0.0,0.0,12.81,10.8
2026-07-24,Google Ads,Shopping - Bestsellers,131.63,44.480000000000004,17.009999999999998,4.42,0.0,2.0,1.0,46.98,186.28
2026-07-24,Meta Ads,Prospecting - Broad,352.18,130.4,17.16,10.81,0.0,2.0,2.0,201.33,422.92
2026-07-24,Meta Ads,Prospecting - Lookalike 1%,145.0,61.0,7.34,4.5,0.0,1.0,1.0,66.77,212.66
2026-07-24,Meta Ads,Retargeting - Cart Abandon,68.10000000000001,15.68,8.82,2.27,68.1,1.0,1.0,14.34,84.57
2026-07-24,Meta Ads,Retargeting - Engaged 30d,491.92,135.14,66.38,16.67,66.75,8.0,6.0,190.87,717.5
2026-07-24,Organic Search,(organic),861.25,328.6,65.33,27.360000000000003,371.0,8.0,5.0,0.0,0.0
2026-07-24,Organic Social,(organic social),106.72,24.0,25.38,4.0,0.0,3.0,2.0,0.0,0.0
2026-07-25,Direct,(direct),266.95,65.56,51.41,9.55,41.62,6.0,2.0,0.0,0.0
2026-07-25,Email/SMS,Campaign - Monthly Newsletter,87.52,24.0,7.19,2.84,0.0,1.0,0.0,0.0,0.0
2026-07-25,Email/SMS,Flow - Abandoned Cart,168.39000000000001,50.080000000000005,23.439999999999998,5.779999999999999,0.0,3.0,1.0,0.0,0.0
2026-07-25,Email/SMS,Flow - Post Purchase Winback,94.83000000000001,20.1,17.060000000000002,3.35,0.0,2.0,1.0,0.0,0.0
2026-07-25,Email/SMS,Flow - Welcome Series,331.5,100.86,31.11,10.82,0.0,4.0,0.0,0.0,0.0
2026-07-25,Google Ads,PMax - Skincare Prospecting,419.82,158.0,24.36,13.07,0.0,3.0,2.0,159.76,508.84
2026-07-25,Google Ads,Search - Brand,322.4,76.58,38.87,10.84,0.0,5.0,4.0,34.56,364.59
2026-07-25,Google Ads,Search - Nonbrand Skincare,72.66,18.6,15.05,2.71,0.0,2.0,2.0,31.93,89.32
2026-07-25,Google Ads,Shopping - Bestsellers,91.9,23.4,18.23,3.2699999999999996,0.0,2.0,2.0,22.57,95.59
2026-07-25,Meta Ads,Prospecting - Broad,190.51999999999998,45.38,22.47,6.419999999999999,0.0,3.0,1.0,140.46,242.18
2026-07-25,Meta Ads,Prospecting - Lookalike 1%,84.83000000000001,22.799999999999997,15.7,3.0599999999999996,0.0,2.0,2.0,40.54,128.69
2026-07-25,Meta Ads,Retargeting - Cart Abandon,144.95,34.5,17.05,4.8,48.0,2.0,2.0,26.69,200.82
2026-07-25,Meta Ads,Retargeting - Engaged 30d,119.57,31.36,8.76,3.77,0.0,1.0,1.0,32.88,157.23
2026-07-25,Organic Search,(organic),784.07,283.4,49.61,24.54,0.0,6.0,5.0,0.0,0.0
2026-07-25,Unattributed,(not set),198.0,55.2,15.059999999999999,6.35,0.0,2.0,2.0,0.0,0.0
2026-07-26,Direct,(direct),677.27,206.04000000000002,70.35,22.33,0.0,9.0,3.0,0.0,0.0
2026-07-26,Email/SMS,Campaign - Monthly Newsletter,447.35,141.84,41.32000000000001,14.459999999999999,54.95,5.0,0.0,0.0,0.0
2026-07-26,Email/SMS,Flow - Abandoned Cart,342.46999999999997,102.0,42.35,11.440000000000001,0.0,5.0,1.0,0.0,0.0
2026-07-26,Email/SMS,Flow - Welcome Series,100.09,33.28,7.11,3.2,0.0,1.0,0.0,0.0,0.0
2026-07-26,Google Ads,PMax - Skincare Prospecting,79.9,19.8,14.73,2.91,0.0,2.0,2.0,31.07,88.66
2026-07-26,Google Ads,Search - Brand,0.0,0.0,0.0,0.0,0.0,0.0,0.0,10.68,10.86
2026-07-26,Google Ads,Search - Nonbrand Skincare,58.95,16.64,7.59,2.01,29.48,1.0,1.0,20.82,62.98
2026-07-26,Google Ads,Shopping - Bestsellers,87.05000000000001,20.1,16.68,3.13,0.0,2.0,2.0,20.42,106.1
2026-07-26,Meta Ads,Prospecting - Broad,221.2,69.36,23.490000000000002,7.3100000000000005,0.0,3.0,2.0,100.27,337.73
2026-07-26,Meta Ads,Prospecting - Lookalike 1%,128.95,45.2,15.89,4.34,0.0,2.0,2.0,42.25,183.52
2026-07-26,Meta Ads,Retargeting - Cart Abandon,82.71000000000001,17.7,16.3,3.0,0.0,2.0,1.0,12.0,102.68
2026-07-26,Meta Ads,Retargeting - Engaged 30d,110.36,31.36,8.05,3.5,0.0,1.0,1.0,35.8,175.14
2026-07-26,Organic Search,(organic),234.23,75.2,31.43,7.989999999999999,0.0,4.0,0.0,0.0,0.0
2026-07-26,Organic Social,(organic social),94.2,24.6,14.67,3.33,0.0,2.0,0.0,0.0,0.0
2026-07-26,Unattributed,(not set),422.95,146.0,23.55,13.16,0.0,3.0,2.0,0.0,0.0
2026-07-27,Direct,(direct),770.91,202.24,61.18000000000001,24.759999999999998,25.58,8.0,2.0,0.0,0.0
2026-07-27,Email/SMS,Flow - Abandoned Cart,168.0,42.0,6.98,5.17,0.0,1.0,0.0,0.0,0.0
2026-07-27,Google Ads,PMax - Skincare Prospecting,43.34,13.2,7.63,1.56,0.0,1.0,0.0,15.78,55.93
2026-07-27,Google Ads,Search - Brand,155.49,43.04,26.270000000000003,5.41,54.95,3.0,2.0,18.62,186.08
2026-07-27,Google Ads,Search - Nonbrand Skincare,0.0,0.0,0.0,0.0,0.0,0.0,0.0,8.74,7.24
2026-07-27,Google Ads,Shopping - Bestsellers,134.47,31.880000000000003,15.239999999999998,4.5,0.0,2.0,2.0,36.05,156.42
2026-07-27,Meta Ads,Prospecting - Broad,41.75,9.6,7.02,1.51,0.0,1.0,1.0,23.91,53.82
2026-07-27,Meta Ads,Prospecting - Lookalike 1%,117.56,28.64,17.5,4.01,0.0,2.0,1.0,38.83,166.97
2026-07-27,Meta Ads,Retargeting - Cart Abandon,470.1000000000001,128.0,54.14999999999999,15.73,0.0,7.0,4.0,105.98,742.03
2026-07-27,Meta Ads,Retargeting - Engaged 30d,54.95,12.0,8.31,1.89,0.0,1.0,0.0,13.87,79.76
2026-07-27,Organic Search,(organic),293.6,77.92,48.67999999999999,10.32,0.0,6.0,3.0,0.0,0.0
2026-07-27,Organic Social,(organic social),146.95,36.68,16.49,4.87,0.0,2.0,2.0,0.0,0.0
2026-07-27,Unattributed,(not set),70.95,19.2,7.33,2.36,0.0,1.0,1.0,0.0,0.0
2026-07-28,Direct,(direct),569.6300000000001,154.54000000000002,63.98,18.93,0.0,8.0,4.0,0.0,0.0
2026-07-28,Email/SMS,Flow - Abandoned Cart,53.63,12.0,8.15,1.86,0.0,1.0,0.0,0.0,0.0
2026-07-28,Email/SMS,Flow - Post Purchase Winback,109.9,24.0,16.759999999999998,3.78,0.0,2.0,0.0,0.0,0.0
2026-07-28,Email/SMS,Flow - Welcome Series,57.78,16.8,8.16,1.98,0.0,1.0,1.0,0.0,0.0
2026-07-28,Google Ads,PMax - Skincare Prospecting,38.95,9.6,7.75,1.43,0.0,1.0,1.0,13.35,42.5
2026-07-28,Google Ads,Search - Brand,0.0,0.0,0.0,0.0,0.0,0.0,0.0,14.45,11.39
2026-07-28,Google Ads,Search - Nonbrand Skincare,195.02999999999997,48.900000000000006,33.16,6.859999999999999,0.0,4.0,2.0,53.63,217.31
2026-07-28,Google Ads,Shopping - Bestsellers,140.33,42.0,16.11,4.67,0.0,2.0,2.0,38.05,187.12
2026-07-28,Meta Ads,Prospecting - Broad,416.65999999999997,125.92000000000002,33.29,13.29,0.0,4.0,4.0,307.79,613.79
2026-07-28,Meta Ads,Prospecting - Lookalike 1%,31.72,8.4,8.63,1.22,0.0,1.0,1.0,18.53,47.54
2026-07-28,Meta Ads,Retargeting - Cart Abandon,170.95000000000002,43.72,26.53,5.859999999999999,0.0,3.0,3.0,35.1,204.84
2026-07-28,Meta Ads,Retargeting - Engaged 30d,206.98000000000002,48.68,24.81,6.8999999999999995,0.0,3.0,3.0,67.14,260.75
2026-07-28,Organic Search,(organic),271.15,70.8,29.97,9.07,0.0,4.0,3.0,0.0,0.0
2026-07-28,Organic Social,(organic social),116.14,26.18,17.17,3.9699999999999998,67.19,2.0,2.0,0.0,0.0
2026-07-28,Unattributed,(not set),67.12,15.68,7.4,2.25,0.0,1.0,1.0,0.0,0.0
2026-07-29,Direct,(direct),452.32,148.62,40.06,14.619999999999997,184.62,5.0,2.0,0.0,0.0
2026-07-29,Email/SMS,Campaign - Monthly Newsletter,48.95,10.5,8.68,1.72,0.0,1.0,0.0,0.0,0.0
2026-07-29,Email/SMS,Flow - Abandoned Cart,56.06,16.64,8.54,1.93,0.0,1.0,0.0,0.0,0.0
2026-07-29,Email/SMS,Flow - Post Purchase Winback,209.27999999999997,57.92,24.189999999999998,6.9799999999999995,0.0,3.0,1.0,0.0,0.0
2026-07-29,Email/SMS,Flow - Welcome Series,115.37,23.7,23.130000000000003,4.25,0.0,3.0,0.0,0.0,0.0
2026-07-29,Google Ads,PMax - Skincare Prospecting,0.0,0.0,0.0,0.0,0.0,0.0,0.0,10.55,5.12
2026-07-29,Google Ads,Search - Brand,338.36,132.5,16.45,10.41,0.0,2.0,2.0,28.45,354.33
2026-07-29,Google Ads,Search - Nonbrand Skincare,0.0,0.0,0.0,0.0,0.0,0.0,0.0,11.71,5.08
2026-07-29,Google Ads,Shopping - Bestsellers,154.93,36.6,31.279999999999998,5.68,0.0,4.0,4.0,33.01,162.2
2026-07-29,Meta Ads,Prospecting - Broad,231.62,69.12,15.45,7.3100000000000005,0.0,2.0,2.0,141.51,347.45
2026-07-29,Meta Ads,Prospecting - Lookalike 1%,75.67,17.7,16.04,2.8,0.0,2.0,2.0,37.25,103.27
2026-07-29,Meta Ads,Retargeting - Cart Abandon,87.7,21.0,14.809999999999999,3.1399999999999997,0.0,2.0,1.0,13.2,123.43
2026-07-29,Meta Ads,Retargeting - Engaged 30d,48.95,10.5,7.96,1.72,0.0,1.0,1.0,20.55,61.72
2026-07-29,Organic Search,(organic),389.54,97.14,53.53,13.4,0.0,7.0,5.0,0.0,0.0
2026-07-29,Organic Social,(organic social),273.82000000000005,69.0,34.33,9.14,0.0,4.0,3.0,0.0,0.0
2026-07-29,Unattributed,(not set),157.2,44.68,15.98,5.16,0.0,2.0,1.0,0.0,0.0
2026-07-30,Direct,(direct),509.68,146.84,45.120000000000005,16.58,53.02,6.0,2.0,0.0,0.0
2026-07-30,Email/SMS,Campaign - Monthly Newsletter,141.78000000000003,37.120000000000005,25.759999999999998,5.01,0.0,3.0,1.0,0.0,0.0
2026-07-30,Email/SMS,Flow - Abandoned Cart,149.91,36.0,17.04,4.95,0.0,2.0,1.0,0.0,0.0
2026-07-30,Email/SMS,Flow - Post Purchase Winback,419.65,111.06,40.800000000000004,13.68,0.0,5.0,1.0,0.0,0.0
2026-07-30,Email/SMS,Flow - Welcome Series,155.25,52.2,18.09,5.1,0.0,2.0,0.0,0.0,0.0
2026-07-30,Google Ads,PMax - Skincare Prospecting,28.95,6.6,6.65,1.14,0.0,1.0,1.0,13.09,35.19
2026-07-30,Google Ads,Search - Brand,0.0,0.0,0.0,0.0,0.0,0.0,0.0,9.93,7.91
2026-07-30,Google Ads,Search - Nonbrand Skincare,333.14,95.5,35.769999999999996,11.16,54.09,5.0,4.0,98.22,397.87
2026-07-30,Google Ads,Shopping - Bestsellers,30.619999999999997,6.6,6.85,1.19,0.0,1.0,1.0,12.29,33.23
2026-07-30,Meta Ads,Prospecting - Broad,86.14000000000001,21.380000000000003,16.86,3.1,0.0,2.0,1.0,43.37,138.99
2026-07-30,Meta Ads,Prospecting - Lookalike 1%,53.580000000000005,10.5,7.97,1.85,0.0,1.0,1.0,28.72,74.03
2026-07-30,Meta Ads,Retargeting - Cart Abandon,128.95,45.2,16.759999999999998,4.34,0.0,2.0,1.0,29.63,179.46
2026-07-30,Meta Ads,Retargeting - Engaged 30d,102.73,24.0,9.61,3.28,0.0,1.0,1.0,36.42,123.72
2026-07-30,Organic Search,(organic),396.4,94.80000000000001,46.779999999999994,13.290000000000001,44.95,6.0,3.0,0.0,0.0
2026-07-30,Organic Social,(organic social),96.09,23.7,14.84,3.3899999999999997,0.0,2.0,1.0,0.0,0.0
2026-07-31,Direct,(direct),558.51,145.2,66.89,18.59,0.0,8.0,0.0,0.0,0.0
2026-07-31,Email/SMS,Campaign - Monthly Newsletter,83.9,21.0,14.04,3.0300000000000002,0.0,2.0,0.0,0.0,0.0
2026-07-31,Email/SMS,Flow - Abandoned Cart,41.14,11.4,7.29,1.49,0.0,1.0,0.0,0.0,0.0
2026-07-31,Email/SMS,Flow - Post Purchase Winback,38.1,8.4,8.43,1.4,0.0,1.0,0.0,0.0,0.0
2026-07-31,Email/SMS,Flow - Welcome Series,135.45,40.96,15.399999999999999,4.53,0.0,2.0,1.0,0.0,0.0
2026-07-31,Google Ads,PMax - Skincare Prospecting,213.76999999999998,56.4,23.53,7.1000000000000005,0.0,3.0,1.0,118.45,276.22
2026-07-31,Google Ads,Search - Brand,110.03,26.4,27.580000000000002,4.09,0.0,3.0,2.0,11.08,134.72
2026-07-31,Google Ads,Search - Nonbrand Skincare,122.5,33.160000000000004,16.71,4.15,0.0,2.0,2.0,30.19,132.07
2026-07-31,Google Ads,Shopping - Bestsellers,0.0,0.0,0.0,0.0,0.0,0.0,0.0,9.77,5.11
2026-07-31,Meta Ads,Prospecting - Broad,128.9,31.8,24.310000000000002,4.64,0.0,3.0,2.0,100.65,190.79
2026-07-31,Meta Ads,Prospecting - Lookalike 1%,34.95,8.4,6.83,1.31,0.0,1.0,1.0,16.56,44.85
2026-07-31,Meta Ads,Retargeting - Cart Abandon,180.61,37.8,31.04,6.4399999999999995,0.0,4.0,2.0,36.23,221.51
2026-07-31,Meta Ads,Retargeting - Engaged 30d,125.31,28.580000000000002,24.55,4.54,0.0,3.0,3.0,32.94,190.14
2026-07-31,Organic Search,(organic),522.97,131.39999999999998,43.42,16.96,0.0,6.0,4.0,0.0,0.0
2026-07-31,Organic Social,(organic social),31.57,6.6,8.89,1.22,0.0,1.0,1.0,0.0,0.0
2026-07-31,Unattributed,(not set),216.41,60.3,15.15,6.87,0.0,2.0,2.0,0.0,0.0
2026-08-01,Direct,(direct),332.65999999999997,85.28,41.489999999999995,11.149999999999999,0.0,5.0,2.0,0.0,0.0
2026-08-01,Email/SMS,Campaign - Monthly Newsletter,131.67000000000002,32.4,22.72,4.720000000000001,0.0,3.0,0.0,0.0,0.0
2026-08-01,Email/SMS,Flow - Abandoned Cart,298.51,95.2,24.07,9.56,0.0,3.0,0.0,0.0,0.0
2026-08-01,Email/SMS,Flow - Post Purchase Winback,155.7,38.4,24.4,5.41,28.75,3.0,0.0,0.0,0.0
2026-08-01,Email/SMS,Flow - Welcome Series,50.120000000000005,12.0,9.2,1.75,0.0,1.0,0.0,0.0,0.0
2026-08-01,Google Ads,PMax - Skincare Prospecting,261.06,77.06,15.600000000000001,8.17,208.0,2.0,2.0,90.41,318.33
2026-08-01,Google Ads,Search - Brand,30.95,7.2,8.89,1.2,0.0,1.0,1.0,12.25,33.8
2026-08-01,Google Ads,Search - Nonbrand Skincare,134.20000000000002,32.4,23.57,4.78,0.0,3.0,2.0,33.24,143.25
2026-08-01,Google Ads,Shopping - Bestsellers,0.0,0.0,0.0,0.0,0.0,0.0,0.0,8.54,4.65
2026-08-01,Meta Ads,Prospecting - Broad,103.23,23.4,16.58,3.59,0.0,2.0,1.0,67.95,130.45
2026-08-01,Meta Ads,Prospecting - Lookalike 1%,534.0,187.24,29.48,16.68,0.0,4.0,3.0,265.42,702.08
2026-08-01,Meta Ads,Retargeting - Cart Abandon,292.34000000000003,90.1,32.03,9.68,0.0,4.0,2.0,62.9,396.75
2026-08-01,Meta Ads,Retargeting - Engaged 30d,180.49,47.04,17.689999999999998,5.84,0.0,2.0,1.0,60.17,240.02
2026-08-01,Organic Search,(organic),820.9799999999999,245.22,65.91,26.21,0.0,8.0,5.0,0.0,0.0
2026-08-01,Organic Social,(organic social),280.35,92.88,25.89,9.03,0.0,3.0,2.0,0.0,0.0
2026-08-02,Direct,(direct),203.97,49.36,31.009999999999998,7.11,60.0,4.0,1.0,0.0,0.0
2026-08-02,Email/SMS,Campaign - Monthly Newsletter,30.95,7.2,8.16,1.2,0.0,1.0,0.0,0.0,0.0
2026-08-02,Email/SMS,Flow - Abandoned Cart,143.78,44.480000000000004,16.66,4.76,0.0,2.0,1.0,0.0,0.0
2026-08-02,Email/SMS,Flow - Post Purchase Winback,310.28,96.8,32.04,10.190000000000001,48.7,4.0,1.0,0.0,0.0
2026-08-02,Email/SMS,Flow - Welcome Series,287.56,70.5,22.979999999999997,9.239999999999998,0.0,3.0,0.0,0.0,0.0
2026-08-02,Google Ads,PMax - Skincare Prospecting,0.0,0.0,0.0,0.0,0.0,0.0,0.0,9.95,4.71
2026-08-02,Google Ads,Search - Brand,96.0,28.8,8.22,3.08,0.0,1.0,0.0,9.49,115.73
2026-08-02,Google Ads,Search - Nonbrand Skincare,126.03000000000002,30.6,23.619999999999997,4.55,0.0,3.0,2.0,32.96,142.35
2026-08-02,Google Ads,Shopping - Bestsellers,120.39,28.200000000000003,25.009999999999998,4.39,0.0,3.0,3.0,30.48,134.5
2026-08-02,Meta Ads,Prospecting - Broad,165.55,44.32,23.849999999999998,5.7,0.0,3.0,2.0,122.28,263.7
2026-08-02,Meta Ads,Prospecting - Lookalike 1%,237.06,73.76,16.17,7.47,0.0,2.0,2.0,102.7,369.51
2026-08-02,Meta Ads,Retargeting - Cart Abandon,107.9,27.14,16.99,3.7299999999999995,0.0,2.0,1.0,24.07,152.21
2026-08-02,Meta Ads,Retargeting - Engaged 30d,238.09,61.96,26.259999999999998,7.8100000000000005,112.0,3.0,3.0,61.77,291.47
2026-08-02,Organic Search,(organic),437.14000000000004,125.53999999999999,48.589999999999996,14.47,0.0,6.0,4.0,0.0,0.0
2026-08-02,Organic Social,(organic social),263.8,78.64,34.760000000000005,8.84,0.0,4.0,2.0,0.0,0.0
2026-08-02,Unattributed,(not set),107.9,23.4,16.78,3.7299999999999995,0.0,2.0,2.0,0.0,0.0
2026-08-03,Direct,(direct),644.96,207.9,49.730000000000004,20.509999999999998,0.0,6.0,2.0,0.0,0.0
2026-08-03,Email/SMS,Campaign - Monthly Newsletter,303.74,85.64,34.51,10.01,0.0,4.0,0.0,0.0,0.0
2026-08-03,Email/SMS,Flow - Abandoned Cart,196.0,76.0,8.75,5.98,0.0,1.0,0.0,0.0,0.0
2026-08-03,Email/SMS,Flow - Post Purchase Winback,28.95,6.6,8.84,1.14,0.0,1.0,0.0,0.0,0.0
2026-08-03,Google Ads,PMax - Skincare Prospecting,0.0,0.0,0.0,0.0,0.0,0.0,0.0,11.49,9.83
2026-08-03,Google Ads,Search - Brand,0.0,0.0,0.0,0.0,0.0,0.0,0.0,11.57,12.06
2026-08-03,Google Ads,Search - Nonbrand Skincare,63.06,16.64,7.1,2.13,0.0,1.0,1.0,18.8,74.83
2026-08-03,Google Ads,Shopping - Bestsellers,0.0,0.0,0.0,0.0,0.0,0.0,0.0,9.73,3.44
2026-08-03,Meta Ads,Prospecting - Broad,0.0,0.0,0.0,0.0,0.0,0.0,0.0,14.02,7.68
2026-08-03,Meta Ads,Prospecting - Lookalike 1%,152.21,49.4,16.799999999999997,5.01,0.0,2.0,1.0,81.48,182.41
2026-08-03,Meta Ads,Retargeting - Cart Abandon,195.24,54.760000000000005,22.49,6.56,0.0,3.0,3.0,47.32,338.43
2026-08-03,Meta Ads,Retargeting - Engaged 30d,148.18,34.88,25.57,5.2,45.49,3.0,2.0,52.47,186.12
2026-08-03,Organic Search,(organic),408.24,112.04,55.970000000000006,13.94,0.0,7.0,4.0,0.0,0.0
2026-08-03,Organic Social,(organic social),289.88,79.2,29.87,9.61,0.0,4.0,3.0,0.0,0.0
2026-08-03,Unattributed,(not set),164.85000000000002,38.56,24.77,5.6899999999999995,0.0,3.0,2.0,0.0,0.0
2026-08-04,Direct,(direct),304.08,104.8,24.98,9.719999999999999,0.0,3.0,2.0,0.0,0.0
2026-08-04,Email/SMS,Campaign - Monthly Newsletter,126.57000000000001,33.0,17.25,4.27,0.0,2.0,0.0,0.0,0.0
2026-08-04,Email/SMS,Flow - Abandoned Cart,156.28000000000003,43.8,16.0,5.13,80.05,2.0,0.0,0.0,0.0
2026-08-04,Email/SMS,Flow - Post Purchase Winback,189.24,62.0,16.32,6.08,86.32,2.0,0.0,0.0,0.0
2026-08-04,Email/SMS,Flow - Welcome Series,38.21,9.6,9.16,1.41,0.0,1.0,1.0,0.0,0.0
2026-08-04,Google Ads,PMax - Skincare Prospecting,28.95,6.6,7.98,1.14,0.0,1.0,1.0,9.78,32.5
2026-08-04,Google Ads,Search - Brand,58.05,13.8,15.84,2.29,0.0,2.0,2.0,11.41,70.82
2026-08-04,Google Ads,Search - Nonbrand Skincare,179.0,45.760000000000005,18.08,5.79,0.0,2.0,2.0,68.76,194.11
2026-08-04,Google Ads,Shopping - Bestsellers,188.19,48.84,21.35,6.359999999999999,0.0,3.0,3.0,58.24,208.63
2026-08-04,Meta Ads,Prospecting - Broad,48.95,10.5,7.84,1.72,0.0,1.0,1.0,25.31,65.49
2026-08-04,Meta Ads,Prospecting - Lookalike 1%,98.0,38.0,7.58,3.14,0.0,1.0,1.0,54.77,142.38
2026-08-04,Meta Ads,Retargeting - Cart Abandon,340.98,98.72000000000001,27.659999999999997,10.79,0.0,3.0,2.0,56.51,519.97
2026-08-04,Meta Ads,Retargeting - Engaged 30d,53.120000000000005,10.5,7.66,1.84,0.0,1.0,1.0,21.96,82.05
2026-08-04,Organic Search,(organic),667.8199999999999,209.64,71.69,22.07,0.0,9.0,6.0,0.0,0.0
2026-08-04,Organic Social,(organic social),220.55999999999997,65.30000000000001,32.92,7.6,0.0,4.0,3.0,0.0,0.0
2026-08-04,Unattributed,(not set),58.74,12.0,7.69,2.0,0.0,1.0,1.0,0.0,0.0
2026-08-05,Direct,(direct),602.79,153.08,61.21,19.89,0.0,8.0,3.0,0.0,0.0
2026-08-05,Email/SMS,Campaign - Monthly Newsletter,42.230000000000004,13.2,6.95,1.52,0.0,1.0,0.0,0.0,0.0
2026-08-05,Email/SMS,Flow - Abandoned Cart,263.42,109.88,22.5,8.53,38.01,3.0,0.0,0.0,0.0
2026-08-05,Email/SMS,Flow - Post Purchase Winback,148.95,42.6,16.92,4.92,0.0,2.0,0.0,0.0,0.0
2026-08-05,Email/SMS,Flow - Welcome Series,211.05,54.0,26.060000000000002,7.02,0.0,3.0,0.0,0.0,0.0
2026-08-05,Google Ads,PMax - Skincare Prospecting,37.51,11.4,7.42,1.39,0.0,1.0,1.0,23.11,51.57
2026-08-05,Google Ads,Search - Brand,342.95,124.5,17.33,10.55,0.0,2.0,2.0,31.44,401.16
2026-08-05,Google Ads,Search - Nonbrand Skincare,42.650000000000006,10.5,7.31,1.54,0.0,1.0,1.0,14.29,59.54
2026-08-05,Google Ads,Shopping - Bestsellers,0.0,0.0,0.0,0.0,0.0,0.0,0.0,10.46,4.68
2026-08-05,Meta Ads,Prospecting - Broad,141.64000000000001,30.9,24.83,5.01,51.29,3.0,2.0,104.48,187.26
2026-08-05,Meta Ads,Prospecting - Lookalike 1%,142.52,39.44,23.730000000000004,5.029999999999999,0.0,3.0,3.0,50.83,184.5
2026-08-05,Meta Ads,Retargeting - Cart Abandon,40.95,10.88,8.27,1.49,0.0,1.0,1.0,16.69,49.48
2026-08-05,Meta Ads,Retargeting - Engaged 30d,0.0,0.0,0.0,0.0,0.0,0.0,0.0,16.21,14.64
2026-08-05,Organic Search,(organic),587.8299999999999,177.72,48.51,18.83,54.95,6.0,5.0,0.0,0.0
2026-08-05,Organic Social,(organic social),471.68,140.35999999999999,43.12,15.179999999999998,0.0,5.0,3.0,0.0,0.0
2026-08-06,Direct,(direct),111.17000000000002,26.4,24.81,4.12,0.0,3.0,3.0,0.0,0.0
2026-08-06,Email/SMS,Campaign - Monthly Newsletter,271.91,80.60000000000001,41.71000000000001,9.379999999999999,0.0,5.0,1.0,0.0,0.0
2026-08-06,Email/SMS,Flow - Abandoned Cart,149.67000000000002,46.96,15.04,4.9399999999999995,0.0,2.0,0.0,0.0,0.0
2026-08-06,Email/SMS,Flow - Welcome Series,77.86000000000001,22.28,15.02,2.8600000000000003,0.0,2.0,0.0,0.0,0.0
2026-08-06,Google Ads,PMax - Skincare Prospecting,230.59,69.5,17.189999999999998,7.28,0.0,2.0,1.0,70.23,259.56
2026-08-06,Google Ads,Search - Brand,118.64,31.36,6.71,3.74,0.0,1.0,1.0,13.73,134.8
2026-08-06,Google Ads,Search - Nonbrand Skincare,174.62,43.8,27.909999999999997,5.96,0.0,3.0,2.0,59.57,195.14
2026-08-06,Google Ads,Shopping - Bestsellers,83.93,23.84,15.879999999999999,3.0300000000000002,0.0,2.0,1.0,32.65,95.24
2026-08-06,Meta Ads,Prospecting - Broad,148.62,35.4,17.299999999999997,4.91,0.0,2.0,0.0,84.93,179.31
2026-08-06,Meta Ads,Prospecting - Lookalike 1%,76.69,21.0,15.52,2.82,0.0,2.0,2.0,33.17,128.83
2026-08-06,Meta Ads,Retargeting - Cart Abandon,0.0,0.0,0.0,0.0,0.0,0.0,0.0,13.01,11.5
2026-08-06,Meta Ads,Retargeting - Engaged 30d,48.050000000000004,11.4,7.69,1.69,0.0,1.0,1.0,17.04,59.28
2026-08-06,Organic Search,(organic),906.3000000000002,237.51999999999998,106.22,30.2,147.51,13.0,9.0,0.0,0.0
2026-08-06,Organic Social,(organic social),192.26,73.0,15.42,6.17,47.26,2.0,2.0,0.0,0.0
2026-08-07,Direct,(direct),357.1,88.2,53.46,12.45,0.0,7.0,1.0,0.0,0.0
2026-08-07,Email/SMS,Campaign - Monthly Newsletter,40.95,10.88,7.61,1.49,0.0,1.0,0.0,0.0,0.0
2026-08-07,Email/SMS,Flow - Abandoned Cart,139.32,37.2,23.57,4.95,63.56,3.0,0.0,0.0,0.0
2026-08-07,Email/SMS,Flow - Post Purchase Winback,185.88,45.599999999999994,24.59,6.29,0.0,3.0,0.0,0.0,0.0
2026-08-07,Email/SMS,Flow - Welcome Series,118.74,31.36,8.44,3.74,0.0,1.0,0.0,0.0,0.0
2026-08-07,Google Ads,PMax - Skincare Prospecting,0.0,0.0,0.0,0.0,0.0,0.0,0.0,8.88,5.66
2026-08-07,Google Ads,Search - Brand,0.0,0.0,0.0,0.0,0.0,0.0,0.0,13.21,12.4
2026-08-07,Google Ads,Search - Nonbrand Skincare,59.400000000000006,12.0,8.49,2.02,0.0,1.0,1.0,15.03,66.16
2026-08-07,Google Ads,Shopping - Bestsellers,217.39,53.64,25.04,7.199999999999999,0.0,3.0,1.0,47.98,244.4
2026-08-07,Meta Ads,Prospecting - Broad,96.82,22.88,16.189999999999998,3.41,0.0,2.0,2.0,63.66,149.9
2026-08-07,Meta Ads,Prospecting - Lookalike 1%,48.95,10.5,6.51,1.72,0.0,1.0,1.0,22.87,62.2
2026-08-07,Meta Ads,Retargeting - Cart Abandon,147.26,36.44,24.81,5.17,0.0,3.0,2.0,25.51,225.72
2026-08-07,Meta Ads,Retargeting - Engaged 30d,251.41,75.14,25.209999999999997,8.2,0.0,3.0,2.0,108.22,350.69
2026-08-07,Organic Search,(organic),586.84,176.04,73.0,19.71,0.0,9.0,3.0,0.0,0.0
2026-08-07,Organic Social,(organic social),255.95999999999998,59.4,25.319999999999997,8.32,0.0,3.0,1.0,0.0,0.0
2026-08-07,Unattributed,(not set),288.5,129.2,16.72,8.969999999999999,0.0,2.0,2.0,0.0,0.0
2026-08-08,Direct,(direct),407.14,105.16000000000003,52.91,13.9,0.0,7.0,1.0,0.0,0.0
2026-08-08,Email/SMS,Campaign - Monthly Newsletter,203.23000000000002,56.56,16.240000000000002,6.5,119.23,2.0,0.0,0.0,0.0
2026-08-08,Email/SMS,Flow - Abandoned Cart,38.480000000000004,9.6,8.38,1.42,0.0,1.0,0.0,0.0,0.0
2026-08-08,Email/SMS,Flow - Post Purchase Winback,94.56,28.96,15.7,3.34,0.0,2.0,0.0,0.0,0.0
2026-08-08,Email/SMS,Flow - Welcome Series,126.66,32.32,13.24,4.279999999999999,0.0,2.0,0.0,0.0,0.0
2026-08-08,Google Ads,PMax - Skincare Prospecting,276.71000000000004,69.46000000000001,33.49,9.23,0.0,4.0,4.0,119.9,327.93
2026-08-08,Google Ads,Search - Brand,116.46000000000001,26.18,16.2,3.9799999999999995,0.0,2.0,2.0,10.09,126.75
2026-08-08,Google Ads,Search - Nonbrand Skincare,284.25,98.88,25.92,9.14,0.0,3.0,1.0,120.63,346.88
2026-08-08,Google Ads,Shopping - Bestsellers,96.0,24.0,9.17,3.08,0.0,1.0,0.0,33.71,115.53
2026-08-08,Meta Ads,Prospecting - Broad,28.95,6.6,9.15,1.14,0.0,1.0,1.0,19.87,36.57
2026-08-08,Meta Ads,Prospecting - Lookalike 1%,145.65,33.38,25.38,5.13,0.0,3.0,2.0,75.42,181.61
2026-08-08,Meta Ads,Retargeting - Cart Abandon,31.02,6.6,9.25,1.2,0.0,1.0,1.0,15.52,36.64
2026-08-08,Meta Ads,Retargeting - Engaged 30d,330.07,103.0,31.049999999999997,10.76,0.0,4.0,1.0,125.86,409.77
2026-08-08,Organic Search,(organic),722.0100000000001,221.76,80.78000000000002,23.94,66.51,10.0,5.0,0.0,0.0
2026-08-08,Organic Social,(organic social),101.77000000000001,25.200000000000003,18.11,3.5500000000000003,0.0,2.0,0.0,0.0,0.0
2026-08-09,Direct,(direct),381.96999999999997,116.66,47.33,12.89,60.52,6.0,2.0,0.0,0.0
2026-08-09,Email/SMS,Campaign - Monthly Newsletter,134.72,45.2,15.969999999999999,4.51,30.95,2.0,0.0,0.0,0.0
2026-08-09,Email/SMS,Flow - Post Purchase Winback,68.38,15.68,7.72,2.28,68.38,1.0,0.0,0.0,0.0
2026-08-09,Email/SMS,Flow - Welcome Series,265.90999999999997,66.02000000000001,41.61,9.219999999999999,0.0,5.0,0.0,0.0,0.0
2026-08-09,Google Ads,PMax - Skincare Prospecting,128.99,31.2,16.22,4.34,0.0,2.0,2.0,44.28,159.01
2026-08-09,Google Ads,Search - Brand,116.4,27.68,15.950000000000001,3.98,0.0,2.0,2.0,13.36,131.96
2026-08-09,Google Ads,Search - Nonbrand Skincare,48.95,10.5,8.57,1.72,0.0,1.0,1.0,15.39,50.62
2026-08-09,Google Ads,Shopping - Bestsellers,149.43,40.2,24.509999999999998,5.23,45.31,3.0,3.0,57.1,169.18
2026-08-09,Meta Ads,Prospecting - Broad,175.03,51.28,22.75,5.9799999999999995,0.0,3.0,2.0,124.28,235.35
2026-08-09,Meta Ads,Prospecting - Lookalike 1%,130.02,33.6,16.39,4.369999999999999,0.0,2.0,2.0,70.99,187.58
2026-08-09,Meta Ads,Retargeting - Cart Abandon,140.95,35.4,16.47,4.68,0.0,2.0,2.0,24.08,177.77
2026-08-09,Meta Ads,Retargeting - Engaged 30d,168.14000000000001,46.2,23.07,5.779999999999999,0.0,3.0,2.0,67.87,221.07
2026-08-09,Organic Search,(organic),589.03,167.57999999999998,74.84999999999998,19.779999999999998,0.0,9.0,7.0,0.0,0.0
2026-08-09,Unattributed,(not set),392.97999999999996,166.4,15.85,12.0,0.0,2.0,0.0,0.0,0.0
2026-08-10,Direct,(direct),256.33000000000004,72.0,41.3,8.93,0.0,5.0,2.0,0.0,0.0
2026-08-10,Email/SMS,Campaign - Monthly Newsletter,38.95,9.6,6.67,1.43,0.0,1.0,0.0,0.0,0.0
2026-08-10,Email/SMS,Flow - Abandoned Cart,225.5,68.4,25.060000000000002,7.4399999999999995,0.0,3.0,1.0,0.0,0.0
2026-08-10,Email/SMS,Flow - Post Purchase Winback,111.5,22.5,15.92,3.83,0.0,2.0,0.0,0.0,0.0
2026-08-10,Email/SMS,Flow - Welcome Series,190.38,64.4,25.07,6.42,0.0,3.0,1.0,0.0,0.0
2026-08-10,Google Ads,PMax - Skincare Prospecting,28.95,6.6,6.99,1.14,0.0,1.0,1.0,14.9,34.35
2026-08-10,Google Ads,Search - Brand,94.51,21.0,16.58,3.34,0.0,2.0,1.0,13.13,109.3
2026-08-10,Google Ads,Search - Nonbrand Skincare,317.46999999999997,86.56,33.11,10.41,21.88,4.0,3.0,111.18,388.48
2026-08-10,Google Ads,Shopping - Bestsellers,0.0,0.0,0.0,0.0,0.0,0.0,0.0,9.49,4.35
2026-08-10,Meta Ads,Prospecting - Broad,0.0,0.0,0.0,0.0,0.0,0.0,0.0,18.19,18.7
2026-08-10,Meta Ads,Prospecting - Lookalike 1%,187.87,56.08,24.759999999999998,6.35,0.0,3.0,3.0,79.2,243.93
2026-08-10,Meta Ads,Retargeting - Cart Abandon,299.39,97.0,23.48,9.57,0.0,3.0,2.0,62.44,433.98
2026-08-10,Meta Ads,Retargeting - Engaged 30d,102.0,24.0,8.97,3.26,0.0,1.0,0.0,28.6,153.3
2026-08-10,Organic Search,(organic),174.86,41.7,36.230000000000004,6.27,0.0,4.0,3.0,0.0,0.0
2026-08-10,Organic Social,(organic social),116.93,29.48,23.68,4.29,40.95,3.0,3.0,0.0,0.0
2026-08-11,Direct,(direct),609.0,177.3,54.55,19.76,36.95,7.0,4.0,0.0,0.0
2026-08-11,Email/SMS,Flow - Abandoned Cart,195.57,55.78,23.66,6.56,0.0,3.0,0.0,0.0,0.0
2026-08-11,Email/SMS,Flow - Post Purchase Winback,273.62,80.4,22.67,8.83,38.0,3.0,1.0,0.0,0.0
2026-08-11,Email/SMS,Flow - Welcome Series,96.0,24.0,8.85,3.08,0.0,1.0,1.0,0.0,0.0
2026-08-11,Google Ads,PMax - Skincare Prospecting,0.0,0.0,0.0,0.0,0.0,0.0,0.0,13.79,6.68
2026-08-11,Google Ads,Search - Brand,69.62,19.2,9.58,2.32,0.0,1.0,1.0,12.49,91.81
2026-08-11,Google Ads,Search - Nonbrand Skincare,92.12,20.4,15.77,3.2699999999999996,0.0,2.0,2.0,28.39,99.71
2026-08-11,Google Ads,Shopping - Bestsellers,166.76,43.2,15.5,5.43,0.0,2.0,2.0,51.64,218.55
2026-08-11,Meta Ads,Prospecting - Broad,267.95,92.64,24.97,8.66,0.0,3.0,2.0,142.42,342.89
2026-08-11,Meta Ads,Prospecting - Lookalike 1%,0.0,0.0,0.0,0.0,0.0,0.0,0.0,14.0,10.01
2026-08-11,Meta Ads,Retargeting - Cart Abandon,139.97,38.56,15.96,4.66,0.0,2.0,2.0,24.11,191.48
2026-08-11,Meta Ads,Retargeting - Engaged 30d,233.70999999999998,91.68,17.18,7.38,0.0,2.0,2.0,73.48,344.05
2026-08-11,Organic Search,(organic),678.26,175.48,79.41000000000001,22.68,42.0,10.0,8.0,0.0,0.0
2026-08-11,Organic Social,(organic social),68.24000000000001,15.68,6.87,2.28,0.0,1.0,1.0,0.0,0.0
2026-08-11,Unattributed,(not set),48.95,10.5,6.51,1.72,0.0,1.0,0.0,0.0,0.0
2026-08-12,Direct,(direct),542.88,146.98,76.32000000000001,18.75,0.0,10.0,3.0,0.0,0.0
2026-08-12,Email/SMS,Campaign - Monthly Newsletter,196.0,76.0,8.98,5.98,0.0,1.0,0.0,0.0,0.0
2026-08-12,Email/SMS,Flow - Abandoned Cart,54.95,12.0,8.17,1.89,0.0,1.0,1.0,0.0,0.0
2026-08-12,Email/SMS,Flow - Post Purchase Winback,80.27,22.8,8.06,2.63,0.0,1.0,1.0,0.0,0.0
2026-08-12,Email/SMS,Flow - Welcome Series,44.45,10.88,7.01,1.59,0.0,1.0,0.0,0.0,0.0
2026-08-12,Google Ads,PMax - Skincare Prospecting,180.7,47.04,9.56,5.54,180.7,1.0,1.0,92.49,209.95
2026-08-12,Google Ads,Search - Brand,130.67000000000002,45.2,14.01,4.390000000000001,0.0,2.0,1.0,13.77,144.62
2026-08-12,Google Ads,Search - Nonbrand Skincare,128.85000000000002,28.2,23.22,4.64,0.0,3.0,3.0,47.81,143.51
2026-08-12,Google Ads,Shopping - Bestsellers,0.0,0.0,0.0,0.0,0.0,0.0,0.0,12.65,9.82
2026-08-12,Meta Ads,Prospecting - Broad,220.92000000000002,80.2,15.93,7.0,0.0,2.0,2.0,165.29,293.03
2026-08-12,Meta Ads,Prospecting - Lookalike 1%,140.07,36.08,24.1,4.96,0.0,3.0,3.0,86.3,219.66
2026-08-12,Meta Ads,Retargeting - Cart Abandon,62.95,16.8,6.96,2.13,0.0,1.0,1.0,17.51,76.82
2026-08-12,Meta Ads,Retargeting - Engaged 30d,30.189999999999998,7.2,9.2,1.18,0.0,1.0,1.0,15.93,42.57
2026-08-12,Organic Search,(organic),411.50000000000006,97.42,68.7,14.629999999999999,0.0,9.0,3.0,0.0,0.0
2026-08-12,Organic Social,(organic social),84.0,21.0,8.88,2.74,0.0,1.0,1.0,0.0,0.0
2026-08-12,Unattributed,(not set),287.82,74.12,15.77,8.94,0.0,2.0,1.0,0.0,0.0
2026-08-13,Direct,(direct),614.75,192.76,47.31,19.63,112.0,6.0,1.0,0.0,0.0
2026-08-13,Email/SMS,Campaign - Monthly Newsletter,117.93,32.480000000000004,16.56,4.02,0.0,2.0,0.0,0.0,0.0
2026-08-13,Email/SMS,Flow - Abandoned Cart,206.02999999999997,61.28,14.84,6.57,0.0,2.0,0.0,0.0,0.0
2026-08-13,Email/SMS,Flow - Post Purchase Winback,57.22,14.4,16.16,2.26,0.0,2.0,0.0,0.0,0.0
2026-08-13,Email/SMS,Flow - Welcome Series,203.82,48.0,7.85,6.21,0.0,1.0,0.0,0.0,0.0
2026-08-13,Google Ads,PMax - Skincare Prospecting,127.01,36.160000000000004,16.11,4.28,47.03,2.0,2.0,66.24,151.47
2026-08-13,Google Ads,Search - Brand,132.57,31.199999999999996,24.18,4.75,42.27,3.0,2.0,13.21,153.88
2026-08-13,Google Ads,Search - Nonbrand Skincare,210.84,69.5,16.03,6.71,0.0,2.0,2.0,78.97,265.55
2026-08-13,Google Ads,Shopping - Bestsellers,105.55000000000001,30.08,16.32,3.66,0.0,2.0,1.0,24.59,124.39
2026-08-13,Meta Ads,Prospecting - Broad,211.42000000000002,57.0,30.27,7.33,0.0,4.0,3.0,158.86,317.18
2026-08-13,Meta Ads,Prospecting - Lookalike 1%,128.10000000000002,33.3,15.3,4.32,0.0,2.0,1.0,52.27,177.5
2026-08-13,Meta Ads,Retargeting - Cart Abandon,115.38,28.8,15.599999999999998,3.94,0.0,2.0,1.0,20.33,166.02
2026-08-13,Meta Ads,Retargeting - Engaged 30d,113.74000000000001,27.08,16.72,3.89,0.0,2.0,1.0,33.5,135.6
2026-08-13,Organic Search,(organic),271.86,63.08,31.5,9.08,0.0,4.0,3.0,0.0,0.0
2026-08-13,Organic Social,(organic social),40.95,10.88,7.72,1.49,0.0,1.0,1.0,0.0,0.0
2026-08-13,Unattributed,(not set),748.72,289.2,22.59,22.619999999999997,0.0,3.0,2.0,0.0,0.0
2026-08-14,Direct,(direct),446.36,149.26,47.779999999999994,14.740000000000002,145.0,6.0,1.0,0.0,0.0
2026-08-14,Email/SMS,Flow - Abandoned Cart,83.27000000000001,22.8,16.63,3.01,0.0,2.0,0.0,0.0,0.0
2026-08-14,Email/SMS,Flow - Post Purchase Winback,96.0,24.0,8.27,3.08,0.0,1.0,0.0,0.0,0.0
2026-08-14,Email/SMS,Flow - Welcome Series,72.71000000000001,17.7,14.74,2.71,0.0,2.0,0.0,0.0,0.0
2026-08-14,Google Ads,PMax - Skincare Prospecting,681.6899999999999,235.68,49.55,21.58,0.0,6.0,4.0,299.58,754.11
2026-08-14,Google Ads,Search - Brand,181.58,51.08,24.279999999999998,6.16,96.0,3.0,3.0,24.34,194.76
2026-08-14,Google Ads,Search - Nonbrand Skincare,0.0,0.0,0.0,0.0,0.0,0.0,0.0,13.01,11.89
2026-08-14,Google Ads,Shopping - Bestsellers,337.66999999999996,94.36,40.29,11.3,0.0,5.0,4.0,93.27,409.21
2026-08-14,Meta Ads,Prospecting - Broad,226.96999999999997,71.0,22.610000000000003,7.48,0.0,3.0,3.0,139.01,323.21
2026-08-14,Meta Ads,Prospecting - Lookalike 1%,0.0,0.0,0.0,0.0,0.0,0.0,0.0,12.39,4.14
2026-08-14,Meta Ads,Retargeting - Cart Abandon,0.0,0.0,0.0,0.0,0.0,0.0,0.0,18.56,15.91
2026-08-14,Meta Ads,Retargeting - Engaged 30d,30.95,7.2,8.09,1.2,0.0,1.0,1.0,18.43,39.2
2026-08-14,Organic Search,(organic),809.74,241.72,71.58999999999999,26.189999999999998,110.73,9.0,5.0,0.0,0.0
2026-08-14,Organic Social,(organic social),84.0,21.0,7.58,2.74,0.0,1.0,1.0,0.0,0.0
2026-08-14,Unattributed,(not set),276.98,81.32,24.0,8.93,0.0,3.0,3.0,0.0,0.0
2026-08-15,Direct,(direct),210.44000000000003,47.1,39.36,7.6,0.0,5.0,3.0,0.0,0.0
2026-08-15,Email/SMS,Campaign - Monthly Newsletter,429.63,125.44,16.83,13.059999999999999,0.0,2.0,0.0,0.0,0.0
2026-08-15,Email/SMS,Flow - Abandoned Cart,259.78,77.08,31.630000000000003,8.73,105.51,4.0,1.0,0.0,0.0
2026-08-15,Email/SMS,Flow - Post Purchase Winback,190.39999999999998,65.0,25.04,6.43,0.0,3.0,0.0,0.0,0.0
2026-08-15,Email/SMS,Flow - Welcome Series,368.78,144.0,32.38,11.889999999999999,0.0,4.0,0.0,0.0,0.0
2026-08-15,Google Ads,PMax - Skincare Prospecting,73.9,18.0,16.66,2.74,0.0,2.0,1.0,23.38,78.68
2026-08-15,Google Ads,Search - Brand,261.28999999999996,68.64,34.14,8.78,77.39,4.0,3.0,35.39,292.04
2026-08-15,Google Ads,Search - Nonbrand Skincare,49.95,12.0,8.8,1.75,0.0,1.0,1.0,19.5,69.78
2026-08-15,Google Ads,Shopping - Bestsellers,0.0,0.0,0.0,0.0,0.0,0.0,0.0,10.08,8.82
2026-08-15,Meta Ads,Prospecting - Broad,252.31,64.03999999999999,32.519999999999996,8.51,101.86,4.0,3.0,122.43,301.88
2026-08-15,Meta Ads,Prospecting - Lookalike 1%,111.74,33.28,8.19,3.54,0.0,1.0,0.0,48.8,163.57
2026-08-15,Meta Ads,Retargeting - Cart Abandon,60.14,12.0,7.5,2.04,0.0,1.0,1.0,14.56,93.02
2026-08-15,Meta Ads,Retargeting - Engaged 30d,0.0,0.0,0.0,0.0,0.0,0.0,0.0,14.1,6.61
2026-08-15,Organic Search,(organic),309.26,74.4,47.35999999999999,10.759999999999998,0.0,6.0,4.0,0.0,0.0
2026-08-15,Organic Social,(organic social),398.73,105.80000000000001,53.260000000000005,13.659999999999998,0.0,7.0,5.0,0.0,0.0
2026-08-15,Unattributed,(not set),53.0,10.5,8.43,1.84,0.0,1.0,1.0,0.0,0.0
2026-08-16,Direct,(direct),168.97000000000003,46.2,26.240000000000002,5.8,0.0,3.0,1.0,0.0,0.0
2026-08-16,Email/SMS,Flow - Abandoned Cart,74.53999999999999,17.7,15.15,2.76,0.0,2.0,0.0,0.0,0.0
2026-08-16,Email/SMS,Flow - Post Purchase Winback,339.39,87.44,41.49,11.330000000000002,0.0,5.0,0.0,0.0,0.0
2026-08-16,Email/SMS,Flow - Welcome Series,116.78999999999999,29.7,22.04,4.28,0.0,3.0,0.0,0.0,0.0
2026-08-16,Google Ads,PMax - Skincare Prospecting,365.41,112.63999999999999,22.23,11.5,62.95,3.0,3.0,159.49,423.41
2026-08-16,Google Ads,Search - Brand,142.68,52.4,15.7,4.7299999999999995,87.73,2.0,1.0,14.4,183.89
2026-08-16,Google Ads,Search - Nonbrand Skincare,85.41000000000001,21.0,7.57,2.78,0.0,1.0,0.0,39.28,100.38
2026-08-16,Google Ads,Shopping - Bestsellers,154.09,34.5,23.73,5.36,0.0,3.0,3.0,39.03,181.28
2026-08-16,Meta Ads,Prospecting - Broad,421.06000000000006,118.56,37.11,13.71,0.0,5.0,4.0,287.77,549.03
2026-08-16,Meta Ads,Prospecting - Lookalike 1%,245.24,86.28,24.22,8.01,131.79,3.0,3.0,101.89,363.49
2026-08-16,Meta Ads,Retargeting - Cart Abandon,316.47,83.6,32.75,10.379999999999999,0.0,4.0,2.0,70.12,424.9
2026-08-16,Meta Ads,Retargeting - Engaged 30d,192.5,70.6,18.97,6.180000000000001,0.0,2.0,0.0,83.34,266.57
2026-08-16,Organic Search,(organic),215.89999999999998,55.2,39.980000000000004,7.759999999999999,56.43000000000001,5.0,2.0,0.0,0.0
2026-08-16,Organic Social,(organic social),54.36,13.2,8.46,1.88,0.0,1.0,0.0,0.0,0.0
2026-08-16,Unattributed,(not set),28.95,6.6,8.35,1.14,0.0,1.0,1.0,0.0,0.0
2026-08-17,Direct,(direct),172.0,46.8,13.66,5.58,0.0,2.0,0.0,0.0,0.0
2026-08-17,Email/SMS,Campaign - Monthly Newsletter,274.52000000000004,67.2,30.85,9.16,0.0,4.0,0.0,0.0,0.0
2026-08-17,Email/SMS,Flow - Abandoned Cart,93.77000000000001,22.880000000000003,15.16,3.3200000000000003,0.0,2.0,0.0,0.0,0.0
2026-08-17,Email/SMS,Flow - Post Purchase Winback,146.82,34.88,14.64,4.85,0.0,2.0,0.0,0.0,0.0
2026-08-17,Email/SMS,Flow - Welcome Series,103.29,23.4,15.3,3.59,0.0,2.0,0.0,0.0,0.0
2026-08-17,Google Ads,PMax - Skincare Prospecting,28.95,6.6,7.5,1.14,0.0,1.0,0.0,12.94,35.2
2026-08-17,Google Ads,Search - Brand,76.35,18.9,17.47,2.81,0.0,2.0,2.0,11.32,96.58
2026-08-17,Google Ads,Search - Nonbrand Skincare,0.0,0.0,0.0,0.0,0.0,0.0,0.0,10.63,6.0
2026-08-17,Google Ads,Shopping - Bestsellers,103.9,28.04,15.18,3.61,0.0,2.0,1.0,22.35,108.78
2026-08-17,Meta Ads,Prospecting - Broad,0.0,0.0,0.0,0.0,0.0,0.0,0.0,12.83,6.69
2026-08-17,Meta Ads,Prospecting - Lookalike 1%,74.95,21.76,9.39,2.47,0.0,1.0,1.0,26.16,96.08
2026-08-17,Meta Ads,Retargeting - Cart Abandon,198.47000000000003,50.4,33.7,6.96,67.62,4.0,4.0,38.03,293.21
2026-08-17,Meta Ads,Retargeting - Engaged 30d,73.9,18.0,15.370000000000001,2.74,0.0,2.0,1.0,20.03,89.56
2026-08-17,Organic Search,(organic),448.33,111.96000000000001,65.6,15.399999999999999,0.0,8.0,2.0,0.0,0.0
2026-08-17,Organic Social,(organic social),30.79,6.6,7.95,1.19,0.0,1.0,0.0,0.0,0.0
2026-08-17,Unattributed,(not set),70.91,17.7,15.36,2.65,0.0,2.0,1.0,0.0,0.0
2026-08-18,Direct,(direct),402.32000000000005,103.64,47.78,13.47,0.0,6.0,2.0,0.0,0.0
2026-08-18,Email/SMS,Campaign - Monthly Newsletter,176.41,67.6,17.08,5.71,0.0,2.0,0.0,0.0,0.0
2026-08-18,Email/SMS,Flow - Abandoned Cart,215.87,65.03999999999999,23.16,7.16,0.0,3.0,0.0,0.0,0.0
2026-08-18,Email/SMS,Flow - Post Purchase Winback,160.85000000000002,39.76,25.009999999999998,5.57,125.9,3.0,0.0,0.0,0.0
2026-08-18,Email/SMS,Flow - Welcome Series,64.31,16.64,7.95,2.16,0.0,1.0,0.0,0.0,0.0
2026-08-18,Google Ads,PMax - Skincare Prospecting,67.51,15.68,6.84,2.26,0.0,1.0,1.0,30.4,70.16
2026-08-18,Google Ads,Search - Brand,0.0,0.0,0.0,0.0,0.0,0.0,0.0,11.96,8.14
2026-08-18,Google Ads,Search - Nonbrand Skincare,38.95,9.6,7.59,1.43,0.0,1.0,1.0,16.17,46.63
2026-08-18,Google Ads,Shopping - Bestsellers,62.95,15.68,7.7,2.13,0.0,1.0,1.0,14.23,67.8
2026-08-18,Meta Ads,Prospecting - Broad,34.95,8.4,8.19,1.31,0.0,1.0,1.0,20.8,42.79
2026-08-18,Meta Ads,Prospecting - Lookalike 1%,159.33999999999997,68.2,16.65,5.220000000000001,0.0,2.0,0.0,97.65,280.93
2026-08-18,Meta Ads,Retargeting - Cart Abandon,32.27,8.4,8.05,1.24,0.0,1.0,1.0,13.21,46.11
2026-08-18,Meta Ads,Retargeting - Engaged 30d,98.98,25.28,15.39,3.4699999999999998,0.0,2.0,2.0,43.72,155.91
2026-08-18,Organic Search,(organic),845.53,234.66000000000003,88.56,27.820000000000004,0.0,11.0,8.0,0.0,0.0
2026-08-18,Organic Social,(organic social),108.25,24.9,14.059999999999999,3.74,59.3,2.0,1.0,0.0,0.0
2026-08-18,Unattributed,(not set),47.540000000000006,11.4,8.51,1.68,0.0,1.0,1.0,0.0,0.0
2026-08-19,Direct,(direct),791.5400000000001,220.0,76.87,25.950000000000003,48.95,10.0,3.0,0.0,0.0
2026-08-19,Email/SMS,Campaign - Monthly Newsletter,54.95,12.0,6.77,1.89,0.0,1.0,1.0,0.0,0.0
2026-08-19,Email/SMS,Flow - Abandoned Cart,50.68000000000001,12.0,6.92,1.77,0.0,1.0,1.0,0.0,0.0
2026-08-19,Email/SMS,Flow - Post Purchase Winback,177.43,39.68,22.82,6.05,0.0,3.0,0.0,0.0,0.0
2026-08-19,Email/SMS,Flow - Welcome Series,52.940000000000005,10.5,8.47,1.84,0.0,1.0,1.0,0.0,0.0
2026-08-19,Google Ads,PMax - Skincare Prospecting,26.33,7.2,8.14,1.06,0.0,1.0,1.0,14.64,36.83
2026-08-19,Google Ads,Search - Brand,38.28,10.88,8.37,1.41,0.0,1.0,1.0,9.24,48.72
2026-08-19,Google Ads,Search - Nonbrand Skincare,47.550000000000004,11.4,7.85,1.68,0.0,1.0,0.0,11.52,51.48
2026-08-19,Google Ads,Shopping - Bestsellers,50.220000000000006,12.0,7.64,1.76,0.0,1.0,1.0,16.84,67.89
2026-08-19,Meta Ads,Prospecting - Broad,113.69999999999999,30.6,15.55,3.9,0.0,2.0,2.0,70.13,180.12
2026-08-19,Meta Ads,Prospecting - Lookalike 1%,317.61,92.12,33.86,10.41,0.0,4.0,3.0,164.34,428.97
2026-08-19,Meta Ads,Retargeting - Cart Abandon,28.95,6.6,8.5,1.14,0.0,1.0,0.0,11.45,40.74
2026-08-19,Meta Ads,Retargeting - Engaged 30d,365.44,115.68,32.18,11.79,25.77,4.0,3.0,122.19,523.92
2026-08-19,Organic Search,(organic),375.17,103.26,41.160000000000004,12.370000000000001,0.0,5.0,3.0,0.0,0.0
2026-08-19,Organic Social,(organic social),272.95,81.2,25.95,8.82,98.0,3.0,1.0,0.0,0.0
2026-08-20,Direct,(direct),113.91,28.8,16.43,3.8999999999999995,0.0,2.0,0.0,0.0,0.0
2026-08-20,Email/SMS,Campaign - Monthly Newsletter,150.56,36.68,15.47,4.970000000000001,0.0,2.0,1.0,0.0,0.0
2026-08-20,Email/SMS,Flow - Post Purchase Winback,308.69,104.8,38.41,10.46,0.0,5.0,1.0,0.0,0.0
2026-08-20,Email/SMS,Flow - Welcome Series,314.05,104.8,32.269999999999996,10.31,20.72,4.0,0.0,0.0,0.0
2026-08-20,Google Ads,PMax - Skincare Prospecting,35.809999999999995,9.6,7.61,1.34,0.0,1.0,1.0,17.81,47.12
2026-08-20,Google Ads,Search - Brand,90.0,21.0,17.37,3.21,0.0,2.0,2.0,9.64,106.14
2026-08-20,Google Ads,Search - Nonbrand Skincare,0.0,0.0,0.0,0.0,0.0,0.0,0.0,12.23,13.23
2026-08-20,Google Ads,Shopping - Bestsellers,244.17000000000002,67.36000000000001,23.82,7.970000000000001,0.0,3.0,2.0,67.66,293.77
2026-08-20,Meta Ads,Prospecting - Broad,458.03999999999996,150.0,33.25,14.49,0.0,4.0,3.0,263.96,544.78
2026-08-20,Meta Ads,Prospecting - Lookalike 1%,85.23,18.6,15.1,3.0700000000000003,0.0,2.0,2.0,35.96,114.92
2026-08-20,Meta Ads,Retargeting - Cart Abandon,345.64,96.64,32.8,11.22,0.0,4.0,2.0,50.17,446.95
2026-08-20,Meta Ads,Retargeting - Engaged 30d,102.39,25.28,14.41,3.5700000000000003,0.0,2.0,0.0,43.54,127.0
2026-08-20,Organic Search,(organic),393.49,101.89999999999999,59.11,13.52,0.0,7.0,5.0,0.0,0.0
2026-08-20,Organic Social,(organic social),30.95,7.2,9.02,1.2,15.48,1.0,1.0,0.0,0.0
2026-08-20,Unattributed,(not set),54.95,12.0,8.07,1.89,0.0,1.0,1.0,0.0,0.0
2026-08-21,Direct,(direct),363.96999999999997,114.56,32.3,11.76,128.0,4.0,3.0,0.0,0.0
2026-08-21,Email/SMS,Campaign - Monthly Newsletter,265.06,68.4,39.85,9.190000000000001,62.95,5.0,2.0,0.0,0.0
2026-08-21,Email/SMS,Flow - Abandoned Cart,208.95000000000002,55.8,32.3,7.26,0.0,4.0,0.0,0.0,0.0
2026-08-21,Email/SMS,Flow - Post Purchase Winback,243.5,82.6,15.79,7.659999999999999,0.0,2.0,0.0,0.0,0.0
2026-08-21,Email/SMS,Flow - Welcome Series,182.18,45.3,33.010000000000005,6.48,48.5,4.0,0.0,0.0,0.0
2026-08-21,Google Ads,PMax - Skincare Prospecting,0.0,0.0,0.0,0.0,0.0,0.0,0.0,10.23,6.94
2026-08-21,Google Ads,Search - Brand,92.41,23.84,15.43,3.28,92.41,2.0,2.0,13.83,108.69
2026-08-21,Google Ads,Search - Nonbrand Skincare,37.9,10.88,7.52,1.4,0.0,1.0,1.0,10.82,48.27
2026-08-21,Google Ads,Shopping - Bestsellers,98.0,38.0,7.55,3.14,0.0,1.0,0.0,28.2,113.94
2026-08-21,Meta Ads,Prospecting - Broad,126.1,31.200000000000003,14.49,4.25,0.0,2.0,2.0,68.2,176.11
2026-08-21,Meta Ads,Prospecting - Lookalike 1%,161.90000000000003,35.4,24.49,5.59,0.0,3.0,3.0,57.58,195.01
2026-08-21,Meta Ads,Retargeting - Cart Abandon,304.13,98.28,25.869999999999997,9.709999999999999,0.0,3.0,1.0,43.24,444.97
2026-08-21,Meta Ads,Retargeting - Engaged 30d,161.78,40.72,22.83,5.59,0.0,3.0,1.0,54.58,251.21
2026-08-21,Organic Search,(organic),552.59,140.62,62.78,18.43,0.0,8.0,2.0,0.0,0.0
2026-08-22,Direct,(direct),1135.1900000000003,341.84,122.13000000000001,37.43,20.48,15.0,6.0,0.0,0.0
2026-08-22,Email/SMS,Flow - Post Purchase Winback,191.41,50.24,21.93,6.449999999999999,0.0,3.0,0.0,0.0,0.0
2026-08-22,Email/SMS,Flow - Welcome Series,28.95,6.6,8.24,1.14,0.0,1.0,0.0,0.0,0.0
2026-08-22,Google Ads,PMax - Skincare Prospecting,324.90999999999997,92.36000000000001,22.23,10.32,0.0,3.0,3.0,138.81,344.93
2026-08-22,Google Ads,Search - Brand,0.0,0.0,0.0,0.0,0.0,0.0,0.0,13.57,9.9
2026-08-22,Google Ads,Search - Nonbrand Skincare,148.56,33.0,16.3,4.91,0.0,2.0,2.0,50.13,169.26
2026-08-22,Google Ads,Shopping - Bestsellers,104.0,33.28,9.31,3.32,0.0,1.0,1.0,32.03,109.44
2026-08-22,Meta Ads,Prospecting - Broad,670.61,268.0,17.03,20.05,0.0,2.0,2.0,465.77,960.53
2026-08-22,Meta Ads,Prospecting - Lookalike 1%,264.0,71.03999999999999,15.370000000000001,8.25,96.0,2.0,2.0,147.42,348.79
2026-08-22,Meta Ads,Retargeting - Cart Abandon,139.99,34.5,18.21,4.66,0.0,2.0,1.0,27.74,224.88
2026-08-22,Meta Ads,Retargeting - Engaged 30d,201.06,54.16,16.240000000000002,6.43,0.0,2.0,2.0,82.58,244.22
2026-08-22,Organic Search,(organic),381.37,122.04,60.03999999999999,13.149999999999999,0.0,7.0,6.0,0.0,0.0
2026-08-22,Organic Social,(organic social),365.91,127.36000000000001,32.75,11.81,47.93,4.0,2.0,0.0,0.0
2026-08-22,Unattributed,(not set),41.81,11.4,9.14,1.51,0.0,1.0,1.0,0.0,0.0
2026-08-23,Direct,(direct),868.0799999999999,285.9,63.32,27.560000000000002,0.0,8.0,1.0,0.0,0.0
2026-08-23,Email/SMS,Campaign - Monthly Newsletter,114.82000000000001,26.4,17.35,3.9299999999999997,27.48,2.0,0.0,0.0,0.0
2026-08-23,Email/SMS,Flow - Abandoned Cart,44.080000000000005,11.4,8.17,1.58,0.0,1.0,0.0,0.0,0.0
2026-08-23,Email/SMS,Flow - Post Purchase Winback,263.49,64.28,31.840000000000003,8.84,0.0,4.0,1.0,0.0,0.0
2026-08-23,Email/SMS,Flow - Welcome Series,43.77,10.5,7.99,1.57,0.0,1.0,0.0,0.0,0.0
2026-08-23,Google Ads,PMax - Skincare Prospecting,74.93,21.0,16.43,2.7800000000000002,0.0,2.0,2.0,38.58,97.98
2026-08-23,Google Ads,Search - Brand,38.95,9.6,8.49,1.43,38.95,1.0,1.0,12.19,43.09
2026-08-23,Google Ads,Search - Nonbrand Skincare,146.13,32.4,22.689999999999998,5.130000000000001,0.0,3.0,2.0,41.94,161.23
2026-08-23,Google Ads,Shopping - Bestsellers,401.1,98.4,48.97000000000001,13.439999999999998,0.0,6.0,5.0,96.34,459.95
2026-08-23,Meta Ads,Prospecting - Broad,0.0,0.0,0.0,0.0,0.0,0.0,0.0,12.28,4.15
2026-08-23,Meta Ads,Prospecting - Lookalike 1%,212.49,76.68,16.77,6.76,0.0,2.0,2.0,69.29,302.7
2026-08-23,Meta Ads,Retargeting - Cart Abandon,50.27,12.0,7.9,1.76,0.0,1.0,1.0,12.99,72.97
2026-08-23,Meta Ads,Retargeting - Engaged 30d,121.68,27.68,16.56,4.13,0.0,2.0,1.0,53.18,172.78
2026-08-23,Organic Search,(organic),317.81,74.69999999999999,47.669999999999995,11.02,0.0,6.0,3.0,0.0,0.0
2026-08-23,Organic Social,(organic social),201.52,50.18,32.96,7.04,0.0,4.0,3.0,0.0,0.0
2026-08-24,Direct,(direct),546.27,184.78,53.4,17.95,290.0,7.0,4.0,0.0,0.0
2026-08-24,Email/SMS,Campaign - Monthly Newsletter,25.97,6.6,8.46,1.05,0.0,1.0,0.0,0.0,0.0
2026-08-24,Email/SMS,Flow - Abandoned Cart,91.82000000000001,24.6,17.59,3.26,0.0,2.0,0.0,0.0,0.0
2026-08-24,Email/SMS,Flow - Post Purchase Winback,247.07,60.0,25.89,8.07,0.0,3.0,1.0,0.0,0.0
2026-08-24,Email/SMS,Flow - Welcome Series,117.9,27.68,16.54,4.02,0.0,2.0,0.0,0.0,0.0
2026-08-24,Google Ads,PMax - Skincare Prospecting,0.0,0.0,0.0,0.0,0.0,0.0,0.0,9.06,5.9
2026-08-24,Google Ads,Search - Brand,0.0,0.0,0.0,0.0,0.0,0.0,0.0,13.85,9.01
2026-08-24,Google Ads,Search - Nonbrand Skincare,302.59000000000003,122.0,18.63,9.370000000000001,0.0,2.0,2.0,90.62,356.47
2026-08-24,Google Ads,Shopping - Bestsellers,42.32,9.6,8.82,1.53,0.0,1.0,1.0,11.41,45.59
2026-08-24,Meta Ads,Prospecting - Broad,107.16,28.04,15.91,3.71,0.0,2.0,1.0,63.77,165.32
2026-08-24,Meta Ads,Prospecting - Lookalike 1%,158.78,46.04,22.5,5.51,0.0,3.0,3.0,57.97,220.31
2026-08-24,Meta Ads,Retargeting - Cart Abandon,109.66,31.04,17.02,3.78,0.0,2.0,2.0,21.33,176.43
2026-08-24,Meta Ads,Retargeting - Engaged 30d,224.07,64.36,31.400000000000002,7.71,0.0,4.0,3.0,78.78,311.87
2026-08-24,Organic Search,(organic),284.31,101.28,25.89,9.149999999999999,0.0,3.0,3.0,0.0,0.0
2026-08-24,Organic Social,(organic social),157.39,47.68,15.68,5.17,0.0,2.0,2.0,0.0,0.0
2026-08-24,Unattributed,(not set),30.95,7.2,7.76,1.2,0.0,1.0,1.0,0.0,0.0
2026-08-25,Direct,(direct),389.3,137.54,40.04,12.780000000000001,58.95,5.0,1.0,0.0,0.0
2026-08-25,Email/SMS,Campaign - Monthly Newsletter,626.52,209.0,31.82,19.369999999999997,0.0,4.0,0.0,0.0,0.0
2026-08-25,Email/SMS,Flow - Abandoned Cart,85.14,24.0,8.83,2.77,0.0,1.0,1.0,0.0,0.0
2026-08-25,Email/SMS,Flow - Post Purchase Winback,109.9,28.799999999999997,17.1,3.79,0.0,2.0,0.0,0.0,0.0
2026-08-25,Email/SMS,Flow - Welcome Series,25.79,6.6,7.8,1.05,0.0,1.0,0.0,0.0,0.0
2026-08-25,Google Ads,PMax - Skincare Prospecting,33.68,7.2,8.82,1.28,0.0,1.0,1.0,16.53,35.73
2026-08-25,Google Ads,Search - Brand,82.38,17.7,16.939999999999998,2.99,0.0,2.0,1.0,9.82,94.79
2026-08-25,Google Ads,Search - Nonbrand Skincare,0.0,0.0,0.0,0.0,0.0,0.0,0.0,10.96,10.39
2026-08-25,Google Ads,Shopping - Bestsellers,33.18,7.2,8.2,1.26,0.0,1.0,0.0,13.83,36.18
2026-08-25,Meta Ads,Prospecting - Broad,204.47,49.06,23.310000000000002,6.83,0.0,3.0,1.0,119.34,298.68
2026-08-25,Meta Ads,Prospecting - Lookalike 1%,130.71,49.4,16.37,4.39,84.06,2.0,2.0,81.99,226.4
2026-08-25,Meta Ads,Retargeting - Cart Abandon,203.15000000000003,54.82,31.589999999999996,7.09,0.0,4.0,3.0,40.88,333.84
2026-08-25,Meta Ads,Retargeting - Engaged 30d,225.79000000000002,54.76,24.2,7.449999999999999,0.0,3.0,1.0,60.22,317.86
2026-08-25,Organic Search,(organic),483.0899999999999,144.64,42.78,15.51,0.0,5.0,3.0,0.0,0.0
2026-08-25,Organic Social,(organic social),121.53,27.299999999999997,24.5,4.43,0.0,3.0,0.0,0.0,0.0
2026-08-25,Unattributed,(not set),44.95,11.4,7.73,1.6,44.95,1.0,1.0,0.0,0.0
2026-08-26,Direct,(direct),558.94,160.01999999999998,55.849999999999994,18.31,0.0,7.0,1.0,0.0,0.0
2026-08-26,Email/SMS,Campaign - Monthly Newsletter,220.85000000000002,59.980000000000004,33.45,7.609999999999999,0.0,4.0,0.0,0.0,0.0
2026-08-26,Email/SMS,Flow - Welcome Series,166.0,49.92,9.29,5.11,0.0,1.0,0.0,0.0,0.0
2026-08-26,Google Ads,PMax - Skincare Prospecting,0.0,0.0,0.0,0.0,0.0,0.0,0.0,14.56,13.28
2026-08-26,Google Ads,Search - Brand,48.95,10.5,8.36,1.72,0.0,1.0,1.0,14.31,57.91
2026-08-26,Google Ads,Search - Nonbrand Skincare,74.7,17.48,14.59,2.77,0.0,2.0,2.0,20.15,86.66
2026-08-26,Google Ads,Shopping - Bestsellers,0.0,0.0,0.0,0.0,0.0,0.0,0.0,14.52,7.43
2026-08-26,Meta Ads,Prospecting - Broad,409.32,134.8,42.03,13.370000000000001,0.0,5.0,3.0,327.28,586.04
2026-08-26,Meta Ads,Prospecting - Lookalike 1%,38.95,9.6,7.32,1.43,0.0,1.0,1.0,17.51,47.06
2026-08-26,Meta Ads,Retargeting - Cart Abandon,201.52,54.88,31.77,7.04,0.0,4.0,3.0,31.19,287.53
2026-08-26,Meta Ads,Retargeting - Engaged 30d,82.59,22.8,7.13,2.7,41.3,1.0,1.0,26.9,102.85
2026-08-26,Organic Search,(organic),575.16,179.95999999999998,54.760000000000005,18.77,0.0,7.0,7.0,0.0,0.0
2026-08-26,Organic Social,(organic social),205.34000000000003,54.6,32.69,7.15,0.0,4.0,2.0,0.0,0.0
2026-08-26,Unattributed,(not set),63.900000000000006,15.0,16.66,2.45,0.0,2.0,2.0,0.0,0.0
2026-08-27,Direct,(direct),466.52,117.54,55.239999999999995,15.620000000000001,0.0,7.0,4.0,0.0,0.0
2026-08-27,Email/SMS,Campaign - Monthly Newsletter,62.95,15.68,7.89,2.13,0.0,1.0,0.0,0.0,0.0
2026-08-27,Email/SMS,Flow - Abandoned Cart,80.63000000000001,19.2,14.58,2.9299999999999997,0.0,2.0,0.0,0.0,0.0
2026-08-27,Email/SMS,Flow - Post Purchase Winback,349.27,109.0,16.65,10.719999999999999,0.0,2.0,1.0,0.0,0.0
2026-08-27,Google Ads,PMax - Skincare Prospecting,125.9,31.2,15.15,4.25,54.95,2.0,2.0,59.67,133.71
2026-08-27,Google Ads,Search - Brand,330.56,107.8,32.15,10.77,59.78,4.0,4.0,40.32,394.94
2026-08-27,Google Ads,Search - Nonbrand Skincare,178.01,43.88,33.510000000000005,6.359999999999999,0.0,4.0,3.0,47.19,217.13
2026-08-27,Google Ads,Shopping - Bestsellers,0.0,0.0,0.0,0.0,0.0,0.0,0.0,13.41,10.29
2026-08-27,Meta Ads,Prospecting - Broad,503.32,139.46,33.05,15.790000000000001,0.0,4.0,2.0,323.55,698.22
2026-08-27,Meta Ads,Prospecting - Lookalike 1%,41.66,11.4,7.29,1.51,0.0,1.0,1.0,20.7,57.77
2026-08-27,Meta Ads,Retargeting - Cart Abandon,30.049999999999997,7.2,9.34,1.17,0.0,1.0,1.0,13.6,48.15
2026-08-27,Meta Ads,Retargeting - Engaged 30d,66.52000000000001,19.8,7.98,2.23,0.0,1.0,0.0,33.6,97.54
2026-08-27,Organic Search,(organic),319.0,78.32,53.769999999999996,11.360000000000001,78.2,7.0,3.0,0.0,0.0
2026-08-27,Organic Social,(organic social),115.69,30.6,15.09,3.96,0.0,2.0,1.0,0.0,0.0
2026-08-27,Unattributed,(not set),308.0,83.72,14.96,9.54,0.0,2.0,2.0,0.0,0.0
2026-08-28,Direct,(direct),417.35,109.36000000000001,57.650000000000006,14.2,56.99,7.0,2.0,0.0,0.0
2026-08-28,Email/SMS,Campaign - Monthly Newsletter,44.95,11.4,7.63,1.6,0.0,1.0,1.0,0.0,0.0
2026-08-28,Email/SMS,Flow - Post Purchase Winback,62.95,15.68,8.93,2.13,0.0,1.0,0.0,0.0,0.0
2026-08-28,Email/SMS,Flow - Welcome Series,85.9,19.2,17.48,3.09,0.0,2.0,0.0,0.0,0.0
2026-08-28,Google Ads,PMax - Skincare Prospecting,80.95,17.1,15.31,2.95,0.0,2.0,1.0,29.48,84.54
2026-08-28,Google Ads,Search - Brand,232.84000000000003,71.0,31.97,7.95,0.0,4.0,2.0,19.59,258.53
2026-08-28,Google Ads,Search - Nonbrand Skincare,171.97,54.8,15.48,5.59,0.0,2.0,1.0,59.09,179.16
2026-08-28,Google Ads,Shopping - Bestsellers,111.9,26.18,16.33,3.8499999999999996,0.0,2.0,2.0,25.97,123.85
2026-08-28,Meta Ads,Prospecting - Broad,0.0,0.0,0.0,0.0,0.0,0.0,0.0,18.23,18.69
2026-08-28,Meta Ads,Prospecting - Lookalike 1%,222.55,69.8,21.68,7.35,0.0,3.0,3.0,78.43,287.82
2026-08-28,Meta Ads,Retargeting - Cart Abandon,214.7,50.24,37.72,7.72,0.0,5.0,4.0,39.41,288.93
2026-08-28,Meta Ads,Retargeting - Engaged 30d,223.35,71.3,26.47,7.38,0.0,3.0,2.0,59.58,296.73
2026-08-28,Organic Search,(organic),535.9899999999999,158.8,55.77,17.630000000000003,0.0,7.0,4.0,0.0,0.0
2026-08-28,Organic Social,(organic social),172.0,51.6,15.34,5.58,0.0,2.0,2.0,0.0,0.0
2026-08-28,Unattributed,(not set),101.74000000000001,25.799999999999997,14.75,3.55,0.0,2.0,2.0,0.0,0.0
2026-08-29,Direct,(direct),310.63,75.46,48.879999999999995,10.82,0.0,6.0,2.0,0.0,0.0
2026-08-29,Email/SMS,Campaign - Monthly Newsletter,203.40000000000003,49.8,35.230000000000004,7.09,0.0,4.0,0.0,0.0,0.0
2026-08-29,Email/SMS,Flow - Abandoned Cart,190.83999999999997,60.88,25.569999999999997,6.43,0.0,3.0,1.0,0.0,0.0
2026-08-29,Email/SMS,Flow - Post Purchase Winback,165.27,40.2,24.21,5.7,0.0,3.0,0.0,0.0,0.0
2026-08-29,Email/SMS,Flow - Welcome Series,140.95,35.4,15.76,4.68,0.0,2.0,0.0,0.0,0.0
2026-08-29,Google Ads,PMax - Skincare Prospecting,73.46000000000001,18.0,17.45,2.73,0.0,2.0,2.0,33.33,86.71
2026-08-29,Google Ads,Search - Brand,191.73000000000002,56.1,16.490000000000002,6.16,0.0,2.0,2.0,19.52,243.36
2026-08-29,Google Ads,Search - Nonbrand Skincare,197.29,77.8,24.28,6.619999999999999,0.0,3.0,1.0,89.85,250.45
2026-08-29,Google Ads,Shopping - Bestsellers,107.52000000000001,22.5,16.92,3.7199999999999998,0.0,2.0,2.0,31.89,130.56
2026-08-29,Meta Ads,Prospecting - Broad,82.74,24.0,8.11,2.7,0.0,1.0,1.0,76.18,122.74
2026-08-29,Meta Ads,Prospecting - Lookalike 1%,226.95,83.2,17.41,7.180000000000001,0.0,2.0,1.0,81.01,268.92
2026-08-29,Meta Ads,Retargeting - Cart Abandon,222.09,65.68,21.189999999999998,7.35,0.0,3.0,2.0,45.93,322.57
2026-08-29,Meta Ads,Retargeting - Engaged 30d,269.88,114.68,24.0,8.73,0.0,3.0,2.0,106.39,431.17
2026-08-29,Organic Search,(organic),472.2,149.04,66.21000000000001,16.1,27.23,8.0,5.0,0.0,0.0
2026-08-29,Unattributed,(not set),37.71,10.88,8.26,1.39,0.0,1.0,1.0,0.0,0.0
2026-08-30,Direct,(direct),359.11,110.58,40.42,11.91,0.0,5.0,5.0,0.0,0.0
2026-08-30,Email/SMS,Campaign - Monthly Newsletter,99.9,23.4,15.669999999999998,3.49,27.48,2.0,0.0,0.0,0.0
2026-08-30,Email/SMS,Flow - Abandoned Cart,234.29,86.8,29.299999999999997,7.989999999999999,0.0,4.0,0.0,0.0,0.0
2026-08-30,Email/SMS,Flow - Post Purchase Winback,62.95,15.68,7.93,2.13,62.95,1.0,0.0,0.0,0.0
2026-08-30,Email/SMS,Flow - Welcome Series,104.0,33.28,7.95,3.32,0.0,1.0,0.0,0.0,0.0
2026-08-30,Google Ads,PMax - Skincare Prospecting,53.85,13.2,6.86,1.86,0.0,1.0,1.0,25.2,57.81
2026-08-30,Google Ads,Search - Brand,212.10999999999999,73.0,17.61,6.76,0.0,2.0,1.0,27.29,230.54
2026-08-30,Google Ads,Search - Nonbrand Skincare,96.45000000000002,25.28,15.07,3.39,0.0,2.0,2.0,37.43,116.36
2026-08-30,Google Ads,Shopping - Bestsellers,189.95999999999998,51.68000000000001,24.98,6.41,40.95,3.0,3.0,61.95,201.46
2026-08-30,Meta Ads,Prospecting - Broad,37.160000000000004,8.4,7.0,1.38,0.0,1.0,1.0,27.88,55.17
2026-08-30,Meta Ads,Prospecting - Lookalike 1%,303.53000000000003,85.4,40.97,10.3,0.0,5.0,4.0,161.35,481.22
2026-08-30,Meta Ads,Retargeting - Cart Abandon,227.86,66.5,31.93,7.81,0.0,4.0,2.0,47.06,301.19
2026-08-30,Meta Ads,Retargeting - Engaged 30d,111.53,33.28,7.54,3.53,0.0,1.0,0.0,42.92,138.28
2026-08-30,Organic Search,(organic),445.03,120.38000000000001,56.00999999999999,15.009999999999998,30.95,7.0,4.0,0.0,0.0
2026-08-30,Organic Social,(organic social),393.08,141.68,24.049999999999997,12.3,0.0,3.0,3.0,0.0,0.0
2026-08-30,Unattributed,(not set),58.95,16.64,8.42,2.01,0.0,1.0,1.0,0.0,0.0
2026-08-31,Direct,(direct),318.42999999999995,75.0,36.93,10.740000000000002,0.0,5.0,1.0,0.0,0.0
2026-08-31,Email/SMS,Campaign - Monthly Newsletter,92.63,21.380000000000003,17.19,3.29,0.0,2.0,0.0,0.0,0.0
2026-08-31,Email/SMS,Flow - Abandoned Cart,101.88,29.4,18.35,3.56,37.57,2.0,0.0,0.0,0.0
2026-08-31,Email/SMS,Flow - Post Purchase Winback,238.42000000000002,68.8,33.06,8.110000000000001,0.0,4.0,0.0,0.0,0.0
2026-08-31,Email/SMS,Flow - Welcome Series,215.6,69.36,14.54,6.85,0.0,2.0,0.0,0.0,0.0
2026-08-31,Google Ads,PMax - Skincare Prospecting,98.4,23.4,15.879999999999999,3.46,0.0,2.0,1.0,37.52,126.59
2026-08-31,Google Ads,Search - Brand,202.56,48.68,33.17,7.079999999999999,0.0,4.0,3.0,19.57,223.08
2026-08-31,Google Ads,Search - Nonbrand Skincare,193.7,54.16,18.4,6.220000000000001,0.0,2.0,2.0,72.14,233.26
2026-08-31,Google Ads,Shopping - Bestsellers,98.0,38.0,6.52,3.14,0.0,1.0,1.0,31.56,115.29
2026-08-31,Meta Ads,Prospecting - Broad,0.0,0.0,0.0,0.0,0.0,0.0,0.0,18.14,8.23
2026-08-31,Meta Ads,Prospecting - Lookalike 1%,0.0,0.0,0.0,0.0,0.0,0.0,0.0,18.65,6.28
2026-08-31,Meta Ads,Retargeting - Cart Abandon,178.84,43.5,16.9,5.78,0.0,2.0,2.0,26.15,285.1
2026-08-31,Meta Ads,Retargeting - Engaged 30d,294.71,80.72,26.48,9.44,0.0,3.0,2.0,81.08,386.75
2026-08-31,Organic Search,(organic),387.34,103.44,39.650000000000006,12.73,0.0,5.0,1.0,0.0,0.0
2026-08-31,Organic Social,(organic social),103.48000000000002,28.88,16.89,3.6,0.0,2.0,2.0,0.0,0.0
2026-09-01,Direct,(direct),367.6,112.24000000000001,30.23,11.86,58.95,4.0,1.0,0.0,0.0
2026-09-01,Email/SMS,Campaign - Monthly Newsletter,114.85000000000001,31.2,15.17,3.9299999999999997,0.0,2.0,0.0,0.0,0.0
2026-09-01,Email/SMS,Flow - Abandoned Cart,105.89000000000001,26.4,14.41,3.67,0.0,2.0,0.0,0.0,0.0
2026-09-01,Email/SMS,Flow - Post Purchase Winback,396.84999999999997,138.98000000000002,47.480000000000004,13.3,15.76,6.0,0.0,0.0,0.0
2026-09-01,Email/SMS,Flow - Welcome Series,141.93,35.4,25.009999999999998,5.02,0.0,3.0,1.0,0.0,0.0
2026-09-01,Google Ads,PMax - Skincare Prospecting,273.9,69.76,24.34,8.840000000000002,0.0,3.0,2.0,115.14,308.5
2026-09-01,Google Ads,Search - Brand,92.43,27.520000000000003,14.370000000000001,3.2800000000000002,0.0,2.0,2.0,10.4,121.33
2026-09-01,Google Ads,Search - Nonbrand Skincare,349.67,97.22,23.959999999999997,11.04,0.0,3.0,3.0,101.75,441.92
2026-09-01,Google Ads,Shopping - Bestsellers,126.0,31.5,7.56,3.95,0.0,1.0,1.0,33.87,148.35
2026-09-01,Meta Ads,Prospecting - Broad,215.13,60.68000000000001,30.650000000000002,7.45,0.0,4.0,3.0,152.01,351.98
2026-09-01,Meta Ads,Prospecting - Lookalike 1%,165.97,42.6,23.87,5.720000000000001,0.0,3.0,2.0,56.75,217.61
2026-09-01,Meta Ads,Retargeting - Cart Abandon,0.0,0.0,0.0,0.0,0.0,0.0,0.0,19.1,17.06
2026-09-01,Meta Ads,Retargeting - Engaged 30d,201.76999999999998,54.6,23.939999999999998,6.75,0.0,3.0,3.0,79.1,306.46
2026-09-01,Organic Search,(organic),262.99,71.84,39.72,9.119999999999997,0.0,5.0,4.0,0.0,0.0
2026-09-01,Organic Social,(organic social),186.51999999999998,47.4,15.149999999999999,6.01,0.0,2.0,1.0,0.0,0.0
2026-09-01,Unattributed,(not set),84.63,24.0,8.8,2.75,0.0,1.0,1.0,0.0,0.0
2026-09-02,Direct,(direct),325.21999999999997,95.16000000000001,48.96,11.24,31.21,6.0,2.0,0.0,0.0
2026-09-02,Email/SMS,Campaign - Monthly Newsletter,295.85,81.67999999999999,22.07,9.47,0.0,3.0,0.0,0.0,0.0
2026-09-02,Email/SMS,Flow - Abandoned Cart,100.81,24.08,17.48,3.52,0.0,2.0,0.0,0.0,0.0
2026-09-02,Email/SMS,Flow - Post Purchase Winback,68.75,15.600000000000001,15.71,2.59,0.0,2.0,0.0,0.0,0.0
2026-09-02,Email/SMS,Flow - Welcome Series,51.260000000000005,12.0,8.25,1.79,0.0,1.0,0.0,0.0,0.0
2026-09-02,Google Ads,PMax - Skincare Prospecting,267.79999999999995,88.08,22.04,8.67,0.0,3.0,2.0,142.68,371.14
2026-09-02,Google Ads,Search - Brand,233.81,57.38,31.65,7.979999999999999,0.0,4.0,2.0,25.34,264.55
2026-09-02,Google Ads,Search - Nonbrand Skincare,154.3,37.8,22.35,5.38,0.0,3.0,3.0,52.99,190.61
2026-09-02,Google Ads,Shopping - Bestsellers,380.58,141.2,24.41,11.940000000000001,0.0,3.0,0.0,89.3,442.18
2026-09-02,Meta Ads,Prospecting - Broad,313.52,109.38,30.990000000000002,10.3,0.0,4.0,3.0,206.68,423.32
2026-09-02,Meta Ads,Prospecting - Lookalike 1%,32.85,7.2,7.1,1.25,0.0,1.0,0.0,14.08,43.39
2026-09-02,Meta Ads,Retargeting - Cart Abandon,103.9,22.5,16.12,3.61,0.0,2.0,2.0,16.42,149.04
2026-09-02,Meta Ads,Retargeting - Engaged 30d,0.0,0.0,0.0,0.0,0.0,0.0,0.0,17.08,14.61
2026-09-02,Organic Search,(organic),407.48,102.44,64.93,14.21,53.57,8.0,3.0,0.0,0.0
2026-09-02,Organic Social,(organic social),169.56,40.8,23.82,5.82,0.0,3.0,2.0,0.0,0.0
2026-09-02,Unattributed,(not set),77.13000000000001,21.0,8.61,2.54,0.0,1.0,1.0,0.0,0.0
2026-09-03,Direct,(direct),258.58000000000004,77.75999999999999,40.989999999999995,9.0,58.24,5.0,2.0,0.0,0.0
2026-09-03,Email/SMS,Campaign - Monthly Newsletter,186.61999999999998,44.4,38.04,6.91,0.0,5.0,0.0,0.0,0.0
2026-09-03,Email/SMS,Flow - Abandoned Cart,66.87,16.8,18.43,2.54,0.0,2.0,0.0,0.0,0.0
2026-09-03,Email/SMS,Flow - Welcome Series,228.15,67.36,20.919999999999998,7.51,0.0,3.0,1.0,0.0,0.0
2026-09-03,Google Ads,PMax - Skincare Prospecting,215.7,51.08,32.35,7.45,59.27,4.0,3.0,114.59,262.89
2026-09-03,Google Ads,Search - Brand,229.13000000000002,62.56,23.32,7.539999999999999,0.0,3.0,2.0,25.19,281.42
2026-09-03,Google Ads,Search - Nonbrand Skincare,28.95,6.6,8.11,1.14,0.0,1.0,1.0,12.71,32.86
2026-09-03,Google Ads,Shopping - Bestsellers,125.74000000000001,31.2,16.67,4.24,0.0,2.0,2.0,41.2,145.63
2026-09-03,Meta Ads,Prospecting - Broad,249.47000000000003,75.44,24.060000000000002,8.13,0.0,3.0,3.0,122.27,375.45
2026-09-03,Meta Ads,Prospecting - Lookalike 1%,107.92,22.5,16.68,3.73,27.48,2.0,2.0,37.2,151.93
2026-09-03,Meta Ads,Retargeting - Cart Abandon,293.81,88.56,32.8,9.719999999999999,0.0,4.0,4.0,67.02,386.99
2026-09-03,Meta Ads,Retargeting - Engaged 30d,212.98000000000002,58.5,23.839999999999996,7.069999999999999,0.0,3.0,1.0,80.35,295.7
2026-09-03,Organic Search,(organic),296.86,65.78,54.27,10.7,0.0,7.0,4.0,0.0,0.0
2026-09-03,Organic Social,(organic social),266.24,92.36,16.09,8.32,0.0,2.0,2.0,0.0,0.0
2026-09-04,Direct,(direct),122.23,31.200000000000003,24.95,4.4399999999999995,0.0,3.0,0.0,0.0,0.0
2026-09-04,Email/SMS,Campaign - Monthly Newsletter,603.85,158.35999999999999,41.03,19.03,56.0,5.0,0.0,0.0,0.0
2026-09-04,Email/SMS,Flow - Abandoned Cart,38.95,9.6,7.54,1.43,0.0,1.0,0.0,0.0,0.0
2026-09-04,Email/SMS,Flow - Post Purchase Winback,257.6,66.08,41.13999999999999,8.96,26.46,5.0,0.0,0.0,0.0
2026-09-04,Email/SMS,Flow - Welcome Series,186.14,45.0,17.33,5.99,0.0,2.0,0.0,0.0,0.0
2026-09-04,Google Ads,PMax - Skincare Prospecting,188.65,64.4,23.39,6.38,0.0,3.0,3.0,83.64,218.18
2026-09-04,Google Ads,Search - Brand,107.35,25.200000000000003,25.25,4.01,0.0,3.0,3.0,13.24,123.19
2026-09-04,Google Ads,Search - Nonbrand Skincare,213.52,57.9,23.939999999999998,7.09,127.38,3.0,1.0,70.17,278.98
2026-09-04,Google Ads,Shopping - Bestsellers,538.9,212.5,28.699999999999996,16.83,0.0,4.0,4.0,190.84,698.63
2026-09-04,Meta Ads,Prospecting - Broad,314.07,83.54,39.81,10.6,0.0,5.0,5.0,148.05,451.82
2026-09-04,Meta Ads,Prospecting - Lookalike 1%,0.0,0.0,0.0,0.0,0.0,0.0,0.0,16.54,6.95
2026-09-04,Meta Ads,Retargeting - Cart Abandon,262.34000000000003,81.92,32.129999999999995,8.799999999999999,0.0,4.0,3.0,51.32,416.35
2026-09-04,Meta Ads,Retargeting - Engaged 30d,129.15,32.4,22.509999999999998,4.65,0.0,3.0,3.0,44.13,197.09
2026-09-04,Organic Search,(organic),421.03,108.02000000000001,39.91,13.709999999999999,224.0,5.0,3.0,0.0,0.0
2026-09-04,Organic Social,(organic social),38.95,9.6,8.45,1.43,0.0,1.0,1.0,0.0,0.0
2026-09-04,Unattributed,(not set),241.0,85.0,16.79,7.58,0.0,2.0,2.0,0.0,0.0
2026-09-05,Direct,(direct),685.53,186.98,67.07000000000001,22.28,0.0,8.0,4.0,0.0,0.0
2026-09-05,Email/SMS,Campaign - Monthly Newsletter,139.83,34.8,21.33,4.949999999999999,0.0,3.0,0.0,0.0,0.0
2026-09-05,Email/SMS,Flow - Abandoned Cart,52.980000000000004,12.0,9.24,1.84,0.0,1.0,0.0,0.0,0.0
2026-09-05,Email/SMS,Flow - Post Purchase Winback,129.13,33.3,15.15,4.34,0.0,2.0,0.0,0.0,0.0
2026-09-05,Email/SMS,Flow - Welcome Series,183.57,41.1,32.11,6.52,0.0,4.0,1.0,0.0,0.0
2026-09-05,Google Ads,PMax - Skincare Prospecting,58.620000000000005,12.0,7.16,2.0,0.0,1.0,1.0,21.3,62.75
2026-09-05,Google Ads,Search - Brand,521.28,186.5,40.25999999999999,16.62,0.0,5.0,4.0,73.09,635.56
2026-09-05,Google Ads,Search - Nonbrand Skincare,321.63,105.48,38.989999999999995,10.819999999999999,0.0,5.0,3.0,87.76,375.84
2026-09-05,Google Ads,Shopping - Bestsellers,188.09,57.92,23.330000000000002,6.359999999999999,93.34,3.0,3.0,63.82,249.38
2026-09-05,Meta Ads,Prospecting - Broad,281.08,78.4,17.97,8.75,0.0,2.0,1.0,221.28,376.9
2026-09-05,Meta Ads,Prospecting - Lookalike 1%,281.9,95.2,27.03,9.07,0.0,3.0,3.0,139.57,371.35
2026-09-05,Meta Ads,Retargeting - Cart Abandon,0.0,0.0,0.0,0.0,0.0,0.0,0.0,14.14,4.38
2026-09-05,Meta Ads,Retargeting - Engaged 30d,151.57,40.2,15.32,5.0,0.0,2.0,0.0,61.57,218.79
2026-09-05,Organic Search,(organic),535.67,134.78,72.67,18.25,195.19,9.0,5.0,0.0,0.0
2026-09-05,Organic Social,(organic social),88.36,19.2,15.469999999999999,3.16,88.36,2.0,1.0,0.0,0.0
2026-09-05,Unattributed,(not set),218.95,65.6,14.420000000000002,6.95,0.0,2.0,1.0,0.0,0.0
2026-09-06,Direct,(direct),580.53,192.28000000000003,65.56,19.240000000000002,0.0,8.0,4.0,0.0,0.0
2026-09-06,Email/SMS,Campaign - Monthly Newsletter,280.33,84.28,41.89,9.629999999999999,0.0,5.0,1.0,0.0,0.0
2026-09-06,Email/SMS,Flow - Post Purchase Winback,54.95,12.0,6.95,1.89,0.0,1.0,0.0,0.0,0.0
2026-09-06,Email/SMS,Flow - Welcome Series,291.39,71.4,42.16,9.95,0.0,5.0,0.0,0.0,0.0
2026-09-06,Google Ads,PMax - Skincare Prospecting,312.82000000000005,100.3,32.16,10.27,51.89,4.0,4.0,125.38,374.44
2026-09-06,Google Ads,Search - Brand,224.01999999999998,65.52000000000001,24.71,7.4,0.0,3.0,3.0,25.13,261.81
2026-09-06,Google Ads,Search - Nonbrand Skincare,294.55,93.48,32.96,9.75,0.0,4.0,4.0,86.18,356.99
2026-09-06,Google Ads,Shopping - Bestsellers,95.61000000000001,24.08,17.060000000000002,3.38,0.0,2.0,2.0,32.91,101.15
2026-09-06,Meta Ads,Prospecting - Broad,118.37,31.2,16.0,4.03,0.0,2.0,2.0,64.02,167.05
2026-09-06,Meta Ads,Prospecting - Lookalike 1%,258.35,68.52000000000001,24.13,8.39,0.0,3.0,2.0,132.63,400.12
2026-09-06,Meta Ads,Retargeting - Cart Abandon,62.95,15.68,7.35,2.13,0.0,1.0,1.0,16.89,85.24
2026-09-06,Meta Ads,Retargeting - Engaged 30d,108.12,24.0,14.98,3.7399999999999998,0.0,2.0,2.0,36.42,141.04
2026-09-06,Organic Search,(organic),376.63,88.88,65.1,13.33,0.0,8.0,5.0,0.0,0.0
2026-09-06,Organic Social,(organic social),62.95,15.68,9.8,2.13,0.0,1.0,1.0,0.0,0.0
2026-09-06,Unattributed,(not set),82.17,22.8,8.34,2.68,82.17,1.0,1.0,0.0,0.0
2026-09-07,Direct,(direct),725.27,279.0,50.09,22.830000000000002,77.77,6.0,1.0,0.0,0.0
2026-09-07,Email/SMS,Campaign - Monthly Newsletter,98.0,38.0,7.11,3.14,0.0,1.0,0.0,0.0,0.0
2026-09-07,Email/SMS,Flow - Abandoned Cart,150.65,45.0,14.879999999999999,4.97,0.0,2.0,0.0,0.0,0.0
2026-09-07,Email/SMS,Flow - Post Purchase Winback,28.95,6.6,7.64,1.14,0.0,1.0,1.0,0.0,0.0
2026-09-07,Email/SMS,Flow - Welcome Series,175.54,43.800000000000004,23.49,5.99,50.95,3.0,0.0,0.0,0.0
2026-09-07,Google Ads,PMax - Skincare Prospecting,28.87,7.2,8.0,1.14,0.0,1.0,1.0,12.19,36.39
2026-09-07,Google Ads,Search - Brand,48.95,10.5,7.08,1.72,0.0,1.0,1.0,13.95,58.55
2026-09-07,Google Ads,Search - Nonbrand Skincare,454.54,111.9,39.7,14.680000000000001,109.94,5.0,5.0,157.35,532.48
2026-09-07,Google Ads,Shopping - Bestsellers,0.0,0.0,0.0,0.0,0.0,0.0,0.0,11.83,8.55
2026-09-07,Meta Ads,Prospecting - Broad,82.23,21.0,16.369999999999997,2.98,0.0,2.0,1.0,58.86,113.32
2026-09-07,Meta Ads,Prospecting - Lookalike 1%,149.82,39.0,23.46,5.24,0.0,3.0,3.0,78.89,246.27
2026-09-07,Meta Ads,Retargeting - Cart Abandon,188.91000000000003,45.980000000000004,23.21,6.379999999999999,0.0,3.0,3.0,40.72,300.64
2026-09-07,Meta Ads,Retargeting - Engaged 30d,128.0,38.4,6.54,4.01,0.0,1.0,0.0,43.78,160.13
2026-09-07,Organic Search,(organic),489.04,127.8,57.62,16.279999999999998,0.0,7.0,4.0,0.0,0.0
2026-09-07,Organic Social,(organic social),236.95,59.4,15.469999999999999,7.470000000000001,0.0,2.0,1.0,0.0,0.0
2026-09-07,Unattributed,(not set),124.32000000000001,33.6,23.98,4.51,0.0,3.0,2.0,0.0,0.0
2026-09-08,Direct,(direct),416.45,123.14,47.99,13.870000000000001,88.61,6.0,2.0,0.0,0.0
2026-09-08,Email/SMS,Campaign - Monthly Newsletter,234.95,71.52000000000001,17.13,7.41,0.0,2.0,0.0,0.0,0.0
2026-09-08,Email/SMS,Flow - Abandoned Cart,88.74,38.0,9.15,2.87,0.0,1.0,0.0,0.0,0.0
2026-09-08,Email/SMS,Flow - Post Purchase Winback,80.56,17.7,16.02,2.94,0.0,2.0,0.0,0.0,0.0
2026-09-08,Email/SMS,Flow - Welcome Series,62.95,15.68,8.28,2.13,0.0,1.0,0.0,0.0,0.0
2026-09-08,Google Ads,PMax - Skincare Prospecting,376.21999999999997,104.03999999999999,32.379999999999995,12.11,137.64,4.0,3.0,143.35,451.54
2026-09-08,Google Ads,Search - Brand,167.32,54.400000000000006,15.969999999999999,5.449999999999999,167.32,2.0,1.0,18.26,198.21
2026-09-08,Google Ads,Search - Nonbrand Skincare,76.0,22.8,8.1,2.5,0.0,1.0,1.0,18.47,86.2
2026-09-08,Google Ads,Shopping - Bestsellers,225.07999999999998,68.56,25.18,7.420000000000001,0.0,3.0,2.0,55.41,282.13
2026-09-08,Meta Ads,Prospecting - Broad,269.58,77.6,41.78999999999999,9.32,27.48,5.0,5.0,177.35,396.45
2026-09-08,Meta Ads,Prospecting - Lookalike 1%,101.76,25.799999999999997,17.66,3.55,0.0,2.0,2.0,48.85,150.53
2026-09-08,Meta Ads,Retargeting - Cart Abandon,114.16,26.4,25.73,4.209999999999999,0.0,3.0,3.0,23.22,143.53
2026-09-08,Meta Ads,Retargeting - Engaged 30d,92.72,38.0,8.24,2.99,0.0,1.0,0.0,41.13,135.87
2026-09-08,Organic Search,(organic),456.22999999999996,116.78000000000002,56.52,15.34,60.1,7.0,2.0,0.0,0.0
2026-09-08,Organic Social,(organic social),106.52,38.0,7.83,3.39,0.0,1.0,1.0,0.0,0.0
2026-09-08,Unattributed,(not set),252.76,77.44,23.11,8.24,0.0,3.0,2.0,0.0,0.0
2026-09-09,Direct,(direct),586.78,159.28,58.27,19.12,63.14,7.0,1.0,0.0,0.0
2026-09-09,Email/SMS,Campaign - Monthly Newsletter,421.76,117.64,34.01,13.43,0.0,4.0,0.0,0.0,0.0
2026-09-09,Email/SMS,Flow - Abandoned Cart,355.37,98.84,22.939999999999998,11.21,0.0,3.0,1.0,0.0,0.0
2026-09-09,Email/SMS,Flow - Post Purchase Winback,85.53,19.2,15.100000000000001,3.08,51.83,2.0,1.0,0.0,0.0
2026-09-09,Email/SMS,Flow - Welcome Series,192.10000000000002,52.800000000000004,24.189999999999998,6.46,0.0,3.0,0.0,0.0,0.0
2026-09-09,Google Ads,PMax - Skincare Prospecting,174.29,68.2,15.35,5.65,0.0,2.0,2.0,67.91,184.06
2026-09-09,Google Ads,Search - Brand,169.82000000000002,38.1,24.85,5.830000000000001,0.0,3.0,3.0,15.8,205.02
2026-09-09,Google Ads,Search - Nonbrand Skincare,61.9,14.4,15.01,2.4,0.0,2.0,1.0,20.86,74.93
2026-09-09,Google Ads,Shopping - Bestsellers,0.0,0.0,0.0,0.0,0.0,0.0,0.0,13.29,11.87
2026-09-09,Meta Ads,Prospecting - Broad,136.34,45.2,17.8,4.56,0.0,2.0,1.0,86.04,206.69
2026-09-09,Meta Ads,Prospecting - Lookalike 1%,44.95,11.4,8.38,1.6,0.0,1.0,1.0,21.66,57.01
2026-09-09,Meta Ads,Retargeting - Cart Abandon,113.83000000000001,26.4,16.93,3.8999999999999995,54.95,2.0,2.0,16.33,139.79
2026-09-09,Meta Ads,Retargeting - Engaged 30d,302.9,84.84,42.61000000000001,10.28,0.0,5.0,2.0,93.03,447.11
2026-09-09,Organic Search,(organic),762.6300000000001,261.0,56.349999999999994,24.21,0.0,7.0,4.0,0.0,0.0
2026-09-09,Organic Social,(organic social),134.95,38.4,16.41,4.51,0.0,2.0,1.0,0.0,0.0
2026-09-09,Unattributed,(not set),62.95,15.68,7.83,2.13,0.0,1.0,0.0,0.0,0.0
2026-09-10,Direct,(direct),382.8,98.02000000000001,57.42,13.200000000000001,0.0,7.0,2.0,0.0,0.0
2026-09-10,Email/SMS,Campaign - Monthly Newsletter,44.95,11.4,8.28,1.6,0.0,1.0,0.0,0.0,0.0
2026-09-10,Email/SMS,Flow - Abandoned Cart,35.88,9.6,7.67,1.34,0.0,1.0,1.0,0.0,0.0
2026-09-10,Email/SMS,Flow - Post Purchase Winback,221.41,50.7,25.03,7.32,137.28,3.0,0.0,0.0,0.0
2026-09-10,Email/SMS,Flow - Welcome Series,236.5,54.6,24.009999999999998,7.76,0.0,3.0,0.0,0.0,0.0
2026-09-10,Google Ads,PMax - Skincare Prospecting,0.0,0.0,0.0,0.0,0.0,0.0,0.0,10.73,8.68
2026-09-10,Google Ads,Search - Brand,30.89,6.6,7.03,1.2,0.0,1.0,1.0,9.07,35.62
2026-09-10,Google Ads,Search - Nonbrand Skincare,175.92000000000002,39.9,33.82,6.3,0.0,4.0,2.0,43.07,210.2
2026-09-10,Google Ads,Shopping - Bestsellers,420.90000000000003,110.12,31.119999999999997,13.41,42.6,4.0,3.0,156.72,507.8
2026-09-10,Meta Ads,Prospecting - Broad,105.41000000000001,33.28,14.719999999999999,3.66,0.0,2.0,2.0,75.89,148.01
2026-09-10,Meta Ads,Prospecting - Lookalike 1%,39.92,11.4,8.2,1.46,0.0,1.0,1.0,22.44,62.09
2026-09-10,Meta Ads,Retargeting - Cart Abandon,472.9,146.22,32.29,14.91,224.0,4.0,3.0,90.63,579.51
2026-09-10,Meta Ads,Retargeting - Engaged 30d,110.54,27.3,15.799999999999999,3.8,58.32,2.0,1.0,37.34,146.97
2026-09-10,Organic Search,(organic),677.3300000000002,205.11999999999998,80.63000000000001,22.639999999999997,253.7,10.0,6.0,0.0,0.0
2026-09-10,Organic Social,(organic social),109.09,28.8,25.68,4.07,0.0,3.0,1.0,0.0,0.0
2026-09-10,Unattributed,(not set),59.160000000000004,14.4,8.63,2.02,0.0,1.0,1.0,0.0,0.0
2026-09-11,Direct,(direct),791.6200000000001,263.29999999999995,96.34000000000002,26.57,87.28999999999999,12.0,6.0,0.0,0.0
2026-09-11,Email/SMS,Campaign - Monthly Newsletter,135.29,35.48,22.84,4.819999999999999,0.0,3.0,0.0,0.0,0.0
2026-09-11,Email/SMS,Flow - Post Purchase Winback,230.92000000000002,55.88,20.7,7.6,0.0,3.0,0.0,0.0,0.0
2026-09-11,Email/SMS,Flow - Welcome Series,84.49000000000001,19.799999999999997,15.91,3.05,0.0,2.0,0.0,0.0,0.0
2026-09-11,Google Ads,PMax - Skincare Prospecting,98.07000000000001,22.88,16.6,3.45,0.0,2.0,2.0,31.07,101.52
2026-09-11,Google Ads,Search - Brand,88.93,22.88,14.7,3.1799999999999997,0.0,2.0,2.0,12.49,107.18
2026-09-11,Google Ads,Search - Nonbrand Skincare,86.94,20.1,16.28,3.12,0.0,2.0,0.0,24.87,109.38
2026-09-11,Google Ads,Shopping - Bestsellers,175.25,50.4,15.36,5.68,0.0,2.0,2.0,59.93,206.91
2026-09-11,Meta Ads,Prospecting - Broad,97.17000000000002,22.8,18.259999999999998,3.42,38.19,2.0,1.0,67.52,140.81
2026-09-11,Meta Ads,Prospecting - Lookalike 1%,134.24,48.5,16.51,4.49,0.0,2.0,2.0,53.78,181.38
2026-09-11,Meta Ads,Retargeting - Cart Abandon,0.0,0.0,0.0,0.0,0.0,0.0,0.0,17.83,5.59
2026-09-11,Meta Ads,Retargeting - Engaged 30d,0.0,0.0,0.0,0.0,0.0,0.0,0.0,17.48,14.97
2026-09-11,Organic Search,(organic),1490.79,551.54,87.41999999999999,46.53,0.0,11.0,5.0,0.0,0.0
2026-09-11,Organic Social,(organic social),282.23,79.4,39.89,9.69,105.09,5.0,2.0,0.0,0.0
2026-09-11,Unattributed,(not set),37.440000000000005,11.4,8.79,1.39,0.0,1.0,0.0,0.0,0.0
2026-09-12,Direct,(direct),772.9300000000001,235.96,75.36000000000001,25.12,114.42,9.0,6.0,0.0,0.0
2026-09-12,Email/SMS,Campaign - Monthly Newsletter,30.95,7.2,8.46,1.2,0.0,1.0,0.0,0.0,0.0
2026-09-12,Email/SMS,Flow - Abandoned Cart,32.38,8.4,8.85,1.24,16.19,1.0,0.0,0.0,0.0
2026-09-12,Email/SMS,Flow - Post Purchase Winback,132.95,39.88,18.41,4.46,0.0,2.0,0.0,0.0,0.0
2026-09-12,Email/SMS,Flow - Welcome Series,103.31,24.0,23.81,3.89,0.0,3.0,0.0,0.0,0.0
2026-09-12,Google Ads,PMax - Skincare Prospecting,213.55,82.76,14.47,6.79,0.0,2.0,2.0,113.68,255.62
2026-09-12,Google Ads,Search - Brand,89.49000000000001,21.9,17.619999999999997,3.1900000000000004,0.0,2.0,2.0,10.31,110.89
2026-09-12,Google Ads,Search - Nonbrand Skincare,219.89999999999998,58.96,30.95,7.59,62.95,4.0,3.0,76.53,278.06
2026-09-12,Google Ads,Shopping - Bestsellers,140.72000000000003,35.84,24.16,4.98,62.77,3.0,3.0,47.01,158.54
2026-09-12,Meta Ads,Prospecting - Broad,389.45,101.46,46.739999999999995,13.09,0.0,6.0,5.0,220.87,561.83
2026-09-12,Meta Ads,Prospecting - Lookalike 1%,195.76999999999998,62.72,7.66,5.98,0.0,1.0,1.0,126.67,299.58
2026-09-12,Meta Ads,Retargeting - Cart Abandon,397.21000000000004,125.28,41.29,13.0,54.28,5.0,4.0,93.42,617.82
2026-09-12,Meta Ads,Retargeting - Engaged 30d,345.09,89.6,32.88,11.2,0.0,4.0,3.0,112.31,444.25
2026-09-12,Organic Search,(organic),452.27,123.0,65.26,15.52,0.0,8.0,7.0,0.0,0.0
2026-09-12,Organic Social,(organic social),44.95,11.4,7.81,1.6,0.0,1.0,0.0,0.0,0.0
2026-09-12,Unattributed,(not set),48.09,11.4,8.79,1.69,0.0,1.0,1.0,0.0,0.0
2026-09-13,Direct,(direct),1052.42,365.47999999999996,72.52,33.22,0.0,9.0,2.0,0.0,0.0
2026-09-13,Email/SMS,Campaign - Monthly Newsletter,154.99,46.480000000000004,17.259999999999998,5.1,0.0,2.0,0.0,0.0,0.0
2026-09-13,Email/SMS,Flow - Abandoned Cart,286.82000000000005,104.64,25.800000000000004,9.21,28.68,3.0,0.0,0.0,0.0
2026-09-13,Email/SMS,Flow - Post Purchase Winback,275.93,64.58,33.239999999999995,9.209999999999999,0.0,4.0,1.0,0.0,0.0
2026-09-13,Email/SMS,Flow - Welcome Series,77.57000000000001,19.2,7.8,2.55,0.0,1.0,0.0,0.0,0.0
2026-09-13,Google Ads,PMax - Skincare Prospecting,216.20999999999998,57.080000000000005,23.01,7.18,0.0,3.0,3.0,81.21,262.72
2026-09-13,Google Ads,Search - Brand,363.44000000000005,112.44,22.29,11.44,0.0,3.0,3.0,52.45,411.24
2026-09-13,Google Ads,Search - Nonbrand Skincare,37.120000000000005,8.4,8.32,1.38,0.0,1.0,1.0,9.1,41.71
2026-09-13,Google Ads,Shopping - Bestsellers,89.9,20.4,18.310000000000002,3.2,34.95,2.0,2.0,27.77,103.69
2026-09-13,Meta Ads,Prospecting - Broad,202.64999999999998,50.24,24.259999999999998,6.779999999999999,0.0,3.0,1.0,107.49,278.91
2026-09-13,Meta Ads,Prospecting - Lookalike 1%,125.64,27.68,14.93,4.25,0.0,2.0,1.0,46.91,171.42
2026-09-13,Meta Ads,Retargeting - Cart Abandon,184.51999999999998,49.50000000000001,31.86,6.55,55.43,4.0,4.0,37.48,269.0
2026-09-13,Meta Ads,Retargeting - Engaged 30d,104.29,25.28,15.98,3.63,0.0,2.0,1.0,27.97,125.66
2026-09-13,Organic Search,(organic),611.99,194.08,64.14,20.13,0.0,8.0,5.0,0.0,0.0
2026-09-13,Organic Social,(organic social),80.43,18.6,15.8,2.94,49.17,2.0,2.0,0.0,0.0
2026-09-13,Unattributed,(not set),208.27,76.0,6.61,6.34,0.0,1.0,1.0,0.0,0.0
