date,channel,campaign,ad_set,product_focus,spend,impressions,clicks,platform_reported_revenue,platform_reported_conversions
2025-09-14,Google Ads,Search - Brand,N/A,SKU008,12.27,894,45,137.58,3
2025-09-15,Google Ads,Search - Brand,N/A,SKU001,13.3,1104,40,10.31,0
2025-09-16,Google Ads,Search - Brand,N/A,SKU005,14.24,1193,33,93.48,2
2025-09-17,Google Ads,Search - Brand,N/A,SKU004,8.85,573,18,7.51,0
2025-09-18,Google Ads,Search - Brand,N/A,SKU001,9.46,627,22,112.78,3
2025-09-19,Google Ads,Search - Brand,N/A,SKU004,13.46,1313,59,78.04,2
2025-09-20,Google Ads,Search - Brand,N/A,SKU010,13.99,1465,69,123.45,3
2025-09-21,Google Ads,Search - Brand,N/A,SKU006,17.99,1323,74,156.85,4
2025-09-22,Google Ads,Search - Brand,N/A,SKU004,11.09,866,27,5.46,0
2025-09-23,Google Ads,Search - Brand,N/A,SKU008,12.83,851,45,95.29,2
2025-09-24,Google Ads,Search - Brand,N/A,SKU002,34.25,2179,58,284.49,7
2025-09-25,Google Ads,Search - Brand,N/A,SKU005,11.7,731,43,45.98,1
2025-09-26,Google Ads,Search - Brand,N/A,SKU008,12.53,1024,26,7.43,0
2025-09-27,Google Ads,Search - Brand,N/A,SKU010,13.54,1279,61,174.52,4
2025-09-28,Google Ads,Search - Brand,N/A,SKU008,9.35,736,41,9.83,0
2025-09-29,Google Ads,Search - Brand,N/A,SKU007,14.23,1537,64,186.42,4
2025-09-30,Google Ads,Search - Brand,N/A,SKU001,14.55,1382,79,147.14,4
2025-10-01,Google Ads,Search - Brand,N/A,SKU002,8.97,630,37,94.05,2
2025-10-02,Google Ads,Search - Brand,N/A,SKU012,11.43,1224,37,84.59,2
2025-10-03,Google Ads,Search - Brand,N/A,SKU008,51.38,4006,237,492.46,12
2025-10-04,Google Ads,Search - Brand,N/A,SKU006,11.04,900,26,57.72,1
2025-10-05,Google Ads,Search - Brand,N/A,SKU009,12.81,976,46,5.52,0
2025-10-06,Google Ads,Search - Brand,N/A,SKU008,13.46,1469,40,63.89,2
2025-10-07,Google Ads,Search - Brand,N/A,SKU007,33.4,2950,159,314.45,7
2025-10-08,Google Ads,Search - Brand,N/A,SKU002,19.19,1228,49,161.34,4
2025-10-09,Google Ads,Search - Brand,N/A,SKU003,10.96,734,24,56.8,1
2025-10-10,Google Ads,Search - Brand,N/A,SKU001,12.0,844,27,37.55,1
2025-10-11,Google Ads,Search - Brand,N/A,SKU009,16.12,1405,55,148.39,4
2025-10-12,Google Ads,Search - Brand,N/A,SKU003,20.72,1520,45,163.24,4
2025-10-13,Google Ads,Search - Brand,N/A,SKU004,9.93,905,31,43.28,1
2025-10-14,Google Ads,Search - Brand,N/A,SKU006,45.98,3350,133,392.73,9
2025-10-15,Google Ads,Search - Brand,N/A,SKU005,14.54,1206,33,76.44,2
2025-10-16,Google Ads,Search - Brand,N/A,SKU005,13.49,1137,65,12.38,0
2025-10-17,Google Ads,Search - Brand,N/A,SKU004,16.12,1683,94,156.4,4
2025-10-18,Google Ads,Search - Brand,N/A,SKU007,16.32,1518,83,177.22,4
2025-10-19,Google Ads,Search - Brand,N/A,SKU003,9.88,922,30,92.32,2
2025-10-20,Google Ads,Search - Brand,N/A,SKU005,8.9,711,19,59.33,1
2025-10-21,Google Ads,Search - Brand,N/A,SKU003,16.67,1167,64,187.43,4
2025-10-22,Google Ads,Search - Brand,N/A,SKU006,13.42,1175,63,65.18,2
2025-10-23,Google Ads,Search - Brand,N/A,SKU003,15.52,1358,64,128.9,3
2025-10-24,Google Ads,Search - Brand,N/A,SKU008,10.03,913,43,105.48,3
2025-10-25,Google Ads,Search - Brand,N/A,SKU001,18.15,1644,77,162.45,4
2025-10-26,Google Ads,Search - Brand,N/A,SKU003,11.88,896,31,105.02,3
2025-10-27,Google Ads,Search - Brand,N/A,SKU003,12.65,893,51,90.48,2
2025-10-28,Google Ads,Search - Brand,N/A,SKU005,12.94,1127,60,136.43,3
2025-10-29,Google Ads,Search - Brand,N/A,SKU001,24.39,1532,45,315.41,8
2025-10-30,Google Ads,Search - Brand,N/A,SKU001,11.04,897,29,5.52,0
2025-10-31,Google Ads,Search - Brand,N/A,SKU005,13.71,1349,53,102.73,2
2025-11-01,Google Ads,Search - Brand,N/A,SKU009,14.47,1121,35,98.87,2
2025-11-02,Google Ads,Search - Brand,N/A,SKU003,14.4,1405,43,106.72,3
2025-11-03,Google Ads,Search - Brand,N/A,SKU003,9.35,1022,57,80.7,2
2025-11-04,Google Ads,Search - Brand,N/A,SKU005,8.55,758,25,76.26,2
2025-11-05,Google Ads,Search - Brand,N/A,SKU003,22.72,2406,105,222.32,5
2025-11-06,Google Ads,Search - Brand,N/A,SKU006,59.51,3783,151,503.23,12
2025-11-07,Google Ads,Search - Brand,N/A,SKU010,18.22,1827,100,194.23,5
2025-11-08,Google Ads,Search - Brand,N/A,SKU011,9.16,688,25,46.56,1
2025-11-09,Google Ads,Search - Brand,N/A,SKU012,10.87,701,30,115.17,3
2025-11-10,Google Ads,Search - Brand,N/A,SKU003,14.48,1233,53,6.06,0
2025-11-11,Google Ads,Search - Brand,N/A,SKU003,56.31,5170,152,524.41,12
2025-11-12,Google Ads,Search - Brand,N/A,SKU004,9.21,604,35,117.62,3
2025-11-13,Google Ads,Search - Brand,N/A,SKU011,8.58,916,45,4.21,0
2025-11-14,Google Ads,Search - Brand,N/A,SKU002,11.73,754,42,47.17,1
2025-11-15,Google Ads,Search - Brand,N/A,SKU008,20.3,1888,57,166.68,4
2025-11-16,Google Ads,Search - Brand,N/A,SKU006,11.02,1075,60,46.3,1
2025-11-17,Google Ads,Search - Brand,N/A,SKU009,10.57,718,38,42.53,1
2025-11-18,Google Ads,Search - Brand,N/A,SKU007,13.45,943,32,159.04,4
2025-11-19,Google Ads,Search - Brand,N/A,SKU006,33.51,3321,180,338.89,8
2025-11-20,Google Ads,Search - Brand,N/A,SKU002,11.51,1075,42,52.17,1
2025-11-21,Google Ads,Search - Brand,N/A,SKU005,20.08,1985,114,181.33,4
2025-11-22,Google Ads,Search - Brand,N/A,SKU005,14.49,1075,55,170.4,4
2025-11-23,Google Ads,Search - Brand,N/A,SKU003,48.36,3565,99,536.17,13
2025-11-24,Google Ads,Search - Brand,N/A,SKU001,30.57,2087,59,382.57,9
2025-11-25,Google Ads,Search - Brand,N/A,SKU001,25.22,1764,62,231.35,6
2025-11-26,Google Ads,Search - Brand,N/A,SKU003,68.25,4871,157,715.22,17
2025-11-27,Google Ads,Search - Brand,N/A,SKU001,34.78,3469,159,283.32,7
2025-11-28,Google Ads,Search - Brand,N/A,SKU012,9.08,799,37,119.82,3
2025-11-29,Google Ads,Search - Brand,N/A,SKU005,13.19,861,50,99.74,2
2025-11-30,Google Ads,Search - Brand,N/A,SKU007,39.04,3161,172,341.39,8
2025-12-01,Google Ads,Search - Brand,N/A,SKU011,48.84,3637,118,586.02,14
2025-12-02,Google Ads,Search - Brand,N/A,SKU004,13.08,985,31,46.32,1
2025-12-03,Google Ads,Search - Brand,N/A,SKU003,13.89,1188,61,46.97,1
2025-12-04,Google Ads,Search - Brand,N/A,SKU005,38.93,4214,212,451.17,11
2025-12-05,Google Ads,Search - Brand,N/A,SKU009,45.62,3231,99,462.97,11
2025-12-06,Google Ads,Search - Brand,N/A,SKU001,68.76,4615,250,610.62,15
2025-12-07,Google Ads,Search - Brand,N/A,SKU001,30.71,2348,98,428.11,10
2025-12-08,Google Ads,Search - Brand,N/A,SKU005,11.9,1185,41,57.08,1
2025-12-09,Google Ads,Search - Brand,N/A,SKU001,31.52,2083,116,307.89,7
2025-12-10,Google Ads,Search - Brand,N/A,SKU002,13.16,859,24,56.17,1
2025-12-11,Google Ads,Search - Brand,N/A,SKU009,12.52,869,40,118.63,3
2025-12-12,Google Ads,Search - Brand,N/A,SKU002,51.62,4457,207,458.6,11
2025-12-13,Google Ads,Search - Brand,N/A,SKU001,14.62,925,44,32.52,1
2025-12-14,Google Ads,Search - Brand,N/A,SKU002,37.53,2673,135,469.02,11
2025-12-15,Google Ads,Search - Brand,N/A,SKU012,44.34,3716,126,495.09,12
2025-12-16,Google Ads,Search - Brand,N/A,SKU001,27.29,1719,54,292.98,7
2025-12-17,Google Ads,Search - Brand,N/A,SKU005,13.73,1063,34,7.69,0
2025-12-18,Google Ads,Search - Brand,N/A,SKU007,32.3,2945,121,341.31,8
2025-12-19,Google Ads,Search - Brand,N/A,SKU001,13.94,1495,82,64.15,2
2025-12-20,Google Ads,Search - Brand,N/A,SKU012,15.66,991,29,186.71,4
2025-12-21,Google Ads,Search - Brand,N/A,SKU005,12.76,964,56,153.21,4
2025-12-22,Google Ads,Search - Brand,N/A,SKU001,12.31,805,27,66.08,2
2025-12-23,Google Ads,Search - Brand,N/A,SKU005,9.2,967,52,5.09,0
2025-12-24,Google Ads,Search - Brand,N/A,SKU011,12.39,797,24,119.22,3
2025-12-25,Google Ads,Search - Brand,N/A,SKU005,18.87,1260,56,223.14,5
2025-12-26,Google Ads,Search - Brand,N/A,SKU012,22.18,1636,46,215.25,5
2025-12-27,Google Ads,Search - Brand,N/A,SKU008,10.15,985,44,7.12,0
2025-12-28,Google Ads,Search - Brand,N/A,SKU002,13.11,997,37,159.98,4
2025-12-29,Google Ads,Search - Brand,N/A,SKU004,11.22,1160,38,5.9,0
2025-12-30,Google Ads,Search - Brand,N/A,SKU003,11.35,1190,34,5.38,0
2025-12-31,Google Ads,Search - Brand,N/A,SKU006,13.49,1094,57,119.17,3
2026-01-01,Google Ads,Search - Brand,N/A,SKU002,18.76,2034,97,178.81,4
2026-01-02,Google Ads,Search - Brand,N/A,SKU001,15.92,1031,55,228.87,5
2026-01-03,Google Ads,Search - Brand,N/A,SKU006,10.59,819,32,50.85,1
2026-01-04,Google Ads,Search - Brand,N/A,SKU005,9.53,853,43,10.31,0
2026-01-05,Google Ads,Search - Brand,N/A,SKU010,14.61,1183,48,8.12,0
2026-01-06,Google Ads,Search - Brand,N/A,SKU004,20.33,1410,43,243.47,6
2026-01-07,Google Ads,Search - Brand,N/A,SKU008,10.78,713,24,3.42,0
2026-01-08,Google Ads,Search - Brand,N/A,SKU001,10.55,839,28,58.34,1
2026-01-09,Google Ads,Search - Brand,N/A,SKU003,33.33,2148,90,259.49,6
2026-01-10,Google Ads,Search - Brand,N/A,SKU008,13.73,1332,72,11.33,0
2026-01-11,Google Ads,Search - Brand,N/A,SKU003,9.6,664,27,108.55,3
2026-01-12,Google Ads,Search - Brand,N/A,SKU001,13.05,914,25,137.41,3
2026-01-13,Google Ads,Search - Brand,N/A,SKU007,13.52,849,48,129.03,3
2026-01-14,Google Ads,Search - Brand,N/A,SKU010,13.58,849,47,36.66,1
2026-01-15,Google Ads,Search - Brand,N/A,SKU005,30.46,2481,139,356.95,8
2026-01-16,Google Ads,Search - Brand,N/A,SKU002,12.6,900,37,12.79,0
2026-01-17,Google Ads,Search - Brand,N/A,SKU006,8.58,680,40,5.81,0
2026-01-18,Google Ads,Search - Brand,N/A,SKU011,12.64,820,36,68.57,2
2026-01-19,Google Ads,Search - Brand,N/A,SKU011,13.41,1470,83,14.26,0
2026-01-20,Google Ads,Search - Brand,N/A,SKU006,12.33,1037,39,60.7,1
2026-01-21,Google Ads,Search - Brand,N/A,SKU011,9.11,703,28,56.42,1
2026-01-22,Google Ads,Search - Brand,N/A,SKU002,14.57,1369,72,118.27,3
2026-01-23,Google Ads,Search - Brand,N/A,SKU009,9.12,942,46,8.17,0
2026-01-24,Google Ads,Search - Brand,N/A,SKU007,8.9,602,34,108.29,3
2026-01-25,Google Ads,Search - Brand,N/A,SKU002,9.33,753,24,8.11,0
2026-01-26,Google Ads,Search - Brand,N/A,SKU002,12.29,1179,39,91.62,2
2026-01-27,Google Ads,Search - Brand,N/A,SKU012,12.65,1167,63,122.95,3
2026-01-28,Google Ads,Search - Brand,N/A,SKU006,17.73,1178,39,199.46,5
2026-01-29,Google Ads,Search - Brand,N/A,SKU003,47.7,3500,169,537.58,13
2026-01-30,Google Ads,Search - Brand,N/A,SKU011,8.73,712,32,64.87,2
2026-01-31,Google Ads,Search - Brand,N/A,SKU004,12.31,1291,32,53.0,1
2026-02-01,Google Ads,Search - Brand,N/A,SKU005,10.12,1077,28,95.88,2
2026-02-02,Google Ads,Search - Brand,N/A,SKU005,24.59,2261,58,210.18,5
2026-02-03,Google Ads,Search - Brand,N/A,SKU003,14.93,1289,42,135.48,3
2026-02-04,Google Ads,Search - Brand,N/A,SKU002,9.84,892,35,142.14,3
2026-02-05,Google Ads,Search - Brand,N/A,SKU002,11.16,789,27,103.7,2
2026-02-06,Google Ads,Search - Brand,N/A,SKU009,18.61,1517,74,178.37,4
2026-02-07,Google Ads,Search - Brand,N/A,SKU004,33.26,2849,168,403.96,10
2026-02-08,Google Ads,Search - Brand,N/A,SKU006,37.71,3899,118,485.13,12
2026-02-09,Google Ads,Search - Brand,N/A,SKU003,19.84,1540,88,188.61,4
2026-02-10,Google Ads,Search - Brand,N/A,SKU001,26.91,2045,56,276.05,7
2026-02-11,Google Ads,Search - Brand,N/A,SKU003,20.36,1424,50,221.04,5
2026-02-12,Google Ads,Search - Brand,N/A,SKU008,12.37,781,39,134.6,3
2026-02-13,Google Ads,Search - Brand,N/A,SKU001,19.08,1622,86,236.04,6
2026-02-14,Google Ads,Search - Brand,N/A,SKU003,40.49,2662,158,379.95,9
2026-02-15,Google Ads,Search - Brand,N/A,SKU003,27.64,1962,93,296.0,7
2026-02-16,Google Ads,Search - Brand,N/A,SKU001,12.09,784,21,7.65,0
2026-02-17,Google Ads,Search - Brand,N/A,SKU005,9.38,768,19,9.04,0
2026-02-18,Google Ads,Search - Brand,N/A,SKU006,13.06,1047,29,58.46,1
2026-02-19,Google Ads,Search - Brand,N/A,SKU012,13.37,1019,27,110.6,3
2026-02-20,Google Ads,Search - Brand,N/A,SKU005,20.65,1410,63,217.46,5
2026-02-21,Google Ads,Search - Brand,N/A,SKU005,20.02,1631,57,164.17,4
2026-02-22,Google Ads,Search - Brand,N/A,SKU010,11.96,1056,47,63.75,2
2026-02-23,Google Ads,Search - Brand,N/A,SKU010,12.87,1123,52,100.82,2
2026-02-24,Google Ads,Search - Brand,N/A,SKU003,26.1,1856,80,242.28,6
2026-02-25,Google Ads,Search - Brand,N/A,SKU006,8.83,760,39,94.02,2
2026-02-26,Google Ads,Search - Brand,N/A,SKU005,46.09,5025,215,546.33,13
2026-02-27,Google Ads,Search - Brand,N/A,SKU002,11.68,847,21,88.83,2
2026-02-28,Google Ads,Search - Brand,N/A,SKU004,49.24,3369,101,574.25,14
2026-03-01,Google Ads,Search - Brand,N/A,SKU007,14.38,1307,59,45.23,1
2026-03-02,Google Ads,Search - Brand,N/A,SKU003,26.85,2830,147,353.47,8
2026-03-03,Google Ads,Search - Brand,N/A,SKU005,9.33,882,52,7.82,0
2026-03-04,Google Ads,Search - Brand,N/A,SKU006,15.42,1694,85,157.51,4
2026-03-05,Google Ads,Search - Brand,N/A,SKU002,13.08,1061,42,128.33,3
2026-03-06,Google Ads,Search - Brand,N/A,SKU002,12.73,848,38,11.61,0
2026-03-07,Google Ads,Search - Brand,N/A,SKU002,11.22,813,30,80.11,2
2026-03-08,Google Ads,Search - Brand,N/A,SKU008,53.65,3851,186,656.52,16
2026-03-09,Google Ads,Search - Brand,N/A,SKU008,9.99,778,35,60.4,1
2026-03-10,Google Ads,Search - Brand,N/A,SKU001,10.2,770,38,139.8,3
2026-03-11,Google Ads,Search - Brand,N/A,SKU006,12.12,962,31,4.69,0
2026-03-12,Google Ads,Search - Brand,N/A,SKU009,25.44,1605,59,275.28,7
2026-03-13,Google Ads,Search - Brand,N/A,SKU006,52.81,5601,296,505.84,12
2026-03-14,Google Ads,Search - Brand,N/A,SKU003,25.53,1601,80,226.95,5
2026-03-15,Google Ads,Search - Brand,N/A,SKU004,30.97,2931,119,316.62,8
2026-03-16,Google Ads,Search - Brand,N/A,SKU002,12.34,904,32,10.29,0
2026-03-17,Google Ads,Search - Brand,N/A,SKU003,11.85,782,28,5.77,0
2026-03-18,Google Ads,Search - Brand,N/A,SKU004,8.93,758,20,35.82,1
2026-03-19,Google Ads,Search - Brand,N/A,SKU008,11.44,1117,58,10.61,0
2026-03-20,Google Ads,Search - Brand,N/A,SKU010,18.12,1213,72,203.26,5
2026-03-21,Google Ads,Search - Brand,N/A,SKU008,15.04,1655,85,140.76,3
2026-03-22,Google Ads,Search - Brand,N/A,SKU006,10.2,833,43,60.5,1
2026-03-23,Google Ads,Search - Brand,N/A,SKU005,15.17,1180,59,200.46,5
2026-03-24,Google Ads,Search - Brand,N/A,SKU007,12.2,998,59,8.16,0
2026-03-25,Google Ads,Search - Brand,N/A,SKU004,17.76,1746,82,162.23,4
2026-03-26,Google Ads,Search - Brand,N/A,SKU005,44.38,2963,136,453.84,11
2026-03-27,Google Ads,Search - Brand,N/A,SKU006,9.21,858,26,90.97,2
2026-03-28,Google Ads,Search - Brand,N/A,SKU001,9.59,984,57,75.54,2
2026-03-29,Google Ads,Search - Brand,N/A,SKU001,11.62,767,39,58.91,1
2026-03-30,Google Ads,Search - Brand,N/A,SKU004,11.87,1101,28,58.29,1
2026-03-31,Google Ads,Search - Brand,N/A,SKU007,9.82,701,38,84.33,2
2026-04-01,Google Ads,Search - Brand,N/A,SKU003,13.76,1431,81,68.89,2
2026-04-02,Google Ads,Search - Brand,N/A,SKU003,10.58,1104,29,39.61,1
2026-04-03,Google Ads,Search - Brand,N/A,SKU004,42.16,3962,197,374.67,9
2026-04-04,Google Ads,Search - Brand,N/A,SKU008,25.35,2769,158,236.69,6
2026-04-05,Google Ads,Search - Brand,N/A,SKU007,35.11,2374,112,512.91,12
2026-04-06,Google Ads,Search - Brand,N/A,SKU005,14.09,1299,42,112.71,3
2026-04-07,Google Ads,Search - Brand,N/A,SKU004,31.64,2248,128,262.77,6
2026-04-08,Google Ads,Search - Brand,N/A,SKU004,16.0,1022,33,133.84,3
2026-04-09,Google Ads,Search - Brand,N/A,SKU005,28.37,2497,82,341.03,8
2026-04-10,Google Ads,Search - Brand,N/A,SKU001,12.14,865,30,32.32,1
2026-04-11,Google Ads,Search - Brand,N/A,SKU003,28.36,3087,145,244.78,6
2026-04-12,Google Ads,Search - Brand,N/A,SKU005,11.51,869,26,8.48,0
2026-04-13,Google Ads,Search - Brand,N/A,SKU004,9.6,619,34,124.64,3
2026-04-14,Google Ads,Search - Brand,N/A,SKU006,28.74,2324,102,274.6,7
2026-04-15,Google Ads,Search - Brand,N/A,SKU006,13.93,1012,42,47.48,1
2026-04-16,Google Ads,Search - Brand,N/A,SKU004,41.56,3929,117,324.0,8
2026-04-17,Google Ads,Search - Brand,N/A,SKU001,35.33,2230,105,377.1,9
2026-04-18,Google Ads,Search - Brand,N/A,SKU007,10.54,1133,55,10.83,0
2026-04-19,Google Ads,Search - Brand,N/A,SKU001,14.57,1003,27,67.52,2
2026-04-20,Google Ads,Search - Brand,N/A,SKU003,13.46,924,25,33.16,1
2026-04-21,Google Ads,Search - Brand,N/A,SKU002,10.4,694,26,3.17,0
2026-04-22,Google Ads,Search - Brand,N/A,SKU003,9.75,1051,55,104.62,2
2026-04-23,Google Ads,Search - Brand,N/A,SKU003,54.63,3546,115,423.1,10
2026-04-24,Google Ads,Search - Brand,N/A,SKU002,21.25,1775,50,239.15,6
2026-04-25,Google Ads,Search - Brand,N/A,SKU011,65.83,4421,231,753.71,18
2026-04-26,Google Ads,Search - Brand,N/A,SKU002,10.63,685,41,11.53,0
2026-04-27,Google Ads,Search - Brand,N/A,SKU005,8.66,721,29,76.51,2
2026-04-28,Google Ads,Search - Brand,N/A,SKU007,15.81,1717,54,164.8,4
2026-04-29,Google Ads,Search - Brand,N/A,SKU002,12.74,1389,39,11.21,0
2026-04-30,Google Ads,Search - Brand,N/A,SKU005,14.6,1343,73,7.68,0
2026-05-01,Google Ads,Search - Brand,N/A,SKU008,22.75,1983,97,221.5,5
2026-05-02,Google Ads,Search - Brand,N/A,SKU001,16.65,1773,85,141.7,3
2026-05-03,Google Ads,Search - Brand,N/A,SKU006,29.05,2578,80,242.38,6
2026-05-04,Google Ads,Search - Brand,N/A,SKU001,29.43,2640,121,295.48,7
2026-05-05,Google Ads,Search - Brand,N/A,SKU007,11.54,846,34,70.79,2
2026-05-06,Google Ads,Search - Brand,N/A,SKU004,25.84,2628,115,316.0,8
2026-05-07,Google Ads,Search - Brand,N/A,SKU005,11.77,948,30,116.58,3
2026-05-08,Google Ads,Search - Brand,N/A,SKU008,22.32,1732,62,253.68,6
2026-05-09,Google Ads,Search - Brand,N/A,SKU007,15.39,1035,52,176.27,4
2026-05-10,Google Ads,Search - Brand,N/A,SKU002,17.08,1476,64,252.4,6
2026-05-11,Google Ads,Search - Brand,N/A,SKU011,9.71,708,33,123.19,3
2026-05-12,Google Ads,Search - Brand,N/A,SKU010,27.19,1749,84,294.54,7
2026-05-13,Google Ads,Search - Brand,N/A,SKU006,22.31,1719,85,224.98,5
2026-05-14,Google Ads,Search - Brand,N/A,SKU012,31.8,2281,78,326.31,8
2026-05-15,Google Ads,Search - Brand,N/A,SKU009,14.59,1393,75,79.1,2
2026-05-16,Google Ads,Search - Brand,N/A,SKU007,12.11,1006,44,67.71,2
2026-05-17,Google Ads,Search - Brand,N/A,SKU010,12.04,1088,42,56.95,1
2026-05-18,Google Ads,Search - Brand,N/A,SKU001,9.94,694,27,73.65,2
2026-05-19,Google Ads,Search - Brand,N/A,SKU004,59.13,3825,118,612.38,15
2026-05-20,Google Ads,Search - Brand,N/A,SKU008,15.09,1280,47,155.86,4
2026-05-21,Google Ads,Search - Brand,N/A,SKU001,50.59,3217,82,495.11,12
2026-05-22,Google Ads,Search - Brand,N/A,SKU008,19.42,1234,72,157.61,4
2026-05-23,Google Ads,Search - Brand,N/A,SKU005,11.29,989,40,76.6,2
2026-05-24,Google Ads,Search - Brand,N/A,SKU001,11.64,733,32,30.72,1
2026-05-25,Google Ads,Search - Brand,N/A,SKU010,11.83,1235,60,105.54,3
2026-05-26,Google Ads,Search - Brand,N/A,SKU011,23.55,1802,105,214.18,5
2026-05-27,Google Ads,Search - Brand,N/A,SKU002,23.76,2533,87,347.45,8
2026-05-28,Google Ads,Search - Brand,N/A,SKU003,24.11,1673,74,261.57,6
2026-05-29,Google Ads,Search - Brand,N/A,SKU006,16.82,1087,42,152.42,4
2026-05-30,Google Ads,Search - Brand,N/A,SKU005,19.1,1590,68,246.57,6
2026-05-31,Google Ads,Search - Brand,N/A,SKU001,71.08,6866,181,795.51,19
2026-06-01,Google Ads,Search - Brand,N/A,SKU010,12.64,920,29,9.93,0
2026-06-02,Google Ads,Search - Brand,N/A,SKU012,10.97,728,24,80.83,2
2026-06-03,Google Ads,Search - Brand,N/A,SKU009,10.46,1159,66,125.48,3
2026-06-04,Google Ads,Search - Brand,N/A,SKU002,12.95,820,47,164.29,4
2026-06-05,Google Ads,Search - Brand,N/A,SKU001,10.53,766,28,8.21,0
2026-06-06,Google Ads,Search - Brand,N/A,SKU002,9.26,595,24,31.91,1
2026-06-07,Google Ads,Search - Brand,N/A,SKU003,12.75,1023,30,12.13,0
2026-06-08,Google Ads,Search - Brand,N/A,SKU001,11.34,1057,45,7.85,0
2026-06-09,Google Ads,Search - Brand,N/A,SKU001,9.88,885,44,64.6,2
2026-06-10,Google Ads,Search - Brand,N/A,SKU007,11.94,963,34,31.46,1
2026-06-11,Google Ads,Search - Brand,N/A,SKU005,46.82,4011,218,463.57,11
2026-06-12,Google Ads,Search - Brand,N/A,SKU008,43.78,4683,133,370.89,9
2026-06-13,Google Ads,Search - Brand,N/A,SKU007,17.92,1430,47,235.73,6
2026-06-14,Google Ads,Search - Brand,N/A,SKU004,11.15,698,41,9.28,0
2026-06-15,Google Ads,Search - Brand,N/A,SKU006,28.61,1798,106,301.19,7
2026-06-16,Google Ads,Search - Brand,N/A,SKU008,20.06,2063,91,307.77,7
2026-06-17,Google Ads,Search - Brand,N/A,SKU001,48.83,4791,224,440.53,10
2026-06-18,Google Ads,Search - Brand,N/A,SKU012,11.93,1225,40,79.98,2
2026-06-19,Google Ads,Search - Brand,N/A,SKU001,10.6,666,38,61.33,1
2026-06-20,Google Ads,Search - Brand,N/A,SKU008,13.59,1306,62,176.59,4
2026-06-21,Google Ads,Search - Brand,N/A,SKU004,35.46,2637,116,346.09,8
2026-06-22,Google Ads,Search - Brand,N/A,SKU003,16.47,1442,66,181.41,4
2026-06-23,Google Ads,Search - Brand,N/A,SKU001,20.76,1771,77,228.61,5
2026-06-24,Google Ads,Search - Brand,N/A,SKU001,13.62,1472,48,4.92,0
2026-06-25,Google Ads,Search - Brand,N/A,SKU003,12.1,768,35,43.3,1
2026-06-26,Google Ads,Search - Brand,N/A,SKU006,14.5,1250,46,109.2,3
2026-06-27,Google Ads,Search - Brand,N/A,SKU004,14.62,1148,48,35.7,1
2026-06-28,Google Ads,Search - Brand,N/A,SKU001,15.97,1352,77,197.5,5
2026-06-29,Google Ads,Search - Brand,N/A,SKU004,23.72,1707,88,221.24,5
2026-06-30,Google Ads,Search - Brand,N/A,SKU005,37.29,3121,149,511.24,12
2026-07-01,Google Ads,Search - Brand,N/A,SKU002,16.82,1122,47,209.98,5
2026-07-02,Google Ads,Search - Brand,N/A,SKU009,10.97,787,42,100.36,2
2026-07-03,Google Ads,Search - Brand,N/A,SKU007,22.17,1853,103,268.6,6
2026-07-04,Google Ads,Search - Brand,N/A,SKU010,29.95,2881,72,272.3,6
2026-07-05,Google Ads,Search - Brand,N/A,SKU008,13.12,1402,54,162.02,4
2026-07-06,Google Ads,Search - Brand,N/A,SKU011,13.26,835,46,44.87,1
2026-07-07,Google Ads,Search - Brand,N/A,SKU008,27.69,2713,110,369.14,9
2026-07-08,Google Ads,Search - Brand,N/A,SKU004,12.28,1010,56,92.44,2
2026-07-09,Google Ads,Search - Brand,N/A,SKU001,18.84,1908,107,191.56,5
2026-07-10,Google Ads,Search - Brand,N/A,SKU001,11.35,1233,65,60.76,1
2026-07-11,Google Ads,Search - Brand,N/A,SKU002,30.79,2367,91,261.19,6
2026-07-12,Google Ads,Search - Brand,N/A,SKU004,10.95,783,28,47.41,1
2026-07-13,Google Ads,Search - Brand,N/A,SKU009,15.14,1488,40,201.47,5
2026-07-14,Google Ads,Search - Brand,N/A,SKU006,15.05,1151,38,141.86,3
2026-07-15,Google Ads,Search - Brand,N/A,SKU007,18.82,1497,61,185.48,4
2026-07-16,Google Ads,Search - Brand,N/A,SKU009,15.94,1235,64,211.16,5
2026-07-17,Google Ads,Search - Brand,N/A,SKU011,10.27,681,40,118.22,3
2026-07-18,Google Ads,Search - Brand,N/A,SKU004,19.59,1334,49,232.6,6
2026-07-19,Google Ads,Search - Brand,N/A,SKU003,14.1,1207,52,109.41,3
2026-07-20,Google Ads,Search - Brand,N/A,SKU002,32.37,2482,119,448.64,11
2026-07-21,Google Ads,Search - Brand,N/A,SKU006,11.0,1053,40,7.86,0
2026-07-22,Google Ads,Search - Brand,N/A,SKU008,8.73,735,19,82.49,2
2026-07-23,Google Ads,Search - Brand,N/A,SKU004,13.17,1265,34,58.35,1
2026-07-24,Google Ads,Search - Brand,N/A,SKU008,10.16,898,34,34.31,1
2026-07-25,Google Ads,Search - Brand,N/A,SKU011,34.56,2287,69,364.59,9
2026-07-26,Google Ads,Search - Brand,N/A,SKU009,10.68,746,28,10.86,0
2026-07-27,Google Ads,Search - Brand,N/A,SKU006,18.62,1202,39,186.08,4
2026-07-28,Google Ads,Search - Brand,N/A,SKU001,14.45,1046,33,11.39,0
2026-07-29,Google Ads,Search - Brand,N/A,SKU007,28.45,1967,74,354.33,8
2026-07-30,Google Ads,Search - Brand,N/A,SKU001,9.93,759,29,7.91,0
2026-07-31,Google Ads,Search - Brand,N/A,SKU001,11.08,935,37,134.72,3
2026-08-01,Google Ads,Search - Brand,N/A,SKU003,12.25,841,36,33.8,1
2026-08-02,Google Ads,Search - Brand,N/A,SKU006,9.49,725,23,115.73,3
2026-08-03,Google Ads,Search - Brand,N/A,SKU006,11.57,820,23,12.06,0
2026-08-04,Google Ads,Search - Brand,N/A,SKU010,11.41,871,25,70.82,2
2026-08-05,Google Ads,Search - Brand,N/A,SKU001,31.44,3340,84,401.16,10
2026-08-06,Google Ads,Search - Brand,N/A,SKU001,13.73,927,27,134.8,3
2026-08-07,Google Ads,Search - Brand,N/A,SKU011,13.21,1394,59,12.4,0
2026-08-08,Google Ads,Search - Brand,N/A,SKU002,10.09,820,33,126.75,3
2026-08-09,Google Ads,Search - Brand,N/A,SKU001,13.36,888,29,131.96,3
2026-08-10,Google Ads,Search - Brand,N/A,SKU001,13.13,898,36,109.3,3
2026-08-11,Google Ads,Search - Brand,N/A,SKU005,12.49,961,32,91.81,2
2026-08-12,Google Ads,Search - Brand,N/A,SKU001,13.77,922,38,144.62,3
2026-08-13,Google Ads,Search - Brand,N/A,SKU006,13.21,830,35,153.88,4
2026-08-14,Google Ads,Search - Brand,N/A,SKU010,24.34,1584,75,194.76,5
2026-08-15,Google Ads,Search - Brand,N/A,SKU006,35.39,2898,86,292.04,7
2026-08-16,Google Ads,Search - Brand,N/A,SKU006,14.4,991,30,183.89,4
2026-08-17,Google Ads,Search - Brand,N/A,SKU003,11.32,1221,66,96.58,2
2026-08-18,Google Ads,Search - Brand,N/A,SKU008,11.96,851,31,8.14,0
2026-08-19,Google Ads,Search - Brand,N/A,SKU008,9.24,615,20,48.72,1
2026-08-20,Google Ads,Search - Brand,N/A,SKU004,9.64,869,38,106.14,3
2026-08-21,Google Ads,Search - Brand,N/A,SKU002,13.83,1293,72,108.69,3
2026-08-22,Google Ads,Search - Brand,N/A,SKU008,13.57,1472,58,9.9,0
2026-08-23,Google Ads,Search - Brand,N/A,SKU004,12.19,827,26,43.09,1
2026-08-24,Google Ads,Search - Brand,N/A,SKU001,13.85,1256,41,9.01,0
2026-08-25,Google Ads,Search - Brand,N/A,SKU008,9.82,921,37,94.79,2
2026-08-26,Google Ads,Search - Brand,N/A,SKU004,14.31,1204,67,57.91,1
2026-08-27,Google Ads,Search - Brand,N/A,SKU011,40.32,4190,240,394.94,9
2026-08-28,Google Ads,Search - Brand,N/A,SKU009,19.59,1693,78,258.53,6
2026-08-29,Google Ads,Search - Brand,N/A,SKU003,19.52,1918,59,243.36,6
2026-08-30,Google Ads,Search - Brand,N/A,SKU011,27.29,2103,63,230.54,5
2026-08-31,Google Ads,Search - Brand,N/A,SKU003,19.57,2032,52,223.08,5
2026-09-01,Google Ads,Search - Brand,N/A,SKU002,10.4,1116,45,121.33,3
2026-09-02,Google Ads,Search - Brand,N/A,SKU006,25.34,1587,46,264.55,6
2026-09-03,Google Ads,Search - Brand,N/A,SKU006,25.19,2316,119,281.42,7
2026-09-04,Google Ads,Search - Brand,N/A,SKU008,13.24,950,43,123.19,3
2026-09-05,Google Ads,Search - Brand,N/A,SKU010,73.09,7309,320,635.56,15
2026-09-06,Google Ads,Search - Brand,N/A,SKU003,25.13,2262,96,261.81,6
2026-09-07,Google Ads,Search - Brand,N/A,SKU008,13.95,1012,31,58.55,1
2026-09-08,Google Ads,Search - Brand,N/A,SKU011,18.26,1502,53,198.21,5
2026-09-09,Google Ads,Search - Brand,N/A,SKU003,15.8,1389,73,205.02,5
2026-09-10,Google Ads,Search - Brand,N/A,SKU005,9.07,570,26,35.62,1
2026-09-11,Google Ads,Search - Brand,N/A,SKU003,12.49,877,34,107.18,3
2026-09-12,Google Ads,Search - Brand,N/A,SKU009,10.31,1082,30,110.89,3
2026-09-13,Google Ads,Search - Brand,N/A,SKU010,52.45,3537,145,411.24,10
2025-09-14,Google Ads,Search - Nonbrand Skincare,N/A,SKU006,43.51,3308,188,167.76,4
2025-09-15,Google Ads,Search - Nonbrand Skincare,N/A,SKU010,10.85,1134,37,31.16,1
2025-09-16,Google Ads,Search - Nonbrand Skincare,N/A,SKU001,13.28,844,41,55.78,1
2025-09-17,Google Ads,Search - Nonbrand Skincare,N/A,SKU002,263.57,29234,1715,722.7,17
2025-09-18,Google Ads,Search - Nonbrand Skincare,N/A,SKU007,120.28,12258,325,428.17,10
2025-09-19,Google Ads,Search - Nonbrand Skincare,N/A,SKU005,91.48,9644,412,316.3,8
2025-09-20,Google Ads,Search - Nonbrand Skincare,N/A,SKU006,69.22,4712,249,192.82,5
2025-09-21,Google Ads,Search - Nonbrand Skincare,N/A,SKU005,9.22,841,31,9.91,0
2025-09-22,Google Ads,Search - Nonbrand Skincare,N/A,SKU005,61.66,5974,197,174.41,4
2025-09-23,Google Ads,Search - Nonbrand Skincare,N/A,SKU001,27.76,2954,175,128.88,3
2025-09-24,Google Ads,Search - Nonbrand Skincare,N/A,SKU006,12.2,1157,35,4.74,0
2025-09-25,Google Ads,Search - Nonbrand Skincare,N/A,SKU006,12.86,913,23,34.65,1
2025-09-26,Google Ads,Search - Nonbrand Skincare,N/A,SKU005,42.15,2985,125,158.86,4
2025-09-27,Google Ads,Search - Nonbrand Skincare,N/A,SKU003,59.78,4427,122,222.16,5
2025-09-28,Google Ads,Search - Nonbrand Skincare,N/A,SKU002,16.62,1156,44,71.08,2
2025-09-29,Google Ads,Search - Nonbrand Skincare,N/A,SKU006,12.78,810,28,36.0,1
2025-09-30,Google Ads,Search - Nonbrand Skincare,N/A,SKU007,11.08,899,44,10.55,0
2025-10-01,Google Ads,Search - Nonbrand Skincare,N/A,SKU002,30.72,2022,107,99.88,2
2025-10-02,Google Ads,Search - Nonbrand Skincare,N/A,SKU010,14.25,1185,55,44.6,1
2025-10-03,Google Ads,Search - Nonbrand Skincare,N/A,SKU003,45.6,3986,99,175.63,4
2025-10-04,Google Ads,Search - Nonbrand Skincare,N/A,SKU005,62.1,6587,282,178.79,4
2025-10-05,Google Ads,Search - Nonbrand Skincare,N/A,SKU002,48.13,5062,209,164.92,4
2025-10-06,Google Ads,Search - Nonbrand Skincare,N/A,SKU001,55.32,4579,247,168.46,4
2025-10-07,Google Ads,Search - Nonbrand Skincare,N/A,SKU006,12.85,1006,32,38.99,1
2025-10-08,Google Ads,Search - Nonbrand Skincare,N/A,SKU008,33.32,2404,143,105.88,3
2025-10-09,Google Ads,Search - Nonbrand Skincare,N/A,SKU010,48.94,3269,125,180.87,4
2025-10-10,Google Ads,Search - Nonbrand Skincare,N/A,SKU003,12.85,1072,32,7.56,0
2025-10-11,Google Ads,Search - Nonbrand Skincare,N/A,SKU007,101.29,7104,357,323.05,8
2025-10-12,Google Ads,Search - Nonbrand Skincare,N/A,SKU010,134.28,10080,591,353.68,8
2025-10-13,Google Ads,Search - Nonbrand Skincare,N/A,SKU006,40.47,2547,140,109.28,3
2025-10-14,Google Ads,Search - Nonbrand Skincare,N/A,SKU005,13.14,895,28,13.91,0
2025-10-15,Google Ads,Search - Nonbrand Skincare,N/A,SKU003,120.76,11676,595,330.82,8
2025-10-16,Google Ads,Search - Nonbrand Skincare,N/A,SKU009,23.28,2584,114,86.25,2
2025-10-17,Google Ads,Search - Nonbrand Skincare,N/A,SKU001,10.19,889,35,44.45,1
2025-10-18,Google Ads,Search - Nonbrand Skincare,N/A,SKU004,9.93,685,38,3.3,0
2025-10-19,Google Ads,Search - Nonbrand Skincare,N/A,SKU011,39.63,3170,162,102.87,2
2025-10-20,Google Ads,Search - Nonbrand Skincare,N/A,SKU003,14.61,1568,67,15.1,0
2025-10-21,Google Ads,Search - Nonbrand Skincare,N/A,SKU003,16.02,1464,83,61.31,1
2025-10-22,Google Ads,Search - Nonbrand Skincare,N/A,SKU001,16.83,1823,89,58.26,1
2025-10-23,Google Ads,Search - Nonbrand Skincare,N/A,SKU003,13.12,981,29,33.61,1
2025-10-24,Google Ads,Search - Nonbrand Skincare,N/A,SKU008,55.66,4788,176,194.4,5
2025-10-25,Google Ads,Search - Nonbrand Skincare,N/A,SKU001,12.65,1012,27,34.74,1
2025-10-26,Google Ads,Search - Nonbrand Skincare,N/A,SKU004,18.15,1360,45,48.27,1
2025-10-27,Google Ads,Search - Nonbrand Skincare,N/A,SKU005,12.66,929,25,49.42,1
2025-10-28,Google Ads,Search - Nonbrand Skincare,N/A,SKU002,43.0,3664,192,160.56,4
2025-10-29,Google Ads,Search - Nonbrand Skincare,N/A,SKU003,11.3,736,19,11.24,0
2025-10-30,Google Ads,Search - Nonbrand Skincare,N/A,SKU002,18.05,1983,71,54.42,1
2025-10-31,Google Ads,Search - Nonbrand Skincare,N/A,SKU006,10.45,944,29,35.88,1
2025-11-01,Google Ads,Search - Nonbrand Skincare,N/A,SKU004,32.9,2637,96,122.91,3
2025-11-02,Google Ads,Search - Nonbrand Skincare,N/A,SKU005,21.99,1566,91,59.88,1
2025-11-03,Google Ads,Search - Nonbrand Skincare,N/A,SKU009,65.86,5072,301,268.4,6
2025-11-04,Google Ads,Search - Nonbrand Skincare,N/A,SKU005,41.77,3441,152,155.05,4
2025-11-05,Google Ads,Search - Nonbrand Skincare,N/A,SKU008,30.36,2474,112,114.29,3
2025-11-06,Google Ads,Search - Nonbrand Skincare,N/A,SKU009,14.3,1126,35,8.31,0
2025-11-07,Google Ads,Search - Nonbrand Skincare,N/A,SKU004,54.17,5671,329,169.05,4
2025-11-08,Google Ads,Search - Nonbrand Skincare,N/A,SKU003,133.31,8349,294,492.72,12
2025-11-09,Google Ads,Search - Nonbrand Skincare,N/A,SKU012,73.88,4667,234,365.35,9
2025-11-10,Google Ads,Search - Nonbrand Skincare,N/A,SKU011,43.19,3329,122,149.21,4
2025-11-11,Google Ads,Search - Nonbrand Skincare,N/A,SKU007,137.28,13619,773,383.57,9
2025-11-12,Google Ads,Search - Nonbrand Skincare,N/A,SKU003,9.68,642,17,41.36,1
2025-11-13,Google Ads,Search - Nonbrand Skincare,N/A,SKU005,16.06,1234,60,68.09,2
2025-11-14,Google Ads,Search - Nonbrand Skincare,N/A,SKU001,43.63,3382,157,148.21,4
2025-11-15,Google Ads,Search - Nonbrand Skincare,N/A,SKU009,38.58,4197,141,120.62,3
2025-11-16,Google Ads,Search - Nonbrand Skincare,N/A,SKU012,10.33,984,38,46.17,1
2025-11-17,Google Ads,Search - Nonbrand Skincare,N/A,SKU002,11.91,1024,39,49.84,1
2025-11-18,Google Ads,Search - Nonbrand Skincare,N/A,SKU003,11.85,789,41,6.37,0
2025-11-19,Google Ads,Search - Nonbrand Skincare,N/A,SKU009,15.15,1145,36,53.26,1
2025-11-20,Google Ads,Search - Nonbrand Skincare,N/A,SKU001,38.17,2638,122,107.05,3
2025-11-21,Google Ads,Search - Nonbrand Skincare,N/A,SKU005,31.67,2276,129,91.39,2
2025-11-22,Google Ads,Search - Nonbrand Skincare,N/A,SKU006,84.97,8081,390,217.18,5
2025-11-23,Google Ads,Search - Nonbrand Skincare,N/A,SKU001,39.56,3491,117,136.63,3
2025-11-24,Google Ads,Search - Nonbrand Skincare,N/A,SKU003,288.64,18866,555,803.44,19
2025-11-25,Google Ads,Search - Nonbrand Skincare,N/A,SKU001,135.78,13746,504,385.23,9
2025-11-26,Google Ads,Search - Nonbrand Skincare,N/A,SKU012,87.23,6360,356,370.19,9
2025-11-27,Google Ads,Search - Nonbrand Skincare,N/A,SKU004,36.94,2397,108,162.07,4
2025-11-28,Google Ads,Search - Nonbrand Skincare,N/A,SKU009,71.93,6447,273,270.26,6
2025-11-29,Google Ads,Search - Nonbrand Skincare,N/A,SKU006,317.08,30477,1797,809.55,19
2025-11-30,Google Ads,Search - Nonbrand Skincare,N/A,SKU006,206.92,18076,723,823.34,20
2025-12-01,Google Ads,Search - Nonbrand Skincare,N/A,SKU005,65.22,4366,260,168.84,4
2025-12-02,Google Ads,Search - Nonbrand Skincare,N/A,SKU004,107.21,7837,469,331.39,8
2025-12-03,Google Ads,Search - Nonbrand Skincare,N/A,SKU011,65.31,5625,275,200.04,5
2025-12-04,Google Ads,Search - Nonbrand Skincare,N/A,SKU007,62.27,6295,231,240.14,6
2025-12-05,Google Ads,Search - Nonbrand Skincare,N/A,SKU009,173.55,12396,411,508.28,12
2025-12-06,Google Ads,Search - Nonbrand Skincare,N/A,SKU004,66.36,6312,249,196.33,5
2025-12-07,Google Ads,Search - Nonbrand Skincare,N/A,SKU003,45.29,4103,202,161.7,4
2025-12-08,Google Ads,Search - Nonbrand Skincare,N/A,SKU008,17.4,1279,52,65.25,2
2025-12-09,Google Ads,Search - Nonbrand Skincare,N/A,SKU011,91.12,8574,493,313.95,7
2025-12-10,Google Ads,Search - Nonbrand Skincare,N/A,SKU008,165.69,13293,412,544.18,13
2025-12-11,Google Ads,Search - Nonbrand Skincare,N/A,SKU001,56.03,3947,199,233.55,6
2025-12-12,Google Ads,Search - Nonbrand Skincare,N/A,SKU012,57.33,4668,259,247.3,6
2025-12-13,Google Ads,Search - Nonbrand Skincare,N/A,SKU006,45.14,3168,187,195.76,5
2025-12-14,Google Ads,Search - Nonbrand Skincare,N/A,SKU012,71.16,5675,192,262.19,6
2025-12-15,Google Ads,Search - Nonbrand Skincare,N/A,SKU007,14.39,905,29,53.29,1
2025-12-16,Google Ads,Search - Nonbrand Skincare,N/A,SKU003,68.99,4749,246,235.36,6
2025-12-17,Google Ads,Search - Nonbrand Skincare,N/A,SKU004,31.16,3327,196,131.54,3
2025-12-18,Google Ads,Search - Nonbrand Skincare,N/A,SKU001,37.36,3405,137,110.01,3
2025-12-19,Google Ads,Search - Nonbrand Skincare,N/A,SKU006,69.04,4853,196,196.28,5
2025-12-20,Google Ads,Search - Nonbrand Skincare,N/A,SKU003,24.37,1538,40,67.31,2
2025-12-21,Google Ads,Search - Nonbrand Skincare,N/A,SKU005,103.01,7364,419,313.89,7
2025-12-22,Google Ads,Search - Nonbrand Skincare,N/A,SKU007,16.06,1511,57,44.35,1
2025-12-23,Google Ads,Search - Nonbrand Skincare,N/A,SKU006,11.84,759,31,9.16,0
2025-12-24,Google Ads,Search - Nonbrand Skincare,N/A,SKU003,10.4,1060,48,41.34,1
2025-12-25,Google Ads,Search - Nonbrand Skincare,N/A,SKU005,8.93,637,29,9.24,0
2025-12-26,Google Ads,Search - Nonbrand Skincare,N/A,SKU006,68.6,7137,380,282.01,7
2025-12-27,Google Ads,Search - Nonbrand Skincare,N/A,SKU005,37.93,3451,206,109.52,3
2025-12-28,Google Ads,Search - Nonbrand Skincare,N/A,SKU001,110.79,9014,529,467.44,11
2025-12-29,Google Ads,Search - Nonbrand Skincare,N/A,SKU005,37.51,3873,164,167.94,4
2025-12-30,Google Ads,Search - Nonbrand Skincare,N/A,SKU006,65.19,4717,281,246.26,6
2025-12-31,Google Ads,Search - Nonbrand Skincare,N/A,SKU008,23.91,2328,76,71.38,2
2026-01-01,Google Ads,Search - Nonbrand Skincare,N/A,SKU008,84.87,5685,244,299.27,7
2026-01-02,Google Ads,Search - Nonbrand Skincare,N/A,SKU005,23.45,1709,88,71.72,2
2026-01-03,Google Ads,Search - Nonbrand Skincare,N/A,SKU007,33.47,2116,86,130.6,3
2026-01-04,Google Ads,Search - Nonbrand Skincare,N/A,SKU004,14.25,1298,34,8.69,0
2026-01-05,Google Ads,Search - Nonbrand Skincare,N/A,SKU008,35.38,2950,127,153.24,4
2026-01-06,Google Ads,Search - Nonbrand Skincare,N/A,SKU008,13.94,1161,48,14.23,0
2026-01-07,Google Ads,Search - Nonbrand Skincare,N/A,SKU005,13.22,1068,58,7.25,0
2026-01-08,Google Ads,Search - Nonbrand Skincare,N/A,SKU011,46.4,3039,108,161.96,4
2026-01-09,Google Ads,Search - Nonbrand Skincare,N/A,SKU003,11.74,798,41,6.25,0
2026-01-10,Google Ads,Search - Nonbrand Skincare,N/A,SKU010,64.42,4368,135,177.15,4
2026-01-11,Google Ads,Search - Nonbrand Skincare,N/A,SKU009,136.74,9031,350,567.92,14
2026-01-12,Google Ads,Search - Nonbrand Skincare,N/A,SKU003,24.11,1713,83,67.65,2
2026-01-13,Google Ads,Search - Nonbrand Skincare,N/A,SKU008,44.19,4166,178,152.09,4
2026-01-14,Google Ads,Search - Nonbrand Skincare,N/A,SKU005,60.34,4336,133,280.44,7
2026-01-15,Google Ads,Search - Nonbrand Skincare,N/A,SKU004,12.98,999,55,11.84,0
2026-01-16,Google Ads,Search - Nonbrand Skincare,N/A,SKU003,14.0,1243,66,7.13,0
2026-01-17,Google Ads,Search - Nonbrand Skincare,N/A,SKU003,13.25,1110,36,64.16,2
2026-01-18,Google Ads,Search - Nonbrand Skincare,N/A,SKU003,12.95,977,32,13.67,0
2026-01-19,Google Ads,Search - Nonbrand Skincare,N/A,SKU006,14.55,1141,49,13.69,0
2026-01-20,Google Ads,Search - Nonbrand Skincare,N/A,SKU003,30.23,2056,55,100.85,2
2026-01-21,Google Ads,Search - Nonbrand Skincare,N/A,SKU010,105.75,7963,365,372.96,9
2026-01-22,Google Ads,Search - Nonbrand Skincare,N/A,SKU011,18.71,1610,56,76.66,2
2026-01-23,Google Ads,Search - Nonbrand Skincare,N/A,SKU001,93.55,5993,337,297.6,7
2026-01-24,Google Ads,Search - Nonbrand Skincare,N/A,SKU011,35.84,3619,203,106.76,3
2026-01-25,Google Ads,Search - Nonbrand Skincare,N/A,SKU010,29.57,2812,83,128.59,3
2026-01-26,Google Ads,Search - Nonbrand Skincare,N/A,SKU012,31.51,2723,152,133.73,3
2026-01-27,Google Ads,Search - Nonbrand Skincare,N/A,SKU002,37.12,3454,111,109.71,3
2026-01-28,Google Ads,Search - Nonbrand Skincare,N/A,SKU012,83.3,7663,197,251.0,6
2026-01-29,Google Ads,Search - Nonbrand Skincare,N/A,SKU004,9.81,821,42,37.39,1
2026-01-30,Google Ads,Search - Nonbrand Skincare,N/A,SKU009,8.55,838,22,4.09,0
2026-01-31,Google Ads,Search - Nonbrand Skincare,N/A,SKU007,124.57,12588,495,410.68,10
2026-02-01,Google Ads,Search - Nonbrand Skincare,N/A,SKU003,20.52,1282,66,87.43,2
2026-02-02,Google Ads,Search - Nonbrand Skincare,N/A,SKU010,32.21,2457,140,115.41,3
2026-02-03,Google Ads,Search - Nonbrand Skincare,N/A,SKU007,15.58,996,34,65.87,2
2026-02-04,Google Ads,Search - Nonbrand Skincare,N/A,SKU002,76.19,4897,232,224.0,5
2026-02-05,Google Ads,Search - Nonbrand Skincare,N/A,SKU008,17.18,1271,36,53.48,1
2026-02-06,Google Ads,Search - Nonbrand Skincare,N/A,SKU007,148.69,11875,495,397.08,9
2026-02-07,Google Ads,Search - Nonbrand Skincare,N/A,SKU005,65.72,6660,204,181.22,4
2026-02-08,Google Ads,Search - Nonbrand Skincare,N/A,SKU003,17.07,1752,62,64.34,2
2026-02-09,Google Ads,Search - Nonbrand Skincare,N/A,SKU003,24.27,1873,100,101.76,2
2026-02-10,Google Ads,Search - Nonbrand Skincare,N/A,SKU003,56.48,3633,212,176.38,4
2026-02-11,Google Ads,Search - Nonbrand Skincare,N/A,SKU009,8.9,711,18,6.78,0
2026-02-12,Google Ads,Search - Nonbrand Skincare,N/A,SKU001,15.7,1627,94,46.12,1
2026-02-13,Google Ads,Search - Nonbrand Skincare,N/A,SKU006,25.23,1706,68,109.58,3
2026-02-14,Google Ads,Search - Nonbrand Skincare,N/A,SKU001,23.73,1939,116,75.14,2
2026-02-15,Google Ads,Search - Nonbrand Skincare,N/A,SKU001,31.51,3373,120,103.23,2
2026-02-16,Google Ads,Search - Nonbrand Skincare,N/A,SKU009,32.84,3119,102,108.1,3
2026-02-17,Google Ads,Search - Nonbrand Skincare,N/A,SKU001,29.41,2680,153,125.84,3
2026-02-18,Google Ads,Search - Nonbrand Skincare,N/A,SKU001,49.7,4821,184,122.86,3
2026-02-19,Google Ads,Search - Nonbrand Skincare,N/A,SKU010,8.86,605,27,35.28,1
2026-02-20,Google Ads,Search - Nonbrand Skincare,N/A,SKU005,105.84,7457,357,312.99,7
2026-02-21,Google Ads,Search - Nonbrand Skincare,N/A,SKU003,80.17,8207,265,222.19,5
2026-02-22,Google Ads,Search - Nonbrand Skincare,N/A,SKU006,10.82,1154,64,8.4,0
2026-02-23,Google Ads,Search - Nonbrand Skincare,N/A,SKU001,32.33,2163,64,116.54,3
2026-02-24,Google Ads,Search - Nonbrand Skincare,N/A,SKU009,42.35,3232,168,154.61,4
2026-02-25,Google Ads,Search - Nonbrand Skincare,N/A,SKU003,11.9,817,22,10.96,0
2026-02-26,Google Ads,Search - Nonbrand Skincare,N/A,SKU004,44.24,4023,215,193.0,5
2026-02-27,Google Ads,Search - Nonbrand Skincare,N/A,SKU003,90.27,7064,378,319.64,8
2026-02-28,Google Ads,Search - Nonbrand Skincare,N/A,SKU002,87.06,5650,144,265.51,6
2026-03-01,Google Ads,Search - Nonbrand Skincare,N/A,SKU004,72.48,6894,321,191.19,5
2026-03-02,Google Ads,Search - Nonbrand Skincare,N/A,SKU002,130.53,13433,350,374.98,9
2026-03-03,Google Ads,Search - Nonbrand Skincare,N/A,SKU008,62.08,4877,278,266.12,6
2026-03-04,Google Ads,Search - Nonbrand Skincare,N/A,SKU004,88.39,6248,374,343.98,8
2026-03-05,Google Ads,Search - Nonbrand Skincare,N/A,SKU006,80.0,6057,236,225.93,5
2026-03-06,Google Ads,Search - Nonbrand Skincare,N/A,SKU001,63.08,4955,274,185.5,4
2026-03-07,Google Ads,Search - Nonbrand Skincare,N/A,SKU004,123.24,13500,759,421.36,10
2026-03-08,Google Ads,Search - Nonbrand Skincare,N/A,SKU004,20.45,2058,67,51.49,1
2026-03-09,Google Ads,Search - Nonbrand Skincare,N/A,SKU003,59.92,4751,171,200.62,5
2026-03-10,Google Ads,Search - Nonbrand Skincare,N/A,SKU002,59.49,4832,125,157.28,4
2026-03-11,Google Ads,Search - Nonbrand Skincare,N/A,SKU005,30.27,2016,90,104.83,2
2026-03-12,Google Ads,Search - Nonbrand Skincare,N/A,SKU011,57.79,3725,214,147.02,4
2026-03-13,Google Ads,Search - Nonbrand Skincare,N/A,SKU007,192.33,17175,671,553.85,13
2026-03-14,Google Ads,Search - Nonbrand Skincare,N/A,SKU001,117.74,8169,257,322.46,8
2026-03-15,Google Ads,Search - Nonbrand Skincare,N/A,SKU010,11.74,821,47,7.48,0
2026-03-16,Google Ads,Search - Nonbrand Skincare,N/A,SKU003,51.36,4432,143,176.78,4
2026-03-17,Google Ads,Search - Nonbrand Skincare,N/A,SKU006,18.04,1274,43,71.19,2
2026-03-18,Google Ads,Search - Nonbrand Skincare,N/A,SKU001,37.01,3985,167,163.13,4
2026-03-19,Google Ads,Search - Nonbrand Skincare,N/A,SKU001,86.16,5467,197,234.72,6
2026-03-20,Google Ads,Search - Nonbrand Skincare,N/A,SKU009,71.84,6162,217,200.44,5
2026-03-21,Google Ads,Search - Nonbrand Skincare,N/A,SKU003,95.84,8845,242,277.13,7
2026-03-22,Google Ads,Search - Nonbrand Skincare,N/A,SKU005,127.95,13998,748,488.57,12
2026-03-23,Google Ads,Search - Nonbrand Skincare,N/A,SKU006,23.3,1545,90,75.53,2
2026-03-24,Google Ads,Search - Nonbrand Skincare,N/A,SKU003,56.82,4690,236,180.53,4
2026-03-25,Google Ads,Search - Nonbrand Skincare,N/A,SKU010,46.39,4559,261,183.16,4
2026-03-26,Google Ads,Search - Nonbrand Skincare,N/A,SKU006,84.44,6420,321,230.38,5
2026-03-27,Google Ads,Search - Nonbrand Skincare,N/A,SKU005,35.19,3288,172,104.71,2
2026-03-28,Google Ads,Search - Nonbrand Skincare,N/A,SKU005,31.5,2783,152,110.96,3
2026-03-29,Google Ads,Search - Nonbrand Skincare,N/A,SKU006,64.26,5162,221,254.81,6
2026-03-30,Google Ads,Search - Nonbrand Skincare,N/A,SKU012,204.0,16099,545,611.67,15
2026-03-31,Google Ads,Search - Nonbrand Skincare,N/A,SKU008,158.44,16530,571,514.21,12
2026-04-01,Google Ads,Search - Nonbrand Skincare,N/A,SKU003,169.22,13156,737,526.73,13
2026-04-02,Google Ads,Search - Nonbrand Skincare,N/A,SKU008,96.28,7536,317,358.33,9
2026-04-03,Google Ads,Search - Nonbrand Skincare,N/A,SKU001,21.32,1496,40,95.29,2
2026-04-04,Google Ads,Search - Nonbrand Skincare,N/A,SKU008,87.66,5855,165,352.33,8
2026-04-05,Google Ads,Search - Nonbrand Skincare,N/A,SKU012,32.12,2940,96,92.62,2
2026-04-06,Google Ads,Search - Nonbrand Skincare,N/A,SKU005,39.93,2527,70,127.86,3
2026-04-07,Google Ads,Search - Nonbrand Skincare,N/A,SKU002,66.7,4666,147,187.08,4
2026-04-08,Google Ads,Search - Nonbrand Skincare,N/A,SKU005,44.56,4285,127,159.74,4
2026-04-09,Google Ads,Search - Nonbrand Skincare,N/A,SKU001,15.89,1626,50,55.67,1
2026-04-10,Google Ads,Search - Nonbrand Skincare,N/A,SKU004,58.58,4425,201,191.98,5
2026-04-11,Google Ads,Search - Nonbrand Skincare,N/A,SKU001,12.66,1182,67,54.33,1
2026-04-12,Google Ads,Search - Nonbrand Skincare,N/A,SKU006,73.8,6354,204,333.05,8
2026-04-13,Google Ads,Search - Nonbrand Skincare,N/A,SKU007,93.09,7542,430,270.21,6
2026-04-14,Google Ads,Search - Nonbrand Skincare,N/A,SKU006,21.64,2307,114,67.88,2
2026-04-15,Google Ads,Search - Nonbrand Skincare,N/A,SKU005,34.81,2517,62,98.69,2
2026-04-16,Google Ads,Search - Nonbrand Skincare,N/A,SKU008,101.2,8719,460,288.92,7
2026-04-17,Google Ads,Search - Nonbrand Skincare,N/A,SKU002,12.04,970,45,35.6,1
2026-04-18,Google Ads,Search - Nonbrand Skincare,N/A,SKU001,8.92,860,21,9.61,0
2026-04-19,Google Ads,Search - Nonbrand Skincare,N/A,SKU010,35.03,3234,158,97.23,2
2026-04-20,Google Ads,Search - Nonbrand Skincare,N/A,SKU006,36.51,2520,118,132.21,3
2026-04-21,Google Ads,Search - Nonbrand Skincare,N/A,SKU001,46.78,4717,263,214.16,5
2026-04-22,Google Ads,Search - Nonbrand Skincare,N/A,SKU001,14.52,1504,56,11.02,0
2026-04-23,Google Ads,Search - Nonbrand Skincare,N/A,SKU010,15.97,1297,73,63.69,2
2026-04-24,Google Ads,Search - Nonbrand Skincare,N/A,SKU002,150.79,10673,579,666.86,16
2026-04-25,Google Ads,Search - Nonbrand Skincare,N/A,SKU007,22.78,1762,68,101.22,2
2026-04-26,Google Ads,Search - Nonbrand Skincare,N/A,SKU004,103.83,8425,259,330.77,8
2026-04-27,Google Ads,Search - Nonbrand Skincare,N/A,SKU007,75.63,6560,362,220.93,5
2026-04-28,Google Ads,Search - Nonbrand Skincare,N/A,SKU003,58.58,6331,179,183.7,4
2026-04-29,Google Ads,Search - Nonbrand Skincare,N/A,SKU007,54.89,5432,198,225.46,5
2026-04-30,Google Ads,Search - Nonbrand Skincare,N/A,SKU012,126.4,8252,228,368.6,9
2026-05-01,Google Ads,Search - Nonbrand Skincare,N/A,SKU009,39.47,3817,212,114.18,3
2026-05-02,Google Ads,Search - Nonbrand Skincare,N/A,SKU005,58.34,4595,264,268.15,6
2026-05-03,Google Ads,Search - Nonbrand Skincare,N/A,SKU006,27.09,2575,127,78.26,2
2026-05-04,Google Ads,Search - Nonbrand Skincare,N/A,SKU005,21.13,1575,54,77.6,2
2026-05-05,Google Ads,Search - Nonbrand Skincare,N/A,SKU006,83.93,5917,243,247.43,6
2026-05-06,Google Ads,Search - Nonbrand Skincare,N/A,SKU005,50.78,3425,153,175.03,4
2026-05-07,Google Ads,Search - Nonbrand Skincare,N/A,SKU001,83.44,5925,324,325.47,8
2026-05-08,Google Ads,Search - Nonbrand Skincare,N/A,SKU005,99.67,9948,527,290.51,7
2026-05-09,Google Ads,Search - Nonbrand Skincare,N/A,SKU006,44.12,3483,204,126.38,3
2026-05-10,Google Ads,Search - Nonbrand Skincare,N/A,SKU002,184.57,16697,632,694.9,17
2026-05-11,Google Ads,Search - Nonbrand Skincare,N/A,SKU007,88.85,8804,260,285.78,7
2026-05-12,Google Ads,Search - Nonbrand Skincare,N/A,SKU011,86.7,7917,404,248.82,6
2026-05-13,Google Ads,Search - Nonbrand Skincare,N/A,SKU001,31.51,2347,129,116.09,3
2026-05-14,Google Ads,Search - Nonbrand Skincare,N/A,SKU008,40.37,4468,260,131.97,3
2026-05-15,Google Ads,Search - Nonbrand Skincare,N/A,SKU008,57.26,3639,188,231.46,6
2026-05-16,Google Ads,Search - Nonbrand Skincare,N/A,SKU005,31.72,2181,98,110.35,3
2026-05-17,Google Ads,Search - Nonbrand Skincare,N/A,SKU003,93.21,6409,256,354.94,8
2026-05-18,Google Ads,Search - Nonbrand Skincare,N/A,SKU009,36.75,3015,122,114.04,3
2026-05-19,Google Ads,Search - Nonbrand Skincare,N/A,SKU001,16.44,1795,49,47.18,1
2026-05-20,Google Ads,Search - Nonbrand Skincare,N/A,SKU007,54.75,3718,150,161.47,4
2026-05-21,Google Ads,Search - Nonbrand Skincare,N/A,SKU011,35.11,2766,154,121.28,3
2026-05-22,Google Ads,Search - Nonbrand Skincare,N/A,SKU002,14.03,1257,66,40.31,1
2026-05-23,Google Ads,Search - Nonbrand Skincare,N/A,SKU006,46.33,4973,211,168.29,4
2026-05-24,Google Ads,Search - Nonbrand Skincare,N/A,SKU007,11.54,1218,40,5.23,0
2026-05-25,Google Ads,Search - Nonbrand Skincare,N/A,SKU010,47.19,5221,172,133.9,3
2026-05-26,Google Ads,Search - Nonbrand Skincare,N/A,SKU006,35.42,3027,156,160.57,4
2026-05-27,Google Ads,Search - Nonbrand Skincare,N/A,SKU006,93.86,8952,462,422.92,10
2026-05-28,Google Ads,Search - Nonbrand Skincare,N/A,SKU004,18.15,1136,51,57.38,1
2026-05-29,Google Ads,Search - Nonbrand Skincare,N/A,SKU006,31.82,3140,130,115.23,3
2026-05-30,Google Ads,Search - Nonbrand Skincare,N/A,SKU009,22.43,1764,64,57.97,1
2026-05-31,Google Ads,Search - Nonbrand Skincare,N/A,SKU005,72.03,4687,117,218.82,5
2026-06-01,Google Ads,Search - Nonbrand Skincare,N/A,SKU007,130.5,9115,353,453.88,11
2026-06-02,Google Ads,Search - Nonbrand Skincare,N/A,SKU010,10.66,1144,39,42.07,1
2026-06-03,Google Ads,Search - Nonbrand Skincare,N/A,SKU008,21.88,2002,106,98.31,2
2026-06-04,Google Ads,Search - Nonbrand Skincare,N/A,SKU001,10.19,991,56,42.04,1
2026-06-05,Google Ads,Search - Nonbrand Skincare,N/A,SKU012,102.27,10814,574,270.64,6
2026-06-06,Google Ads,Search - Nonbrand Skincare,N/A,SKU011,76.48,5646,147,212.67,5
2026-06-07,Google Ads,Search - Nonbrand Skincare,N/A,SKU004,10.23,936,30,7.61,0
2026-06-08,Google Ads,Search - Nonbrand Skincare,N/A,SKU004,49.54,5431,220,152.75,4
2026-06-09,Google Ads,Search - Nonbrand Skincare,N/A,SKU005,11.87,1116,48,12.96,0
2026-06-10,Google Ads,Search - Nonbrand Skincare,N/A,SKU001,66.12,5584,211,258.34,6
2026-06-11,Google Ads,Search - Nonbrand Skincare,N/A,SKU001,70.57,7183,390,260.55,6
2026-06-12,Google Ads,Search - Nonbrand Skincare,N/A,SKU004,42.29,3680,104,126.55,3
2026-06-13,Google Ads,Search - Nonbrand Skincare,N/A,SKU003,13.2,980,37,44.04,1
2026-06-14,Google Ads,Search - Nonbrand Skincare,N/A,SKU003,96.12,6643,199,264.47,6
2026-06-15,Google Ads,Search - Nonbrand Skincare,N/A,SKU006,32.92,2096,79,114.27,3
2026-06-16,Google Ads,Search - Nonbrand Skincare,N/A,SKU004,23.89,1587,56,71.16,2
2026-06-17,Google Ads,Search - Nonbrand Skincare,N/A,SKU003,9.24,921,51,5.57,0
2026-06-18,Google Ads,Search - Nonbrand Skincare,N/A,SKU004,32.1,2746,92,121.26,3
2026-06-19,Google Ads,Search - Nonbrand Skincare,N/A,SKU008,40.92,4343,252,106.69,3
2026-06-20,Google Ads,Search - Nonbrand Skincare,N/A,SKU008,35.2,3016,103,106.74,3
2026-06-21,Google Ads,Search - Nonbrand Skincare,N/A,SKU007,19.74,2029,90,79.6,2
2026-06-22,Google Ads,Search - Nonbrand Skincare,N/A,SKU005,34.49,2575,94,93.0,2
2026-06-23,Google Ads,Search - Nonbrand Skincare,N/A,SKU007,11.04,970,38,7.85,0
2026-06-24,Google Ads,Search - Nonbrand Skincare,N/A,SKU009,68.58,5852,253,283.2,7
2026-06-25,Google Ads,Search - Nonbrand Skincare,N/A,SKU011,78.39,5313,158,282.57,7
2026-06-26,Google Ads,Search - Nonbrand Skincare,N/A,SKU005,161.83,14218,443,421.5,10
2026-06-27,Google Ads,Search - Nonbrand Skincare,N/A,SKU003,69.54,6309,311,261.24,6
2026-06-28,Google Ads,Search - Nonbrand Skincare,N/A,SKU011,19.98,2002,64,64.69,2
2026-06-29,Google Ads,Search - Nonbrand Skincare,N/A,SKU006,12.87,1280,61,7.61,0
2026-06-30,Google Ads,Search - Nonbrand Skincare,N/A,SKU001,45.21,2920,92,188.27,4
2026-07-01,Google Ads,Search - Nonbrand Skincare,N/A,SKU010,15.13,1029,29,51.32,1
2026-07-02,Google Ads,Search - Nonbrand Skincare,N/A,SKU009,145.6,9120,339,391.06,9
2026-07-03,Google Ads,Search - Nonbrand Skincare,N/A,SKU005,14.57,1055,38,40.48,1
2026-07-04,Google Ads,Search - Nonbrand Skincare,N/A,SKU006,9.37,728,19,5.6,0
2026-07-05,Google Ads,Search - Nonbrand Skincare,N/A,SKU010,86.97,6099,195,221.24,5
2026-07-06,Google Ads,Search - Nonbrand Skincare,N/A,SKU003,10.98,1171,44,10.81,0
2026-07-07,Google Ads,Search - Nonbrand Skincare,N/A,SKU004,25.17,1732,56,108.89,3
2026-07-08,Google Ads,Search - Nonbrand Skincare,N/A,SKU011,68.5,5798,290,259.86,6
2026-07-09,Google Ads,Search - Nonbrand Skincare,N/A,SKU002,27.39,2278,118,69.61,2
2026-07-10,Google Ads,Search - Nonbrand Skincare,N/A,SKU005,14.01,878,26,59.28,1
2026-07-11,Google Ads,Search - Nonbrand Skincare,N/A,SKU003,107.45,10431,298,292.28,7
2026-07-12,Google Ads,Search - Nonbrand Skincare,N/A,SKU011,29.89,2337,89,118.72,3
2026-07-13,Google Ads,Search - Nonbrand Skincare,N/A,SKU002,24.34,1925,52,69.26,2
2026-07-14,Google Ads,Search - Nonbrand Skincare,N/A,SKU010,65.8,5839,222,232.3,6
2026-07-15,Google Ads,Search - Nonbrand Skincare,N/A,SKU008,16.9,1100,33,53.64,1
2026-07-16,Google Ads,Search - Nonbrand Skincare,N/A,SKU007,13.68,1004,32,5.75,0
2026-07-17,Google Ads,Search - Nonbrand Skincare,N/A,SKU002,174.31,11003,325,568.36,14
2026-07-18,Google Ads,Search - Nonbrand Skincare,N/A,SKU005,9.13,651,37,3.46,0
2026-07-19,Google Ads,Search - Nonbrand Skincare,N/A,SKU004,13.52,860,50,6.0,0
2026-07-20,Google Ads,Search - Nonbrand Skincare,N/A,SKU007,14.07,977,40,58.96,1
2026-07-21,Google Ads,Search - Nonbrand Skincare,N/A,SKU009,262.57,17785,978,1038.25,25
2026-07-22,Google Ads,Search - Nonbrand Skincare,N/A,SKU008,17.44,1168,44,54.58,1
2026-07-23,Google Ads,Search - Nonbrand Skincare,N/A,SKU008,60.16,3877,177,242.99,6
2026-07-24,Google Ads,Search - Nonbrand Skincare,N/A,SKU005,12.81,847,46,10.8,0
2026-07-25,Google Ads,Search - Nonbrand Skincare,N/A,SKU006,31.93,2789,84,89.32,2
2026-07-26,Google Ads,Search - Nonbrand Skincare,N/A,SKU003,20.82,1316,65,62.98,1
2026-07-27,Google Ads,Search - Nonbrand Skincare,N/A,SKU001,8.74,780,32,7.24,0
2026-07-28,Google Ads,Search - Nonbrand Skincare,N/A,SKU011,53.63,3751,204,217.31,5
2026-07-29,Google Ads,Search - Nonbrand Skincare,N/A,SKU004,11.71,813,32,5.08,0
2026-07-30,Google Ads,Search - Nonbrand Skincare,N/A,SKU007,98.22,8975,418,397.87,9
2026-07-31,Google Ads,Search - Nonbrand Skincare,N/A,SKU001,30.19,3059,109,132.07,3
2026-08-01,Google Ads,Search - Nonbrand Skincare,N/A,SKU001,33.24,2375,77,143.25,3
2026-08-02,Google Ads,Search - Nonbrand Skincare,N/A,SKU001,32.96,3034,101,142.35,3
2026-08-03,Google Ads,Search - Nonbrand Skincare,N/A,SKU003,18.8,1617,45,74.83,2
2026-08-04,Google Ads,Search - Nonbrand Skincare,N/A,SKU011,68.76,6103,364,194.11,5
2026-08-05,Google Ads,Search - Nonbrand Skincare,N/A,SKU011,14.29,1323,37,59.54,1
2026-08-06,Google Ads,Search - Nonbrand Skincare,N/A,SKU006,59.57,5261,272,195.14,5
2026-08-07,Google Ads,Search - Nonbrand Skincare,N/A,SKU010,15.03,1169,55,66.16,2
2026-08-08,Google Ads,Search - Nonbrand Skincare,N/A,SKU002,120.63,12346,529,346.88,8
2026-08-09,Google Ads,Search - Nonbrand Skincare,N/A,SKU006,15.39,970,52,50.62,1
2026-08-10,Google Ads,Search - Nonbrand Skincare,N/A,SKU006,111.18,8457,468,388.48,9
2026-08-11,Google Ads,Search - Nonbrand Skincare,N/A,SKU005,28.39,2184,94,99.71,2
2026-08-12,Google Ads,Search - Nonbrand Skincare,N/A,SKU003,47.81,4199,187,143.51,3
2026-08-13,Google Ads,Search - Nonbrand Skincare,N/A,SKU003,78.97,5906,154,265.55,6
2026-08-14,Google Ads,Search - Nonbrand Skincare,N/A,SKU006,13.01,1141,62,11.89,0
2026-08-15,Google Ads,Search - Nonbrand Skincare,N/A,SKU005,19.5,1232,71,69.78,2
2026-08-16,Google Ads,Search - Nonbrand Skincare,N/A,SKU008,39.28,3040,124,100.38,2
2026-08-17,Google Ads,Search - Nonbrand Skincare,N/A,SKU003,10.63,819,44,6.0,0
2026-08-18,Google Ads,Search - Nonbrand Skincare,N/A,SKU005,16.17,1061,27,46.63,1
2026-08-19,Google Ads,Search - Nonbrand Skincare,N/A,SKU006,11.52,1027,58,51.48,1
2026-08-20,Google Ads,Search - Nonbrand Skincare,N/A,SKU011,12.23,1295,40,13.23,0
2026-08-21,Google Ads,Search - Nonbrand Skincare,N/A,SKU003,10.82,825,38,48.27,1
2026-08-22,Google Ads,Search - Nonbrand Skincare,N/A,SKU008,50.13,4377,206,169.26,4
2026-08-23,Google Ads,Search - Nonbrand Skincare,N/A,SKU011,41.94,4563,159,161.23,4
2026-08-24,Google Ads,Search - Nonbrand Skincare,N/A,SKU009,90.62,6264,253,356.47,8
2026-08-25,Google Ads,Search - Nonbrand Skincare,N/A,SKU001,10.96,977,28,10.39,0
2026-08-26,Google Ads,Search - Nonbrand Skincare,N/A,SKU007,20.15,1354,52,86.66,2
2026-08-27,Google Ads,Search - Nonbrand Skincare,N/A,SKU008,47.19,4767,133,217.13,5
2026-08-28,Google Ads,Search - Nonbrand Skincare,N/A,SKU008,59.09,6128,318,179.16,4
2026-08-29,Google Ads,Search - Nonbrand Skincare,N/A,SKU003,89.85,7987,216,250.45,6
2026-08-30,Google Ads,Search - Nonbrand Skincare,N/A,SKU008,37.43,2505,74,116.36,3
2026-08-31,Google Ads,Search - Nonbrand Skincare,N/A,SKU004,72.14,7378,185,233.26,6
2026-09-01,Google Ads,Search - Nonbrand Skincare,N/A,SKU006,101.75,8952,508,441.92,11
2026-09-02,Google Ads,Search - Nonbrand Skincare,N/A,SKU006,52.99,3608,190,190.61,5
2026-09-03,Google Ads,Search - Nonbrand Skincare,N/A,SKU005,12.71,935,43,32.86,1
2026-09-04,Google Ads,Search - Nonbrand Skincare,N/A,SKU008,70.17,4730,131,278.98,7
2026-09-05,Google Ads,Search - Nonbrand Skincare,N/A,SKU001,87.76,9283,259,375.84,9
2026-09-06,Google Ads,Search - Nonbrand Skincare,N/A,SKU003,86.18,8428,332,356.99,8
2026-09-07,Google Ads,Search - Nonbrand Skincare,N/A,SKU008,157.35,11993,396,532.48,13
2026-09-08,Google Ads,Search - Nonbrand Skincare,N/A,SKU003,18.47,2042,75,86.2,2
2026-09-09,Google Ads,Search - Nonbrand Skincare,N/A,SKU009,20.86,1435,55,74.93,2
2026-09-10,Google Ads,Search - Nonbrand Skincare,N/A,SKU001,43.07,4646,148,210.2,5
2026-09-11,Google Ads,Search - Nonbrand Skincare,N/A,SKU007,24.87,1650,45,109.38,3
2026-09-12,Google Ads,Search - Nonbrand Skincare,N/A,SKU004,76.53,5932,287,278.06,7
2026-09-13,Google Ads,Search - Nonbrand Skincare,N/A,SKU004,9.1,577,22,41.71,1
2025-09-14,Google Ads,Shopping - Bestsellers,N/A,SKU004,44.78,4603,260,171.42,4
2025-09-15,Google Ads,Shopping - Bestsellers,N/A,SKU003,12.82,1067,53,6.25,0
2025-09-16,Google Ads,Shopping - Bestsellers,N/A,SKU006,56.07,4487,268,205.33,5
2025-09-17,Google Ads,Shopping - Bestsellers,N/A,SKU002,30.6,2255,131,99.94,2
2025-09-18,Google Ads,Shopping - Bestsellers,N/A,SKU004,65.04,4220,165,233.21,6
2025-09-19,Google Ads,Shopping - Bestsellers,N/A,SKU001,12.53,963,39,39.72,1
2025-09-20,Google Ads,Shopping - Bestsellers,N/A,SKU006,57.71,4937,265,281.59,7
2025-09-21,Google Ads,Shopping - Bestsellers,N/A,SKU009,31.82,2986,177,97.46,2
2025-09-22,Google Ads,Shopping - Bestsellers,N/A,SKU005,37.69,2613,103,135.74,3
2025-09-23,Google Ads,Shopping - Bestsellers,N/A,SKU003,65.83,4478,153,311.41,7
2025-09-24,Google Ads,Shopping - Bestsellers,N/A,SKU011,37.67,2418,118,123.39,3
2025-09-25,Google Ads,Shopping - Bestsellers,N/A,SKU005,69.08,4776,122,282.53,7
2025-09-26,Google Ads,Shopping - Bestsellers,N/A,SKU007,57.75,4253,165,242.88,6
2025-09-27,Google Ads,Shopping - Bestsellers,N/A,SKU001,9.89,712,18,35.77,1
2025-09-28,Google Ads,Shopping - Bestsellers,N/A,SKU003,56.75,4366,138,292.61,7
2025-09-29,Google Ads,Shopping - Bestsellers,N/A,SKU003,46.99,3052,170,200.86,5
2025-09-30,Google Ads,Shopping - Bestsellers,N/A,SKU001,12.07,791,29,10.31,0
2025-10-01,Google Ads,Shopping - Bestsellers,N/A,SKU001,34.95,2865,77,147.06,4
2025-10-02,Google Ads,Shopping - Bestsellers,N/A,SKU007,50.57,4081,234,165.39,4
2025-10-03,Google Ads,Shopping - Bestsellers,N/A,SKU002,11.88,1272,56,4.34,0
2025-10-04,Google Ads,Shopping - Bestsellers,N/A,SKU006,72.04,7941,242,247.84,6
2025-10-05,Google Ads,Shopping - Bestsellers,N/A,SKU004,14.08,1309,71,6.97,0
2025-10-06,Google Ads,Shopping - Bestsellers,N/A,SKU007,30.26,1942,52,152.42,4
2025-10-07,Google Ads,Shopping - Bestsellers,N/A,SKU003,11.95,968,24,9.88,0
2025-10-08,Google Ads,Shopping - Bestsellers,N/A,SKU004,31.69,2962,130,130.65,3
2025-10-09,Google Ads,Shopping - Bestsellers,N/A,SKU007,11.55,1203,54,37.12,1
2025-10-10,Google Ads,Shopping - Bestsellers,N/A,SKU005,9.34,608,27,3.47,0
2025-10-11,Google Ads,Shopping - Bestsellers,N/A,SKU004,60.78,5459,256,223.45,5
2025-10-12,Google Ads,Shopping - Bestsellers,N/A,SKU001,33.92,2330,88,136.32,3
2025-10-13,Google Ads,Shopping - Bestsellers,N/A,SKU007,20.89,2020,72,96.33,2
2025-10-14,Google Ads,Shopping - Bestsellers,N/A,SKU004,23.19,1579,75,116.54,3
2025-10-15,Google Ads,Shopping - Bestsellers,N/A,SKU002,35.53,3008,119,129.59,3
2025-10-16,Google Ads,Shopping - Bestsellers,N/A,SKU002,58.75,3803,110,215.25,5
2025-10-17,Google Ads,Shopping - Bestsellers,N/A,SKU008,83.11,5770,173,307.65,7
2025-10-18,Google Ads,Shopping - Bestsellers,N/A,SKU011,92.51,6156,325,351.77,8
2025-10-19,Google Ads,Shopping - Bestsellers,N/A,SKU005,41.22,4173,168,189.12,5
2025-10-20,Google Ads,Shopping - Bestsellers,N/A,SKU001,36.81,2545,89,111.31,3
2025-10-21,Google Ads,Shopping - Bestsellers,N/A,SKU003,55.58,6128,217,186.61,4
2025-10-22,Google Ads,Shopping - Bestsellers,N/A,SKU001,58.49,4851,238,203.03,5
2025-10-23,Google Ads,Shopping - Bestsellers,N/A,SKU003,70.67,4430,112,250.42,6
2025-10-24,Google Ads,Shopping - Bestsellers,N/A,SKU004,19.23,1404,41,88.91,2
2025-10-25,Google Ads,Shopping - Bestsellers,N/A,SKU009,123.65,12515,382,438.94,10
2025-10-26,Google Ads,Shopping - Bestsellers,N/A,SKU005,14.56,1167,45,62.69,1
2025-10-27,Google Ads,Shopping - Bestsellers,N/A,SKU004,65.97,6366,191,260.32,6
2025-10-28,Google Ads,Shopping - Bestsellers,N/A,SKU007,8.95,797,46,3.55,0
2025-10-29,Google Ads,Shopping - Bestsellers,N/A,SKU005,14.26,1010,40,7.78,0
2025-10-30,Google Ads,Shopping - Bestsellers,N/A,SKU001,10.42,1064,55,4.28,0
2025-10-31,Google Ads,Shopping - Bestsellers,N/A,SKU004,12.35,867,32,33.14,1
2025-11-01,Google Ads,Shopping - Bestsellers,N/A,SKU011,91.1,8917,379,364.6,9
2025-11-02,Google Ads,Shopping - Bestsellers,N/A,SKU005,69.8,5895,291,263.07,6
2025-11-03,Google Ads,Shopping - Bestsellers,N/A,SKU007,35.0,2375,122,113.43,3
2025-11-04,Google Ads,Shopping - Bestsellers,N/A,SKU003,46.04,3303,134,177.51,4
2025-11-05,Google Ads,Shopping - Bestsellers,N/A,SKU012,35.45,2751,108,129.81,3
2025-11-06,Google Ads,Shopping - Bestsellers,N/A,SKU001,41.98,2963,138,167.51,4
2025-11-07,Google Ads,Shopping - Bestsellers,N/A,SKU006,11.34,883,37,10.57,0
2025-11-08,Google Ads,Shopping - Bestsellers,N/A,SKU008,124.45,11387,501,387.84,9
2025-11-09,Google Ads,Shopping - Bestsellers,N/A,SKU005,23.2,1611,54,109.84,3
2025-11-10,Google Ads,Shopping - Bestsellers,N/A,SKU002,11.52,1165,49,37.75,1
2025-11-11,Google Ads,Shopping - Bestsellers,N/A,SKU008,16.88,1751,66,61.89,1
2025-11-12,Google Ads,Shopping - Bestsellers,N/A,SKU001,19.49,1265,59,58.45,1
2025-11-13,Google Ads,Shopping - Bestsellers,N/A,SKU003,138.75,9522,278,618.89,15
2025-11-14,Google Ads,Shopping - Bestsellers,N/A,SKU005,21.64,1357,38,108.24,3
2025-11-15,Google Ads,Shopping - Bestsellers,N/A,SKU006,13.05,1142,42,67.57,2
2025-11-16,Google Ads,Shopping - Bestsellers,N/A,SKU001,75.37,5031,271,391.45,9
2025-11-17,Google Ads,Shopping - Bestsellers,N/A,SKU010,36.03,3386,159,169.8,4
2025-11-18,Google Ads,Shopping - Bestsellers,N/A,SKU006,29.24,3189,157,99.37,2
2025-11-19,Google Ads,Shopping - Bestsellers,N/A,SKU003,25.63,2454,124,107.29,3
2025-11-20,Google Ads,Shopping - Bestsellers,N/A,SKU003,14.59,1134,55,54.34,1
2025-11-21,Google Ads,Shopping - Bestsellers,N/A,SKU007,30.11,3038,103,158.22,4
2025-11-22,Google Ads,Shopping - Bestsellers,N/A,SKU001,27.15,1840,90,110.45,3
2025-11-23,Google Ads,Shopping - Bestsellers,N/A,SKU012,32.66,3188,127,117.96,3
2025-11-24,Google Ads,Shopping - Bestsellers,N/A,SKU008,11.9,801,26,34.13,1
2025-11-25,Google Ads,Shopping - Bestsellers,N/A,SKU008,43.11,3549,134,138.81,3
2025-11-26,Google Ads,Shopping - Bestsellers,N/A,SKU011,58.64,5423,315,244.39,6
2025-11-27,Google Ads,Shopping - Bestsellers,N/A,SKU012,172.33,15352,521,607.01,14
2025-11-28,Google Ads,Shopping - Bestsellers,N/A,SKU007,191.75,16960,540,831.82,20
2025-11-29,Google Ads,Shopping - Bestsellers,N/A,SKU001,136.35,10963,552,457.27,11
2025-11-30,Google Ads,Shopping - Bestsellers,N/A,SKU010,100.06,6905,408,457.56,11
2025-12-01,Google Ads,Shopping - Bestsellers,N/A,SKU003,221.83,23800,1091,807.49,19
2025-12-02,Google Ads,Shopping - Bestsellers,N/A,SKU008,139.36,8748,233,613.51,15
2025-12-03,Google Ads,Shopping - Bestsellers,N/A,SKU006,13.03,1159,61,66.51,2
2025-12-04,Google Ads,Shopping - Bestsellers,N/A,SKU008,43.47,4083,185,131.14,3
2025-12-05,Google Ads,Shopping - Bestsellers,N/A,SKU010,53.48,3461,190,201.56,5
2025-12-06,Google Ads,Shopping - Bestsellers,N/A,SKU011,64.2,4185,168,234.26,6
2025-12-07,Google Ads,Shopping - Bestsellers,N/A,SKU003,30.62,2566,112,140.69,3
2025-12-08,Google Ads,Shopping - Bestsellers,N/A,SKU010,55.79,3576,98,323.37,8
2025-12-09,Google Ads,Shopping - Bestsellers,N/A,SKU001,22.32,2033,112,88.79,2
2025-12-10,Google Ads,Shopping - Bestsellers,N/A,SKU003,21.31,1413,73,88.23,2
2025-12-11,Google Ads,Shopping - Bestsellers,N/A,SKU007,88.85,7207,284,418.58,10
2025-12-12,Google Ads,Shopping - Bestsellers,N/A,SKU008,72.12,6139,276,269.0,6
2025-12-13,Google Ads,Shopping - Bestsellers,N/A,SKU005,206.24,14933,588,893.18,21
2025-12-14,Google Ads,Shopping - Bestsellers,N/A,SKU005,46.16,3105,141,153.07,4
2025-12-15,Google Ads,Shopping - Bestsellers,N/A,SKU006,205.78,14351,401,859.49,20
2025-12-16,Google Ads,Shopping - Bestsellers,N/A,SKU004,28.61,3011,133,92.82,2
2025-12-17,Google Ads,Shopping - Bestsellers,N/A,SKU001,55.72,4685,176,234.75,6
2025-12-18,Google Ads,Shopping - Bestsellers,N/A,SKU004,65.94,6604,187,218.73,5
2025-12-19,Google Ads,Shopping - Bestsellers,N/A,SKU009,19.2,1756,82,59.43,1
2025-12-20,Google Ads,Shopping - Bestsellers,N/A,SKU004,95.87,6210,189,307.93,7
2025-12-21,Google Ads,Shopping - Bestsellers,N/A,SKU006,62.78,4151,231,192.82,5
2025-12-22,Google Ads,Shopping - Bestsellers,N/A,SKU001,35.2,3335,129,160.39,4
2025-12-23,Google Ads,Shopping - Bestsellers,N/A,SKU002,9.25,638,21,8.95,0
2025-12-24,Google Ads,Shopping - Bestsellers,N/A,SKU003,21.3,1832,68,81.77,2
2025-12-25,Google Ads,Shopping - Bestsellers,N/A,SKU004,11.25,728,25,49.9,1
2025-12-26,Google Ads,Shopping - Bestsellers,N/A,SKU005,68.65,6961,287,297.89,7
2025-12-27,Google Ads,Shopping - Bestsellers,N/A,SKU011,61.26,3834,153,196.84,5
2025-12-28,Google Ads,Shopping - Bestsellers,N/A,SKU010,8.47,717,28,6.86,0
2025-12-29,Google Ads,Shopping - Bestsellers,N/A,SKU010,12.12,868,48,4.6,0
2025-12-30,Google Ads,Shopping - Bestsellers,N/A,SKU005,51.43,4160,131,168.76,4
2025-12-31,Google Ads,Shopping - Bestsellers,N/A,SKU008,8.78,841,49,4.69,0
2026-01-01,Google Ads,Shopping - Bestsellers,N/A,SKU006,39.29,3944,155,168.13,4
2026-01-02,Google Ads,Shopping - Bestsellers,N/A,SKU006,10.27,760,38,5.98,0
2026-01-03,Google Ads,Shopping - Bestsellers,N/A,SKU005,22.41,2023,117,68.01,2
2026-01-04,Google Ads,Shopping - Bestsellers,N/A,SKU001,40.64,3956,137,137.12,3
2026-01-05,Google Ads,Shopping - Bestsellers,N/A,SKU007,88.81,8484,354,291.53,7
2026-01-06,Google Ads,Shopping - Bestsellers,N/A,SKU005,12.48,1129,38,4.31,0
2026-01-07,Google Ads,Shopping - Bestsellers,N/A,SKU003,14.9,959,41,58.43,1
2026-01-08,Google Ads,Shopping - Bestsellers,N/A,SKU010,43.73,3622,125,175.48,4
2026-01-09,Google Ads,Shopping - Bestsellers,N/A,SKU006,63.82,4829,287,306.23,7
2026-01-10,Google Ads,Shopping - Bestsellers,N/A,SKU011,8.61,552,14,6.1,0
2026-01-11,Google Ads,Shopping - Bestsellers,N/A,SKU002,139.78,12342,619,467.06,11
2026-01-12,Google Ads,Shopping - Bestsellers,N/A,SKU009,47.84,4274,147,141.68,3
2026-01-13,Google Ads,Shopping - Bestsellers,N/A,SKU008,11.41,717,39,45.14,1
2026-01-14,Google Ads,Shopping - Bestsellers,N/A,SKU004,9.03,615,32,5.11,0
2026-01-15,Google Ads,Shopping - Bestsellers,N/A,SKU006,12.49,1019,29,60.43,1
2026-01-16,Google Ads,Shopping - Bestsellers,N/A,SKU005,120.15,9276,296,465.16,11
2026-01-17,Google Ads,Shopping - Bestsellers,N/A,SKU003,44.78,3003,160,148.61,4
2026-01-18,Google Ads,Shopping - Bestsellers,N/A,SKU007,22.88,1869,57,117.66,3
2026-01-19,Google Ads,Shopping - Bestsellers,N/A,SKU001,9.34,659,19,36.32,1
2026-01-20,Google Ads,Shopping - Bestsellers,N/A,SKU006,90.29,9052,304,487.39,12
2026-01-21,Google Ads,Shopping - Bestsellers,N/A,SKU003,45.06,4192,131,171.14,4
2026-01-22,Google Ads,Shopping - Bestsellers,N/A,SKU011,73.89,6373,182,251.17,6
2026-01-23,Google Ads,Shopping - Bestsellers,N/A,SKU009,30.73,3251,143,144.56,3
2026-01-24,Google Ads,Shopping - Bestsellers,N/A,SKU001,46.94,3991,122,225.88,5
2026-01-25,Google Ads,Shopping - Bestsellers,N/A,SKU010,24.92,2064,66,80.92,2
2026-01-26,Google Ads,Shopping - Bestsellers,N/A,SKU002,89.21,7041,281,415.08,10
2026-01-27,Google Ads,Shopping - Bestsellers,N/A,SKU009,12.07,1028,49,53.68,1
2026-01-28,Google Ads,Shopping - Bestsellers,N/A,SKU006,23.66,1549,91,107.56,3
2026-01-29,Google Ads,Shopping - Bestsellers,N/A,SKU002,76.7,7696,336,246.96,6
2026-01-30,Google Ads,Shopping - Bestsellers,N/A,SKU008,12.42,1040,33,8.45,0
2026-01-31,Google Ads,Shopping - Bestsellers,N/A,SKU003,90.8,5830,229,273.06,7
2026-02-01,Google Ads,Shopping - Bestsellers,N/A,SKU001,27.34,2289,113,97.77,2
2026-02-02,Google Ads,Shopping - Bestsellers,N/A,SKU007,12.64,1071,41,53.63,1
2026-02-03,Google Ads,Shopping - Bestsellers,N/A,SKU001,56.56,4997,177,189.55,5
2026-02-04,Google Ads,Shopping - Bestsellers,N/A,SKU003,31.95,3101,114,102.71,2
2026-02-05,Google Ads,Shopping - Bestsellers,N/A,SKU001,98.05,6701,219,342.77,8
2026-02-06,Google Ads,Shopping - Bestsellers,N/A,SKU010,25.56,1826,78,118.5,3
2026-02-07,Google Ads,Shopping - Bestsellers,N/A,SKU008,47.75,3807,152,241.11,6
2026-02-08,Google Ads,Shopping - Bestsellers,N/A,SKU007,30.04,2463,70,116.81,3
2026-02-09,Google Ads,Shopping - Bestsellers,N/A,SKU006,225.45,18057,759,672.2,16
2026-02-10,Google Ads,Shopping - Bestsellers,N/A,SKU006,12.97,1267,61,4.8,0
2026-02-11,Google Ads,Shopping - Bestsellers,N/A,SKU006,10.49,802,21,4.11,0
2026-02-12,Google Ads,Shopping - Bestsellers,N/A,SKU005,8.78,905,43,36.61,1
2026-02-13,Google Ads,Shopping - Bestsellers,N/A,SKU012,128.2,9528,384,428.92,10
2026-02-14,Google Ads,Shopping - Bestsellers,N/A,SKU006,35.74,2410,139,122.29,3
2026-02-15,Google Ads,Shopping - Bestsellers,N/A,SKU007,47.42,3227,181,183.71,4
2026-02-16,Google Ads,Shopping - Bestsellers,N/A,SKU008,12.64,903,27,31.78,1
2026-02-17,Google Ads,Shopping - Bestsellers,N/A,SKU001,112.84,7564,258,393.37,9
2026-02-18,Google Ads,Shopping - Bestsellers,N/A,SKU003,83.16,7632,405,314.89,7
2026-02-19,Google Ads,Shopping - Bestsellers,N/A,SKU010,43.18,3759,153,155.76,4
2026-02-20,Google Ads,Shopping - Bestsellers,N/A,SKU004,180.61,13767,457,607.41,14
2026-02-21,Google Ads,Shopping - Bestsellers,N/A,SKU010,29.36,2555,141,106.79,3
2026-02-22,Google Ads,Shopping - Bestsellers,N/A,SKU003,16.62,1419,79,55.79,1
2026-02-23,Google Ads,Shopping - Bestsellers,N/A,SKU008,24.47,1589,92,96.7,2
2026-02-24,Google Ads,Shopping - Bestsellers,N/A,SKU006,27.45,2650,135,90.95,2
2026-02-25,Google Ads,Shopping - Bestsellers,N/A,SKU010,58.97,4377,207,242.24,6
2026-02-26,Google Ads,Shopping - Bestsellers,N/A,SKU003,9.84,1050,36,4.75,0
2026-02-27,Google Ads,Shopping - Bestsellers,N/A,SKU004,14.24,1310,46,37.45,1
2026-02-28,Google Ads,Shopping - Bestsellers,N/A,SKU003,136.5,13207,494,413.56,10
2026-03-01,Google Ads,Shopping - Bestsellers,N/A,SKU001,13.3,1428,41,70.0,2
2026-03-02,Google Ads,Shopping - Bestsellers,N/A,SKU010,33.79,2607,75,103.72,2
2026-03-03,Google Ads,Shopping - Bestsellers,N/A,SKU007,8.71,802,23,42.49,1
2026-03-04,Google Ads,Shopping - Bestsellers,N/A,SKU005,38.47,3411,124,184.13,4
2026-03-05,Google Ads,Shopping - Bestsellers,N/A,SKU010,61.04,4514,211,189.86,5
2026-03-06,Google Ads,Shopping - Bestsellers,N/A,SKU004,18.2,1406,84,79.64,2
2026-03-07,Google Ads,Shopping - Bestsellers,N/A,SKU005,45.73,3155,135,219.74,5
2026-03-08,Google Ads,Shopping - Bestsellers,N/A,SKU005,27.89,2570,97,114.96,3
2026-03-09,Google Ads,Shopping - Bestsellers,N/A,SKU004,26.86,2882,122,130.22,3
2026-03-10,Google Ads,Shopping - Bestsellers,N/A,SKU010,22.27,1744,92,112.54,3
2026-03-11,Google Ads,Shopping - Bestsellers,N/A,SKU001,32.63,2869,116,131.55,3
2026-03-12,Google Ads,Shopping - Bestsellers,N/A,SKU002,14.99,1097,48,60.27,1
2026-03-13,Google Ads,Shopping - Bestsellers,N/A,SKU007,137.43,13754,453,411.67,10
2026-03-14,Google Ads,Shopping - Bestsellers,N/A,SKU004,45.5,3188,121,160.57,4
2026-03-15,Google Ads,Shopping - Bestsellers,N/A,SKU003,8.63,821,43,6.18,0
2026-03-16,Google Ads,Shopping - Bestsellers,N/A,SKU006,37.94,3153,142,194.87,5
2026-03-17,Google Ads,Shopping - Bestsellers,N/A,SKU001,137.81,14312,542,448.81,11
2026-03-18,Google Ads,Shopping - Bestsellers,N/A,SKU001,17.23,1414,42,53.51,1
2026-03-19,Google Ads,Shopping - Bestsellers,N/A,SKU005,12.48,1023,27,54.73,1
2026-03-20,Google Ads,Shopping - Bestsellers,N/A,SKU001,32.2,2912,136,133.55,3
2026-03-21,Google Ads,Shopping - Bestsellers,N/A,SKU006,211.9,19078,631,918.57,22
2026-03-22,Google Ads,Shopping - Bestsellers,N/A,SKU002,10.3,743,25,51.53,1
2026-03-23,Google Ads,Shopping - Bestsellers,N/A,SKU010,10.26,899,50,4.61,0
2026-03-24,Google Ads,Shopping - Bestsellers,N/A,SKU005,17.93,1616,93,82.5,2
2026-03-25,Google Ads,Shopping - Bestsellers,N/A,SKU007,17.65,1541,56,79.32,2
2026-03-26,Google Ads,Shopping - Bestsellers,N/A,SKU001,13.8,1188,40,36.82,1
2026-03-27,Google Ads,Shopping - Bestsellers,N/A,SKU002,32.64,2272,91,129.88,3
2026-03-28,Google Ads,Shopping - Bestsellers,N/A,SKU001,165.92,18021,750,777.83,19
2026-03-29,Google Ads,Shopping - Bestsellers,N/A,SKU002,88.57,5583,228,392.09,9
2026-03-30,Google Ads,Shopping - Bestsellers,N/A,SKU012,34.62,3189,150,113.58,3
2026-03-31,Google Ads,Shopping - Bestsellers,N/A,SKU001,60.83,4874,134,250.99,6
2026-04-01,Google Ads,Shopping - Bestsellers,N/A,SKU007,17.05,1654,63,61.94,1
2026-04-02,Google Ads,Shopping - Bestsellers,N/A,SKU011,11.38,995,49,40.69,1
2026-04-03,Google Ads,Shopping - Bestsellers,N/A,SKU001,29.84,2710,137,129.37,3
2026-04-04,Google Ads,Shopping - Bestsellers,N/A,SKU001,21.85,1632,78,64.16,2
2026-04-05,Google Ads,Shopping - Bestsellers,N/A,SKU007,23.79,1799,71,103.63,2
2026-04-06,Google Ads,Shopping - Bestsellers,N/A,SKU010,22.49,2428,78,109.26,3
2026-04-07,Google Ads,Shopping - Bestsellers,N/A,SKU012,21.45,1697,90,71.47,2
2026-04-08,Google Ads,Shopping - Bestsellers,N/A,SKU004,49.81,3176,159,167.1,4
2026-04-09,Google Ads,Shopping - Bestsellers,N/A,SKU011,12.06,763,22,54.03,1
2026-04-10,Google Ads,Shopping - Bestsellers,N/A,SKU007,22.4,2305,104,111.42,3
2026-04-11,Google Ads,Shopping - Bestsellers,N/A,SKU003,22.11,2177,83,89.6,2
2026-04-12,Google Ads,Shopping - Bestsellers,N/A,SKU004,19.46,1740,50,90.59,2
2026-04-13,Google Ads,Shopping - Bestsellers,N/A,SKU005,35.69,2556,123,126.2,3
2026-04-14,Google Ads,Shopping - Bestsellers,N/A,SKU012,22.09,1996,101,106.49,3
2026-04-15,Google Ads,Shopping - Bestsellers,N/A,SKU007,15.63,1378,66,49.68,1
2026-04-16,Google Ads,Shopping - Bestsellers,N/A,SKU002,29.03,3220,156,134.06,3
2026-04-17,Google Ads,Shopping - Bestsellers,N/A,SKU002,53.2,3735,114,205.23,5
2026-04-18,Google Ads,Shopping - Bestsellers,N/A,SKU008,10.6,907,37,53.09,1
2026-04-19,Google Ads,Shopping - Bestsellers,N/A,SKU001,54.23,4495,142,240.37,6
2026-04-20,Google Ads,Shopping - Bestsellers,N/A,SKU003,40.97,2829,75,144.89,3
2026-04-21,Google Ads,Shopping - Bestsellers,N/A,SKU009,15.47,1107,41,67.4,2
2026-04-22,Google Ads,Shopping - Bestsellers,N/A,SKU009,143.14,9527,380,552.35,13
2026-04-23,Google Ads,Shopping - Bestsellers,N/A,SKU003,85.31,5919,225,283.77,7
2026-04-24,Google Ads,Shopping - Bestsellers,N/A,SKU012,36.74,2627,81,133.49,3
2026-04-25,Google Ads,Shopping - Bestsellers,N/A,SKU005,33.79,2415,95,146.33,3
2026-04-26,Google Ads,Shopping - Bestsellers,N/A,SKU006,54.86,5342,149,250.46,6
2026-04-27,Google Ads,Shopping - Bestsellers,N/A,SKU001,74.73,6710,318,283.76,7
2026-04-28,Google Ads,Shopping - Bestsellers,N/A,SKU011,11.3,863,26,5.49,0
2026-04-29,Google Ads,Shopping - Bestsellers,N/A,SKU003,93.95,6877,363,407.87,10
2026-04-30,Google Ads,Shopping - Bestsellers,N/A,SKU008,13.97,986,31,48.96,1
2026-05-01,Google Ads,Shopping - Bestsellers,N/A,SKU008,130.6,9176,440,503.13,12
2026-05-02,Google Ads,Shopping - Bestsellers,N/A,SKU005,13.3,1233,44,11.59,0
2026-05-03,Google Ads,Shopping - Bestsellers,N/A,SKU012,25.35,1674,93,113.75,3
2026-05-04,Google Ads,Shopping - Bestsellers,N/A,SKU005,12.43,1049,32,13.21,0
2026-05-05,Google Ads,Shopping - Bestsellers,N/A,SKU002,102.76,8438,228,361.49,9
2026-05-06,Google Ads,Shopping - Bestsellers,N/A,SKU001,48.52,3059,173,214.64,5
2026-05-07,Google Ads,Shopping - Bestsellers,N/A,SKU005,51.34,4799,261,271.09,6
2026-05-08,Google Ads,Shopping - Bestsellers,N/A,SKU003,117.31,11834,342,411.21,10
2026-05-09,Google Ads,Shopping - Bestsellers,N/A,SKU011,55.13,5204,269,235.61,6
2026-05-10,Google Ads,Shopping - Bestsellers,N/A,SKU007,35.01,2407,114,110.66,3
2026-05-11,Google Ads,Shopping - Bestsellers,N/A,SKU007,73.99,8114,438,244.99,6
2026-05-12,Google Ads,Shopping - Bestsellers,N/A,SKU003,23.65,1493,74,105.88,3
2026-05-13,Google Ads,Shopping - Bestsellers,N/A,SKU006,58.1,4496,181,256.77,6
2026-05-14,Google Ads,Shopping - Bestsellers,N/A,SKU003,95.44,6721,389,307.1,7
2026-05-15,Google Ads,Shopping - Bestsellers,N/A,SKU011,39.46,3791,140,182.72,4
2026-05-16,Google Ads,Shopping - Bestsellers,N/A,SKU002,14.81,1189,64,62.11,1
2026-05-17,Google Ads,Shopping - Bestsellers,N/A,SKU007,44.82,4762,224,224.56,5
2026-05-18,Google Ads,Shopping - Bestsellers,N/A,SKU006,16.2,1039,50,68.59,2
2026-05-19,Google Ads,Shopping - Bestsellers,N/A,SKU001,99.53,8448,340,467.06,11
2026-05-20,Google Ads,Shopping - Bestsellers,N/A,SKU009,40.02,3150,140,188.13,4
2026-05-21,Google Ads,Shopping - Bestsellers,N/A,SKU009,22.55,1624,61,97.55,2
2026-05-22,Google Ads,Shopping - Bestsellers,N/A,SKU010,21.48,1583,70,90.43,2
2026-05-23,Google Ads,Shopping - Bestsellers,N/A,SKU009,44.68,3399,130,163.52,4
2026-05-24,Google Ads,Shopping - Bestsellers,N/A,SKU005,30.58,2522,112,128.71,3
2026-05-25,Google Ads,Shopping - Bestsellers,N/A,SKU009,9.31,583,16,38.11,1
2026-05-26,Google Ads,Shopping - Bestsellers,N/A,SKU003,22.65,1908,110,115.03,3
2026-05-27,Google Ads,Shopping - Bestsellers,N/A,SKU008,47.58,3018,135,220.77,5
2026-05-28,Google Ads,Shopping - Bestsellers,N/A,SKU008,13.51,959,34,48.75,1
2026-05-29,Google Ads,Shopping - Bestsellers,N/A,SKU009,51.79,3747,186,206.35,5
2026-05-30,Google Ads,Shopping - Bestsellers,N/A,SKU005,67.78,4907,289,323.07,8
2026-05-31,Google Ads,Shopping - Bestsellers,N/A,SKU004,51.4,4494,247,192.13,5
2026-06-01,Google Ads,Shopping - Bestsellers,N/A,SKU003,58.49,4503,146,223.07,5
2026-06-02,Google Ads,Shopping - Bestsellers,N/A,SKU005,74.79,5009,271,310.4,7
2026-06-03,Google Ads,Shopping - Bestsellers,N/A,SKU002,49.11,3442,154,153.39,4
2026-06-04,Google Ads,Shopping - Bestsellers,N/A,SKU003,36.16,2961,129,183.28,4
2026-06-05,Google Ads,Shopping - Bestsellers,N/A,SKU005,49.25,3343,129,200.86,5
2026-06-06,Google Ads,Shopping - Bestsellers,N/A,SKU001,66.64,5701,324,224.1,5
2026-06-07,Google Ads,Shopping - Bestsellers,N/A,SKU007,50.3,4716,129,221.25,5
2026-06-08,Google Ads,Shopping - Bestsellers,N/A,SKU009,86.87,5616,147,357.86,9
2026-06-09,Google Ads,Shopping - Bestsellers,N/A,SKU002,27.84,2805,133,86.67,2
2026-06-10,Google Ads,Shopping - Bestsellers,N/A,SKU001,107.09,10597,339,426.54,10
2026-06-11,Google Ads,Shopping - Bestsellers,N/A,SKU007,26.26,1908,80,125.0,3
2026-06-12,Google Ads,Shopping - Bestsellers,N/A,SKU002,9.68,816,34,4.31,0
2026-06-13,Google Ads,Shopping - Bestsellers,N/A,SKU002,12.03,867,36,33.91,1
2026-06-14,Google Ads,Shopping - Bestsellers,N/A,SKU005,84.62,8766,483,317.59,8
2026-06-15,Google Ads,Shopping - Bestsellers,N/A,SKU006,49.6,4729,178,220.56,5
2026-06-16,Google Ads,Shopping - Bestsellers,N/A,SKU011,10.95,862,48,40.68,1
2026-06-17,Google Ads,Shopping - Bestsellers,N/A,SKU011,39.74,3588,141,183.47,4
2026-06-18,Google Ads,Shopping - Bestsellers,N/A,SKU005,55.79,6183,256,186.02,4
2026-06-19,Google Ads,Shopping - Bestsellers,N/A,SKU003,14.58,1051,33,45.11,1
2026-06-20,Google Ads,Shopping - Bestsellers,N/A,SKU004,51.45,5157,134,241.7,6
2026-06-21,Google Ads,Shopping - Bestsellers,N/A,SKU010,22.7,1784,97,116.94,3
2026-06-22,Google Ads,Shopping - Bestsellers,N/A,SKU003,10.75,792,28,43.24,1
2026-06-23,Google Ads,Shopping - Bestsellers,N/A,SKU001,146.02,12686,641,694.55,17
2026-06-24,Google Ads,Shopping - Bestsellers,N/A,SKU001,8.82,573,27,5.65,0
2026-06-25,Google Ads,Shopping - Bestsellers,N/A,SKU011,54.68,5260,243,167.37,4
2026-06-26,Google Ads,Shopping - Bestsellers,N/A,SKU006,34.38,2486,100,136.38,3
2026-06-27,Google Ads,Shopping - Bestsellers,N/A,SKU005,29.06,2621,117,118.85,3
2026-06-28,Google Ads,Shopping - Bestsellers,N/A,SKU004,11.2,1154,47,7.92,0
2026-06-29,Google Ads,Shopping - Bestsellers,N/A,SKU012,106.63,6814,324,325.0,8
2026-06-30,Google Ads,Shopping - Bestsellers,N/A,SKU001,129.06,8805,511,434.96,10
2026-07-01,Google Ads,Shopping - Bestsellers,N/A,SKU004,95.35,8480,255,421.65,10
2026-07-02,Google Ads,Shopping - Bestsellers,N/A,SKU006,73.0,5681,219,248.09,6
2026-07-03,Google Ads,Shopping - Bestsellers,N/A,SKU006,95.21,9490,402,371.69,9
2026-07-04,Google Ads,Shopping - Bestsellers,N/A,SKU006,20.03,1772,59,66.67,2
2026-07-05,Google Ads,Shopping - Bestsellers,N/A,SKU003,9.33,838,41,6.97,0
2026-07-06,Google Ads,Shopping - Bestsellers,N/A,SKU003,11.71,749,20,4.26,0
2026-07-07,Google Ads,Shopping - Bestsellers,N/A,SKU003,33.02,3483,130,175.74,4
2026-07-08,Google Ads,Shopping - Bestsellers,N/A,SKU010,17.4,1281,51,69.2,2
2026-07-09,Google Ads,Shopping - Bestsellers,N/A,SKU003,107.73,6777,320,395.78,9
2026-07-10,Google Ads,Shopping - Bestsellers,N/A,SKU001,62.6,6564,346,255.49,6
2026-07-11,Google Ads,Shopping - Bestsellers,N/A,SKU008,13.93,1034,40,56.89,1
2026-07-12,Google Ads,Shopping - Bestsellers,N/A,SKU011,11.91,1181,56,9.81,0
2026-07-13,Google Ads,Shopping - Bestsellers,N/A,SKU001,94.8,7854,298,440.55,10
2026-07-14,Google Ads,Shopping - Bestsellers,N/A,SKU008,8.83,900,34,3.78,0
2026-07-15,Google Ads,Shopping - Bestsellers,N/A,SKU001,24.24,1637,76,113.66,3
2026-07-16,Google Ads,Shopping - Bestsellers,N/A,SKU005,10.63,1062,50,9.03,0
2026-07-17,Google Ads,Shopping - Bestsellers,N/A,SKU002,17.13,1549,80,69.89,2
2026-07-18,Google Ads,Shopping - Bestsellers,N/A,SKU010,120.47,7839,226,449.51,11
2026-07-19,Google Ads,Shopping - Bestsellers,N/A,SKU005,104.59,10273,418,457.59,11
2026-07-20,Google Ads,Shopping - Bestsellers,N/A,SKU002,11.9,886,39,53.42,1
2026-07-21,Google Ads,Shopping - Bestsellers,N/A,SKU008,19.18,1545,83,66.02,2
2026-07-22,Google Ads,Shopping - Bestsellers,N/A,SKU010,29.77,2202,97,99.37,2
2026-07-23,Google Ads,Shopping - Bestsellers,N/A,SKU003,93.61,7391,327,325.55,8
2026-07-24,Google Ads,Shopping - Bestsellers,N/A,SKU012,46.98,3652,127,186.28,4
2026-07-25,Google Ads,Shopping - Bestsellers,N/A,SKU010,22.57,1766,105,95.59,2
2026-07-26,Google Ads,Shopping - Bestsellers,N/A,SKU003,20.42,1684,97,106.1,3
2026-07-27,Google Ads,Shopping - Bestsellers,N/A,SKU002,36.05,2538,105,156.42,4
2026-07-28,Google Ads,Shopping - Bestsellers,N/A,SKU006,38.05,4181,170,187.12,4
2026-07-29,Google Ads,Shopping - Bestsellers,N/A,SKU001,33.01,3127,157,162.2,4
2026-07-30,Google Ads,Shopping - Bestsellers,N/A,SKU010,12.29,1285,33,33.23,1
2026-07-31,Google Ads,Shopping - Bestsellers,N/A,SKU004,9.77,888,49,5.11,0
2026-08-01,Google Ads,Shopping - Bestsellers,N/A,SKU007,8.54,771,28,4.65,0
2026-08-02,Google Ads,Shopping - Bestsellers,N/A,SKU001,30.48,2420,95,134.5,3
2026-08-03,Google Ads,Shopping - Bestsellers,N/A,SKU008,9.73,770,31,3.44,0
2026-08-04,Google Ads,Shopping - Bestsellers,N/A,SKU001,58.24,3716,110,208.63,5
2026-08-05,Google Ads,Shopping - Bestsellers,N/A,SKU004,10.46,908,27,4.68,0
2026-08-06,Google Ads,Shopping - Bestsellers,N/A,SKU005,32.65,3333,182,95.24,2
2026-08-07,Google Ads,Shopping - Bestsellers,N/A,SKU001,47.98,3133,89,244.4,6
2026-08-08,Google Ads,Shopping - Bestsellers,N/A,SKU007,33.71,3420,133,115.53,3
2026-08-09,Google Ads,Shopping - Bestsellers,N/A,SKU002,57.1,4958,190,169.18,4
2026-08-10,Google Ads,Shopping - Bestsellers,N/A,SKU009,9.49,665,28,4.35,0
2026-08-11,Google Ads,Shopping - Bestsellers,N/A,SKU010,51.64,3408,129,218.55,5
2026-08-12,Google Ads,Shopping - Bestsellers,N/A,SKU009,12.65,991,44,9.82,0
2026-08-13,Google Ads,Shopping - Bestsellers,N/A,SKU002,24.59,2190,129,124.39,3
2026-08-14,Google Ads,Shopping - Bestsellers,N/A,SKU006,93.27,8469,271,409.21,10
2026-08-15,Google Ads,Shopping - Bestsellers,N/A,SKU006,10.08,696,27,8.82,0
2026-08-16,Google Ads,Shopping - Bestsellers,N/A,SKU009,39.03,3717,157,181.28,4
2026-08-17,Google Ads,Shopping - Bestsellers,N/A,SKU003,22.35,2012,67,108.78,3
2026-08-18,Google Ads,Shopping - Bestsellers,N/A,SKU002,14.23,1314,62,67.8,2
2026-08-19,Google Ads,Shopping - Bestsellers,N/A,SKU012,16.84,1361,38,67.89,2
2026-08-20,Google Ads,Shopping - Bestsellers,N/A,SKU002,67.66,6522,334,293.77,7
2026-08-21,Google Ads,Shopping - Bestsellers,N/A,SKU002,28.2,1821,75,113.94,3
2026-08-22,Google Ads,Shopping - Bestsellers,N/A,SKU006,32.03,2417,78,109.44,3
2026-08-23,Google Ads,Shopping - Bestsellers,N/A,SKU005,96.34,6735,257,459.95,11
2026-08-24,Google Ads,Shopping - Bestsellers,N/A,SKU003,11.41,1062,29,45.59,1
2026-08-25,Google Ads,Shopping - Bestsellers,N/A,SKU005,13.83,883,28,36.18,1
2026-08-26,Google Ads,Shopping - Bestsellers,N/A,SKU008,14.52,1512,87,7.43,0
2026-08-27,Google Ads,Shopping - Bestsellers,N/A,SKU003,13.41,1040,29,10.29,0
2026-08-28,Google Ads,Shopping - Bestsellers,N/A,SKU006,25.97,2546,97,123.85,3
2026-08-29,Google Ads,Shopping - Bestsellers,N/A,SKU010,31.89,2558,88,130.56,3
2026-08-30,Google Ads,Shopping - Bestsellers,N/A,SKU006,61.95,6373,250,201.46,5
2026-08-31,Google Ads,Shopping - Bestsellers,N/A,SKU003,31.56,2701,96,115.29,3
2026-09-01,Google Ads,Shopping - Bestsellers,N/A,SKU002,33.87,2985,159,148.35,4
2026-09-02,Google Ads,Shopping - Bestsellers,N/A,SKU009,89.3,8674,260,442.18,11
2026-09-03,Google Ads,Shopping - Bestsellers,N/A,SKU011,41.2,4228,137,145.63,3
2026-09-04,Google Ads,Shopping - Bestsellers,N/A,SKU011,190.84,18014,899,698.63,17
2026-09-05,Google Ads,Shopping - Bestsellers,N/A,SKU001,63.82,4464,161,249.38,6
2026-09-06,Google Ads,Shopping - Bestsellers,N/A,SKU001,32.91,2815,149,101.15,2
2026-09-07,Google Ads,Shopping - Bestsellers,N/A,SKU010,11.83,1101,58,8.55,0
2026-09-08,Google Ads,Shopping - Bestsellers,N/A,SKU001,55.41,3870,200,282.13,7
2026-09-09,Google Ads,Shopping - Bestsellers,N/A,SKU009,13.29,1286,46,11.87,0
2026-09-10,Google Ads,Shopping - Bestsellers,N/A,SKU007,156.72,16032,401,507.8,12
2026-09-11,Google Ads,Shopping - Bestsellers,N/A,SKU008,59.93,4713,200,206.91,5
2026-09-12,Google Ads,Shopping - Bestsellers,N/A,SKU008,47.01,3193,134,158.54,4
2026-09-13,Google Ads,Shopping - Bestsellers,N/A,SKU009,27.77,2088,105,103.69,2
2025-09-14,Google Ads,PMax - Skincare Prospecting,N/A,SKU005,64.72,4475,187,169.05,4
2025-09-15,Google Ads,PMax - Skincare Prospecting,N/A,SKU002,13.04,1117,60,8.41,0
2025-09-16,Google Ads,PMax - Skincare Prospecting,N/A,SKU010,19.4,1223,37,46.22,1
2025-09-17,Google Ads,PMax - Skincare Prospecting,N/A,SKU003,65.58,5418,318,182.36,4
2025-09-18,Google Ads,PMax - Skincare Prospecting,N/A,SKU005,206.89,19009,953,451.63,11
2025-09-19,Google Ads,PMax - Skincare Prospecting,N/A,SKU003,106.52,6882,345,251.93,6
2025-09-20,Google Ads,PMax - Skincare Prospecting,N/A,SKU012,69.54,6334,340,209.36,5
2025-09-21,Google Ads,PMax - Skincare Prospecting,N/A,SKU008,17.5,1286,35,60.69,1
2025-09-22,Google Ads,PMax - Skincare Prospecting,N/A,SKU011,14.95,949,23,34.07,1
2025-09-23,Google Ads,PMax - Skincare Prospecting,N/A,SKU002,11.67,987,43,33.78,1
2025-09-24,Google Ads,PMax - Skincare Prospecting,N/A,SKU005,102.58,6915,222,260.26,6
2025-09-25,Google Ads,PMax - Skincare Prospecting,N/A,SKU004,10.77,1068,29,39.31,1
2025-09-26,Google Ads,PMax - Skincare Prospecting,N/A,SKU001,115.0,10837,325,289.33,7
2025-09-27,Google Ads,PMax - Skincare Prospecting,N/A,SKU004,23.48,2372,120,64.61,2
2025-09-28,Google Ads,PMax - Skincare Prospecting,N/A,SKU011,28.04,1815,74,63.3,2
2025-09-29,Google Ads,PMax - Skincare Prospecting,N/A,SKU007,14.31,1249,51,11.48,0
2025-09-30,Google Ads,PMax - Skincare Prospecting,N/A,SKU004,12.45,1113,47,5.39,0
2025-10-01,Google Ads,PMax - Skincare Prospecting,N/A,SKU005,236.85,16676,956,522.29,12
2025-10-02,Google Ads,PMax - Skincare Prospecting,N/A,SKU010,187.28,13551,713,487.76,12
2025-10-03,Google Ads,PMax - Skincare Prospecting,N/A,SKU002,28.57,1825,66,84.48,2
2025-10-04,Google Ads,PMax - Skincare Prospecting,N/A,SKU006,51.65,4672,279,143.14,3
2025-10-05,Google Ads,PMax - Skincare Prospecting,N/A,SKU006,14.32,902,49,5.84,0
2025-10-06,Google Ads,PMax - Skincare Prospecting,N/A,SKU003,9.7,633,28,8.35,0
2025-10-07,Google Ads,PMax - Skincare Prospecting,N/A,SKU007,23.34,1914,67,51.27,1
2025-10-08,Google Ads,PMax - Skincare Prospecting,N/A,SKU008,21.82,2165,78,48.08,1
2025-10-09,Google Ads,PMax - Skincare Prospecting,N/A,SKU005,19.75,1984,88,42.65,1
2025-10-10,Google Ads,PMax - Skincare Prospecting,N/A,SKU002,30.1,2116,82,95.1,2
2025-10-11,Google Ads,PMax - Skincare Prospecting,N/A,SKU012,11.18,738,33,9.33,0
2025-10-12,Google Ads,PMax - Skincare Prospecting,N/A,SKU001,29.51,2025,62,73.9,2
2025-10-13,Google Ads,PMax - Skincare Prospecting,N/A,SKU003,11.47,1149,61,12.23,0
2025-10-14,Google Ads,PMax - Skincare Prospecting,N/A,SKU002,39.38,3925,176,94.36,2
2025-10-15,Google Ads,PMax - Skincare Prospecting,N/A,SKU003,12.25,1001,42,8.73,0
2025-10-16,Google Ads,PMax - Skincare Prospecting,N/A,SKU006,11.81,1284,52,12.76,0
2025-10-17,Google Ads,PMax - Skincare Prospecting,N/A,SKU004,78.39,7690,312,160.63,4
2025-10-18,Google Ads,PMax - Skincare Prospecting,N/A,SKU006,179.99,14529,691,380.95,9
2025-10-19,Google Ads,PMax - Skincare Prospecting,N/A,SKU008,16.62,1498,59,40.8,1
2025-10-20,Google Ads,PMax - Skincare Prospecting,N/A,SKU001,99.17,8139,351,267.48,6
2025-10-21,Google Ads,PMax - Skincare Prospecting,N/A,SKU006,11.89,756,24,7.92,0
2025-10-22,Google Ads,PMax - Skincare Prospecting,N/A,SKU004,71.12,5708,270,200.2,5
2025-10-23,Google Ads,PMax - Skincare Prospecting,N/A,SKU005,54.59,3575,107,125.01,3
2025-10-24,Google Ads,PMax - Skincare Prospecting,N/A,SKU002,40.9,2686,100,124.84,3
2025-10-25,Google Ads,PMax - Skincare Prospecting,N/A,SKU008,219.29,16408,950,571.82,14
2025-10-26,Google Ads,PMax - Skincare Prospecting,N/A,SKU009,20.99,1550,53,61.79,1
2025-10-27,Google Ads,PMax - Skincare Prospecting,N/A,SKU003,31.66,3085,99,71.24,2
2025-10-28,Google Ads,PMax - Skincare Prospecting,N/A,SKU006,12.89,1385,70,4.78,0
2025-10-29,Google Ads,PMax - Skincare Prospecting,N/A,SKU007,49.97,3387,123,101.19,2
2025-10-30,Google Ads,PMax - Skincare Prospecting,N/A,SKU001,11.26,758,27,30.2,1
2025-10-31,Google Ads,PMax - Skincare Prospecting,N/A,SKU011,37.63,3931,167,125.72,3
2025-11-01,Google Ads,PMax - Skincare Prospecting,N/A,SKU002,83.23,7588,315,186.4,4
2025-11-02,Google Ads,PMax - Skincare Prospecting,N/A,SKU005,60.34,5707,335,203.41,5
2025-11-03,Google Ads,PMax - Skincare Prospecting,N/A,SKU002,11.19,1061,57,5.58,0
2025-11-04,Google Ads,PMax - Skincare Prospecting,N/A,SKU004,20.14,1325,41,46.9,1
2025-11-05,Google Ads,PMax - Skincare Prospecting,N/A,SKU010,66.49,5340,203,189.51,5
2025-11-06,Google Ads,PMax - Skincare Prospecting,N/A,SKU003,35.98,2922,159,81.78,2
2025-11-07,Google Ads,PMax - Skincare Prospecting,N/A,SKU008,245.03,15670,707,652.12,16
2025-11-08,Google Ads,PMax - Skincare Prospecting,N/A,SKU011,54.23,5494,301,139.6,3
2025-11-09,Google Ads,PMax - Skincare Prospecting,N/A,SKU008,119.81,7838,340,330.81,8
2025-11-10,Google Ads,PMax - Skincare Prospecting,N/A,SKU012,10.85,853,50,11.16,0
2025-11-11,Google Ads,PMax - Skincare Prospecting,N/A,SKU004,12.55,879,35,9.49,0
2025-11-12,Google Ads,PMax - Skincare Prospecting,N/A,SKU005,77.48,6240,215,174.9,4
2025-11-13,Google Ads,PMax - Skincare Prospecting,N/A,SKU004,59.99,4954,284,163.82,4
2025-11-14,Google Ads,PMax - Skincare Prospecting,N/A,SKU004,17.82,1571,79,66.56,2
2025-11-15,Google Ads,PMax - Skincare Prospecting,N/A,SKU003,12.42,875,33,6.24,0
2025-11-16,Google Ads,PMax - Skincare Prospecting,N/A,SKU003,71.94,5079,291,165.59,4
2025-11-17,Google Ads,PMax - Skincare Prospecting,N/A,SKU001,70.95,7035,325,186.91,4
2025-11-18,Google Ads,PMax - Skincare Prospecting,N/A,SKU003,89.81,8586,231,226.77,5
2025-11-19,Google Ads,PMax - Skincare Prospecting,N/A,SKU003,18.81,1594,92,40.85,1
2025-11-20,Google Ads,PMax - Skincare Prospecting,N/A,SKU006,22.73,1561,81,68.48,2
2025-11-21,Google Ads,PMax - Skincare Prospecting,N/A,SKU011,47.41,4933,146,112.26,3
2025-11-22,Google Ads,PMax - Skincare Prospecting,N/A,SKU003,30.91,2857,111,84.48,2
2025-11-23,Google Ads,PMax - Skincare Prospecting,N/A,SKU003,71.9,5742,244,213.01,5
2025-11-24,Google Ads,PMax - Skincare Prospecting,N/A,SKU005,48.0,4603,268,128.59,3
2025-11-25,Google Ads,PMax - Skincare Prospecting,N/A,SKU010,119.56,9533,546,272.26,6
2025-11-26,Google Ads,PMax - Skincare Prospecting,N/A,SKU009,185.02,19975,1005,473.1,11
2025-11-27,Google Ads,PMax - Skincare Prospecting,N/A,SKU001,55.96,4789,259,145.33,3
2025-11-28,Google Ads,PMax - Skincare Prospecting,N/A,SKU003,185.66,17754,839,588.57,14
2025-11-29,Google Ads,PMax - Skincare Prospecting,N/A,SKU012,262.12,16828,420,845.89,20
2025-11-30,Google Ads,PMax - Skincare Prospecting,N/A,SKU006,122.48,9519,478,284.78,7
2025-12-01,Google Ads,PMax - Skincare Prospecting,N/A,SKU003,109.02,8952,486,258.5,6
2025-12-02,Google Ads,PMax - Skincare Prospecting,N/A,SKU004,273.18,24485,948,809.31,19
2025-12-03,Google Ads,PMax - Skincare Prospecting,N/A,SKU009,80.78,7998,256,207.42,5
2025-12-04,Google Ads,PMax - Skincare Prospecting,N/A,SKU008,189.18,12271,418,457.24,11
2025-12-05,Google Ads,PMax - Skincare Prospecting,N/A,SKU011,74.33,5694,177,185.47,4
2025-12-06,Google Ads,PMax - Skincare Prospecting,N/A,SKU003,38.42,4087,147,116.99,3
2025-12-07,Google Ads,PMax - Skincare Prospecting,N/A,SKU006,119.61,7568,351,457.38,11
2025-12-08,Google Ads,PMax - Skincare Prospecting,N/A,SKU010,39.0,3367,122,106.15,3
2025-12-09,Google Ads,PMax - Skincare Prospecting,N/A,SKU007,59.7,5786,223,154.9,4
2025-12-10,Google Ads,PMax - Skincare Prospecting,N/A,SKU003,240.98,25385,1057,771.47,18
2025-12-11,Google Ads,PMax - Skincare Prospecting,N/A,SKU001,40.91,4085,232,114.85,3
2025-12-12,Google Ads,PMax - Skincare Prospecting,N/A,SKU002,96.87,6334,216,359.67,9
2025-12-13,Google Ads,PMax - Skincare Prospecting,N/A,SKU008,266.47,21285,611,587.55,14
2025-12-14,Google Ads,PMax - Skincare Prospecting,N/A,SKU003,134.92,8609,508,281.98,7
2025-12-15,Google Ads,PMax - Skincare Prospecting,N/A,SKU007,112.38,9538,261,392.2,9
2025-12-16,Google Ads,PMax - Skincare Prospecting,N/A,SKU003,107.77,11837,663,231.39,6
2025-12-17,Google Ads,PMax - Skincare Prospecting,N/A,SKU012,20.82,1425,66,64.09,2
2025-12-18,Google Ads,PMax - Skincare Prospecting,N/A,SKU002,98.72,6645,210,340.86,8
2025-12-19,Google Ads,PMax - Skincare Prospecting,N/A,SKU004,66.99,6235,172,214.26,5
2025-12-20,Google Ads,PMax - Skincare Prospecting,N/A,SKU005,20.58,1350,40,70.96,2
2025-12-21,Google Ads,PMax - Skincare Prospecting,N/A,SKU004,151.65,10333,492,388.08,9
2025-12-22,Google Ads,PMax - Skincare Prospecting,N/A,SKU011,171.2,14129,518,377.37,9
2025-12-23,Google Ads,PMax - Skincare Prospecting,N/A,SKU004,12.63,1359,45,7.7,0
2025-12-24,Google Ads,PMax - Skincare Prospecting,N/A,SKU001,63.02,5520,173,181.6,4
2025-12-25,Google Ads,PMax - Skincare Prospecting,N/A,SKU006,23.08,1958,60,54.07,1
2025-12-26,Google Ads,PMax - Skincare Prospecting,N/A,SKU011,8.57,659,24,6.97,0
2025-12-27,Google Ads,PMax - Skincare Prospecting,N/A,SKU003,159.29,16335,469,623.99,15
2025-12-28,Google Ads,PMax - Skincare Prospecting,N/A,SKU005,16.93,1706,81,51.87,1
2025-12-29,Google Ads,PMax - Skincare Prospecting,N/A,SKU009,21.54,1565,68,63.07,2
2025-12-30,Google Ads,PMax - Skincare Prospecting,N/A,SKU003,12.83,1315,48,4.06,0
2025-12-31,Google Ads,PMax - Skincare Prospecting,N/A,SKU007,10.48,768,41,5.72,0
2026-01-01,Google Ads,PMax - Skincare Prospecting,N/A,SKU006,120.47,11366,352,269.79,6
2026-01-02,Google Ads,PMax - Skincare Prospecting,N/A,SKU002,31.28,2545,66,85.98,2
2026-01-03,Google Ads,PMax - Skincare Prospecting,N/A,SKU005,12.59,1129,56,12.33,0
2026-01-04,Google Ads,PMax - Skincare Prospecting,N/A,SKU003,73.88,7095,221,194.6,5
2026-01-05,Google Ads,PMax - Skincare Prospecting,N/A,SKU001,13.56,874,41,45.53,1
2026-01-06,Google Ads,PMax - Skincare Prospecting,N/A,SKU010,21.93,2348,109,71.39,2
2026-01-07,Google Ads,PMax - Skincare Prospecting,N/A,SKU004,14.53,1490,83,37.62,1
2026-01-08,Google Ads,PMax - Skincare Prospecting,N/A,SKU003,34.74,2398,141,125.62,3
2026-01-09,Google Ads,PMax - Skincare Prospecting,N/A,SKU001,19.35,1661,76,60.35,1
2026-01-10,Google Ads,PMax - Skincare Prospecting,N/A,SKU003,125.51,8455,413,362.11,9
2026-01-11,Google Ads,PMax - Skincare Prospecting,N/A,SKU003,178.77,13239,765,560.33,13
2026-01-12,Google Ads,PMax - Skincare Prospecting,N/A,SKU011,39.42,3608,140,141.34,3
2026-01-13,Google Ads,PMax - Skincare Prospecting,N/A,SKU005,19.2,1461,81,70.71,2
2026-01-14,Google Ads,PMax - Skincare Prospecting,N/A,SKU005,37.96,2822,168,87.17,2
2026-01-15,Google Ads,PMax - Skincare Prospecting,N/A,SKU007,51.67,4566,235,161.31,4
2026-01-16,Google Ads,PMax - Skincare Prospecting,N/A,SKU003,26.13,1952,52,84.6,2
2026-01-17,Google Ads,PMax - Skincare Prospecting,N/A,SKU010,165.73,10978,308,432.99,10
2026-01-18,Google Ads,PMax - Skincare Prospecting,N/A,SKU001,147.55,10016,475,370.26,9
2026-01-19,Google Ads,PMax - Skincare Prospecting,N/A,SKU001,28.26,2283,88,97.78,2
2026-01-20,Google Ads,PMax - Skincare Prospecting,N/A,SKU004,8.95,971,32,30.12,1
2026-01-21,Google Ads,PMax - Skincare Prospecting,N/A,SKU003,9.79,901,23,7.71,0
2026-01-22,Google Ads,PMax - Skincare Prospecting,N/A,SKU005,10.31,965,25,10.6,0
2026-01-23,Google Ads,PMax - Skincare Prospecting,N/A,SKU003,10.82,1154,54,9.61,0
2026-01-24,Google Ads,PMax - Skincare Prospecting,N/A,SKU007,42.95,4665,202,127.6,3
2026-01-25,Google Ads,PMax - Skincare Prospecting,N/A,SKU008,31.37,2089,106,114.2,3
2026-01-26,Google Ads,PMax - Skincare Prospecting,N/A,SKU006,45.67,2961,98,93.29,2
2026-01-27,Google Ads,PMax - Skincare Prospecting,N/A,SKU006,62.47,5439,287,199.98,5
2026-01-28,Google Ads,PMax - Skincare Prospecting,N/A,SKU007,66.79,4928,223,229.37,5
2026-01-29,Google Ads,PMax - Skincare Prospecting,N/A,SKU010,130.8,12580,453,313.86,7
2026-01-30,Google Ads,PMax - Skincare Prospecting,N/A,SKU003,104.9,7130,264,238.81,6
2026-01-31,Google Ads,PMax - Skincare Prospecting,N/A,SKU003,14.02,978,53,34.59,1
2026-02-01,Google Ads,PMax - Skincare Prospecting,N/A,SKU004,117.53,8731,275,326.5,8
2026-02-02,Google Ads,PMax - Skincare Prospecting,N/A,SKU011,32.23,2529,139,106.22,3
2026-02-03,Google Ads,PMax - Skincare Prospecting,N/A,SKU007,11.03,866,26,3.63,0
2026-02-04,Google Ads,PMax - Skincare Prospecting,N/A,SKU004,143.29,12871,484,348.42,8
2026-02-05,Google Ads,PMax - Skincare Prospecting,N/A,SKU005,53.88,4279,237,190.99,5
2026-02-06,Google Ads,PMax - Skincare Prospecting,N/A,SKU009,79.45,6998,294,203.38,5
2026-02-07,Google Ads,PMax - Skincare Prospecting,N/A,SKU002,68.55,5178,202,188.42,4
2026-02-08,Google Ads,PMax - Skincare Prospecting,N/A,SKU002,15.81,1495,72,49.61,1
2026-02-09,Google Ads,PMax - Skincare Prospecting,N/A,SKU004,30.04,2490,120,74.25,2
2026-02-10,Google Ads,PMax - Skincare Prospecting,N/A,SKU003,36.39,3927,173,86.58,2
2026-02-11,Google Ads,PMax - Skincare Prospecting,N/A,SKU004,77.2,6149,223,184.61,4
2026-02-12,Google Ads,PMax - Skincare Prospecting,N/A,SKU006,51.29,3831,214,173.46,4
2026-02-13,Google Ads,PMax - Skincare Prospecting,N/A,SKU006,86.31,8416,335,250.98,6
2026-02-14,Google Ads,PMax - Skincare Prospecting,N/A,SKU003,55.12,3911,118,188.21,4
2026-02-15,Google Ads,PMax - Skincare Prospecting,N/A,SKU007,75.3,6079,315,228.44,5
2026-02-16,Google Ads,PMax - Skincare Prospecting,N/A,SKU002,12.32,1223,66,39.26,1
2026-02-17,Google Ads,PMax - Skincare Prospecting,N/A,SKU009,58.96,4988,158,208.11,5
2026-02-18,Google Ads,PMax - Skincare Prospecting,N/A,SKU001,39.65,2525,67,132.36,3
2026-02-19,Google Ads,PMax - Skincare Prospecting,N/A,SKU001,219.48,13823,550,538.92,13
2026-02-20,Google Ads,PMax - Skincare Prospecting,N/A,SKU003,69.29,7140,373,143.23,3
2026-02-21,Google Ads,PMax - Skincare Prospecting,N/A,SKU006,36.3,2604,97,74.76,2
2026-02-22,Google Ads,PMax - Skincare Prospecting,N/A,SKU012,86.17,6405,307,193.75,5
2026-02-23,Google Ads,PMax - Skincare Prospecting,N/A,SKU008,20.3,1831,88,56.36,1
2026-02-24,Google Ads,PMax - Skincare Prospecting,N/A,SKU001,59.46,6400,251,127.45,3
2026-02-25,Google Ads,PMax - Skincare Prospecting,N/A,SKU006,19.66,1385,56,55.68,1
2026-02-26,Google Ads,PMax - Skincare Prospecting,N/A,SKU003,10.19,775,46,9.69,0
2026-02-27,Google Ads,PMax - Skincare Prospecting,N/A,SKU005,67.06,5913,290,177.99,4
2026-02-28,Google Ads,PMax - Skincare Prospecting,N/A,SKU008,30.91,1995,77,115.07,3
2026-03-01,Google Ads,PMax - Skincare Prospecting,N/A,SKU003,67.41,5720,191,175.81,4
2026-03-02,Google Ads,PMax - Skincare Prospecting,N/A,SKU004,54.75,4186,179,117.55,3
2026-03-03,Google Ads,PMax - Skincare Prospecting,N/A,SKU009,100.15,7325,246,331.3,8
2026-03-04,Google Ads,PMax - Skincare Prospecting,N/A,SKU011,80.67,8891,413,218.82,5
2026-03-05,Google Ads,PMax - Skincare Prospecting,N/A,SKU004,66.73,5504,251,227.77,5
2026-03-06,Google Ads,PMax - Skincare Prospecting,N/A,SKU001,11.89,1191,39,9.13,0
2026-03-07,Google Ads,PMax - Skincare Prospecting,N/A,SKU007,134.92,8836,230,429.82,10
2026-03-08,Google Ads,PMax - Skincare Prospecting,N/A,SKU010,67.51,4771,192,223.29,5
2026-03-09,Google Ads,PMax - Skincare Prospecting,N/A,SKU003,107.93,7505,444,239.57,6
2026-03-10,Google Ads,PMax - Skincare Prospecting,N/A,SKU003,21.98,1973,89,70.06,2
2026-03-11,Google Ads,PMax - Skincare Prospecting,N/A,SKU003,44.75,2877,154,122.75,3
2026-03-12,Google Ads,PMax - Skincare Prospecting,N/A,SKU002,108.05,7068,281,238.2,6
2026-03-13,Google Ads,PMax - Skincare Prospecting,N/A,SKU001,23.11,1711,65,50.83,1
2026-03-14,Google Ads,PMax - Skincare Prospecting,N/A,SKU008,77.38,6495,382,269.16,6
2026-03-15,Google Ads,PMax - Skincare Prospecting,N/A,SKU002,26.7,2581,75,63.94,2
2026-03-16,Google Ads,PMax - Skincare Prospecting,N/A,SKU001,25.28,1807,68,54.88,1
2026-03-17,Google Ads,PMax - Skincare Prospecting,N/A,SKU008,15.46,1301,72,33.77,1
2026-03-18,Google Ads,PMax - Skincare Prospecting,N/A,SKU003,114.95,8599,408,260.27,6
2026-03-19,Google Ads,PMax - Skincare Prospecting,N/A,SKU001,40.32,2849,151,127.93,3
2026-03-20,Google Ads,PMax - Skincare Prospecting,N/A,SKU003,120.88,9365,488,288.52,7
2026-03-21,Google Ads,PMax - Skincare Prospecting,N/A,SKU005,17.62,1633,67,46.18,1
2026-03-22,Google Ads,PMax - Skincare Prospecting,N/A,SKU009,25.2,2444,83,68.33,2
2026-03-23,Google Ads,PMax - Skincare Prospecting,N/A,SKU005,48.53,3222,128,161.42,4
2026-03-24,Google Ads,PMax - Skincare Prospecting,N/A,SKU007,62.74,4330,190,219.98,5
2026-03-25,Google Ads,PMax - Skincare Prospecting,N/A,SKU001,40.64,4215,247,112.2,3
2026-03-26,Google Ads,PMax - Skincare Prospecting,N/A,SKU003,11.09,774,37,9.52,0
2026-03-27,Google Ads,PMax - Skincare Prospecting,N/A,SKU004,34.67,2454,77,99.66,2
2026-03-28,Google Ads,PMax - Skincare Prospecting,N/A,SKU001,21.0,1633,70,48.48,1
2026-03-29,Google Ads,PMax - Skincare Prospecting,N/A,SKU010,136.03,13100,740,483.04,12
2026-03-30,Google Ads,PMax - Skincare Prospecting,N/A,SKU008,107.63,11458,662,353.45,8
2026-03-31,Google Ads,PMax - Skincare Prospecting,N/A,SKU003,29.87,2702,149,101.4,2
2026-04-01,Google Ads,PMax - Skincare Prospecting,N/A,SKU005,152.76,13069,610,538.76,13
2026-04-02,Google Ads,PMax - Skincare Prospecting,N/A,SKU004,108.42,10516,411,261.34,6
2026-04-03,Google Ads,PMax - Skincare Prospecting,N/A,SKU006,9.79,699,37,31.88,1
2026-04-04,Google Ads,PMax - Skincare Prospecting,N/A,SKU009,177.09,11109,511,419.8,10
2026-04-05,Google Ads,PMax - Skincare Prospecting,N/A,SKU007,11.24,788,36,11.16,0
2026-04-06,Google Ads,PMax - Skincare Prospecting,N/A,SKU004,78.59,5264,195,188.08,4
2026-04-07,Google Ads,PMax - Skincare Prospecting,N/A,SKU007,15.06,1355,74,51.15,1
2026-04-08,Google Ads,PMax - Skincare Prospecting,N/A,SKU005,57.17,3963,119,174.92,4
2026-04-09,Google Ads,PMax - Skincare Prospecting,N/A,SKU002,347.51,24976,735,897.34,21
2026-04-10,Google Ads,PMax - Skincare Prospecting,N/A,SKU003,84.19,5343,163,300.47,7
2026-04-11,Google Ads,PMax - Skincare Prospecting,N/A,SKU002,11.51,954,52,6.81,0
2026-04-12,Google Ads,PMax - Skincare Prospecting,N/A,SKU005,168.43,17247,557,392.77,9
2026-04-13,Google Ads,PMax - Skincare Prospecting,N/A,SKU006,8.44,781,25,5.41,0
2026-04-14,Google Ads,PMax - Skincare Prospecting,N/A,SKU008,41.63,3565,156,126.29,3
2026-04-15,Google Ads,PMax - Skincare Prospecting,N/A,SKU001,73.58,6120,326,252.91,6
2026-04-16,Google Ads,PMax - Skincare Prospecting,N/A,SKU004,33.99,2322,101,132.68,3
2026-04-17,Google Ads,PMax - Skincare Prospecting,N/A,SKU008,54.01,4500,166,161.83,4
2026-04-18,Google Ads,PMax - Skincare Prospecting,N/A,SKU002,142.55,12798,513,379.68,9
2026-04-19,Google Ads,PMax - Skincare Prospecting,N/A,SKU005,57.68,4549,138,146.6,3
2026-04-20,Google Ads,PMax - Skincare Prospecting,N/A,SKU002,94.46,8458,468,247.16,6
2026-04-21,Google Ads,PMax - Skincare Prospecting,N/A,SKU009,33.07,2614,71,92.21,2
2026-04-22,Google Ads,PMax - Skincare Prospecting,N/A,SKU008,28.69,2363,141,99.89,2
2026-04-23,Google Ads,PMax - Skincare Prospecting,N/A,SKU004,17.09,1843,78,47.09,1
2026-04-24,Google Ads,PMax - Skincare Prospecting,N/A,SKU007,17.15,1901,54,54.41,1
2026-04-25,Google Ads,PMax - Skincare Prospecting,N/A,SKU011,19.18,1455,72,71.08,2
2026-04-26,Google Ads,PMax - Skincare Prospecting,N/A,SKU007,40.68,2846,105,121.19,3
2026-04-27,Google Ads,PMax - Skincare Prospecting,N/A,SKU005,59.83,6079,334,182.07,4
2026-04-28,Google Ads,PMax - Skincare Prospecting,N/A,SKU005,9.14,645,28,2.75,0
2026-04-29,Google Ads,PMax - Skincare Prospecting,N/A,SKU005,78.01,5334,200,220.34,5
2026-04-30,Google Ads,PMax - Skincare Prospecting,N/A,SKU010,43.11,3932,185,115.01,3
2026-05-01,Google Ads,PMax - Skincare Prospecting,N/A,SKU011,88.76,5899,209,302.6,7
2026-05-02,Google Ads,PMax - Skincare Prospecting,N/A,SKU008,105.53,8080,398,283.74,7
2026-05-03,Google Ads,PMax - Skincare Prospecting,N/A,SKU008,20.94,1410,61,45.56,1
2026-05-04,Google Ads,PMax - Skincare Prospecting,N/A,SKU001,62.7,5009,146,155.23,4
2026-05-05,Google Ads,PMax - Skincare Prospecting,N/A,SKU001,244.36,17685,797,618.24,15
2026-05-06,Google Ads,PMax - Skincare Prospecting,N/A,SKU003,113.61,11879,600,281.68,7
2026-05-07,Google Ads,PMax - Skincare Prospecting,N/A,SKU003,68.96,7021,384,195.85,5
2026-05-08,Google Ads,PMax - Skincare Prospecting,N/A,SKU003,65.56,5986,167,214.79,5
2026-05-09,Google Ads,PMax - Skincare Prospecting,N/A,SKU003,41.17,4439,128,131.0,3
2026-05-10,Google Ads,PMax - Skincare Prospecting,N/A,SKU003,84.33,7969,262,281.96,7
2026-05-11,Google Ads,PMax - Skincare Prospecting,N/A,SKU006,27.6,2962,128,73.29,2
2026-05-12,Google Ads,PMax - Skincare Prospecting,N/A,SKU004,63.02,4888,176,150.76,4
2026-05-13,Google Ads,PMax - Skincare Prospecting,N/A,SKU006,21.73,2405,64,65.01,2
2026-05-14,Google Ads,PMax - Skincare Prospecting,N/A,SKU007,14.44,1579,69,34.29,1
2026-05-15,Google Ads,PMax - Skincare Prospecting,N/A,SKU002,56.46,4520,194,140.7,3
2026-05-16,Google Ads,PMax - Skincare Prospecting,N/A,SKU006,8.98,575,20,5.42,0
2026-05-17,Google Ads,PMax - Skincare Prospecting,N/A,SKU007,88.09,8676,261,291.38,7
2026-05-18,Google Ads,PMax - Skincare Prospecting,N/A,SKU002,13.07,1058,55,35.57,1
2026-05-19,Google Ads,PMax - Skincare Prospecting,N/A,SKU001,12.64,846,24,33.3,1
2026-05-20,Google Ads,PMax - Skincare Prospecting,N/A,SKU001,68.06,7225,276,169.37,4
2026-05-21,Google Ads,PMax - Skincare Prospecting,N/A,SKU009,225.19,19769,571,511.42,12
2026-05-22,Google Ads,PMax - Skincare Prospecting,N/A,SKU005,13.46,914,25,13.27,0
2026-05-23,Google Ads,PMax - Skincare Prospecting,N/A,SKU005,83.2,5479,244,273.68,7
2026-05-24,Google Ads,PMax - Skincare Prospecting,N/A,SKU009,16.26,1044,48,62.07,1
2026-05-25,Google Ads,PMax - Skincare Prospecting,N/A,SKU008,9.73,808,32,3.91,0
2026-05-26,Google Ads,PMax - Skincare Prospecting,N/A,SKU004,167.92,14213,497,504.15,12
2026-05-27,Google Ads,PMax - Skincare Prospecting,N/A,SKU005,125.7,10274,344,305.01,7
2026-05-28,Google Ads,PMax - Skincare Prospecting,N/A,SKU003,50.88,3467,190,105.5,3
2026-05-29,Google Ads,PMax - Skincare Prospecting,N/A,SKU001,9.98,822,20,5.55,0
2026-05-30,Google Ads,PMax - Skincare Prospecting,N/A,SKU011,23.81,2366,70,65.98,2
2026-05-31,Google Ads,PMax - Skincare Prospecting,N/A,SKU004,85.06,7988,341,302.13,7
2026-06-01,Google Ads,PMax - Skincare Prospecting,N/A,SKU002,14.9,970,27,49.11,1
2026-06-02,Google Ads,PMax - Skincare Prospecting,N/A,SKU010,16.21,1645,50,58.28,1
2026-06-03,Google Ads,PMax - Skincare Prospecting,N/A,SKU003,22.88,1738,45,66.46,2
2026-06-04,Google Ads,PMax - Skincare Prospecting,N/A,SKU008,23.46,2571,115,66.05,2
2026-06-05,Google Ads,PMax - Skincare Prospecting,N/A,SKU006,69.0,4344,120,174.59,4
2026-06-06,Google Ads,PMax - Skincare Prospecting,N/A,SKU011,103.83,8973,285,337.6,8
2026-06-07,Google Ads,PMax - Skincare Prospecting,N/A,SKU005,125.03,12951,771,377.34,9
2026-06-08,Google Ads,PMax - Skincare Prospecting,N/A,SKU005,104.92,9341,529,233.61,6
2026-06-09,Google Ads,PMax - Skincare Prospecting,N/A,SKU005,16.47,1055,50,41.23,1
2026-06-10,Google Ads,PMax - Skincare Prospecting,N/A,SKU008,70.93,5469,191,239.53,6
2026-06-11,Google Ads,PMax - Skincare Prospecting,N/A,SKU011,24.83,2083,112,79.08,2
2026-06-12,Google Ads,PMax - Skincare Prospecting,N/A,SKU007,40.51,4458,255,92.43,2
2026-06-13,Google Ads,PMax - Skincare Prospecting,N/A,SKU008,94.42,9116,307,297.24,7
2026-06-14,Google Ads,PMax - Skincare Prospecting,N/A,SKU007,27.08,2796,78,66.37,2
2026-06-15,Google Ads,PMax - Skincare Prospecting,N/A,SKU007,11.98,964,53,11.24,0
2026-06-16,Google Ads,PMax - Skincare Prospecting,N/A,SKU001,14.01,906,54,12.77,0
2026-06-17,Google Ads,PMax - Skincare Prospecting,N/A,SKU006,38.78,3003,127,104.4,2
2026-06-18,Google Ads,PMax - Skincare Prospecting,N/A,SKU002,35.97,2617,80,77.63,2
2026-06-19,Google Ads,PMax - Skincare Prospecting,N/A,SKU005,46.53,4971,165,117.52,3
2026-06-20,Google Ads,PMax - Skincare Prospecting,N/A,SKU011,31.13,2096,60,88.98,2
2026-06-21,Google Ads,PMax - Skincare Prospecting,N/A,SKU005,74.37,6292,264,207.24,5
2026-06-22,Google Ads,PMax - Skincare Prospecting,N/A,SKU001,76.58,6030,201,279.05,7
2026-06-23,Google Ads,PMax - Skincare Prospecting,N/A,SKU008,90.61,6311,198,243.55,6
2026-06-24,Google Ads,PMax - Skincare Prospecting,N/A,SKU008,58.83,4404,142,182.96,4
2026-06-25,Google Ads,PMax - Skincare Prospecting,N/A,SKU001,9.64,668,26,4.41,0
2026-06-26,Google Ads,PMax - Skincare Prospecting,N/A,SKU001,57.3,4309,168,165.27,4
2026-06-27,Google Ads,PMax - Skincare Prospecting,N/A,SKU001,105.66,11184,556,356.02,8
2026-06-28,Google Ads,PMax - Skincare Prospecting,N/A,SKU001,27.14,2954,76,75.24,2
2026-06-29,Google Ads,PMax - Skincare Prospecting,N/A,SKU011,51.28,3325,83,123.67,3
2026-06-30,Google Ads,PMax - Skincare Prospecting,N/A,SKU004,15.54,1005,31,33.01,1
2026-07-01,Google Ads,PMax - Skincare Prospecting,N/A,SKU001,39.6,3777,215,89.42,2
2026-07-02,Google Ads,PMax - Skincare Prospecting,N/A,SKU003,42.27,3342,107,117.91,3
2026-07-03,Google Ads,PMax - Skincare Prospecting,N/A,SKU004,111.0,7535,401,264.92,6
2026-07-04,Google Ads,PMax - Skincare Prospecting,N/A,SKU001,25.13,1592,39,64.98,2
2026-07-05,Google Ads,PMax - Skincare Prospecting,N/A,SKU003,147.3,15639,783,428.51,10
2026-07-06,Google Ads,PMax - Skincare Prospecting,N/A,SKU001,62.5,5004,154,161.56,4
2026-07-07,Google Ads,PMax - Skincare Prospecting,N/A,SKU003,14.28,1094,33,14.74,0
2026-07-08,Google Ads,PMax - Skincare Prospecting,N/A,SKU005,23.41,2068,63,65.2,2
2026-07-09,Google Ads,PMax - Skincare Prospecting,N/A,SKU008,90.35,6233,273,286.97,7
2026-07-10,Google Ads,PMax - Skincare Prospecting,N/A,SKU001,10.33,683,28,7.67,0
2026-07-11,Google Ads,PMax - Skincare Prospecting,N/A,SKU001,67.27,4933,276,161.14,4
2026-07-12,Google Ads,PMax - Skincare Prospecting,N/A,SKU007,129.99,9397,308,480.18,11
2026-07-13,Google Ads,PMax - Skincare Prospecting,N/A,SKU006,8.5,552,20,4.24,0
2026-07-14,Google Ads,PMax - Skincare Prospecting,N/A,SKU005,56.23,5448,157,150.89,4
2026-07-15,Google Ads,PMax - Skincare Prospecting,N/A,SKU006,102.14,6913,332,323.65,8
2026-07-16,Google Ads,PMax - Skincare Prospecting,N/A,SKU004,56.9,3635,214,142.37,3
2026-07-17,Google Ads,PMax - Skincare Prospecting,N/A,SKU003,109.93,8679,229,240.85,6
2026-07-18,Google Ads,PMax - Skincare Prospecting,N/A,SKU008,94.43,7662,372,225.28,5
2026-07-19,Google Ads,PMax - Skincare Prospecting,N/A,SKU005,47.53,3716,162,161.43,4
2026-07-20,Google Ads,PMax - Skincare Prospecting,N/A,SKU002,10.87,731,30,34.29,1
2026-07-21,Google Ads,PMax - Skincare Prospecting,N/A,SKU010,39.17,4032,107,93.67,2
2026-07-22,Google Ads,PMax - Skincare Prospecting,N/A,SKU007,14.04,1424,46,7.55,0
2026-07-23,Google Ads,PMax - Skincare Prospecting,N/A,SKU012,37.69,4070,188,113.64,3
2026-07-24,Google Ads,PMax - Skincare Prospecting,N/A,SKU010,40.26,3083,162,107.35,3
2026-07-25,Google Ads,PMax - Skincare Prospecting,N/A,SKU008,159.76,12879,509,508.84,12
2026-07-26,Google Ads,PMax - Skincare Prospecting,N/A,SKU011,31.07,3211,117,88.66,2
2026-07-27,Google Ads,PMax - Skincare Prospecting,N/A,SKU001,15.78,1164,43,55.93,1
2026-07-28,Google Ads,PMax - Skincare Prospecting,N/A,SKU003,13.35,1437,58,42.5,1
2026-07-29,Google Ads,PMax - Skincare Prospecting,N/A,SKU004,10.55,669,24,5.12,0
2026-07-30,Google Ads,PMax - Skincare Prospecting,N/A,SKU011,13.09,1404,65,35.19,1
2026-07-31,Google Ads,PMax - Skincare Prospecting,N/A,SKU008,118.45,12441,540,276.22,7
2026-08-01,Google Ads,PMax - Skincare Prospecting,N/A,SKU005,90.41,9904,558,318.33,8
2026-08-02,Google Ads,PMax - Skincare Prospecting,N/A,SKU004,9.95,953,48,4.71,0
2026-08-03,Google Ads,PMax - Skincare Prospecting,N/A,SKU008,11.49,1053,30,9.83,0
2026-08-04,Google Ads,PMax - Skincare Prospecting,N/A,SKU011,9.78,1032,28,32.5,1
2026-08-05,Google Ads,PMax - Skincare Prospecting,N/A,SKU010,23.11,1781,87,51.57,1
2026-08-06,Google Ads,PMax - Skincare Prospecting,N/A,SKU004,70.23,5313,133,259.56,6
2026-08-07,Google Ads,PMax - Skincare Prospecting,N/A,SKU010,8.88,900,36,5.66,0
2026-08-08,Google Ads,PMax - Skincare Prospecting,N/A,SKU003,119.9,12922,480,327.93,8
2026-08-09,Google Ads,PMax - Skincare Prospecting,N/A,SKU001,44.28,3613,115,159.01,4
2026-08-10,Google Ads,PMax - Skincare Prospecting,N/A,SKU008,14.9,1040,38,34.35,1
2026-08-11,Google Ads,PMax - Skincare Prospecting,N/A,SKU002,13.79,1481,45,6.68,0
2026-08-12,Google Ads,PMax - Skincare Prospecting,N/A,SKU002,92.49,7751,388,209.95,5
2026-08-13,Google Ads,PMax - Skincare Prospecting,N/A,SKU004,66.24,5694,152,151.47,4
2026-08-14,Google Ads,PMax - Skincare Prospecting,N/A,SKU010,299.58,31566,1865,754.11,18
2026-08-15,Google Ads,PMax - Skincare Prospecting,N/A,SKU002,23.38,1744,69,78.68,2
2026-08-16,Google Ads,PMax - Skincare Prospecting,N/A,SKU005,159.49,10372,505,423.41,10
2026-08-17,Google Ads,PMax - Skincare Prospecting,N/A,SKU012,12.94,1083,64,35.2,1
2026-08-18,Google Ads,PMax - Skincare Prospecting,N/A,SKU010,30.4,1946,113,70.16,2
2026-08-19,Google Ads,PMax - Skincare Prospecting,N/A,SKU001,14.64,1460,74,36.83,1
2026-08-20,Google Ads,PMax - Skincare Prospecting,N/A,SKU006,17.81,1488,66,47.12,1
2026-08-21,Google Ads,PMax - Skincare Prospecting,N/A,SKU003,10.23,1025,36,6.94,0
2026-08-22,Google Ads,PMax - Skincare Prospecting,N/A,SKU004,138.81,12074,562,344.93,8
2026-08-23,Google Ads,PMax - Skincare Prospecting,N/A,SKU001,38.58,3173,115,97.98,2
2026-08-24,Google Ads,PMax - Skincare Prospecting,N/A,SKU004,9.06,657,22,5.9,0
2026-08-25,Google Ads,PMax - Skincare Prospecting,N/A,SKU010,16.53,1751,70,35.73,1
2026-08-26,Google Ads,PMax - Skincare Prospecting,N/A,SKU004,14.56,1046,49,13.28,0
2026-08-27,Google Ads,PMax - Skincare Prospecting,N/A,SKU002,59.67,4417,262,133.71,3
2026-08-28,Google Ads,PMax - Skincare Prospecting,N/A,SKU005,29.48,1945,70,84.54,2
2026-08-29,Google Ads,PMax - Skincare Prospecting,N/A,SKU001,33.33,2500,69,86.71,2
2026-08-30,Google Ads,PMax - Skincare Prospecting,N/A,SKU001,25.2,2397,111,57.81,1
2026-08-31,Google Ads,PMax - Skincare Prospecting,N/A,SKU004,37.52,4155,186,126.59,3
2026-09-01,Google Ads,PMax - Skincare Prospecting,N/A,SKU008,115.14,11763,439,308.5,7
2026-09-02,Google Ads,PMax - Skincare Prospecting,N/A,SKU003,142.68,12881,350,371.14,9
2026-09-03,Google Ads,PMax - Skincare Prospecting,N/A,SKU007,114.59,8532,496,262.89,6
2026-09-04,Google Ads,PMax - Skincare Prospecting,N/A,SKU011,83.64,7063,206,218.18,5
2026-09-05,Google Ads,PMax - Skincare Prospecting,N/A,SKU006,21.3,1789,82,62.75,1
2026-09-06,Google Ads,PMax - Skincare Prospecting,N/A,SKU007,125.38,9479,291,374.44,9
2026-09-07,Google Ads,PMax - Skincare Prospecting,N/A,SKU011,12.19,1205,68,36.39,1
2026-09-08,Google Ads,PMax - Skincare Prospecting,N/A,SKU004,143.35,9394,370,451.54,11
2026-09-09,Google Ads,PMax - Skincare Prospecting,N/A,SKU005,67.91,7271,272,184.06,4
2026-09-10,Google Ads,PMax - Skincare Prospecting,N/A,SKU008,10.73,695,29,8.68,0
2026-09-11,Google Ads,PMax - Skincare Prospecting,N/A,SKU005,31.07,3045,178,101.52,2
2026-09-12,Google Ads,PMax - Skincare Prospecting,N/A,SKU006,113.68,7884,239,255.62,6
2026-09-13,Google Ads,PMax - Skincare Prospecting,N/A,SKU011,81.21,7871,303,262.72,6
2025-09-14,Meta Ads,Prospecting - Broad,Advantage+ Broad,SKU003,17.1,2299,30,5.34,0
2025-09-15,Meta Ads,Prospecting - Broad,Advantage+ Broad,SKU011,15.84,1232,17,6.71,0
2025-09-16,Meta Ads,Prospecting - Broad,Advantage+ Broad,SKU002,228.66,29108,276,451.49,11
2025-09-17,Meta Ads,Prospecting - Broad,Advantage+ Broad,SKU003,86.83,11017,185,229.25,5
2025-09-18,Meta Ads,Prospecting - Broad,Advantage+ Broad,SKU001,16.41,1599,19,11.43,0
2025-09-19,Meta Ads,Prospecting - Broad,Advantage+ Broad,SKU005,102.88,8195,119,239.39,6
2025-09-20,Meta Ads,Prospecting - Broad,Advantage+ Broad,SKU011,102.31,8019,149,258.73,6
2025-09-21,Meta Ads,Prospecting - Broad,Advantage+ Broad,SKU001,140.16,19379,158,269.67,6
2025-09-22,Meta Ads,Prospecting - Broad,Advantage+ Broad,SKU010,47.76,4000,60,153.95,4
2025-09-23,Meta Ads,Prospecting - Broad,Advantage+ Broad,SKU001,63.37,6770,97,162.65,4
2025-09-24,Meta Ads,Prospecting - Broad,Advantage+ Broad,SKU011,60.9,5671,74,170.75,4
2025-09-25,Meta Ads,Prospecting - Broad,Advantage+ Broad,SKU001,80.29,7942,72,236.13,6
2025-09-26,Meta Ads,Prospecting - Broad,Advantage+ Broad,SKU006,59.24,5278,61,109.74,3
2025-09-27,Meta Ads,Prospecting - Broad,Advantage+ Broad,SKU008,80.56,10691,178,191.41,5
2025-09-28,Meta Ads,Prospecting - Broad,Advantage+ Broad,SKU001,213.47,21462,172,389.53,9
2025-09-29,Meta Ads,Prospecting - Broad,Advantage+ Broad,SKU004,15.38,1268,11,11.41,0
2025-09-30,Meta Ads,Prospecting - Broad,Advantage+ Broad,SKU003,72.28,8817,110,139.92,3
2025-10-01,Meta Ads,Prospecting - Broad,Advantage+ Broad,SKU005,182.6,19495,227,444.36,11
2025-10-02,Meta Ads,Prospecting - Broad,Advantage+ Broad,SKU001,28.04,2429,31,78.88,2
2025-10-03,Meta Ads,Prospecting - Broad,Advantage+ Broad,SKU003,74.64,9183,117,215.2,5
2025-10-04,Meta Ads,Prospecting - Broad,Advantage+ Broad,SKU009,206.49,24599,234,619.81,15
2025-10-05,Meta Ads,Prospecting - Broad,Advantage+ Broad,SKU001,71.77,7581,67,182.32,4
2025-10-06,Meta Ads,Prospecting - Broad,Advantage+ Broad,SKU001,101.87,13632,268,198.81,5
2025-10-07,Meta Ads,Prospecting - Broad,Advantage+ Broad,SKU003,45.82,3861,52,136.07,3
2025-10-08,Meta Ads,Prospecting - Broad,Advantage+ Broad,SKU009,129.45,9969,81,294.11,7
2025-10-09,Meta Ads,Prospecting - Broad,Advantage+ Broad,SKU004,25.42,2652,44,60.57,1
2025-10-10,Meta Ads,Prospecting - Broad,Advantage+ Broad,SKU006,73.6,9339,175,205.32,5
2025-10-11,Meta Ads,Prospecting - Broad,Advantage+ Broad,SKU004,61.15,5841,82,154.92,4
2025-10-12,Meta Ads,Prospecting - Broad,Advantage+ Broad,SKU001,35.81,3659,44,68.38,2
2025-10-13,Meta Ads,Prospecting - Broad,Advantage+ Broad,SKU004,14.51,1620,16,12.96,0
2025-10-14,Meta Ads,Prospecting - Broad,Advantage+ Broad,SKU005,102.18,8431,90,224.32,5
2025-10-15,Meta Ads,Prospecting - Broad,Advantage+ Broad,SKU011,192.78,16585,135,431.58,10
2025-10-16,Meta Ads,Prospecting - Broad,Advantage+ Broad,SKU002,74.75,6874,66,141.78,3
2025-10-17,Meta Ads,Prospecting - Broad,Advantage+ Broad,SKU008,24.59,2056,28,47.98,1
2025-10-18,Meta Ads,Prospecting - Broad,Advantage+ Broad,SKU008,67.09,5343,98,148.46,4
2025-10-19,Meta Ads,Prospecting - Broad,Advantage+ Broad,SKU009,275.93,23871,194,551.22,13
2025-10-20,Meta Ads,Prospecting - Broad,Advantage+ Broad,SKU006,142.49,13934,188,422.03,10
2025-10-21,Meta Ads,Prospecting - Broad,Advantage+ Broad,SKU009,39.01,3110,40,100.63,2
2025-10-22,Meta Ads,Prospecting - Broad,Advantage+ Broad,SKU003,89.4,7567,85,227.89,5
2025-10-23,Meta Ads,Prospecting - Broad,Advantage+ Broad,SKU005,53.85,7459,116,118.25,3
2025-10-24,Meta Ads,Prospecting - Broad,Advantage+ Broad,SKU006,54.44,6767,82,146.29,3
2025-10-25,Meta Ads,Prospecting - Broad,Advantage+ Broad,SKU001,69.75,9801,146,157.18,4
2025-10-26,Meta Ads,Prospecting - Broad,Advantage+ Broad,SKU003,107.38,10436,97,277.8,7
2025-10-27,Meta Ads,Prospecting - Broad,Advantage+ Broad,SKU012,66.64,9040,176,144.41,3
2025-10-28,Meta Ads,Prospecting - Broad,Advantage+ Broad,SKU006,99.94,10617,90,192.25,5
2025-10-29,Meta Ads,Prospecting - Broad,Advantage+ Broad,SKU010,199.48,15930,154,390.94,9
2025-10-30,Meta Ads,Prospecting - Broad,Advantage+ Broad,SKU010,266.96,30677,269,542.82,13
2025-10-31,Meta Ads,Prospecting - Broad,Advantage+ Broad,SKU011,34.82,2826,36,90.43,2
2025-11-01,Meta Ads,Prospecting - Broad,Advantage+ Broad,SKU004,39.76,5216,71,79.09,2
2025-11-02,Meta Ads,Prospecting - Broad,Advantage+ Broad,SKU002,87.51,9815,176,260.34,6
2025-11-03,Meta Ads,Prospecting - Broad,Advantage+ Broad,SKU001,76.78,8068,67,197.51,5
2025-11-04,Meta Ads,Prospecting - Broad,Advantage+ Broad,SKU005,46.83,4102,57,87.51,2
2025-11-05,Meta Ads,Prospecting - Broad,Advantage+ Broad,SKU007,18.59,1624,30,16.81,0
2025-11-06,Meta Ads,Prospecting - Broad,Advantage+ Broad,SKU011,90.64,10364,191,212.38,5
2025-11-07,Meta Ads,Prospecting - Broad,Advantage+ Broad,SKU004,233.44,27992,343,486.2,12
2025-11-08,Meta Ads,Prospecting - Broad,Advantage+ Broad,SKU004,59.41,4770,68,162.68,4
2025-11-09,Meta Ads,Prospecting - Broad,Advantage+ Broad,SKU004,23.88,2769,33,50.05,1
2025-11-10,Meta Ads,Prospecting - Broad,Advantage+ Broad,SKU008,14.54,1245,19,13.61,0
2025-11-11,Meta Ads,Prospecting - Broad,Advantage+ Broad,SKU010,102.68,8482,74,269.28,6
2025-11-12,Meta Ads,Prospecting - Broad,Advantage+ Broad,SKU004,108.65,9307,156,214.0,5
2025-11-13,Meta Ads,Prospecting - Broad,Advantage+ Broad,SKU001,182.96,14096,130,482.49,11
2025-11-14,Meta Ads,Prospecting - Broad,Advantage+ Broad,SKU002,100.39,8578,110,239.31,6
2025-11-15,Meta Ads,Prospecting - Broad,Advantage+ Broad,SKU008,145.98,11493,161,322.42,8
2025-11-16,Meta Ads,Prospecting - Broad,Advantage+ Broad,SKU006,69.31,7214,59,155.76,4
2025-11-17,Meta Ads,Prospecting - Broad,Advantage+ Broad,SKU007,67.28,8400,117,137.4,3
2025-11-18,Meta Ads,Prospecting - Broad,Advantage+ Broad,SKU002,15.78,1432,22,11.72,0
2025-11-19,Meta Ads,Prospecting - Broad,Advantage+ Broad,SKU007,77.97,7568,80,217.06,5
2025-11-20,Meta Ads,Prospecting - Broad,Advantage+ Broad,SKU004,30.59,3079,27,59.43,1
2025-11-21,Meta Ads,Prospecting - Broad,Advantage+ Broad,SKU004,198.14,18835,251,475.68,11
2025-11-22,Meta Ads,Prospecting - Broad,Advantage+ Broad,SKU008,199.03,15776,169,589.56,14
2025-11-23,Meta Ads,Prospecting - Broad,Advantage+ Broad,SKU008,99.05,8322,134,205.37,5
2025-11-24,Meta Ads,Prospecting - Broad,Advantage+ Broad,SKU001,538.66,59244,491,1027.34,24
2025-11-25,Meta Ads,Prospecting - Broad,Advantage+ Broad,SKU005,235.08,32715,447,583.99,14
2025-11-26,Meta Ads,Prospecting - Broad,Advantage+ Broad,SKU012,572.44,58603,878,952.19,23
2025-11-27,Meta Ads,Prospecting - Broad,Advantage+ Broad,SKU006,569.53,50850,606,1133.65,27
2025-11-28,Meta Ads,Prospecting - Broad,Advantage+ Broad,SKU004,222.13,30194,284,467.24,11
2025-11-29,Meta Ads,Prospecting - Broad,Advantage+ Broad,SKU003,143.0,17956,242,464.8,11
2025-11-30,Meta Ads,Prospecting - Broad,Advantage+ Broad,SKU012,524.51,58948,835,1176.35,28
2025-12-01,Meta Ads,Prospecting - Broad,Advantage+ Broad,SKU002,212.24,22215,392,531.83,13
2025-12-02,Meta Ads,Prospecting - Broad,Advantage+ Broad,SKU011,207.52,16393,193,403.96,10
2025-12-03,Meta Ads,Prospecting - Broad,Advantage+ Broad,SKU005,121.88,14283,183,361.44,9
2025-12-04,Meta Ads,Prospecting - Broad,Advantage+ Broad,SKU009,240.67,19037,173,530.05,13
2025-12-05,Meta Ads,Prospecting - Broad,Advantage+ Broad,SKU008,28.85,3362,61,72.78,2
2025-12-06,Meta Ads,Prospecting - Broad,Advantage+ Broad,SKU003,85.94,7973,93,166.02,4
2025-12-07,Meta Ads,Prospecting - Broad,Advantage+ Broad,SKU004,123.53,12771,249,270.13,6
2025-12-08,Meta Ads,Prospecting - Broad,Advantage+ Broad,SKU008,127.76,17685,303,234.24,6
2025-12-09,Meta Ads,Prospecting - Broad,Advantage+ Broad,SKU006,113.82,9110,125,243.11,6
2025-12-10,Meta Ads,Prospecting - Broad,Advantage+ Broad,SKU005,208.46,28404,324,382.7,9
2025-12-11,Meta Ads,Prospecting - Broad,Advantage+ Broad,SKU004,153.05,21099,207,331.61,8
2025-12-12,Meta Ads,Prospecting - Broad,Advantage+ Broad,SKU001,113.71,14065,137,307.36,7
2025-12-13,Meta Ads,Prospecting - Broad,Advantage+ Broad,SKU005,204.67,21918,352,488.09,12
2025-12-14,Meta Ads,Prospecting - Broad,Advantage+ Broad,SKU010,54.21,7636,113,133.64,3
2025-12-15,Meta Ads,Prospecting - Broad,Advantage+ Broad,SKU005,18.63,1561,17,13.77,0
2025-12-16,Meta Ads,Prospecting - Broad,Advantage+ Broad,SKU007,49.1,3817,74,145.72,3
2025-12-17,Meta Ads,Prospecting - Broad,Advantage+ Broad,SKU006,34.96,3597,42,77.96,2
2025-12-18,Meta Ads,Prospecting - Broad,Advantage+ Broad,SKU003,330.06,42160,500,726.54,17
2025-12-19,Meta Ads,Prospecting - Broad,Advantage+ Broad,SKU004,365.25,31092,386,691.09,16
2025-12-20,Meta Ads,Prospecting - Broad,Advantage+ Broad,SKU009,222.95,18097,179,486.76,12
2025-12-21,Meta Ads,Prospecting - Broad,Advantage+ Broad,SKU005,193.52,15801,258,404.65,10
2025-12-22,Meta Ads,Prospecting - Broad,Advantage+ Broad,SKU012,188.39,14771,158,453.66,11
2025-12-23,Meta Ads,Prospecting - Broad,Advantage+ Broad,SKU001,152.06,14080,255,324.18,8
2025-12-24,Meta Ads,Prospecting - Broad,Advantage+ Broad,SKU008,12.4,992,18,7.67,0
2025-12-25,Meta Ads,Prospecting - Broad,Advantage+ Broad,SKU003,124.31,13706,231,316.45,8
2025-12-26,Meta Ads,Prospecting - Broad,Advantage+ Broad,SKU002,69.68,7021,71,120.13,3
2025-12-27,Meta Ads,Prospecting - Broad,Advantage+ Broad,SKU010,87.32,9305,114,209.27,5
2025-12-28,Meta Ads,Prospecting - Broad,Advantage+ Broad,SKU006,104.42,8141,153,278.48,7
2025-12-29,Meta Ads,Prospecting - Broad,Advantage+ Broad,SKU006,30.41,2372,37,85.96,2
2025-12-30,Meta Ads,Prospecting - Broad,Advantage+ Broad,SKU002,17.6,2286,18,17.78,0
2025-12-31,Meta Ads,Prospecting - Broad,Advantage+ Broad,SKU005,140.43,11967,166,289.94,7
2026-01-01,Meta Ads,Prospecting - Broad,Advantage+ Broad,SKU002,77.25,10950,139,167.78,4
2026-01-02,Meta Ads,Prospecting - Broad,Advantage+ Broad,SKU007,29.76,2767,29,70.56,2
2026-01-03,Meta Ads,Prospecting - Broad,Advantage+ Broad,SKU003,31.19,2774,40,56.86,1
2026-01-04,Meta Ads,Prospecting - Broad,Advantage+ Broad,SKU010,16.51,1619,29,11.6,0
2026-01-05,Meta Ads,Prospecting - Broad,Advantage+ Broad,SKU009,68.07,7229,96,125.05,3
2026-01-06,Meta Ads,Prospecting - Broad,Advantage+ Broad,SKU004,30.69,3553,69,90.5,2
2026-01-07,Meta Ads,Prospecting - Broad,Advantage+ Broad,SKU006,17.48,1915,21,13.84,0
2026-01-08,Meta Ads,Prospecting - Broad,Advantage+ Broad,SKU010,32.97,2935,57,60.04,1
2026-01-09,Meta Ads,Prospecting - Broad,Advantage+ Broad,SKU011,25.92,3181,44,72.12,2
2026-01-10,Meta Ads,Prospecting - Broad,Advantage+ Broad,SKU008,250.01,29867,331,568.63,14
2026-01-11,Meta Ads,Prospecting - Broad,Advantage+ Broad,SKU006,53.69,7084,123,137.07,3
2026-01-12,Meta Ads,Prospecting - Broad,Advantage+ Broad,SKU007,114.72,11019,170,352.93,8
2026-01-13,Meta Ads,Prospecting - Broad,Advantage+ Broad,SKU001,82.53,6368,61,173.5,4
2026-01-14,Meta Ads,Prospecting - Broad,Advantage+ Broad,SKU001,19.2,1776,33,9.0,0
2026-01-15,Meta Ads,Prospecting - Broad,Advantage+ Broad,SKU001,98.46,12054,176,240.37,6
2026-01-16,Meta Ads,Prospecting - Broad,Advantage+ Broad,SKU001,100.77,8453,126,222.17,5
2026-01-17,Meta Ads,Prospecting - Broad,Advantage+ Broad,SKU006,55.68,4451,76,158.35,4
2026-01-18,Meta Ads,Prospecting - Broad,Advantage+ Broad,SKU003,48.64,4247,37,99.1,2
2026-01-19,Meta Ads,Prospecting - Broad,Advantage+ Broad,SKU003,19.29,2299,25,37.46,1
2026-01-20,Meta Ads,Prospecting - Broad,Advantage+ Broad,SKU003,113.97,14987,181,244.86,6
2026-01-21,Meta Ads,Prospecting - Broad,Advantage+ Broad,SKU011,85.84,8812,157,201.28,5
2026-01-22,Meta Ads,Prospecting - Broad,Advantage+ Broad,SKU012,180.95,18584,299,355.81,8
2026-01-23,Meta Ads,Prospecting - Broad,Advantage+ Broad,SKU001,89.4,8225,126,261.82,6
2026-01-24,Meta Ads,Prospecting - Broad,Advantage+ Broad,SKU003,26.85,2152,26,82.09,2
2026-01-25,Meta Ads,Prospecting - Broad,Advantage+ Broad,SKU003,93.84,9987,97,313.92,7
2026-01-26,Meta Ads,Prospecting - Broad,Advantage+ Broad,SKU005,72.36,6361,70,151.14,4
2026-01-27,Meta Ads,Prospecting - Broad,Advantage+ Broad,SKU005,102.95,13617,183,212.13,5
2026-01-28,Meta Ads,Prospecting - Broad,Advantage+ Broad,SKU003,13.89,1896,25,5.11,0
2026-01-29,Meta Ads,Prospecting - Broad,Advantage+ Broad,SKU001,105.59,14706,146,335.08,8
2026-01-30,Meta Ads,Prospecting - Broad,Advantage+ Broad,SKU003,23.11,2534,25,38.6,1
2026-01-31,Meta Ads,Prospecting - Broad,Advantage+ Broad,SKU009,123.58,15202,208,264.35,6
2026-02-01,Meta Ads,Prospecting - Broad,Advantage+ Broad,SKU001,304.7,24093,358,589.06,14
2026-02-02,Meta Ads,Prospecting - Broad,Advantage+ Broad,SKU003,145.44,18184,305,350.65,8
2026-02-03,Meta Ads,Prospecting - Broad,Advantage+ Broad,SKU003,57.9,4981,61,113.49,3
2026-02-04,Meta Ads,Prospecting - Broad,Advantage+ Broad,SKU008,18.41,1595,25,12.6,0
2026-02-05,Meta Ads,Prospecting - Broad,Advantage+ Broad,SKU010,57.7,6820,101,115.16,3
2026-02-06,Meta Ads,Prospecting - Broad,Advantage+ Broad,SKU007,89.88,10937,205,177.78,4
2026-02-07,Meta Ads,Prospecting - Broad,Advantage+ Broad,SKU004,28.26,2570,26,50.07,1
2026-02-08,Meta Ads,Prospecting - Broad,Advantage+ Broad,SKU005,104.63,10228,102,176.65,4
2026-02-09,Meta Ads,Prospecting - Broad,Advantage+ Broad,SKU005,11.72,1025,8,11.83,0
2026-02-10,Meta Ads,Prospecting - Broad,Advantage+ Broad,SKU003,24.21,2570,21,71.92,2
2026-02-11,Meta Ads,Prospecting - Broad,Advantage+ Broad,SKU009,120.09,10277,155,283.64,7
2026-02-12,Meta Ads,Prospecting - Broad,Advantage+ Broad,SKU011,14.52,1190,16,15.83,0
2026-02-13,Meta Ads,Prospecting - Broad,Advantage+ Broad,SKU005,12.41,1241,11,9.49,0
2026-02-14,Meta Ads,Prospecting - Broad,Advantage+ Broad,SKU005,228.92,19956,383,382.79,9
2026-02-15,Meta Ads,Prospecting - Broad,Advantage+ Broad,SKU001,68.08,8122,82,129.37,3
2026-02-16,Meta Ads,Prospecting - Broad,Advantage+ Broad,SKU006,138.84,16168,131,298.68,7
2026-02-17,Meta Ads,Prospecting - Broad,Advantage+ Broad,SKU001,46.18,3767,38,139.18,3
2026-02-18,Meta Ads,Prospecting - Broad,Advantage+ Broad,SKU008,15.24,1304,21,14.64,0
2026-02-19,Meta Ads,Prospecting - Broad,Advantage+ Broad,SKU003,17.26,1712,29,14.82,0
2026-02-20,Meta Ads,Prospecting - Broad,Advantage+ Broad,SKU009,119.45,15218,215,240.86,6
2026-02-21,Meta Ads,Prospecting - Broad,Advantage+ Broad,SKU004,241.22,28235,522,468.77,11
2026-02-22,Meta Ads,Prospecting - Broad,Advantage+ Broad,SKU003,88.48,10484,155,201.82,5
2026-02-23,Meta Ads,Prospecting - Broad,Advantage+ Broad,SKU010,281.24,24283,413,470.62,11
2026-02-24,Meta Ads,Prospecting - Broad,Advantage+ Broad,SKU006,148.78,15223,166,371.19,9
2026-02-25,Meta Ads,Prospecting - Broad,Advantage+ Broad,SKU003,78.74,6730,59,168.26,4
2026-02-26,Meta Ads,Prospecting - Broad,Advantage+ Broad,SKU001,182.07,22825,447,426.86,10
2026-02-27,Meta Ads,Prospecting - Broad,Advantage+ Broad,SKU001,18.96,1892,23,36.98,1
2026-02-28,Meta Ads,Prospecting - Broad,Advantage+ Broad,SKU003,144.73,14582,195,418.03,10
2026-03-01,Meta Ads,Prospecting - Broad,Advantage+ Broad,SKU001,128.14,11567,178,315.17,8
2026-03-02,Meta Ads,Prospecting - Broad,Advantage+ Broad,SKU001,38.16,3388,62,99.52,2
2026-03-03,Meta Ads,Prospecting - Broad,Advantage+ Broad,SKU001,75.12,7139,141,166.76,4
2026-03-04,Meta Ads,Prospecting - Broad,Advantage+ Broad,SKU002,218.17,19141,164,355.98,8
2026-03-05,Meta Ads,Prospecting - Broad,Advantage+ Broad,SKU001,120.71,15691,311,309.41,7
2026-03-06,Meta Ads,Prospecting - Broad,Advantage+ Broad,SKU006,49.53,5769,49,147.1,4
2026-03-07,Meta Ads,Prospecting - Broad,Advantage+ Broad,SKU006,28.67,3324,42,72.88,2
2026-03-08,Meta Ads,Prospecting - Broad,Advantage+ Broad,SKU010,73.77,7293,65,180.71,4
2026-03-09,Meta Ads,Prospecting - Broad,Advantage+ Broad,SKU003,45.24,3991,41,79.71,2
2026-03-10,Meta Ads,Prospecting - Broad,Advantage+ Broad,SKU006,14.18,1639,24,10.12,0
2026-03-11,Meta Ads,Prospecting - Broad,Advantage+ Broad,SKU007,212.86,22028,429,514.69,12
2026-03-12,Meta Ads,Prospecting - Broad,Advantage+ Broad,SKU003,129.46,15819,182,252.46,6
2026-03-13,Meta Ads,Prospecting - Broad,Advantage+ Broad,SKU004,121.02,10929,101,253.88,6
2026-03-14,Meta Ads,Prospecting - Broad,Advantage+ Broad,SKU005,59.57,7424,99,128.69,3
2026-03-15,Meta Ads,Prospecting - Broad,Advantage+ Broad,SKU005,86.5,11403,173,227.5,5
2026-03-16,Meta Ads,Prospecting - Broad,Advantage+ Broad,SKU004,78.4,7750,82,207.04,5
2026-03-17,Meta Ads,Prospecting - Broad,Advantage+ Broad,SKU003,46.3,6391,71,110.36,3
2026-03-18,Meta Ads,Prospecting - Broad,Advantage+ Broad,SKU007,18.14,1818,18,15.75,0
2026-03-19,Meta Ads,Prospecting - Broad,Advantage+ Broad,SKU006,58.82,7622,107,160.7,4
2026-03-20,Meta Ads,Prospecting - Broad,Advantage+ Broad,SKU007,42.55,5154,49,77.6,2
2026-03-21,Meta Ads,Prospecting - Broad,Advantage+ Broad,SKU005,37.45,3947,35,103.49,2
2026-03-22,Meta Ads,Prospecting - Broad,Advantage+ Broad,SKU010,133.94,15747,261,368.85,9
2026-03-23,Meta Ads,Prospecting - Broad,Advantage+ Broad,SKU003,144.29,15711,253,347.48,8
2026-03-24,Meta Ads,Prospecting - Broad,Advantage+ Broad,SKU001,41.09,4086,38,78.21,2
2026-03-25,Meta Ads,Prospecting - Broad,Advantage+ Broad,SKU005,75.49,8330,120,148.92,4
2026-03-26,Meta Ads,Prospecting - Broad,Advantage+ Broad,SKU003,193.0,15438,144,329.59,8
2026-03-27,Meta Ads,Prospecting - Broad,Advantage+ Broad,SKU006,222.36,19613,174,393.93,9
2026-03-28,Meta Ads,Prospecting - Broad,Advantage+ Broad,SKU002,178.1,25246,356,566.9,13
2026-03-29,Meta Ads,Prospecting - Broad,Advantage+ Broad,SKU001,21.88,2845,36,46.65,1
2026-03-30,Meta Ads,Prospecting - Broad,Advantage+ Broad,SKU002,13.3,1098,19,11.3,0
2026-03-31,Meta Ads,Prospecting - Broad,Advantage+ Broad,SKU007,69.01,6679,59,142.22,3
2026-04-01,Meta Ads,Prospecting - Broad,Advantage+ Broad,SKU003,191.47,15672,311,390.71,9
2026-04-02,Meta Ads,Prospecting - Broad,Advantage+ Broad,SKU002,14.11,1398,19,5.46,0
2026-04-03,Meta Ads,Prospecting - Broad,Advantage+ Broad,SKU001,24.22,2089,26,59.11,1
2026-04-04,Meta Ads,Prospecting - Broad,Advantage+ Broad,SKU006,37.47,3559,50,75.15,2
2026-04-05,Meta Ads,Prospecting - Broad,Advantage+ Broad,SKU003,34.5,4180,38,73.11,2
2026-04-06,Meta Ads,Prospecting - Broad,Advantage+ Broad,SKU006,85.22,7069,85,167.6,4
2026-04-07,Meta Ads,Prospecting - Broad,Advantage+ Broad,SKU006,34.47,4056,38,91.39,2
2026-04-08,Meta Ads,Prospecting - Broad,Advantage+ Broad,SKU011,33.81,3272,42,68.45,2
2026-04-09,Meta Ads,Prospecting - Broad,Advantage+ Broad,SKU005,254.52,34442,472,472.62,11
2026-04-10,Meta Ads,Prospecting - Broad,Advantage+ Broad,SKU006,174.53,19654,260,356.15,8
2026-04-11,Meta Ads,Prospecting - Broad,Advantage+ Broad,SKU003,70.61,7805,65,174.53,4
2026-04-12,Meta Ads,Prospecting - Broad,Advantage+ Broad,SKU005,221.83,20501,177,600.18,14
2026-04-13,Meta Ads,Prospecting - Broad,Advantage+ Broad,SKU001,108.05,14357,279,298.81,7
2026-04-14,Meta Ads,Prospecting - Broad,Advantage+ Broad,SKU004,430.3,40604,521,999.58,24
2026-04-15,Meta Ads,Prospecting - Broad,Advantage+ Broad,SKU003,176.84,22279,439,394.49,9
2026-04-16,Meta Ads,Prospecting - Broad,Advantage+ Broad,SKU001,129.2,16776,325,309.35,7
2026-04-17,Meta Ads,Prospecting - Broad,Advantage+ Broad,SKU001,18.87,2045,36,47.52,1
2026-04-18,Meta Ads,Prospecting - Broad,Advantage+ Broad,SKU009,327.61,28274,318,836.55,20
2026-04-19,Meta Ads,Prospecting - Broad,Advantage+ Broad,SKU002,38.68,2975,50,79.23,2
2026-04-20,Meta Ads,Prospecting - Broad,Advantage+ Broad,SKU005,175.42,19284,384,300.62,7
2026-04-21,Meta Ads,Prospecting - Broad,Advantage+ Broad,SKU003,25.54,3263,33,66.52,2
2026-04-22,Meta Ads,Prospecting - Broad,Advantage+ Broad,SKU006,272.87,24987,445,551.49,13
2026-04-23,Meta Ads,Prospecting - Broad,Advantage+ Broad,SKU001,231.37,20663,281,359.24,9
2026-04-24,Meta Ads,Prospecting - Broad,Advantage+ Broad,SKU004,77.18,10322,147,210.29,5
2026-04-25,Meta Ads,Prospecting - Broad,Advantage+ Broad,SKU001,256.7,30134,438,654.87,16
2026-04-26,Meta Ads,Prospecting - Broad,Advantage+ Broad,SKU005,260.13,20195,340,495.8,12
2026-04-27,Meta Ads,Prospecting - Broad,Advantage+ Broad,SKU003,19.18,2285,44,47.35,1
2026-04-28,Meta Ads,Prospecting - Broad,Advantage+ Broad,SKU007,36.44,2870,33,95.89,2
2026-04-29,Meta Ads,Prospecting - Broad,Advantage+ Broad,SKU001,359.13,32277,262,640.34,15
2026-04-30,Meta Ads,Prospecting - Broad,Advantage+ Broad,SKU006,115.54,10093,129,381.01,9
2026-05-01,Meta Ads,Prospecting - Broad,Advantage+ Broad,SKU002,213.11,19390,325,501.64,12
2026-05-02,Meta Ads,Prospecting - Broad,Advantage+ Broad,SKU004,122.78,10552,150,241.91,6
2026-05-03,Meta Ads,Prospecting - Broad,Advantage+ Broad,SKU001,191.62,16519,312,502.8,12
2026-05-04,Meta Ads,Prospecting - Broad,Advantage+ Broad,SKU006,92.4,8947,143,235.07,6
2026-05-05,Meta Ads,Prospecting - Broad,Advantage+ Broad,SKU008,28.42,2879,48,65.31,2
2026-05-06,Meta Ads,Prospecting - Broad,Advantage+ Broad,SKU001,87.88,11688,145,222.04,5
2026-05-07,Meta Ads,Prospecting - Broad,Advantage+ Broad,SKU006,115.82,11036,98,290.62,7
2026-05-08,Meta Ads,Prospecting - Broad,Advantage+ Broad,SKU007,192.8,19643,222,438.33,10
2026-05-09,Meta Ads,Prospecting - Broad,Advantage+ Broad,SKU007,40.69,4322,78,74.3,2
2026-05-10,Meta Ads,Prospecting - Broad,Advantage+ Broad,SKU003,170.91,24080,419,327.15,8
2026-05-11,Meta Ads,Prospecting - Broad,Advantage+ Broad,SKU001,22.89,2463,33,41.86,1
2026-05-12,Meta Ads,Prospecting - Broad,Advantage+ Broad,SKU004,57.93,5588,93,106.65,3
2026-05-13,Meta Ads,Prospecting - Broad,Advantage+ Broad,SKU009,174.92,14371,148,369.7,9
2026-05-14,Meta Ads,Prospecting - Broad,Advantage+ Broad,SKU009,101.79,9339,90,254.3,6
2026-05-15,Meta Ads,Prospecting - Broad,Advantage+ Broad,SKU010,89.1,10765,156,258.24,6
2026-05-16,Meta Ads,Prospecting - Broad,Advantage+ Broad,SKU011,93.76,8409,162,278.43,7
2026-05-17,Meta Ads,Prospecting - Broad,Advantage+ Broad,SKU006,316.47,25405,349,722.6,17
2026-05-18,Meta Ads,Prospecting - Broad,Advantage+ Broad,SKU009,162.55,15770,147,373.24,9
2026-05-19,Meta Ads,Prospecting - Broad,Advantage+ Broad,SKU001,231.71,18762,155,522.68,12
2026-05-20,Meta Ads,Prospecting - Broad,Advantage+ Broad,SKU006,96.29,11544,145,275.03,7
2026-05-21,Meta Ads,Prospecting - Broad,Advantage+ Broad,SKU001,30.17,4119,47,65.41,2
2026-05-22,Meta Ads,Prospecting - Broad,Advantage+ Broad,SKU005,170.71,13818,204,481.25,11
2026-05-23,Meta Ads,Prospecting - Broad,Advantage+ Broad,SKU003,94.27,10188,201,178.68,4
2026-05-24,Meta Ads,Prospecting - Broad,Advantage+ Broad,SKU003,198.98,16956,139,396.51,9
2026-05-25,Meta Ads,Prospecting - Broad,Advantage+ Broad,SKU003,176.9,19090,306,505.23,12
2026-05-26,Meta Ads,Prospecting - Broad,Advantage+ Broad,SKU003,187.83,19506,211,460.47,11
2026-05-27,Meta Ads,Prospecting - Broad,Advantage+ Broad,SKU003,29.9,3221,61,91.24,2
2026-05-28,Meta Ads,Prospecting - Broad,Advantage+ Broad,SKU001,115.87,14603,146,221.51,5
2026-05-29,Meta Ads,Prospecting - Broad,Advantage+ Broad,SKU010,86.49,10204,138,198.15,5
2026-05-30,Meta Ads,Prospecting - Broad,Advantage+ Broad,SKU012,20.33,1818,33,47.94,1
2026-05-31,Meta Ads,Prospecting - Broad,Advantage+ Broad,SKU004,12.66,1174,15,6.33,0
2026-06-01,Meta Ads,Prospecting - Broad,Advantage+ Broad,SKU002,79.39,6537,75,143.48,3
2026-06-02,Meta Ads,Prospecting - Broad,Advantage+ Broad,SKU005,34.08,3665,38,87.86,2
2026-06-03,Meta Ads,Prospecting - Broad,Advantage+ Broad,SKU008,63.23,7449,119,179.37,4
2026-06-04,Meta Ads,Prospecting - Broad,Advantage+ Broad,SKU004,101.77,8205,87,286.23,7
2026-06-05,Meta Ads,Prospecting - Broad,Advantage+ Broad,SKU005,43.59,5540,105,117.05,3
2026-06-06,Meta Ads,Prospecting - Broad,Advantage+ Broad,SKU001,12.2,1155,11,6.98,0
2026-06-07,Meta Ads,Prospecting - Broad,Advantage+ Broad,SKU001,133.68,11788,158,359.52,9
2026-06-08,Meta Ads,Prospecting - Broad,Advantage+ Broad,SKU012,40.49,3537,70,108.74,3
2026-06-09,Meta Ads,Prospecting - Broad,Advantage+ Broad,SKU002,19.15,1671,20,15.99,0
2026-06-10,Meta Ads,Prospecting - Broad,Advantage+ Broad,SKU002,70.5,5841,60,176.76,4
2026-06-11,Meta Ads,Prospecting - Broad,Advantage+ Broad,SKU003,167.44,13559,202,362.41,9
2026-06-12,Meta Ads,Prospecting - Broad,Advantage+ Broad,SKU002,23.37,3223,28,38.73,1
2026-06-13,Meta Ads,Prospecting - Broad,Advantage+ Broad,SKU010,44.29,4483,89,82.98,2
2026-06-14,Meta Ads,Prospecting - Broad,Advantage+ Broad,SKU005,33.81,3005,59,62.42,1
2026-06-15,Meta Ads,Prospecting - Broad,Advantage+ Broad,SKU004,176.42,24276,369,306.48,7
2026-06-16,Meta Ads,Prospecting - Broad,Advantage+ Broad,SKU009,171.17,14487,203,473.1,11
2026-06-17,Meta Ads,Prospecting - Broad,Advantage+ Broad,SKU009,65.61,8950,143,131.52,3
2026-06-18,Meta Ads,Prospecting - Broad,Advantage+ Broad,SKU006,301.38,33956,459,607.88,14
2026-06-19,Meta Ads,Prospecting - Broad,Advantage+ Broad,SKU008,140.91,14661,207,320.29,8
2026-06-20,Meta Ads,Prospecting - Broad,Advantage+ Broad,SKU004,17.64,1858,19,10.17,0
2026-06-21,Meta Ads,Prospecting - Broad,Advantage+ Broad,SKU006,78.7,7644,119,148.15,4
2026-06-22,Meta Ads,Prospecting - Broad,Advantage+ Broad,SKU008,27.3,2242,22,81.28,2
2026-06-23,Meta Ads,Prospecting - Broad,Advantage+ Broad,SKU009,125.81,10023,193,303.41,7
2026-06-24,Meta Ads,Prospecting - Broad,Advantage+ Broad,SKU008,62.74,4934,59,160.55,4
2026-06-25,Meta Ads,Prospecting - Broad,Advantage+ Broad,SKU006,114.81,10848,175,323.24,8
2026-06-26,Meta Ads,Prospecting - Broad,Advantage+ Broad,SKU007,15.74,1457,26,7.93,0
2026-06-27,Meta Ads,Prospecting - Broad,Advantage+ Broad,SKU007,67.89,8015,106,138.55,3
2026-06-28,Meta Ads,Prospecting - Broad,Advantage+ Broad,SKU004,132.57,11332,112,323.28,8
2026-06-29,Meta Ads,Prospecting - Broad,Advantage+ Broad,SKU010,97.51,7958,86,209.72,5
2026-06-30,Meta Ads,Prospecting - Broad,Advantage+ Broad,SKU012,53.28,4818,85,104.65,2
2026-07-01,Meta Ads,Prospecting - Broad,Advantage+ Broad,SKU005,37.67,3374,62,91.06,2
2026-07-02,Meta Ads,Prospecting - Broad,Advantage+ Broad,SKU004,12.46,1231,12,4.21,0
2026-07-03,Meta Ads,Prospecting - Broad,Advantage+ Broad,SKU008,60.69,5223,77,157.29,4
2026-07-04,Meta Ads,Prospecting - Broad,Advantage+ Broad,SKU012,221.01,25672,286,439.91,10
2026-07-05,Meta Ads,Prospecting - Broad,Advantage+ Broad,SKU002,130.32,13080,169,273.48,7
2026-07-06,Meta Ads,Prospecting - Broad,Advantage+ Broad,SKU007,193.49,20172,325,364.13,9
2026-07-07,Meta Ads,Prospecting - Broad,Advantage+ Broad,SKU002,16.08,1842,25,39.22,1
2026-07-08,Meta Ads,Prospecting - Broad,Advantage+ Broad,SKU005,86.98,8572,122,225.36,5
2026-07-09,Meta Ads,Prospecting - Broad,Advantage+ Broad,SKU004,74.99,8877,171,156.2,4
2026-07-10,Meta Ads,Prospecting - Broad,Advantage+ Broad,SKU001,390.68,44268,807,758.32,18
2026-07-11,Meta Ads,Prospecting - Broad,Advantage+ Broad,SKU010,21.32,1722,31,74.17,2
2026-07-12,Meta Ads,Prospecting - Broad,Advantage+ Broad,SKU007,117.12,13643,216,362.5,9
2026-07-13,Meta Ads,Prospecting - Broad,Advantage+ Broad,SKU007,147.96,11863,210,385.0,9
2026-07-14,Meta Ads,Prospecting - Broad,Advantage+ Broad,SKU002,89.27,7695,98,150.59,4
2026-07-15,Meta Ads,Prospecting - Broad,Advantage+ Broad,SKU008,55.4,4606,68,128.52,3
2026-07-16,Meta Ads,Prospecting - Broad,Advantage+ Broad,SKU002,126.38,10324,92,256.46,6
2026-07-17,Meta Ads,Prospecting - Broad,Advantage+ Broad,SKU005,17.38,2451,33,6.15,0
2026-07-18,Meta Ads,Prospecting - Broad,Advantage+ Broad,SKU002,39.55,5288,72,127.45,3
2026-07-19,Meta Ads,Prospecting - Broad,Advantage+ Broad,SKU003,77.9,8413,144,147.91,4
2026-07-20,Meta Ads,Prospecting - Broad,Advantage+ Broad,SKU008,65.41,5495,107,131.87,3
2026-07-21,Meta Ads,Prospecting - Broad,Advantage+ Broad,SKU003,24.68,1996,21,68.88,2
2026-07-22,Meta Ads,Prospecting - Broad,Advantage+ Broad,SKU008,51.33,6818,79,112.96,3
2026-07-23,Meta Ads,Prospecting - Broad,Advantage+ Broad,SKU003,107.34,8906,84,206.12,5
2026-07-24,Meta Ads,Prospecting - Broad,Advantage+ Broad,SKU008,201.33,27421,313,422.92,10
2026-07-25,Meta Ads,Prospecting - Broad,Advantage+ Broad,SKU001,140.46,16736,135,242.18,6
2026-07-26,Meta Ads,Prospecting - Broad,Advantage+ Broad,SKU011,100.27,10255,160,337.73,8
2026-07-27,Meta Ads,Prospecting - Broad,Advantage+ Broad,SKU011,23.91,2041,19,53.82,1
2026-07-28,Meta Ads,Prospecting - Broad,Advantage+ Broad,SKU010,307.79,39777,649,613.79,15
2026-07-29,Meta Ads,Prospecting - Broad,Advantage+ Broad,SKU011,141.51,13475,139,347.45,8
2026-07-30,Meta Ads,Prospecting - Broad,Advantage+ Broad,SKU004,43.37,3704,64,138.99,3
2026-07-31,Meta Ads,Prospecting - Broad,Advantage+ Broad,SKU003,100.65,12703,234,190.79,5
2026-08-01,Meta Ads,Prospecting - Broad,Advantage+ Broad,SKU004,67.95,9669,163,130.45,3
2026-08-02,Meta Ads,Prospecting - Broad,Advantage+ Broad,SKU007,122.28,9631,149,263.7,6
2026-08-03,Meta Ads,Prospecting - Broad,Advantage+ Broad,SKU008,14.02,1364,16,7.68,0
2026-08-04,Meta Ads,Prospecting - Broad,Advantage+ Broad,SKU008,25.31,1969,18,65.49,2
2026-08-05,Meta Ads,Prospecting - Broad,Advantage+ Broad,SKU001,104.48,8350,96,187.26,4
2026-08-06,Meta Ads,Prospecting - Broad,Advantage+ Broad,SKU001,84.93,11851,191,179.31,4
2026-08-07,Meta Ads,Prospecting - Broad,Advantage+ Broad,SKU004,63.66,6872,102,149.9,4
2026-08-08,Meta Ads,Prospecting - Broad,Advantage+ Broad,SKU003,19.87,2293,36,36.57,1
2026-08-09,Meta Ads,Prospecting - Broad,Advantage+ Broad,SKU004,124.28,14601,187,235.35,6
2026-08-10,Meta Ads,Prospecting - Broad,Advantage+ Broad,SKU011,18.19,1751,33,18.7,0
2026-08-11,Meta Ads,Prospecting - Broad,Advantage+ Broad,SKU005,142.42,11554,178,342.89,8
2026-08-12,Meta Ads,Prospecting - Broad,Advantage+ Broad,SKU001,165.29,13688,116,293.03,7
2026-08-13,Meta Ads,Prospecting - Broad,Advantage+ Broad,SKU001,158.86,16960,166,317.18,8
2026-08-14,Meta Ads,Prospecting - Broad,Advantage+ Broad,SKU001,139.01,10759,125,323.21,8
2026-08-15,Meta Ads,Prospecting - Broad,Advantage+ Broad,SKU008,122.43,10852,125,301.88,7
2026-08-16,Meta Ads,Prospecting - Broad,Advantage+ Broad,SKU003,287.77,22472,324,549.03,13
2026-08-17,Meta Ads,Prospecting - Broad,Advantage+ Broad,SKU006,12.83,1246,14,6.69,0
2026-08-18,Meta Ads,Prospecting - Broad,Advantage+ Broad,SKU001,20.8,1871,29,42.79,1
2026-08-19,Meta Ads,Prospecting - Broad,Advantage+ Broad,SKU012,70.13,5643,99,180.12,4
2026-08-20,Meta Ads,Prospecting - Broad,Advantage+ Broad,SKU004,263.96,22419,277,544.78,13
2026-08-21,Meta Ads,Prospecting - Broad,Advantage+ Broad,SKU001,68.2,7827,123,176.11,4
2026-08-22,Meta Ads,Prospecting - Broad,Advantage+ Broad,SKU002,465.77,37005,443,960.53,23
2026-08-23,Meta Ads,Prospecting - Broad,Advantage+ Broad,SKU003,12.28,1734,28,4.15,0
2026-08-24,Meta Ads,Prospecting - Broad,Advantage+ Broad,SKU006,63.77,8315,143,165.32,4
2026-08-25,Meta Ads,Prospecting - Broad,Advantage+ Broad,SKU001,119.34,11494,169,298.68,7
2026-08-26,Meta Ads,Prospecting - Broad,Advantage+ Broad,SKU003,327.28,28986,513,586.04,14
2026-08-27,Meta Ads,Prospecting - Broad,Advantage+ Broad,SKU006,323.55,34225,400,698.22,17
2026-08-28,Meta Ads,Prospecting - Broad,Advantage+ Broad,SKU004,18.23,2057,32,18.69,0
2026-08-29,Meta Ads,Prospecting - Broad,Advantage+ Broad,SKU001,76.18,7478,148,122.74,3
2026-08-30,Meta Ads,Prospecting - Broad,Advantage+ Broad,SKU002,27.88,2381,41,55.17,1
2026-08-31,Meta Ads,Prospecting - Broad,Advantage+ Broad,SKU005,18.14,1958,20,8.23,0
2026-09-01,Meta Ads,Prospecting - Broad,Advantage+ Broad,SKU003,152.01,16590,141,351.98,8
2026-09-02,Meta Ads,Prospecting - Broad,Advantage+ Broad,SKU003,206.68,27865,490,423.32,10
2026-09-03,Meta Ads,Prospecting - Broad,Advantage+ Broad,SKU001,122.27,9515,81,375.45,9
2026-09-04,Meta Ads,Prospecting - Broad,Advantage+ Broad,SKU008,148.05,17448,139,451.82,11
2026-09-05,Meta Ads,Prospecting - Broad,Advantage+ Broad,SKU011,221.28,31249,469,376.9,9
2026-09-06,Meta Ads,Prospecting - Broad,Advantage+ Broad,SKU003,64.02,6320,81,167.05,4
2026-09-07,Meta Ads,Prospecting - Broad,Advantage+ Broad,SKU008,58.86,7066,140,113.32,3
2026-09-08,Meta Ads,Prospecting - Broad,Advantage+ Broad,SKU011,177.35,14910,245,396.45,9
2026-09-09,Meta Ads,Prospecting - Broad,Advantage+ Broad,SKU003,86.04,6816,114,206.69,5
2026-09-10,Meta Ads,Prospecting - Broad,Advantage+ Broad,SKU009,75.89,8242,124,148.01,4
2026-09-11,Meta Ads,Prospecting - Broad,Advantage+ Broad,SKU008,67.52,9010,157,140.81,3
2026-09-12,Meta Ads,Prospecting - Broad,Advantage+ Broad,SKU003,220.87,20756,397,561.83,13
2026-09-13,Meta Ads,Prospecting - Broad,Advantage+ Broad,SKU008,107.49,11714,124,278.91,7
2025-09-14,Meta Ads,Prospecting - Lookalike 1%,LAL 1% Purchasers,SKU003,13.62,1221,11,40.26,1
2025-09-15,Meta Ads,Prospecting - Lookalike 1%,LAL 1% Purchasers,SKU005,20.89,2600,24,54.6,1
2025-09-16,Meta Ads,Prospecting - Lookalike 1%,LAL 1% Purchasers,SKU004,122.31,13392,158,346.53,8
2025-09-17,Meta Ads,Prospecting - Lookalike 1%,LAL 1% Purchasers,SKU003,128.17,10680,159,396.5,9
2025-09-18,Meta Ads,Prospecting - Lookalike 1%,LAL 1% Purchasers,SKU011,320.41,31640,525,849.13,20
2025-09-19,Meta Ads,Prospecting - Lookalike 1%,LAL 1% Purchasers,SKU007,65.42,6366,124,184.58,4
2025-09-20,Meta Ads,Prospecting - Lookalike 1%,LAL 1% Purchasers,SKU006,210.15,23529,430,775.58,18
2025-09-21,Meta Ads,Prospecting - Lookalike 1%,LAL 1% Purchasers,SKU001,91.77,12525,159,310.22,7
2025-09-22,Meta Ads,Prospecting - Lookalike 1%,LAL 1% Purchasers,SKU008,87.47,10336,202,300.49,7
2025-09-23,Meta Ads,Prospecting - Lookalike 1%,LAL 1% Purchasers,SKU005,74.82,8526,79,279.06,7
2025-09-24,Meta Ads,Prospecting - Lookalike 1%,LAL 1% Purchasers,SKU008,106.65,9060,132,441.45,11
2025-09-25,Meta Ads,Prospecting - Lookalike 1%,LAL 1% Purchasers,SKU011,43.13,5186,99,149.01,4
2025-09-26,Meta Ads,Prospecting - Lookalike 1%,LAL 1% Purchasers,SKU004,25.2,2458,27,67.38,2
2025-09-27,Meta Ads,Prospecting - Lookalike 1%,LAL 1% Purchasers,SKU006,19.44,2085,33,8.93,0
2025-09-28,Meta Ads,Prospecting - Lookalike 1%,LAL 1% Purchasers,SKU009,81.19,10565,170,207.1,5
2025-09-29,Meta Ads,Prospecting - Lookalike 1%,LAL 1% Purchasers,SKU003,54.78,4430,81,132.54,3
2025-09-30,Meta Ads,Prospecting - Lookalike 1%,LAL 1% Purchasers,SKU003,54.77,7600,95,141.79,3
2025-10-01,Meta Ads,Prospecting - Lookalike 1%,LAL 1% Purchasers,SKU009,122.93,13318,222,441.93,11
2025-10-02,Meta Ads,Prospecting - Lookalike 1%,LAL 1% Purchasers,SKU009,51.01,4792,88,136.98,3
2025-10-03,Meta Ads,Prospecting - Lookalike 1%,LAL 1% Purchasers,SKU003,45.43,3884,58,151.0,4
2025-10-04,Meta Ads,Prospecting - Lookalike 1%,LAL 1% Purchasers,SKU005,15.04,1587,25,61.87,1
2025-10-05,Meta Ads,Prospecting - Lookalike 1%,LAL 1% Purchasers,SKU008,354.86,44858,595,1053.28,25
2025-10-06,Meta Ads,Prospecting - Lookalike 1%,LAL 1% Purchasers,SKU003,110.92,12136,206,434.06,10
2025-10-07,Meta Ads,Prospecting - Lookalike 1%,LAL 1% Purchasers,SKU002,146.04,16306,142,490.06,12
2025-10-08,Meta Ads,Prospecting - Lookalike 1%,LAL 1% Purchasers,SKU008,88.88,7928,73,241.07,6
2025-10-09,Meta Ads,Prospecting - Lookalike 1%,LAL 1% Purchasers,SKU002,33.43,4151,41,121.17,3
2025-10-10,Meta Ads,Prospecting - Lookalike 1%,LAL 1% Purchasers,SKU006,90.63,7851,121,290.23,7
2025-10-11,Meta Ads,Prospecting - Lookalike 1%,LAL 1% Purchasers,SKU012,59.99,6062,105,174.9,4
2025-10-12,Meta Ads,Prospecting - Lookalike 1%,LAL 1% Purchasers,SKU006,188.13,15337,180,446.23,11
2025-10-13,Meta Ads,Prospecting - Lookalike 1%,LAL 1% Purchasers,SKU003,19.33,2177,27,42.47,1
2025-10-14,Meta Ads,Prospecting - Lookalike 1%,LAL 1% Purchasers,SKU004,121.09,12784,111,354.12,8
2025-10-15,Meta Ads,Prospecting - Lookalike 1%,LAL 1% Purchasers,SKU006,19.24,1980,34,8.42,0
2025-10-16,Meta Ads,Prospecting - Lookalike 1%,LAL 1% Purchasers,SKU007,87.64,10751,116,202.79,5
2025-10-17,Meta Ads,Prospecting - Lookalike 1%,LAL 1% Purchasers,SKU008,142.44,18814,183,512.14,12
2025-10-18,Meta Ads,Prospecting - Lookalike 1%,LAL 1% Purchasers,SKU001,44.47,5915,55,102.8,2
2025-10-19,Meta Ads,Prospecting - Lookalike 1%,LAL 1% Purchasers,SKU003,15.83,2003,27,15.21,0
2025-10-20,Meta Ads,Prospecting - Lookalike 1%,LAL 1% Purchasers,SKU003,11.45,994,10,8.73,0
2025-10-21,Meta Ads,Prospecting - Lookalike 1%,LAL 1% Purchasers,SKU005,147.18,13297,249,450.37,11
2025-10-22,Meta Ads,Prospecting - Lookalike 1%,LAL 1% Purchasers,SKU005,20.69,2544,34,77.95,2
2025-10-23,Meta Ads,Prospecting - Lookalike 1%,LAL 1% Purchasers,SKU008,13.49,1293,23,59.73,1
2025-10-24,Meta Ads,Prospecting - Lookalike 1%,LAL 1% Purchasers,SKU003,61.68,7957,114,161.3,4
2025-10-25,Meta Ads,Prospecting - Lookalike 1%,LAL 1% Purchasers,SKU006,91.35,8400,150,215.65,5
2025-10-26,Meta Ads,Prospecting - Lookalike 1%,LAL 1% Purchasers,SKU006,22.62,1886,28,73.91,2
2025-10-27,Meta Ads,Prospecting - Lookalike 1%,LAL 1% Purchasers,SKU005,51.56,4500,64,157.94,4
2025-10-28,Meta Ads,Prospecting - Lookalike 1%,LAL 1% Purchasers,SKU001,11.63,961,19,7.05,0
2025-10-29,Meta Ads,Prospecting - Lookalike 1%,LAL 1% Purchasers,SKU003,46.09,3578,42,172.56,4
2025-10-30,Meta Ads,Prospecting - Lookalike 1%,LAL 1% Purchasers,SKU004,85.73,11496,229,248.03,6
2025-10-31,Meta Ads,Prospecting - Lookalike 1%,LAL 1% Purchasers,SKU012,11.79,1326,18,8.39,0
2025-11-01,Meta Ads,Prospecting - Lookalike 1%,LAL 1% Purchasers,SKU006,39.21,5436,92,104.65,2
2025-11-02,Meta Ads,Prospecting - Lookalike 1%,LAL 1% Purchasers,SKU001,38.16,5113,80,132.02,3
2025-11-03,Meta Ads,Prospecting - Lookalike 1%,LAL 1% Purchasers,SKU004,22.25,1824,21,81.37,2
2025-11-04,Meta Ads,Prospecting - Lookalike 1%,LAL 1% Purchasers,SKU006,159.61,18717,153,348.07,8
2025-11-05,Meta Ads,Prospecting - Lookalike 1%,LAL 1% Purchasers,SKU010,65.7,5593,55,242.8,6
2025-11-06,Meta Ads,Prospecting - Lookalike 1%,LAL 1% Purchasers,SKU003,72.9,7227,143,163.99,4
2025-11-07,Meta Ads,Prospecting - Lookalike 1%,LAL 1% Purchasers,SKU012,26.78,2540,38,89.62,2
2025-11-08,Meta Ads,Prospecting - Lookalike 1%,LAL 1% Purchasers,SKU005,122.92,17116,175,488.7,12
2025-11-09,Meta Ads,Prospecting - Lookalike 1%,LAL 1% Purchasers,SKU007,59.7,6575,56,174.55,4
2025-11-10,Meta Ads,Prospecting - Lookalike 1%,LAL 1% Purchasers,SKU006,96.66,8642,152,404.34,10
2025-11-11,Meta Ads,Prospecting - Lookalike 1%,LAL 1% Purchasers,SKU005,16.31,1349,24,17.83,0
2025-11-12,Meta Ads,Prospecting - Lookalike 1%,LAL 1% Purchasers,SKU005,15.78,2224,19,53.88,1
2025-11-13,Meta Ads,Prospecting - Lookalike 1%,LAL 1% Purchasers,SKU003,137.03,16535,222,373.78,9
2025-11-14,Meta Ads,Prospecting - Lookalike 1%,LAL 1% Purchasers,SKU008,76.94,9326,84,228.62,5
2025-11-15,Meta Ads,Prospecting - Lookalike 1%,LAL 1% Purchasers,SKU004,101.81,12591,189,319.96,8
2025-11-16,Meta Ads,Prospecting - Lookalike 1%,LAL 1% Purchasers,SKU012,16.95,2400,43,14.63,0
2025-11-17,Meta Ads,Prospecting - Lookalike 1%,LAL 1% Purchasers,SKU005,101.98,14542,213,456.66,11
2025-11-18,Meta Ads,Prospecting - Lookalike 1%,LAL 1% Purchasers,SKU006,76.25,7124,111,265.29,6
2025-11-19,Meta Ads,Prospecting - Lookalike 1%,LAL 1% Purchasers,SKU004,89.98,11322,131,337.78,8
2025-11-20,Meta Ads,Prospecting - Lookalike 1%,LAL 1% Purchasers,SKU003,12.47,1052,15,10.42,0
2025-11-21,Meta Ads,Prospecting - Lookalike 1%,LAL 1% Purchasers,SKU009,18.87,1880,19,15.26,0
2025-11-22,Meta Ads,Prospecting - Lookalike 1%,LAL 1% Purchasers,SKU011,89.86,6938,125,203.98,5
2025-11-23,Meta Ads,Prospecting - Lookalike 1%,LAL 1% Purchasers,SKU002,127.7,12562,200,309.66,7
2025-11-24,Meta Ads,Prospecting - Lookalike 1%,LAL 1% Purchasers,SKU009,316.27,36890,574,782.39,19
2025-11-25,Meta Ads,Prospecting - Lookalike 1%,LAL 1% Purchasers,SKU006,244.5,19675,392,814.74,19
2025-11-26,Meta Ads,Prospecting - Lookalike 1%,LAL 1% Purchasers,SKU004,135.27,11652,134,570.92,14
2025-11-27,Meta Ads,Prospecting - Lookalike 1%,LAL 1% Purchasers,SKU005,133.65,16220,137,356.75,8
2025-11-28,Meta Ads,Prospecting - Lookalike 1%,LAL 1% Purchasers,SKU006,365.97,28244,491,1209.97,29
2025-11-29,Meta Ads,Prospecting - Lookalike 1%,LAL 1% Purchasers,SKU006,416.8,45654,458,1164.21,28
2025-11-30,Meta Ads,Prospecting - Lookalike 1%,LAL 1% Purchasers,SKU008,212.13,24547,348,486.04,12
2025-12-01,Meta Ads,Prospecting - Lookalike 1%,LAL 1% Purchasers,SKU001,428.19,36919,711,1143.41,27
2025-12-02,Meta Ads,Prospecting - Lookalike 1%,LAL 1% Purchasers,SKU007,407.98,43166,582,1065.81,25
2025-12-03,Meta Ads,Prospecting - Lookalike 1%,LAL 1% Purchasers,SKU006,14.42,1382,14,15.5,0
2025-12-04,Meta Ads,Prospecting - Lookalike 1%,LAL 1% Purchasers,SKU005,156.11,12903,206,512.65,12
2025-12-05,Meta Ads,Prospecting - Lookalike 1%,LAL 1% Purchasers,SKU001,290.47,37326,546,816.52,19
2025-12-06,Meta Ads,Prospecting - Lookalike 1%,LAL 1% Purchasers,SKU001,38.48,5180,66,140.9,3
2025-12-07,Meta Ads,Prospecting - Lookalike 1%,LAL 1% Purchasers,SKU006,177.16,14391,193,397.76,9
2025-12-08,Meta Ads,Prospecting - Lookalike 1%,LAL 1% Purchasers,SKU004,79.01,6125,84,283.75,7
2025-12-09,Meta Ads,Prospecting - Lookalike 1%,LAL 1% Purchasers,SKU004,19.07,1470,20,7.74,0
2025-12-10,Meta Ads,Prospecting - Lookalike 1%,LAL 1% Purchasers,SKU008,94.35,7902,154,271.84,6
2025-12-11,Meta Ads,Prospecting - Lookalike 1%,LAL 1% Purchasers,SKU002,65.62,6220,70,244.36,6
2025-12-12,Meta Ads,Prospecting - Lookalike 1%,LAL 1% Purchasers,SKU003,153.56,15188,260,428.38,10
2025-12-13,Meta Ads,Prospecting - Lookalike 1%,LAL 1% Purchasers,SKU009,211.13,21816,430,741.41,18
2025-12-14,Meta Ads,Prospecting - Lookalike 1%,LAL 1% Purchasers,SKU003,152.69,12580,178,611.3,15
2025-12-15,Meta Ads,Prospecting - Lookalike 1%,LAL 1% Purchasers,SKU003,127.04,14873,221,306.36,7
2025-12-16,Meta Ads,Prospecting - Lookalike 1%,LAL 1% Purchasers,SKU005,49.72,6133,110,213.21,5
2025-12-17,Meta Ads,Prospecting - Lookalike 1%,LAL 1% Purchasers,SKU001,61.97,6200,123,251.42,6
2025-12-18,Meta Ads,Prospecting - Lookalike 1%,LAL 1% Purchasers,SKU006,88.39,10744,152,321.17,8
2025-12-19,Meta Ads,Prospecting - Lookalike 1%,LAL 1% Purchasers,SKU001,151.85,12977,184,370.78,9
2025-12-20,Meta Ads,Prospecting - Lookalike 1%,LAL 1% Purchasers,SKU004,249.39,25624,469,588.66,14
2025-12-21,Meta Ads,Prospecting - Lookalike 1%,LAL 1% Purchasers,SKU001,14.55,1459,22,39.82,1
2025-12-22,Meta Ads,Prospecting - Lookalike 1%,LAL 1% Purchasers,SKU001,87.55,8301,127,219.4,5
2025-12-23,Meta Ads,Prospecting - Lookalike 1%,LAL 1% Purchasers,SKU008,15.02,1599,17,12.2,0
2025-12-24,Meta Ads,Prospecting - Lookalike 1%,LAL 1% Purchasers,SKU003,30.46,2517,42,132.42,3
2025-12-25,Meta Ads,Prospecting - Lookalike 1%,LAL 1% Purchasers,SKU008,16.46,2018,34,6.9,0
2025-12-26,Meta Ads,Prospecting - Lookalike 1%,LAL 1% Purchasers,SKU007,105.28,10623,128,309.7,7
2025-12-27,Meta Ads,Prospecting - Lookalike 1%,LAL 1% Purchasers,SKU003,15.33,1474,17,45.29,1
2025-12-28,Meta Ads,Prospecting - Lookalike 1%,LAL 1% Purchasers,SKU001,19.23,2069,22,78.62,2
2025-12-29,Meta Ads,Prospecting - Lookalike 1%,LAL 1% Purchasers,SKU001,22.31,1987,30,77.42,2
2025-12-30,Meta Ads,Prospecting - Lookalike 1%,LAL 1% Purchasers,SKU010,169.83,17063,212,690.38,16
2025-12-31,Meta Ads,Prospecting - Lookalike 1%,LAL 1% Purchasers,SKU005,29.0,2789,36,102.88,2
2026-01-01,Meta Ads,Prospecting - Lookalike 1%,LAL 1% Purchasers,SKU007,22.56,2270,34,72.03,2
2026-01-02,Meta Ads,Prospecting - Lookalike 1%,LAL 1% Purchasers,SKU006,105.12,8193,104,295.2,7
2026-01-03,Meta Ads,Prospecting - Lookalike 1%,LAL 1% Purchasers,SKU001,29.6,3537,41,68.7,2
2026-01-04,Meta Ads,Prospecting - Lookalike 1%,LAL 1% Purchasers,SKU011,45.66,3821,73,110.03,3
2026-01-05,Meta Ads,Prospecting - Lookalike 1%,LAL 1% Purchasers,SKU001,75.36,6188,90,300.6,7
2026-01-06,Meta Ads,Prospecting - Lookalike 1%,LAL 1% Purchasers,SKU001,112.33,13850,199,311.03,7
2026-01-07,Meta Ads,Prospecting - Lookalike 1%,LAL 1% Purchasers,SKU011,100.44,8486,117,270.25,6
2026-01-08,Meta Ads,Prospecting - Lookalike 1%,LAL 1% Purchasers,SKU002,47.47,3952,46,160.06,4
2026-01-09,Meta Ads,Prospecting - Lookalike 1%,LAL 1% Purchasers,SKU004,98.47,11897,211,437.88,10
2026-01-10,Meta Ads,Prospecting - Lookalike 1%,LAL 1% Purchasers,SKU008,39.44,5387,56,155.46,4
2026-01-11,Meta Ads,Prospecting - Lookalike 1%,LAL 1% Purchasers,SKU001,22.18,2772,27,73.43,2
2026-01-12,Meta Ads,Prospecting - Lookalike 1%,LAL 1% Purchasers,SKU003,30.05,2759,30,101.74,2
2026-01-13,Meta Ads,Prospecting - Lookalike 1%,LAL 1% Purchasers,SKU003,70.76,6875,132,214.35,5
2026-01-14,Meta Ads,Prospecting - Lookalike 1%,LAL 1% Purchasers,SKU003,104.58,11463,226,393.01,9
2026-01-15,Meta Ads,Prospecting - Lookalike 1%,LAL 1% Purchasers,SKU004,64.4,8158,153,247.74,6
2026-01-16,Meta Ads,Prospecting - Lookalike 1%,LAL 1% Purchasers,SKU005,116.53,10151,188,271.42,6
2026-01-17,Meta Ads,Prospecting - Lookalike 1%,LAL 1% Purchasers,SKU006,45.49,4244,68,160.85,4
2026-01-18,Meta Ads,Prospecting - Lookalike 1%,LAL 1% Purchasers,SKU001,13.07,1341,18,46.78,1
2026-01-19,Meta Ads,Prospecting - Lookalike 1%,LAL 1% Purchasers,SKU001,36.28,2848,24,135.88,3
2026-01-20,Meta Ads,Prospecting - Lookalike 1%,LAL 1% Purchasers,SKU008,11.37,970,16,8.98,0
2026-01-21,Meta Ads,Prospecting - Lookalike 1%,LAL 1% Purchasers,SKU010,88.8,11410,163,370.25,9
2026-01-22,Meta Ads,Prospecting - Lookalike 1%,LAL 1% Purchasers,SKU004,41.53,3440,63,149.72,4
2026-01-23,Meta Ads,Prospecting - Lookalike 1%,LAL 1% Purchasers,SKU011,282.84,26484,301,758.5,18
2026-01-24,Meta Ads,Prospecting - Lookalike 1%,LAL 1% Purchasers,SKU007,52.3,6036,78,181.16,4
2026-01-25,Meta Ads,Prospecting - Lookalike 1%,LAL 1% Purchasers,SKU003,19.43,2599,45,47.27,1
2026-01-26,Meta Ads,Prospecting - Lookalike 1%,LAL 1% Purchasers,SKU010,18.33,1440,20,41.29,1
2026-01-27,Meta Ads,Prospecting - Lookalike 1%,LAL 1% Purchasers,SKU003,98.19,8516,99,265.93,6
2026-01-28,Meta Ads,Prospecting - Lookalike 1%,LAL 1% Purchasers,SKU005,75.89,7316,128,203.36,5
2026-01-29,Meta Ads,Prospecting - Lookalike 1%,LAL 1% Purchasers,SKU001,39.18,3684,48,112.92,3
2026-01-30,Meta Ads,Prospecting - Lookalike 1%,LAL 1% Purchasers,SKU003,18.12,2516,34,49.7,1
2026-01-31,Meta Ads,Prospecting - Lookalike 1%,LAL 1% Purchasers,SKU002,16.3,2173,32,42.71,1
2026-02-01,Meta Ads,Prospecting - Lookalike 1%,LAL 1% Purchasers,SKU003,41.95,5460,49,151.74,4
2026-02-02,Meta Ads,Prospecting - Lookalike 1%,LAL 1% Purchasers,SKU003,24.58,2535,36,66.69,2
2026-02-03,Meta Ads,Prospecting - Lookalike 1%,LAL 1% Purchasers,SKU002,69.14,5668,56,247.88,6
2026-02-04,Meta Ads,Prospecting - Lookalike 1%,LAL 1% Purchasers,SKU005,36.48,3372,27,118.8,3
2026-02-05,Meta Ads,Prospecting - Lookalike 1%,LAL 1% Purchasers,SKU002,53.06,4263,38,150.93,4
2026-02-06,Meta Ads,Prospecting - Lookalike 1%,LAL 1% Purchasers,SKU004,140.79,15513,183,341.78,8
2026-02-07,Meta Ads,Prospecting - Lookalike 1%,LAL 1% Purchasers,SKU002,211.56,16295,180,478.54,11
2026-02-08,Meta Ads,Prospecting - Lookalike 1%,LAL 1% Purchasers,SKU011,46.4,5036,87,129.65,3
2026-02-09,Meta Ads,Prospecting - Lookalike 1%,LAL 1% Purchasers,SKU006,74.28,8531,90,239.54,6
2026-02-10,Meta Ads,Prospecting - Lookalike 1%,LAL 1% Purchasers,SKU007,76.83,6002,104,178.88,4
2026-02-11,Meta Ads,Prospecting - Lookalike 1%,LAL 1% Purchasers,SKU006,145.21,11615,122,388.41,9
2026-02-12,Meta Ads,Prospecting - Lookalike 1%,LAL 1% Purchasers,SKU011,113.23,11628,109,263.77,6
2026-02-13,Meta Ads,Prospecting - Lookalike 1%,LAL 1% Purchasers,SKU003,53.95,6908,78,190.27,5
2026-02-14,Meta Ads,Prospecting - Lookalike 1%,LAL 1% Purchasers,SKU008,83.07,8739,164,386.8,9
2026-02-15,Meta Ads,Prospecting - Lookalike 1%,LAL 1% Purchasers,SKU005,140.42,17543,180,451.97,11
2026-02-16,Meta Ads,Prospecting - Lookalike 1%,LAL 1% Purchasers,SKU003,347.78,46484,867,920.05,22
2026-02-17,Meta Ads,Prospecting - Lookalike 1%,LAL 1% Purchasers,SKU001,162.73,21091,356,386.79,9
2026-02-18,Meta Ads,Prospecting - Lookalike 1%,LAL 1% Purchasers,SKU001,53.95,6978,60,196.25,5
2026-02-19,Meta Ads,Prospecting - Lookalike 1%,LAL 1% Purchasers,SKU005,89.82,8667,124,292.74,7
2026-02-20,Meta Ads,Prospecting - Lookalike 1%,LAL 1% Purchasers,SKU003,170.12,15353,279,505.48,12
2026-02-21,Meta Ads,Prospecting - Lookalike 1%,LAL 1% Purchasers,SKU003,134.82,18505,248,460.36,11
2026-02-22,Meta Ads,Prospecting - Lookalike 1%,LAL 1% Purchasers,SKU001,28.53,3543,37,105.01,3
2026-02-23,Meta Ads,Prospecting - Lookalike 1%,LAL 1% Purchasers,SKU003,60.79,6527,102,184.63,4
2026-02-24,Meta Ads,Prospecting - Lookalike 1%,LAL 1% Purchasers,SKU011,83.75,10153,140,220.11,5
2026-02-25,Meta Ads,Prospecting - Lookalike 1%,LAL 1% Purchasers,SKU005,199.88,21076,322,515.75,12
2026-02-26,Meta Ads,Prospecting - Lookalike 1%,LAL 1% Purchasers,SKU006,93.33,9011,77,283.83,7
2026-02-27,Meta Ads,Prospecting - Lookalike 1%,LAL 1% Purchasers,SKU004,88.19,8267,99,263.46,6
2026-02-28,Meta Ads,Prospecting - Lookalike 1%,LAL 1% Purchasers,SKU008,108.5,13622,259,260.39,6
2026-03-01,Meta Ads,Prospecting - Lookalike 1%,LAL 1% Purchasers,SKU003,117.3,12430,164,300.02,7
2026-03-02,Meta Ads,Prospecting - Lookalike 1%,LAL 1% Purchasers,SKU010,11.8,995,13,5.97,0
2026-03-03,Meta Ads,Prospecting - Lookalike 1%,LAL 1% Purchasers,SKU011,22.4,1979,35,59.19,1
2026-03-04,Meta Ads,Prospecting - Lookalike 1%,LAL 1% Purchasers,SKU006,41.96,3565,70,136.34,3
2026-03-05,Meta Ads,Prospecting - Lookalike 1%,LAL 1% Purchasers,SKU001,106.68,14589,257,330.81,8
2026-03-06,Meta Ads,Prospecting - Lookalike 1%,LAL 1% Purchasers,SKU007,100.46,11627,103,238.7,6
2026-03-07,Meta Ads,Prospecting - Lookalike 1%,LAL 1% Purchasers,SKU007,19.25,1815,24,11.21,0
2026-03-08,Meta Ads,Prospecting - Lookalike 1%,LAL 1% Purchasers,SKU005,222.25,22641,367,583.53,14
2026-03-09,Meta Ads,Prospecting - Lookalike 1%,LAL 1% Purchasers,SKU003,66.83,5549,56,197.86,5
2026-03-10,Meta Ads,Prospecting - Lookalike 1%,LAL 1% Purchasers,SKU008,64.09,6316,63,168.99,4
2026-03-11,Meta Ads,Prospecting - Lookalike 1%,LAL 1% Purchasers,SKU008,82.94,7297,61,305.63,7
2026-03-12,Meta Ads,Prospecting - Lookalike 1%,LAL 1% Purchasers,SKU003,110.23,8727,82,321.19,8
2026-03-13,Meta Ads,Prospecting - Lookalike 1%,LAL 1% Purchasers,SKU003,79.04,11183,197,242.4,6
2026-03-14,Meta Ads,Prospecting - Lookalike 1%,LAL 1% Purchasers,SKU002,97.88,10459,157,297.57,7
2026-03-15,Meta Ads,Prospecting - Lookalike 1%,LAL 1% Purchasers,SKU006,85.7,7915,84,276.75,7
2026-03-16,Meta Ads,Prospecting - Lookalike 1%,LAL 1% Purchasers,SKU008,32.28,2542,27,117.14,3
2026-03-17,Meta Ads,Prospecting - Lookalike 1%,LAL 1% Purchasers,SKU001,140.9,12418,162,526.32,13
2026-03-18,Meta Ads,Prospecting - Lookalike 1%,LAL 1% Purchasers,SKU003,37.67,4569,43,84.63,2
2026-03-19,Meta Ads,Prospecting - Lookalike 1%,LAL 1% Purchasers,SKU006,12.64,1077,19,39.14,1
2026-03-20,Meta Ads,Prospecting - Lookalike 1%,LAL 1% Purchasers,SKU001,461.27,54674,952,1309.16,31
2026-03-21,Meta Ads,Prospecting - Lookalike 1%,LAL 1% Purchasers,SKU006,139.55,14144,171,376.97,9
2026-03-22,Meta Ads,Prospecting - Lookalike 1%,LAL 1% Purchasers,SKU007,30.71,4214,47,92.73,2
2026-03-23,Meta Ads,Prospecting - Lookalike 1%,LAL 1% Purchasers,SKU004,108.58,14338,152,346.4,8
2026-03-24,Meta Ads,Prospecting - Lookalike 1%,LAL 1% Purchasers,SKU002,141.32,12693,122,393.01,9
2026-03-25,Meta Ads,Prospecting - Lookalike 1%,LAL 1% Purchasers,SKU004,73.13,7599,108,234.15,6
2026-03-26,Meta Ads,Prospecting - Lookalike 1%,LAL 1% Purchasers,SKU006,80.12,10829,114,226.48,5
2026-03-27,Meta Ads,Prospecting - Lookalike 1%,LAL 1% Purchasers,SKU006,29.95,2686,43,105.86,3
2026-03-28,Meta Ads,Prospecting - Lookalike 1%,LAL 1% Purchasers,SKU002,184.13,19498,185,500.75,12
2026-03-29,Meta Ads,Prospecting - Lookalike 1%,LAL 1% Purchasers,SKU008,145.62,13873,195,504.78,12
2026-03-30,Meta Ads,Prospecting - Lookalike 1%,LAL 1% Purchasers,SKU009,73.14,7187,96,224.97,5
2026-03-31,Meta Ads,Prospecting - Lookalike 1%,LAL 1% Purchasers,SKU001,15.8,1803,15,9.61,0
2026-04-01,Meta Ads,Prospecting - Lookalike 1%,LAL 1% Purchasers,SKU003,150.16,12467,248,450.53,11
2026-04-02,Meta Ads,Prospecting - Lookalike 1%,LAL 1% Purchasers,SKU001,11.65,1080,10,6.62,0
2026-04-03,Meta Ads,Prospecting - Lookalike 1%,LAL 1% Purchasers,SKU006,87.51,12497,161,291.2,7
2026-04-04,Meta Ads,Prospecting - Lookalike 1%,LAL 1% Purchasers,SKU004,150.63,19825,230,417.76,10
2026-04-05,Meta Ads,Prospecting - Lookalike 1%,LAL 1% Purchasers,SKU002,104.41,11189,98,381.34,9
2026-04-06,Meta Ads,Prospecting - Lookalike 1%,LAL 1% Purchasers,SKU002,148.86,18505,364,361.2,9
2026-04-07,Meta Ads,Prospecting - Lookalike 1%,LAL 1% Purchasers,SKU011,125.41,11322,93,350.34,8
2026-04-08,Meta Ads,Prospecting - Lookalike 1%,LAL 1% Purchasers,SKU002,96.92,13728,110,272.38,6
2026-04-09,Meta Ads,Prospecting - Lookalike 1%,LAL 1% Purchasers,SKU003,62.5,5447,85,175.09,4
2026-04-10,Meta Ads,Prospecting - Lookalike 1%,LAL 1% Purchasers,SKU011,106.92,12970,161,367.68,9
2026-04-11,Meta Ads,Prospecting - Lookalike 1%,LAL 1% Purchasers,SKU001,91.58,8201,73,228.11,5
2026-04-12,Meta Ads,Prospecting - Lookalike 1%,LAL 1% Purchasers,SKU007,81.49,11043,113,212.93,5
2026-04-13,Meta Ads,Prospecting - Lookalike 1%,LAL 1% Purchasers,SKU004,64.44,7207,132,263.87,6
2026-04-14,Meta Ads,Prospecting - Lookalike 1%,LAL 1% Purchasers,SKU006,121.9,14246,133,389.18,9
2026-04-15,Meta Ads,Prospecting - Lookalike 1%,LAL 1% Purchasers,SKU001,24.61,2682,22,94.03,2
2026-04-16,Meta Ads,Prospecting - Lookalike 1%,LAL 1% Purchasers,SKU003,12.5,1054,9,12.39,0
2026-04-17,Meta Ads,Prospecting - Lookalike 1%,LAL 1% Purchasers,SKU003,98.2,11580,150,269.72,6
2026-04-18,Meta Ads,Prospecting - Lookalike 1%,LAL 1% Purchasers,SKU009,55.79,6424,80,123.6,3
2026-04-19,Meta Ads,Prospecting - Lookalike 1%,LAL 1% Purchasers,SKU004,225.72,25489,427,631.95,15
2026-04-20,Meta Ads,Prospecting - Lookalike 1%,LAL 1% Purchasers,SKU002,102.81,9616,113,274.77,7
2026-04-21,Meta Ads,Prospecting - Lookalike 1%,LAL 1% Purchasers,SKU010,30.24,2829,49,96.11,2
2026-04-22,Meta Ads,Prospecting - Lookalike 1%,LAL 1% Purchasers,SKU004,14.49,1913,19,45.99,1
2026-04-23,Meta Ads,Prospecting - Lookalike 1%,LAL 1% Purchasers,SKU008,106.84,9027,94,410.75,10
2026-04-24,Meta Ads,Prospecting - Lookalike 1%,LAL 1% Purchasers,SKU003,140.27,14871,210,344.86,8
2026-04-25,Meta Ads,Prospecting - Lookalike 1%,LAL 1% Purchasers,SKU008,50.23,6187,66,201.47,5
2026-04-26,Meta Ads,Prospecting - Lookalike 1%,LAL 1% Purchasers,SKU001,29.75,3275,52,71.94,2
2026-04-27,Meta Ads,Prospecting - Lookalike 1%,LAL 1% Purchasers,SKU009,105.63,8552,120,306.79,7
2026-04-28,Meta Ads,Prospecting - Lookalike 1%,LAL 1% Purchasers,SKU002,172.37,13841,120,465.9,11
2026-04-29,Meta Ads,Prospecting - Lookalike 1%,LAL 1% Purchasers,SKU004,100.63,7800,107,368.15,9
2026-04-30,Meta Ads,Prospecting - Lookalike 1%,LAL 1% Purchasers,SKU006,170.81,17363,259,483.86,12
2026-05-01,Meta Ads,Prospecting - Lookalike 1%,LAL 1% Purchasers,SKU010,21.85,1750,17,86.04,2
2026-05-02,Meta Ads,Prospecting - Lookalike 1%,LAL 1% Purchasers,SKU001,44.99,4338,62,119.31,3
2026-05-03,Meta Ads,Prospecting - Lookalike 1%,LAL 1% Purchasers,SKU007,69.87,6789,128,205.92,5
2026-05-04,Meta Ads,Prospecting - Lookalike 1%,LAL 1% Purchasers,SKU005,33.51,4517,74,113.91,3
2026-05-05,Meta Ads,Prospecting - Lookalike 1%,LAL 1% Purchasers,SKU002,124.42,14455,158,342.47,8
2026-05-06,Meta Ads,Prospecting - Lookalike 1%,LAL 1% Purchasers,SKU003,277.22,21642,217,808.26,19
2026-05-07,Meta Ads,Prospecting - Lookalike 1%,LAL 1% Purchasers,SKU005,49.14,6191,114,132.59,3
2026-05-08,Meta Ads,Prospecting - Lookalike 1%,LAL 1% Purchasers,SKU003,82.77,6448,90,190.56,5
2026-05-09,Meta Ads,Prospecting - Lookalike 1%,LAL 1% Purchasers,SKU001,27.12,3669,56,105.07,3
2026-05-10,Meta Ads,Prospecting - Lookalike 1%,LAL 1% Purchasers,SKU008,77.43,8857,96,186.16,4
2026-05-11,Meta Ads,Prospecting - Lookalike 1%,LAL 1% Purchasers,SKU012,50.91,5719,59,172.23,4
2026-05-12,Meta Ads,Prospecting - Lookalike 1%,LAL 1% Purchasers,SKU008,52.67,5988,85,187.0,4
2026-05-13,Meta Ads,Prospecting - Lookalike 1%,LAL 1% Purchasers,SKU008,91.61,8333,117,268.61,6
2026-05-14,Meta Ads,Prospecting - Lookalike 1%,LAL 1% Purchasers,SKU003,18.4,2602,22,67.75,2
2026-05-15,Meta Ads,Prospecting - Lookalike 1%,LAL 1% Purchasers,SKU001,53.51,6002,72,117.13,3
2026-05-16,Meta Ads,Prospecting - Lookalike 1%,LAL 1% Purchasers,SKU004,47.35,4543,56,192.61,5
2026-05-17,Meta Ads,Prospecting - Lookalike 1%,LAL 1% Purchasers,SKU008,18.18,1518,13,16.82,0
2026-05-18,Meta Ads,Prospecting - Lookalike 1%,LAL 1% Purchasers,SKU004,91.73,9123,167,236.27,6
2026-05-19,Meta Ads,Prospecting - Lookalike 1%,LAL 1% Purchasers,SKU009,69.61,5884,54,277.76,7
2026-05-20,Meta Ads,Prospecting - Lookalike 1%,LAL 1% Purchasers,SKU003,23.66,2311,30,70.75,2
2026-05-21,Meta Ads,Prospecting - Lookalike 1%,LAL 1% Purchasers,SKU001,32.22,2828,22,108.78,3
2026-05-22,Meta Ads,Prospecting - Lookalike 1%,LAL 1% Purchasers,SKU003,51.08,4418,43,147.48,4
2026-05-23,Meta Ads,Prospecting - Lookalike 1%,LAL 1% Purchasers,SKU003,30.15,4038,76,80.72,2
2026-05-24,Meta Ads,Prospecting - Lookalike 1%,LAL 1% Purchasers,SKU008,263.97,25441,276,827.56,20
2026-05-25,Meta Ads,Prospecting - Lookalike 1%,LAL 1% Purchasers,SKU006,54.0,6152,80,170.91,4
2026-05-26,Meta Ads,Prospecting - Lookalike 1%,LAL 1% Purchasers,SKU005,16.79,1334,25,13.04,0
2026-05-27,Meta Ads,Prospecting - Lookalike 1%,LAL 1% Purchasers,SKU001,96.62,8017,101,298.56,7
2026-05-28,Meta Ads,Prospecting - Lookalike 1%,LAL 1% Purchasers,SKU001,15.29,1536,13,16.81,0
2026-05-29,Meta Ads,Prospecting - Lookalike 1%,LAL 1% Purchasers,SKU001,74.88,8902,71,279.59,7
2026-05-30,Meta Ads,Prospecting - Lookalike 1%,LAL 1% Purchasers,SKU008,154.05,16055,286,548.72,13
2026-05-31,Meta Ads,Prospecting - Lookalike 1%,LAL 1% Purchasers,SKU001,186.41,16904,324,584.45,14
2026-06-01,Meta Ads,Prospecting - Lookalike 1%,LAL 1% Purchasers,SKU007,153.55,18637,290,383.7,9
2026-06-02,Meta Ads,Prospecting - Lookalike 1%,LAL 1% Purchasers,SKU012,19.15,2651,41,62.4,1
2026-06-03,Meta Ads,Prospecting - Lookalike 1%,LAL 1% Purchasers,SKU006,12.7,1268,18,10.74,0
2026-06-04,Meta Ads,Prospecting - Lookalike 1%,LAL 1% Purchasers,SKU003,92.3,8342,114,218.13,5
2026-06-05,Meta Ads,Prospecting - Lookalike 1%,LAL 1% Purchasers,SKU010,63.67,9004,160,270.66,6
2026-06-06,Meta Ads,Prospecting - Lookalike 1%,LAL 1% Purchasers,SKU002,84.67,11911,224,213.23,5
2026-06-07,Meta Ads,Prospecting - Lookalike 1%,LAL 1% Purchasers,SKU006,120.27,11826,198,299.13,7
2026-06-08,Meta Ads,Prospecting - Lookalike 1%,LAL 1% Purchasers,SKU006,15.47,1235,18,38.87,1
2026-06-09,Meta Ads,Prospecting - Lookalike 1%,LAL 1% Purchasers,SKU006,28.16,2268,21,79.99,2
2026-06-10,Meta Ads,Prospecting - Lookalike 1%,LAL 1% Purchasers,SKU005,38.87,3527,50,165.17,4
2026-06-11,Meta Ads,Prospecting - Lookalike 1%,LAL 1% Purchasers,SKU010,55.46,5713,59,148.75,4
2026-06-12,Meta Ads,Prospecting - Lookalike 1%,LAL 1% Purchasers,SKU010,30.0,2461,28,100.49,2
2026-06-13,Meta Ads,Prospecting - Lookalike 1%,LAL 1% Purchasers,SKU002,67.7,7035,129,227.26,5
2026-06-14,Meta Ads,Prospecting - Lookalike 1%,LAL 1% Purchasers,SKU011,86.79,11936,137,354.06,8
2026-06-15,Meta Ads,Prospecting - Lookalike 1%,LAL 1% Purchasers,SKU007,11.44,1310,21,44.08,1
2026-06-16,Meta Ads,Prospecting - Lookalike 1%,LAL 1% Purchasers,SKU012,21.63,2950,44,55.18,1
2026-06-17,Meta Ads,Prospecting - Lookalike 1%,LAL 1% Purchasers,SKU006,73.04,10083,195,167.02,4
2026-06-18,Meta Ads,Prospecting - Lookalike 1%,LAL 1% Purchasers,SKU002,32.2,2522,29,116.03,3
2026-06-19,Meta Ads,Prospecting - Lookalike 1%,LAL 1% Purchasers,SKU004,20.76,2239,28,71.59,2
2026-06-20,Meta Ads,Prospecting - Lookalike 1%,LAL 1% Purchasers,SKU004,102.79,11337,172,275.44,7
2026-06-21,Meta Ads,Prospecting - Lookalike 1%,LAL 1% Purchasers,SKU003,128.59,14519,209,363.01,9
2026-06-22,Meta Ads,Prospecting - Lookalike 1%,LAL 1% Purchasers,SKU003,62.02,5484,73,189.99,5
2026-06-23,Meta Ads,Prospecting - Lookalike 1%,LAL 1% Purchasers,SKU006,104.07,14108,179,258.57,6
2026-06-24,Meta Ads,Prospecting - Lookalike 1%,LAL 1% Purchasers,SKU008,45.26,4009,61,124.12,3
2026-06-25,Meta Ads,Prospecting - Lookalike 1%,LAL 1% Purchasers,SKU005,286.21,23273,282,827.16,20
2026-06-26,Meta Ads,Prospecting - Lookalike 1%,LAL 1% Purchasers,SKU003,164.64,13483,117,414.33,10
2026-06-27,Meta Ads,Prospecting - Lookalike 1%,LAL 1% Purchasers,SKU007,33.19,2680,46,95.88,2
2026-06-28,Meta Ads,Prospecting - Lookalike 1%,LAL 1% Purchasers,SKU001,90.37,11410,141,237.76,6
2026-06-29,Meta Ads,Prospecting - Lookalike 1%,LAL 1% Purchasers,SKU006,54.22,4438,40,186.17,4
2026-06-30,Meta Ads,Prospecting - Lookalike 1%,LAL 1% Purchasers,SKU008,39.07,3925,49,130.76,3
2026-07-01,Meta Ads,Prospecting - Lookalike 1%,LAL 1% Purchasers,SKU010,64.77,7374,89,270.25,6
2026-07-02,Meta Ads,Prospecting - Lookalike 1%,LAL 1% Purchasers,SKU001,161.21,19783,298,478.13,11
2026-07-03,Meta Ads,Prospecting - Lookalike 1%,LAL 1% Purchasers,SKU005,125.46,11578,171,271.22,6
2026-07-04,Meta Ads,Prospecting - Lookalike 1%,LAL 1% Purchasers,SKU005,95.81,11586,222,412.08,10
2026-07-05,Meta Ads,Prospecting - Lookalike 1%,LAL 1% Purchasers,SKU004,348.73,44970,464,785.66,19
2026-07-06,Meta Ads,Prospecting - Lookalike 1%,LAL 1% Purchasers,SKU008,13.73,1406,13,38.05,1
2026-07-07,Meta Ads,Prospecting - Lookalike 1%,LAL 1% Purchasers,SKU011,32.5,3336,40,131.03,3
2026-07-08,Meta Ads,Prospecting - Lookalike 1%,LAL 1% Purchasers,SKU008,33.49,4095,71,108.77,3
2026-07-09,Meta Ads,Prospecting - Lookalike 1%,LAL 1% Purchasers,SKU007,117.09,11754,188,449.65,11
2026-07-10,Meta Ads,Prospecting - Lookalike 1%,LAL 1% Purchasers,SKU010,169.85,15319,174,446.03,11
2026-07-11,Meta Ads,Prospecting - Lookalike 1%,LAL 1% Purchasers,SKU008,14.18,1984,33,10.74,0
2026-07-12,Meta Ads,Prospecting - Lookalike 1%,LAL 1% Purchasers,SKU012,81.15,6374,55,280.0,7
2026-07-13,Meta Ads,Prospecting - Lookalike 1%,LAL 1% Purchasers,SKU011,61.5,5625,46,228.18,5
2026-07-14,Meta Ads,Prospecting - Lookalike 1%,LAL 1% Purchasers,SKU004,28.23,3816,65,89.84,2
2026-07-15,Meta Ads,Prospecting - Lookalike 1%,LAL 1% Purchasers,SKU002,31.83,3761,30,74.59,2
2026-07-16,Meta Ads,Prospecting - Lookalike 1%,LAL 1% Purchasers,SKU011,220.55,20251,303,471.85,11
2026-07-17,Meta Ads,Prospecting - Lookalike 1%,LAL 1% Purchasers,SKU009,29.49,3529,29,90.67,2
2026-07-18,Meta Ads,Prospecting - Lookalike 1%,LAL 1% Purchasers,SKU006,17.24,2077,21,63.84,2
2026-07-19,Meta Ads,Prospecting - Lookalike 1%,LAL 1% Purchasers,SKU001,102.53,9945,125,308.17,7
2026-07-20,Meta Ads,Prospecting - Lookalike 1%,LAL 1% Purchasers,SKU004,170.42,15403,165,365.1,9
2026-07-21,Meta Ads,Prospecting - Lookalike 1%,LAL 1% Purchasers,SKU010,16.97,1789,24,40.26,1
2026-07-22,Meta Ads,Prospecting - Lookalike 1%,LAL 1% Purchasers,SKU011,219.16,19209,307,635.09,15
2026-07-23,Meta Ads,Prospecting - Lookalike 1%,LAL 1% Purchasers,SKU002,73.18,9377,128,230.98,5
2026-07-24,Meta Ads,Prospecting - Lookalike 1%,LAL 1% Purchasers,SKU008,66.77,7017,98,212.66,5
2026-07-25,Meta Ads,Prospecting - Lookalike 1%,LAL 1% Purchasers,SKU001,40.54,3684,36,128.69,3
2026-07-26,Meta Ads,Prospecting - Lookalike 1%,LAL 1% Purchasers,SKU012,42.25,4365,81,183.52,4
2026-07-27,Meta Ads,Prospecting - Lookalike 1%,LAL 1% Purchasers,SKU004,38.83,3807,40,166.97,4
2026-07-28,Meta Ads,Prospecting - Lookalike 1%,LAL 1% Purchasers,SKU005,18.53,1429,15,47.54,1
2026-07-29,Meta Ads,Prospecting - Lookalike 1%,LAL 1% Purchasers,SKU004,37.25,5215,104,103.27,2
2026-07-30,Meta Ads,Prospecting - Lookalike 1%,LAL 1% Purchasers,SKU006,28.72,2983,43,74.03,2
2026-07-31,Meta Ads,Prospecting - Lookalike 1%,LAL 1% Purchasers,SKU003,16.56,1832,15,44.85,1
2026-08-01,Meta Ads,Prospecting - Lookalike 1%,LAL 1% Purchasers,SKU001,265.42,21142,171,702.08,17
2026-08-02,Meta Ads,Prospecting - Lookalike 1%,LAL 1% Purchasers,SKU010,102.7,10111,157,369.51,9
2026-08-03,Meta Ads,Prospecting - Lookalike 1%,LAL 1% Purchasers,SKU004,81.48,7489,141,182.41,4
2026-08-04,Meta Ads,Prospecting - Lookalike 1%,LAL 1% Purchasers,SKU007,54.77,6454,101,142.38,3
2026-08-05,Meta Ads,Prospecting - Lookalike 1%,LAL 1% Purchasers,SKU004,50.83,6921,85,184.5,4
2026-08-06,Meta Ads,Prospecting - Lookalike 1%,LAL 1% Purchasers,SKU004,33.17,2627,48,128.83,3
2026-08-07,Meta Ads,Prospecting - Lookalike 1%,LAL 1% Purchasers,SKU009,22.87,2370,30,62.2,1
2026-08-08,Meta Ads,Prospecting - Lookalike 1%,LAL 1% Purchasers,SKU010,75.42,5994,51,181.61,4
2026-08-09,Meta Ads,Prospecting - Lookalike 1%,LAL 1% Purchasers,SKU009,70.99,5784,69,187.58,4
2026-08-10,Meta Ads,Prospecting - Lookalike 1%,LAL 1% Purchasers,SKU008,79.2,6803,111,243.93,6
2026-08-11,Meta Ads,Prospecting - Lookalike 1%,LAL 1% Purchasers,SKU012,14.0,1131,13,10.01,0
2026-08-12,Meta Ads,Prospecting - Lookalike 1%,LAL 1% Purchasers,SKU006,86.3,7029,90,219.66,5
2026-08-13,Meta Ads,Prospecting - Lookalike 1%,LAL 1% Purchasers,SKU006,52.27,6658,74,177.5,4
2026-08-14,Meta Ads,Prospecting - Lookalike 1%,LAL 1% Purchasers,SKU002,12.39,987,18,4.14,0
2026-08-15,Meta Ads,Prospecting - Lookalike 1%,LAL 1% Purchasers,SKU011,48.8,4037,59,163.57,4
2026-08-16,Meta Ads,Prospecting - Lookalike 1%,LAL 1% Purchasers,SKU010,101.89,8773,140,363.49,9
2026-08-17,Meta Ads,Prospecting - Lookalike 1%,LAL 1% Purchasers,SKU007,26.16,2084,32,96.08,2
2026-08-18,Meta Ads,Prospecting - Lookalike 1%,LAL 1% Purchasers,SKU004,97.65,9831,165,280.93,7
2026-08-19,Meta Ads,Prospecting - Lookalike 1%,LAL 1% Purchasers,SKU007,164.34,16283,313,428.97,10
2026-08-20,Meta Ads,Prospecting - Lookalike 1%,LAL 1% Purchasers,SKU003,35.96,3678,48,114.92,3
2026-08-21,Meta Ads,Prospecting - Lookalike 1%,LAL 1% Purchasers,SKU008,57.58,7834,147,195.01,5
2026-08-22,Meta Ads,Prospecting - Lookalike 1%,LAL 1% Purchasers,SKU009,147.42,12540,149,348.79,8
2026-08-23,Meta Ads,Prospecting - Lookalike 1%,LAL 1% Purchasers,SKU001,69.29,6428,86,302.7,7
2026-08-24,Meta Ads,Prospecting - Lookalike 1%,LAL 1% Purchasers,SKU006,57.97,4740,91,220.31,5
2026-08-25,Meta Ads,Prospecting - Lookalike 1%,LAL 1% Purchasers,SKU005,81.99,9502,111,226.4,5
2026-08-26,Meta Ads,Prospecting - Lookalike 1%,LAL 1% Purchasers,SKU007,17.51,1616,17,47.06,1
2026-08-27,Meta Ads,Prospecting - Lookalike 1%,LAL 1% Purchasers,SKU009,20.7,1883,36,57.77,1
2026-08-28,Meta Ads,Prospecting - Lookalike 1%,LAL 1% Purchasers,SKU006,78.43,9670,83,287.82,7
2026-08-29,Meta Ads,Prospecting - Lookalike 1%,LAL 1% Purchasers,SKU006,81.01,6970,131,268.92,6
2026-08-30,Meta Ads,Prospecting - Lookalike 1%,LAL 1% Purchasers,SKU002,161.35,21814,312,481.22,11
2026-08-31,Meta Ads,Prospecting - Lookalike 1%,LAL 1% Purchasers,SKU005,18.65,1682,29,6.28,0
2026-09-01,Meta Ads,Prospecting - Lookalike 1%,LAL 1% Purchasers,SKU005,56.75,5137,70,217.61,5
2026-09-02,Meta Ads,Prospecting - Lookalike 1%,LAL 1% Purchasers,SKU011,14.08,1258,13,43.39,1
2026-09-03,Meta Ads,Prospecting - Lookalike 1%,LAL 1% Purchasers,SKU005,37.2,3629,65,151.93,4
2026-09-04,Meta Ads,Prospecting - Lookalike 1%,LAL 1% Purchasers,SKU004,16.54,1790,18,6.95,0
2026-09-05,Meta Ads,Prospecting - Lookalike 1%,LAL 1% Purchasers,SKU002,139.57,12209,116,371.35,9
2026-09-06,Meta Ads,Prospecting - Lookalike 1%,LAL 1% Purchasers,SKU004,132.63,13549,215,400.12,10
2026-09-07,Meta Ads,Prospecting - Lookalike 1%,LAL 1% Purchasers,SKU003,78.89,7545,145,246.27,6
2026-09-08,Meta Ads,Prospecting - Lookalike 1%,LAL 1% Purchasers,SKU001,48.85,4365,73,150.53,4
2026-09-09,Meta Ads,Prospecting - Lookalike 1%,LAL 1% Purchasers,SKU005,21.66,3012,51,57.01,1
2026-09-10,Meta Ads,Prospecting - Lookalike 1%,LAL 1% Purchasers,SKU008,22.44,2326,21,62.09,1
2026-09-11,Meta Ads,Prospecting - Lookalike 1%,LAL 1% Purchasers,SKU010,53.78,5370,86,181.38,4
2026-09-12,Meta Ads,Prospecting - Lookalike 1%,LAL 1% Purchasers,SKU007,126.67,9813,178,299.58,7
2026-09-13,Meta Ads,Prospecting - Lookalike 1%,LAL 1% Purchasers,SKU006,46.91,4150,48,171.42,4
2025-09-14,Meta Ads,Retargeting - Cart Abandon,Retarget - Added to Cart 7d,SKU001,15.09,1446,27,113.69,3
2025-09-15,Meta Ads,Retargeting - Cart Abandon,Retarget - Added to Cart 7d,SKU007,31.05,4270,35,187.56,4
2025-09-16,Meta Ads,Retargeting - Cart Abandon,Retarget - Added to Cart 7d,SKU003,21.13,2473,24,170.81,4
2025-09-17,Meta Ads,Retargeting - Cart Abandon,Retarget - Added to Cart 7d,SKU007,23.79,2252,20,226.7,5
2025-09-18,Meta Ads,Retargeting - Cart Abandon,Retarget - Added to Cart 7d,SKU007,17.37,1472,12,96.97,2
2025-09-19,Meta Ads,Retargeting - Cart Abandon,Retarget - Added to Cart 7d,SKU008,30.42,3471,34,221.7,5
2025-09-20,Meta Ads,Retargeting - Cart Abandon,Retarget - Added to Cart 7d,SKU010,24.71,2083,22,227.03,5
2025-09-21,Meta Ads,Retargeting - Cart Abandon,Retarget - Added to Cart 7d,SKU005,27.2,2326,20,158.02,4
2025-09-22,Meta Ads,Retargeting - Cart Abandon,Retarget - Added to Cart 7d,SKU005,29.07,2893,41,179.95,4
2025-09-23,Meta Ads,Retargeting - Cart Abandon,Retarget - Added to Cart 7d,SKU002,13.12,1411,15,8.55,0
2025-09-24,Meta Ads,Retargeting - Cart Abandon,Retarget - Added to Cart 7d,SKU003,18.88,2523,47,45.54,1
2025-09-25,Meta Ads,Retargeting - Cart Abandon,Retarget - Added to Cart 7d,SKU001,17.64,1659,26,40.47,1
2025-09-26,Meta Ads,Retargeting - Cart Abandon,Retarget - Added to Cart 7d,SKU007,12.92,1460,18,120.98,3
2025-09-27,Meta Ads,Retargeting - Cart Abandon,Retarget - Added to Cart 7d,SKU008,30.56,3244,52,199.94,5
2025-09-28,Meta Ads,Retargeting - Cart Abandon,Retarget - Added to Cart 7d,SKU003,43.57,5151,97,279.78,7
2025-09-29,Meta Ads,Retargeting - Cart Abandon,Retarget - Added to Cart 7d,SKU010,17.39,1457,28,42.21,1
2025-09-30,Meta Ads,Retargeting - Cart Abandon,Retarget - Added to Cart 7d,SKU010,37.29,3763,33,245.45,6
2025-10-01,Meta Ads,Retargeting - Cart Abandon,Retarget - Added to Cart 7d,SKU004,17.72,1950,16,10.0,0
2025-10-02,Meta Ads,Retargeting - Cart Abandon,Retarget - Added to Cart 7d,SKU008,38.22,3654,72,319.41,8
2025-10-03,Meta Ads,Retargeting - Cart Abandon,Retarget - Added to Cart 7d,SKU007,33.45,3098,32,307.56,7
2025-10-04,Meta Ads,Retargeting - Cart Abandon,Retarget - Added to Cart 7d,SKU001,17.13,1321,17,82.35,2
2025-10-05,Meta Ads,Retargeting - Cart Abandon,Retarget - Added to Cart 7d,SKU007,14.29,1601,28,129.53,3
2025-10-06,Meta Ads,Retargeting - Cart Abandon,Retarget - Added to Cart 7d,SKU002,55.04,6389,91,344.86,8
2025-10-07,Meta Ads,Retargeting - Cart Abandon,Retarget - Added to Cart 7d,SKU005,19.24,1845,31,16.65,0
2025-10-08,Meta Ads,Retargeting - Cart Abandon,Retarget - Added to Cart 7d,SKU008,16.7,1890,26,13.77,0
2025-10-09,Meta Ads,Retargeting - Cart Abandon,Retarget - Added to Cart 7d,SKU002,68.03,5496,76,584.08,14
2025-10-10,Meta Ads,Retargeting - Cart Abandon,Retarget - Added to Cart 7d,SKU005,39.59,3588,54,240.47,6
2025-10-11,Meta Ads,Retargeting - Cart Abandon,Retarget - Added to Cart 7d,SKU011,55.78,5118,78,307.09,7
2025-10-12,Meta Ads,Retargeting - Cart Abandon,Retarget - Added to Cart 7d,SKU008,23.95,2461,35,214.54,5
2025-10-13,Meta Ads,Retargeting - Cart Abandon,Retarget - Added to Cart 7d,SKU004,41.33,3414,32,278.75,7
2025-10-14,Meta Ads,Retargeting - Cart Abandon,Retarget - Added to Cart 7d,SKU011,23.57,2146,37,156.7,4
2025-10-15,Meta Ads,Retargeting - Cart Abandon,Retarget - Added to Cart 7d,SKU003,19.33,2305,26,73.34,2
2025-10-16,Meta Ads,Retargeting - Cart Abandon,Retarget - Added to Cart 7d,SKU002,20.62,1633,14,146.49,3
2025-10-17,Meta Ads,Retargeting - Cart Abandon,Retarget - Added to Cart 7d,SKU001,35.33,2814,44,209.33,5
2025-10-18,Meta Ads,Retargeting - Cart Abandon,Retarget - Added to Cart 7d,SKU003,38.95,3416,66,342.44,8
2025-10-19,Meta Ads,Retargeting - Cart Abandon,Retarget - Added to Cart 7d,SKU004,12.6,1264,25,74.67,2
2025-10-20,Meta Ads,Retargeting - Cart Abandon,Retarget - Added to Cart 7d,SKU008,55.15,5800,60,445.86,11
2025-10-21,Meta Ads,Retargeting - Cart Abandon,Retarget - Added to Cart 7d,SKU003,18.04,1388,22,15.78,0
2025-10-22,Meta Ads,Retargeting - Cart Abandon,Retarget - Added to Cart 7d,SKU002,23.49,1837,32,168.92,4
2025-10-23,Meta Ads,Retargeting - Cart Abandon,Retarget - Added to Cart 7d,SKU001,18.06,1837,17,48.27,1
2025-10-24,Meta Ads,Retargeting - Cart Abandon,Retarget - Added to Cart 7d,SKU010,32.71,2793,26,263.4,6
2025-10-25,Meta Ads,Retargeting - Cart Abandon,Retarget - Added to Cart 7d,SKU005,11.75,923,14,5.66,0
2025-10-26,Meta Ads,Retargeting - Cart Abandon,Retarget - Added to Cart 7d,SKU008,44.16,5237,61,339.02,8
2025-10-27,Meta Ads,Retargeting - Cart Abandon,Retarget - Added to Cart 7d,SKU004,13.37,1221,23,11.52,0
2025-10-28,Meta Ads,Retargeting - Cart Abandon,Retarget - Added to Cart 7d,SKU006,61.7,5836,72,451.21,11
2025-10-29,Meta Ads,Retargeting - Cart Abandon,Retarget - Added to Cart 7d,SKU011,20.98,2793,23,118.23,3
2025-10-30,Meta Ads,Retargeting - Cart Abandon,Retarget - Added to Cart 7d,SKU010,34.24,4531,77,264.92,6
2025-10-31,Meta Ads,Retargeting - Cart Abandon,Retarget - Added to Cart 7d,SKU009,21.76,1686,33,128.16,3
2025-11-01,Meta Ads,Retargeting - Cart Abandon,Retarget - Added to Cart 7d,SKU003,43.79,6054,91,281.96,7
2025-11-02,Meta Ads,Retargeting - Cart Abandon,Retarget - Added to Cart 7d,SKU011,24.3,2691,31,146.71,3
2025-11-03,Meta Ads,Retargeting - Cart Abandon,Retarget - Added to Cart 7d,SKU010,48.97,4482,60,356.82,8
2025-11-04,Meta Ads,Retargeting - Cart Abandon,Retarget - Added to Cart 7d,SKU006,27.46,3342,64,187.56,4
2025-11-05,Meta Ads,Retargeting - Cart Abandon,Retarget - Added to Cart 7d,SKU006,58.55,7374,135,500.45,12
2025-11-06,Meta Ads,Retargeting - Cart Abandon,Retarget - Added to Cart 7d,SKU005,25.99,2027,17,215.67,5
2025-11-07,Meta Ads,Retargeting - Cart Abandon,Retarget - Added to Cart 7d,SKU003,29.01,2577,43,225.91,5
2025-11-08,Meta Ads,Retargeting - Cart Abandon,Retarget - Added to Cart 7d,SKU002,30.24,3144,39,259.57,6
2025-11-09,Meta Ads,Retargeting - Cart Abandon,Retarget - Added to Cart 7d,SKU008,88.87,11108,207,511.0,12
2025-11-10,Meta Ads,Retargeting - Cart Abandon,Retarget - Added to Cart 7d,SKU005,21.9,1752,20,113.75,3
2025-11-11,Meta Ads,Retargeting - Cart Abandon,Retarget - Added to Cart 7d,SKU007,35.03,2930,36,320.02,8
2025-11-12,Meta Ads,Retargeting - Cart Abandon,Retarget - Added to Cart 7d,SKU006,55.77,7407,79,485.91,12
2025-11-13,Meta Ads,Retargeting - Cart Abandon,Retarget - Added to Cart 7d,SKU006,62.06,5142,61,415.47,10
2025-11-14,Meta Ads,Retargeting - Cart Abandon,Retarget - Added to Cart 7d,SKU001,16.0,1234,9,105.92,3
2025-11-15,Meta Ads,Retargeting - Cart Abandon,Retarget - Added to Cart 7d,SKU006,26.17,2120,37,192.98,5
2025-11-16,Meta Ads,Retargeting - Cart Abandon,Retarget - Added to Cart 7d,SKU005,36.65,3860,35,253.05,6
2025-11-17,Meta Ads,Retargeting - Cart Abandon,Retarget - Added to Cart 7d,SKU002,18.69,1633,17,18.98,0
2025-11-18,Meta Ads,Retargeting - Cart Abandon,Retarget - Added to Cart 7d,SKU002,28.45,2443,24,193.42,5
2025-11-19,Meta Ads,Retargeting - Cart Abandon,Retarget - Added to Cart 7d,SKU001,46.5,4313,83,267.59,6
2025-11-20,Meta Ads,Retargeting - Cart Abandon,Retarget - Added to Cart 7d,SKU004,27.59,2600,29,210.05,5
2025-11-21,Meta Ads,Retargeting - Cart Abandon,Retarget - Added to Cart 7d,SKU005,34.23,2847,24,284.46,7
2025-11-22,Meta Ads,Retargeting - Cart Abandon,Retarget - Added to Cart 7d,SKU005,16.61,2290,39,49.18,1
2025-11-23,Meta Ads,Retargeting - Cart Abandon,Retarget - Added to Cart 7d,SKU006,32.0,3161,62,213.88,5
2025-11-24,Meta Ads,Retargeting - Cart Abandon,Retarget - Added to Cart 7d,SKU007,149.33,12077,102,1033.41,25
2025-11-25,Meta Ads,Retargeting - Cart Abandon,Retarget - Added to Cart 7d,SKU006,71.18,5768,83,677.94,16
2025-11-26,Meta Ads,Retargeting - Cart Abandon,Retarget - Added to Cart 7d,SKU001,87.31,7567,131,723.52,17
2025-11-27,Meta Ads,Retargeting - Cart Abandon,Retarget - Added to Cart 7d,SKU009,58.12,7245,88,397.67,9
2025-11-28,Meta Ads,Retargeting - Cart Abandon,Retarget - Added to Cart 7d,SKU012,27.34,2997,54,292.26,7
2025-11-29,Meta Ads,Retargeting - Cart Abandon,Retarget - Added to Cart 7d,SKU009,86.32,11223,144,727.91,17
2025-11-30,Meta Ads,Retargeting - Cart Abandon,Retarget - Added to Cart 7d,SKU003,123.46,12964,142,906.72,22
2025-12-01,Meta Ads,Retargeting - Cart Abandon,Retarget - Added to Cart 7d,SKU006,106.57,8320,90,684.59,16
2025-12-02,Meta Ads,Retargeting - Cart Abandon,Retarget - Added to Cart 7d,SKU011,57.22,5974,115,486.9,12
2025-12-03,Meta Ads,Retargeting - Cart Abandon,Retarget - Added to Cart 7d,SKU004,89.89,12642,210,725.61,17
2025-12-04,Meta Ads,Retargeting - Cart Abandon,Retarget - Added to Cart 7d,SKU005,18.7,2202,35,153.78,4
2025-12-05,Meta Ads,Retargeting - Cart Abandon,Retarget - Added to Cart 7d,SKU007,45.52,6301,71,342.1,8
2025-12-06,Meta Ads,Retargeting - Cart Abandon,Retarget - Added to Cart 7d,SKU001,30.06,4022,71,233.31,6
2025-12-07,Meta Ads,Retargeting - Cart Abandon,Retarget - Added to Cart 7d,SKU001,16.69,1738,32,115.85,3
2025-12-08,Meta Ads,Retargeting - Cart Abandon,Retarget - Added to Cart 7d,SKU001,25.91,3231,54,167.88,4
2025-12-09,Meta Ads,Retargeting - Cart Abandon,Retarget - Added to Cart 7d,SKU006,86.01,10353,102,702.32,17
2025-12-10,Meta Ads,Retargeting - Cart Abandon,Retarget - Added to Cart 7d,SKU009,26.97,2992,39,189.14,5
2025-12-11,Meta Ads,Retargeting - Cart Abandon,Retarget - Added to Cart 7d,SKU004,24.66,3158,34,184.95,4
2025-12-12,Meta Ads,Retargeting - Cart Abandon,Retarget - Added to Cart 7d,SKU003,32.46,2511,36,279.48,7
2025-12-13,Meta Ads,Retargeting - Cart Abandon,Retarget - Added to Cart 7d,SKU006,76.99,7086,102,583.09,14
2025-12-14,Meta Ads,Retargeting - Cart Abandon,Retarget - Added to Cart 7d,SKU005,57.24,6491,127,427.68,10
2025-12-15,Meta Ads,Retargeting - Cart Abandon,Retarget - Added to Cart 7d,SKU003,19.27,1633,13,16.85,0
2025-12-16,Meta Ads,Retargeting - Cart Abandon,Retarget - Added to Cart 7d,SKU001,142.95,20407,394,903.24,22
2025-12-17,Meta Ads,Retargeting - Cart Abandon,Retarget - Added to Cart 7d,SKU010,60.7,7220,114,596.12,14
2025-12-18,Meta Ads,Retargeting - Cart Abandon,Retarget - Added to Cart 7d,SKU005,39.28,4814,76,220.01,5
2025-12-19,Meta Ads,Retargeting - Cart Abandon,Retarget - Added to Cart 7d,SKU005,26.91,2293,35,174.69,4
2025-12-20,Meta Ads,Retargeting - Cart Abandon,Retarget - Added to Cart 7d,SKU008,13.4,1199,23,10.2,0
2025-12-21,Meta Ads,Retargeting - Cart Abandon,Retarget - Added to Cart 7d,SKU009,54.0,7452,92,321.07,8
2025-12-22,Meta Ads,Retargeting - Cart Abandon,Retarget - Added to Cart 7d,SKU007,13.87,1411,23,66.39,2
2025-12-23,Meta Ads,Retargeting - Cart Abandon,Retarget - Added to Cart 7d,SKU012,31.48,2706,25,232.61,6
2025-12-24,Meta Ads,Retargeting - Cart Abandon,Retarget - Added to Cart 7d,SKU011,63.5,6489,56,424.98,10
2025-12-25,Meta Ads,Retargeting - Cart Abandon,Retarget - Added to Cart 7d,SKU010,16.71,1482,25,14.87,0
2025-12-26,Meta Ads,Retargeting - Cart Abandon,Retarget - Added to Cart 7d,SKU007,14.46,1223,12,14.75,0
2025-12-27,Meta Ads,Retargeting - Cart Abandon,Retarget - Added to Cart 7d,SKU003,18.56,1525,14,157.48,4
2025-12-28,Meta Ads,Retargeting - Cart Abandon,Retarget - Added to Cart 7d,SKU001,18.99,1641,24,20.22,0
2025-12-29,Meta Ads,Retargeting - Cart Abandon,Retarget - Added to Cart 7d,SKU001,31.93,3419,59,236.05,6
2025-12-30,Meta Ads,Retargeting - Cart Abandon,Retarget - Added to Cart 7d,SKU011,30.38,3863,62,337.45,8
2025-12-31,Meta Ads,Retargeting - Cart Abandon,Retarget - Added to Cart 7d,SKU004,16.35,2298,39,17.92,0
2026-01-01,Meta Ads,Retargeting - Cart Abandon,Retarget - Added to Cart 7d,SKU005,14.97,1989,16,142.1,3
2026-01-02,Meta Ads,Retargeting - Cart Abandon,Retarget - Added to Cart 7d,SKU003,18.1,1558,19,19.05,0
2026-01-03,Meta Ads,Retargeting - Cart Abandon,Retarget - Added to Cart 7d,SKU002,21.16,1665,20,181.91,4
2026-01-04,Meta Ads,Retargeting - Cart Abandon,Retarget - Added to Cart 7d,SKU005,31.01,3771,61,335.71,8
2026-01-05,Meta Ads,Retargeting - Cart Abandon,Retarget - Added to Cart 7d,SKU001,14.48,2053,20,8.7,0
2026-01-06,Meta Ads,Retargeting - Cart Abandon,Retarget - Added to Cart 7d,SKU004,11.62,1603,31,66.08,2
2026-01-07,Meta Ads,Retargeting - Cart Abandon,Retarget - Added to Cart 7d,SKU003,20.16,2270,21,148.09,4
2026-01-08,Meta Ads,Retargeting - Cart Abandon,Retarget - Added to Cart 7d,SKU008,22.11,1834,28,132.46,3
2026-01-09,Meta Ads,Retargeting - Cart Abandon,Retarget - Added to Cart 7d,SKU001,11.73,1495,19,102.93,2
2026-01-10,Meta Ads,Retargeting - Cart Abandon,Retarget - Added to Cart 7d,SKU011,27.25,3163,49,221.79,5
2026-01-11,Meta Ads,Retargeting - Cart Abandon,Retarget - Added to Cart 7d,SKU008,16.53,1972,35,132.81,3
2026-01-12,Meta Ads,Retargeting - Cart Abandon,Retarget - Added to Cart 7d,SKU006,18.57,2222,28,9.26,0
2026-01-13,Meta Ads,Retargeting - Cart Abandon,Retarget - Added to Cart 7d,SKU001,16.52,1439,21,102.25,2
2026-01-14,Meta Ads,Retargeting - Cart Abandon,Retarget - Added to Cart 7d,SKU010,16.2,1820,19,39.19,1
2026-01-15,Meta Ads,Retargeting - Cart Abandon,Retarget - Added to Cart 7d,SKU007,34.28,3100,57,241.19,6
2026-01-16,Meta Ads,Retargeting - Cart Abandon,Retarget - Added to Cart 7d,SKU008,31.97,3163,38,209.94,5
2026-01-17,Meta Ads,Retargeting - Cart Abandon,Retarget - Added to Cart 7d,SKU012,25.74,2013,27,142.06,3
2026-01-18,Meta Ads,Retargeting - Cart Abandon,Retarget - Added to Cart 7d,SKU006,18.35,1690,22,60.51,1
2026-01-19,Meta Ads,Retargeting - Cart Abandon,Retarget - Added to Cart 7d,SKU006,34.33,4175,66,321.48,8
2026-01-20,Meta Ads,Retargeting - Cart Abandon,Retarget - Added to Cart 7d,SKU007,51.38,4288,76,383.39,9
2026-01-21,Meta Ads,Retargeting - Cart Abandon,Retarget - Added to Cart 7d,SKU009,59.01,8097,120,546.58,13
2026-01-22,Meta Ads,Retargeting - Cart Abandon,Retarget - Added to Cart 7d,SKU004,91.1,11230,110,957.18,23
2026-01-23,Meta Ads,Retargeting - Cart Abandon,Retarget - Added to Cart 7d,SKU002,59.01,7131,129,525.25,13
2026-01-24,Meta Ads,Retargeting - Cart Abandon,Retarget - Added to Cart 7d,SKU008,31.81,2967,36,246.34,6
2026-01-25,Meta Ads,Retargeting - Cart Abandon,Retarget - Added to Cart 7d,SKU003,70.06,5598,71,519.39,12
2026-01-26,Meta Ads,Retargeting - Cart Abandon,Retarget - Added to Cart 7d,SKU003,37.57,2975,53,284.39,7
2026-01-27,Meta Ads,Retargeting - Cart Abandon,Retarget - Added to Cart 7d,SKU011,35.97,3388,59,271.38,6
2026-01-28,Meta Ads,Retargeting - Cart Abandon,Retarget - Added to Cart 7d,SKU005,24.83,2443,19,182.85,4
2026-01-29,Meta Ads,Retargeting - Cart Abandon,Retarget - Added to Cart 7d,SKU007,31.28,3900,35,203.7,5
2026-01-30,Meta Ads,Retargeting - Cart Abandon,Retarget - Added to Cart 7d,SKU009,57.38,6123,89,404.23,10
2026-01-31,Meta Ads,Retargeting - Cart Abandon,Retarget - Added to Cart 7d,SKU010,15.75,1763,21,72.62,2
2026-02-01,Meta Ads,Retargeting - Cart Abandon,Retarget - Added to Cart 7d,SKU004,16.13,1841,34,86.06,2
2026-02-02,Meta Ads,Retargeting - Cart Abandon,Retarget - Added to Cart 7d,SKU011,16.27,1382,17,108.66,3
2026-02-03,Meta Ads,Retargeting - Cart Abandon,Retarget - Added to Cart 7d,SKU009,49.56,5666,62,377.52,9
2026-02-04,Meta Ads,Retargeting - Cart Abandon,Retarget - Added to Cart 7d,SKU003,25.08,3365,32,180.12,4
2026-02-05,Meta Ads,Retargeting - Cart Abandon,Retarget - Added to Cart 7d,SKU008,12.84,1156,21,89.8,2
2026-02-06,Meta Ads,Retargeting - Cart Abandon,Retarget - Added to Cart 7d,SKU001,81.13,7062,122,629.7,15
2026-02-07,Meta Ads,Retargeting - Cart Abandon,Retarget - Added to Cart 7d,SKU005,27.31,2531,40,236.2,6
2026-02-08,Meta Ads,Retargeting - Cart Abandon,Retarget - Added to Cart 7d,SKU004,29.52,2794,26,186.47,4
2026-02-09,Meta Ads,Retargeting - Cart Abandon,Retarget - Added to Cart 7d,SKU001,15.35,1200,11,15.3,0
2026-02-10,Meta Ads,Retargeting - Cart Abandon,Retarget - Added to Cart 7d,SKU011,51.29,4413,68,322.9,8
2026-02-11,Meta Ads,Retargeting - Cart Abandon,Retarget - Added to Cart 7d,SKU008,78.8,6565,96,519.0,12
2026-02-12,Meta Ads,Retargeting - Cart Abandon,Retarget - Added to Cart 7d,SKU010,11.38,956,14,3.73,0
2026-02-13,Meta Ads,Retargeting - Cart Abandon,Retarget - Added to Cart 7d,SKU008,43.08,3536,51,348.5,8
2026-02-14,Meta Ads,Retargeting - Cart Abandon,Retarget - Added to Cart 7d,SKU003,41.56,3856,72,369.45,9
2026-02-15,Meta Ads,Retargeting - Cart Abandon,Retarget - Added to Cart 7d,SKU005,29.42,3673,63,225.24,5
2026-02-16,Meta Ads,Retargeting - Cart Abandon,Retarget - Added to Cart 7d,SKU011,20.56,1694,27,147.03,4
2026-02-17,Meta Ads,Retargeting - Cart Abandon,Retarget - Added to Cart 7d,SKU002,16.39,1922,24,7.2,0
2026-02-18,Meta Ads,Retargeting - Cart Abandon,Retarget - Added to Cart 7d,SKU005,14.09,1147,18,85.03,2
2026-02-19,Meta Ads,Retargeting - Cart Abandon,Retarget - Added to Cart 7d,SKU008,11.53,1274,15,70.84,2
2026-02-20,Meta Ads,Retargeting - Cart Abandon,Retarget - Added to Cart 7d,SKU004,14.67,1148,18,7.33,0
2026-02-21,Meta Ads,Retargeting - Cart Abandon,Retarget - Added to Cart 7d,SKU002,15.09,1612,20,119.69,3
2026-02-22,Meta Ads,Retargeting - Cart Abandon,Retarget - Added to Cart 7d,SKU005,28.07,2296,23,201.17,5
2026-02-23,Meta Ads,Retargeting - Cart Abandon,Retarget - Added to Cart 7d,SKU002,16.79,2102,32,58.24,1
2026-02-24,Meta Ads,Retargeting - Cart Abandon,Retarget - Added to Cart 7d,SKU003,33.1,3798,70,284.8,7
2026-02-25,Meta Ads,Retargeting - Cart Abandon,Retarget - Added to Cart 7d,SKU008,14.7,1659,28,161.19,4
2026-02-26,Meta Ads,Retargeting - Cart Abandon,Retarget - Added to Cart 7d,SKU003,34.15,3363,48,196.8,5
2026-02-27,Meta Ads,Retargeting - Cart Abandon,Retarget - Added to Cart 7d,SKU001,19.17,1759,20,98.71,2
2026-02-28,Meta Ads,Retargeting - Cart Abandon,Retarget - Added to Cart 7d,SKU009,32.52,3235,29,184.42,4
2026-03-01,Meta Ads,Retargeting - Cart Abandon,Retarget - Added to Cart 7d,SKU004,124.62,14053,229,1121.64,27
2026-03-02,Meta Ads,Retargeting - Cart Abandon,Retarget - Added to Cart 7d,SKU001,19.37,2738,22,116.38,3
2026-03-03,Meta Ads,Retargeting - Cart Abandon,Retarget - Added to Cart 7d,SKU010,27.61,2182,41,246.67,6
2026-03-04,Meta Ads,Retargeting - Cart Abandon,Retarget - Added to Cart 7d,SKU003,55.65,4529,88,390.83,9
2026-03-05,Meta Ads,Retargeting - Cart Abandon,Retarget - Added to Cart 7d,SKU012,48.7,3956,56,278.89,7
2026-03-06,Meta Ads,Retargeting - Cart Abandon,Retarget - Added to Cart 7d,SKU010,12.43,1026,12,4.94,0
2026-03-07,Meta Ads,Retargeting - Cart Abandon,Retarget - Added to Cart 7d,SKU004,47.89,4076,65,251.94,6
2026-03-08,Meta Ads,Retargeting - Cart Abandon,Retarget - Added to Cart 7d,SKU002,40.1,3968,53,327.53,8
2026-03-09,Meta Ads,Retargeting - Cart Abandon,Retarget - Added to Cart 7d,SKU008,18.81,1797,25,43.53,1
2026-03-10,Meta Ads,Retargeting - Cart Abandon,Retarget - Added to Cart 7d,SKU006,60.21,7778,71,395.12,9
2026-03-11,Meta Ads,Retargeting - Cart Abandon,Retarget - Added to Cart 7d,SKU005,18.74,2136,17,144.8,3
2026-03-12,Meta Ads,Retargeting - Cart Abandon,Retarget - Added to Cart 7d,SKU003,42.51,3486,59,352.85,8
2026-03-13,Meta Ads,Retargeting - Cart Abandon,Retarget - Added to Cart 7d,SKU005,76.84,6937,70,565.68,13
2026-03-14,Meta Ads,Retargeting - Cart Abandon,Retarget - Added to Cart 7d,SKU011,11.75,1294,22,5.38,0
2026-03-15,Meta Ads,Retargeting - Cart Abandon,Retarget - Added to Cart 7d,SKU010,21.79,2784,50,170.25,4
2026-03-16,Meta Ads,Retargeting - Cart Abandon,Retarget - Added to Cart 7d,SKU001,57.39,4822,85,463.34,11
2026-03-17,Meta Ads,Retargeting - Cart Abandon,Retarget - Added to Cart 7d,SKU004,36.05,4871,42,283.56,7
2026-03-18,Meta Ads,Retargeting - Cart Abandon,Retarget - Added to Cart 7d,SKU003,11.7,1226,21,63.45,2
2026-03-19,Meta Ads,Retargeting - Cart Abandon,Retarget - Added to Cart 7d,SKU001,30.98,2864,23,202.53,5
2026-03-20,Meta Ads,Retargeting - Cart Abandon,Retarget - Added to Cart 7d,SKU004,39.34,4034,71,267.62,6
2026-03-21,Meta Ads,Retargeting - Cart Abandon,Retarget - Added to Cart 7d,SKU006,27.88,3133,29,233.81,6
2026-03-22,Meta Ads,Retargeting - Cart Abandon,Retarget - Added to Cart 7d,SKU005,18.62,1710,22,8.9,0
2026-03-23,Meta Ads,Retargeting - Cart Abandon,Retarget - Added to Cart 7d,SKU006,18.43,2120,32,95.68,2
2026-03-24,Meta Ads,Retargeting - Cart Abandon,Retarget - Added to Cart 7d,SKU003,24.7,2008,34,196.78,5
2026-03-25,Meta Ads,Retargeting - Cart Abandon,Retarget - Added to Cart 7d,SKU011,31.29,2743,32,276.58,7
2026-03-26,Meta Ads,Retargeting - Cart Abandon,Retarget - Added to Cart 7d,SKU009,85.07,9240,171,498.1,12
2026-03-27,Meta Ads,Retargeting - Cart Abandon,Retarget - Added to Cart 7d,SKU006,25.79,2500,37,231.54,6
2026-03-28,Meta Ads,Retargeting - Cart Abandon,Retarget - Added to Cart 7d,SKU002,45.98,4798,65,330.87,8
2026-03-29,Meta Ads,Retargeting - Cart Abandon,Retarget - Added to Cart 7d,SKU010,17.6,2340,23,59.9,1
2026-03-30,Meta Ads,Retargeting - Cart Abandon,Retarget - Added to Cart 7d,SKU005,15.93,1843,22,16.12,0
2026-03-31,Meta Ads,Retargeting - Cart Abandon,Retarget - Added to Cart 7d,SKU007,18.44,1547,17,54.55,1
2026-04-01,Meta Ads,Retargeting - Cart Abandon,Retarget - Added to Cart 7d,SKU012,15.87,1332,19,11.53,0
2026-04-02,Meta Ads,Retargeting - Cart Abandon,Retarget - Added to Cart 7d,SKU005,26.82,3816,49,158.74,4
2026-04-03,Meta Ads,Retargeting - Cart Abandon,Retarget - Added to Cart 7d,SKU010,19.8,2134,24,179.18,4
2026-04-04,Meta Ads,Retargeting - Cart Abandon,Retarget - Added to Cart 7d,SKU009,25.18,2156,20,216.8,5
2026-04-05,Meta Ads,Retargeting - Cart Abandon,Retarget - Added to Cart 7d,SKU007,72.57,9519,151,466.58,11
2026-04-06,Meta Ads,Retargeting - Cart Abandon,Retarget - Added to Cart 7d,SKU004,17.25,1424,28,90.03,2
2026-04-07,Meta Ads,Retargeting - Cart Abandon,Retarget - Added to Cart 7d,SKU008,47.25,4939,88,272.46,6
2026-04-08,Meta Ads,Retargeting - Cart Abandon,Retarget - Added to Cart 7d,SKU005,17.06,1863,16,34.27,1
2026-04-09,Meta Ads,Retargeting - Cart Abandon,Retarget - Added to Cart 7d,SKU008,40.35,5192,59,275.73,7
2026-04-10,Meta Ads,Retargeting - Cart Abandon,Retarget - Added to Cart 7d,SKU001,27.83,2629,35,201.34,5
2026-04-11,Meta Ads,Retargeting - Cart Abandon,Retarget - Added to Cart 7d,SKU008,11.29,1157,11,87.75,2
2026-04-12,Meta Ads,Retargeting - Cart Abandon,Retarget - Added to Cart 7d,SKU001,51.31,5073,73,321.42,8
2026-04-13,Meta Ads,Retargeting - Cart Abandon,Retarget - Added to Cart 7d,SKU007,17.12,1717,15,12.54,0
2026-04-14,Meta Ads,Retargeting - Cart Abandon,Retarget - Added to Cart 7d,SKU002,37.72,4090,74,251.19,6
2026-04-15,Meta Ads,Retargeting - Cart Abandon,Retarget - Added to Cart 7d,SKU001,52.55,7228,66,364.92,9
2026-04-16,Meta Ads,Retargeting - Cart Abandon,Retarget - Added to Cart 7d,SKU005,12.38,1194,10,62.25,1
2026-04-17,Meta Ads,Retargeting - Cart Abandon,Retarget - Added to Cart 7d,SKU004,16.62,1459,12,74.96,2
2026-04-18,Meta Ads,Retargeting - Cart Abandon,Retarget - Added to Cart 7d,SKU006,14.4,1263,14,84.52,2
2026-04-19,Meta Ads,Retargeting - Cart Abandon,Retarget - Added to Cart 7d,SKU001,49.4,6644,119,375.05,9
2026-04-20,Meta Ads,Retargeting - Cart Abandon,Retarget - Added to Cart 7d,SKU011,56.44,6774,63,351.73,8
2026-04-21,Meta Ads,Retargeting - Cart Abandon,Retarget - Added to Cart 7d,SKU005,14.29,1332,19,106.7,3
2026-04-22,Meta Ads,Retargeting - Cart Abandon,Retarget - Added to Cart 7d,SKU003,20.75,2528,24,186.46,4
2026-04-23,Meta Ads,Retargeting - Cart Abandon,Retarget - Added to Cart 7d,SKU012,46.57,3884,59,375.47,9
2026-04-24,Meta Ads,Retargeting - Cart Abandon,Retarget - Added to Cart 7d,SKU010,71.45,8485,152,513.56,12
2026-04-25,Meta Ads,Retargeting - Cart Abandon,Retarget - Added to Cart 7d,SKU005,18.55,1941,29,172.96,4
2026-04-26,Meta Ads,Retargeting - Cart Abandon,Retarget - Added to Cart 7d,SKU005,23.17,1962,21,184.06,4
2026-04-27,Meta Ads,Retargeting - Cart Abandon,Retarget - Added to Cart 7d,SKU007,19.61,1541,13,120.59,3
2026-04-28,Meta Ads,Retargeting - Cart Abandon,Retarget - Added to Cart 7d,SKU001,48.0,4760,58,313.98,7
2026-04-29,Meta Ads,Retargeting - Cart Abandon,Retarget - Added to Cart 7d,SKU004,12.5,1045,12,82.0,2
2026-04-30,Meta Ads,Retargeting - Cart Abandon,Retarget - Added to Cart 7d,SKU005,13.29,1191,21,12.87,0
2026-05-01,Meta Ads,Retargeting - Cart Abandon,Retarget - Added to Cart 7d,SKU008,11.9,971,17,62.66,1
2026-05-02,Meta Ads,Retargeting - Cart Abandon,Retarget - Added to Cart 7d,SKU006,17.8,1472,28,121.04,3
2026-05-03,Meta Ads,Retargeting - Cart Abandon,Retarget - Added to Cart 7d,SKU009,16.31,1873,28,107.8,3
2026-05-04,Meta Ads,Retargeting - Cart Abandon,Retarget - Added to Cart 7d,SKU003,34.27,2903,31,244.29,6
2026-05-05,Meta Ads,Retargeting - Cart Abandon,Retarget - Added to Cart 7d,SKU011,67.79,7272,85,512.22,12
2026-05-06,Meta Ads,Retargeting - Cart Abandon,Retarget - Added to Cart 7d,SKU011,15.03,1223,15,110.7,3
2026-05-07,Meta Ads,Retargeting - Cart Abandon,Retarget - Added to Cart 7d,SKU003,85.33,10715,91,535.03,13
2026-05-08,Meta Ads,Retargeting - Cart Abandon,Retarget - Added to Cart 7d,SKU008,17.37,1730,22,10.68,0
2026-05-09,Meta Ads,Retargeting - Cart Abandon,Retarget - Added to Cart 7d,SKU003,33.26,3164,40,206.44,5
2026-05-10,Meta Ads,Retargeting - Cart Abandon,Retarget - Added to Cart 7d,SKU008,31.89,2882,36,235.35,6
2026-05-11,Meta Ads,Retargeting - Cart Abandon,Retarget - Added to Cart 7d,SKU001,21.83,2260,42,131.27,3
2026-05-12,Meta Ads,Retargeting - Cart Abandon,Retarget - Added to Cart 7d,SKU003,16.13,1539,14,11.12,0
2026-05-13,Meta Ads,Retargeting - Cart Abandon,Retarget - Added to Cart 7d,SKU003,21.19,1959,30,132.7,3
2026-05-14,Meta Ads,Retargeting - Cart Abandon,Retarget - Added to Cart 7d,SKU004,77.54,8689,124,527.66,13
2026-05-15,Meta Ads,Retargeting - Cart Abandon,Retarget - Added to Cart 7d,SKU001,19.34,1807,31,134.01,3
2026-05-16,Meta Ads,Retargeting - Cart Abandon,Retarget - Added to Cart 7d,SKU012,13.36,1249,19,114.0,3
2026-05-17,Meta Ads,Retargeting - Cart Abandon,Retarget - Added to Cart 7d,SKU002,77.94,10321,175,494.22,12
2026-05-18,Meta Ads,Retargeting - Cart Abandon,Retarget - Added to Cart 7d,SKU005,13.37,1100,16,116.87,3
2026-05-19,Meta Ads,Retargeting - Cart Abandon,Retarget - Added to Cart 7d,SKU001,22.99,2268,21,133.61,3
2026-05-20,Meta Ads,Retargeting - Cart Abandon,Retarget - Added to Cart 7d,SKU005,72.24,5798,73,665.43,16
2026-05-21,Meta Ads,Retargeting - Cart Abandon,Retarget - Added to Cart 7d,SKU005,15.44,2087,25,144.32,3
2026-05-22,Meta Ads,Retargeting - Cart Abandon,Retarget - Added to Cart 7d,SKU008,16.01,1465,26,115.81,3
2026-05-23,Meta Ads,Retargeting - Cart Abandon,Retarget - Added to Cart 7d,SKU008,42.72,3494,31,368.06,9
2026-05-24,Meta Ads,Retargeting - Cart Abandon,Retarget - Added to Cart 7d,SKU004,43.79,4586,54,322.04,8
2026-05-25,Meta Ads,Retargeting - Cart Abandon,Retarget - Added to Cart 7d,SKU011,12.09,1191,14,13.3,0
2026-05-26,Meta Ads,Retargeting - Cart Abandon,Retarget - Added to Cart 7d,SKU001,29.69,2892,37,191.27,5
2026-05-27,Meta Ads,Retargeting - Cart Abandon,Retarget - Added to Cart 7d,SKU002,37.03,3915,51,189.73,5
2026-05-28,Meta Ads,Retargeting - Cart Abandon,Retarget - Added to Cart 7d,SKU009,23.42,2163,24,150.91,4
2026-05-29,Meta Ads,Retargeting - Cart Abandon,Retarget - Added to Cart 7d,SKU012,19.25,1497,24,93.83,2
2026-05-30,Meta Ads,Retargeting - Cart Abandon,Retarget - Added to Cart 7d,SKU003,14.96,1396,24,81.59,2
2026-05-31,Meta Ads,Retargeting - Cart Abandon,Retarget - Added to Cart 7d,SKU003,69.77,6574,55,534.8,13
2026-06-01,Meta Ads,Retargeting - Cart Abandon,Retarget - Added to Cart 7d,SKU001,50.09,4933,98,280.46,7
2026-06-02,Meta Ads,Retargeting - Cart Abandon,Retarget - Added to Cart 7d,SKU003,13.98,1392,21,138.83,3
2026-06-03,Meta Ads,Retargeting - Cart Abandon,Retarget - Added to Cart 7d,SKU002,21.6,1757,20,184.79,4
2026-06-04,Meta Ads,Retargeting - Cart Abandon,Retarget - Added to Cart 7d,SKU004,51.69,7199,106,390.16,9
2026-06-05,Meta Ads,Retargeting - Cart Abandon,Retarget - Added to Cart 7d,SKU001,17.61,1386,23,9.72,0
2026-06-06,Meta Ads,Retargeting - Cart Abandon,Retarget - Added to Cart 7d,SKU005,99.96,9628,119,569.59,14
2026-06-07,Meta Ads,Retargeting - Cart Abandon,Retarget - Added to Cart 7d,SKU002,70.92,8832,114,496.28,12
2026-06-08,Meta Ads,Retargeting - Cart Abandon,Retarget - Added to Cart 7d,SKU009,13.21,1548,13,91.59,2
2026-06-09,Meta Ads,Retargeting - Cart Abandon,Retarget - Added to Cart 7d,SKU003,48.42,6792,77,505.09,12
2026-06-10,Meta Ads,Retargeting - Cart Abandon,Retarget - Added to Cart 7d,SKU005,39.11,5345,57,281.68,7
2026-06-11,Meta Ads,Retargeting - Cart Abandon,Retarget - Added to Cart 7d,SKU011,59.95,5735,75,487.46,12
2026-06-12,Meta Ads,Retargeting - Cart Abandon,Retarget - Added to Cart 7d,SKU008,19.04,1853,24,92.09,2
2026-06-13,Meta Ads,Retargeting - Cart Abandon,Retarget - Added to Cart 7d,SKU010,17.32,1392,25,65.34,2
2026-06-14,Meta Ads,Retargeting - Cart Abandon,Retarget - Added to Cart 7d,SKU002,141.08,13649,192,928.06,22
2026-06-15,Meta Ads,Retargeting - Cart Abandon,Retarget - Added to Cart 7d,SKU010,28.2,3801,47,204.29,5
2026-06-16,Meta Ads,Retargeting - Cart Abandon,Retarget - Added to Cart 7d,SKU002,21.0,2081,22,131.89,3
2026-06-17,Meta Ads,Retargeting - Cart Abandon,Retarget - Added to Cart 7d,SKU006,47.68,4139,55,431.83,10
2026-06-18,Meta Ads,Retargeting - Cart Abandon,Retarget - Added to Cart 7d,SKU002,18.49,1914,29,68.62,2
2026-06-19,Meta Ads,Retargeting - Cart Abandon,Retarget - Added to Cart 7d,SKU003,23.04,2940,53,203.26,5
2026-06-20,Meta Ads,Retargeting - Cart Abandon,Retarget - Added to Cart 7d,SKU002,91.47,12698,184,632.64,15
2026-06-21,Meta Ads,Retargeting - Cart Abandon,Retarget - Added to Cart 7d,SKU004,34.1,4845,84,259.73,6
2026-06-22,Meta Ads,Retargeting - Cart Abandon,Retarget - Added to Cart 7d,SKU010,18.43,2088,19,164.14,4
2026-06-23,Meta Ads,Retargeting - Cart Abandon,Retarget - Added to Cart 7d,SKU006,34.72,3408,40,232.29,6
2026-06-24,Meta Ads,Retargeting - Cart Abandon,Retarget - Added to Cart 7d,SKU008,19.44,2775,37,108.63,3
2026-06-25,Meta Ads,Retargeting - Cart Abandon,Retarget - Added to Cart 7d,SKU006,50.84,5297,66,441.6,11
2026-06-26,Meta Ads,Retargeting - Cart Abandon,Retarget - Added to Cart 7d,SKU005,20.08,2494,36,208.45,5
2026-06-27,Meta Ads,Retargeting - Cart Abandon,Retarget - Added to Cart 7d,SKU008,14.21,1561,23,11.34,0
2026-06-28,Meta Ads,Retargeting - Cart Abandon,Retarget - Added to Cart 7d,SKU007,15.17,1586,23,43.77,1
2026-06-29,Meta Ads,Retargeting - Cart Abandon,Retarget - Added to Cart 7d,SKU004,16.55,1425,13,111.63,3
2026-06-30,Meta Ads,Retargeting - Cart Abandon,Retarget - Added to Cart 7d,SKU004,22.43,1942,35,155.47,4
2026-07-01,Meta Ads,Retargeting - Cart Abandon,Retarget - Added to Cart 7d,SKU004,32.49,2736,34,312.42,7
2026-07-02,Meta Ads,Retargeting - Cart Abandon,Retarget - Added to Cart 7d,SKU002,17.56,1918,29,7.36,0
2026-07-03,Meta Ads,Retargeting - Cart Abandon,Retarget - Added to Cart 7d,SKU010,22.71,2735,35,169.47,4
2026-07-04,Meta Ads,Retargeting - Cart Abandon,Retarget - Added to Cart 7d,SKU003,22.31,1822,32,207.22,5
2026-07-05,Meta Ads,Retargeting - Cart Abandon,Retarget - Added to Cart 7d,SKU009,71.18,6045,118,392.76,9
2026-07-06,Meta Ads,Retargeting - Cart Abandon,Retarget - Added to Cart 7d,SKU006,43.88,3522,49,253.05,6
2026-07-07,Meta Ads,Retargeting - Cart Abandon,Retarget - Added to Cart 7d,SKU007,28.33,2708,45,164.36,4
2026-07-08,Meta Ads,Retargeting - Cart Abandon,Retarget - Added to Cart 7d,SKU010,13.17,1510,27,60.44,1
2026-07-09,Meta Ads,Retargeting - Cart Abandon,Retarget - Added to Cart 7d,SKU004,31.78,4048,68,250.97,6
2026-07-10,Meta Ads,Retargeting - Cart Abandon,Retarget - Added to Cart 7d,SKU002,15.68,1353,21,104.79,2
2026-07-11,Meta Ads,Retargeting - Cart Abandon,Retarget - Added to Cart 7d,SKU008,96.79,8920,101,886.88,21
2026-07-12,Meta Ads,Retargeting - Cart Abandon,Retarget - Added to Cart 7d,SKU001,40.16,5060,93,384.1,9
2026-07-13,Meta Ads,Retargeting - Cart Abandon,Retarget - Added to Cart 7d,SKU004,19.27,1901,19,10.45,0
2026-07-14,Meta Ads,Retargeting - Cart Abandon,Retarget - Added to Cart 7d,SKU006,21.59,1994,26,130.5,3
2026-07-15,Meta Ads,Retargeting - Cart Abandon,Retarget - Added to Cart 7d,SKU001,13.15,1171,21,57.68,1
2026-07-16,Meta Ads,Retargeting - Cart Abandon,Retarget - Added to Cart 7d,SKU010,51.41,4481,78,444.4,11
2026-07-17,Meta Ads,Retargeting - Cart Abandon,Retarget - Added to Cart 7d,SKU008,16.77,2014,34,156.94,4
2026-07-18,Meta Ads,Retargeting - Cart Abandon,Retarget - Added to Cart 7d,SKU002,52.06,4226,47,318.33,8
2026-07-19,Meta Ads,Retargeting - Cart Abandon,Retarget - Added to Cart 7d,SKU008,34.91,3828,63,350.81,8
2026-07-20,Meta Ads,Retargeting - Cart Abandon,Retarget - Added to Cart 7d,SKU003,19.93,1609,23,131.32,3
2026-07-21,Meta Ads,Retargeting - Cart Abandon,Retarget - Added to Cart 7d,SKU012,50.15,4038,57,365.63,9
2026-07-22,Meta Ads,Retargeting - Cart Abandon,Retarget - Added to Cart 7d,SKU006,13.82,1593,28,86.76,2
2026-07-23,Meta Ads,Retargeting - Cart Abandon,Retarget - Added to Cart 7d,SKU007,11.47,1555,23,72.48,2
2026-07-24,Meta Ads,Retargeting - Cart Abandon,Retarget - Added to Cart 7d,SKU008,14.34,1378,22,84.57,2
2026-07-25,Meta Ads,Retargeting - Cart Abandon,Retarget - Added to Cart 7d,SKU004,26.69,3456,39,200.82,5
2026-07-26,Meta Ads,Retargeting - Cart Abandon,Retarget - Added to Cart 7d,SKU002,12.0,1534,30,102.68,2
2026-07-27,Meta Ads,Retargeting - Cart Abandon,Retarget - Added to Cart 7d,SKU005,105.98,9723,92,742.03,18
2026-07-28,Meta Ads,Retargeting - Cart Abandon,Retarget - Added to Cart 7d,SKU008,35.1,3909,69,204.84,5
2026-07-29,Meta Ads,Retargeting - Cart Abandon,Retarget - Added to Cart 7d,SKU003,13.2,1694,30,123.43,3
2026-07-30,Meta Ads,Retargeting - Cart Abandon,Retarget - Added to Cart 7d,SKU003,29.63,2412,41,179.46,4
2026-07-31,Meta Ads,Retargeting - Cart Abandon,Retarget - Added to Cart 7d,SKU004,36.23,4889,52,221.51,5
2026-08-01,Meta Ads,Retargeting - Cart Abandon,Retarget - Added to Cart 7d,SKU003,62.9,8560,146,396.75,9
2026-08-02,Meta Ads,Retargeting - Cart Abandon,Retarget - Added to Cart 7d,SKU005,24.07,2301,42,152.21,4
2026-08-03,Meta Ads,Retargeting - Cart Abandon,Retarget - Added to Cart 7d,SKU002,47.32,6205,60,338.43,8
2026-08-04,Meta Ads,Retargeting - Cart Abandon,Retarget - Added to Cart 7d,SKU005,56.51,4957,44,519.97,12
2026-08-05,Meta Ads,Retargeting - Cart Abandon,Retarget - Added to Cart 7d,SKU006,16.69,2228,23,49.48,1
2026-08-06,Meta Ads,Retargeting - Cart Abandon,Retarget - Added to Cart 7d,SKU003,13.01,1614,30,11.5,0
2026-08-07,Meta Ads,Retargeting - Cart Abandon,Retarget - Added to Cart 7d,SKU012,25.51,2258,27,225.72,5
2026-08-08,Meta Ads,Retargeting - Cart Abandon,Retarget - Added to Cart 7d,SKU006,15.52,1575,26,36.64,1
2026-08-09,Meta Ads,Retargeting - Cart Abandon,Retarget - Added to Cart 7d,SKU008,24.08,2128,41,177.77,4
2026-08-10,Meta Ads,Retargeting - Cart Abandon,Retarget - Added to Cart 7d,SKU006,62.44,6006,67,433.98,10
2026-08-11,Meta Ads,Retargeting - Cart Abandon,Retarget - Added to Cart 7d,SKU007,24.11,2140,30,191.48,5
2026-08-12,Meta Ads,Retargeting - Cart Abandon,Retarget - Added to Cart 7d,SKU005,17.51,2311,39,76.82,2
2026-08-13,Meta Ads,Retargeting - Cart Abandon,Retarget - Added to Cart 7d,SKU006,20.33,2227,24,166.02,4
2026-08-14,Meta Ads,Retargeting - Cart Abandon,Retarget - Added to Cart 7d,SKU010,18.56,2289,34,15.91,0
2026-08-15,Meta Ads,Retargeting - Cart Abandon,Retarget - Added to Cart 7d,SKU001,14.56,1350,17,93.02,2
2026-08-16,Meta Ads,Retargeting - Cart Abandon,Retarget - Added to Cart 7d,SKU005,70.12,7118,111,424.9,10
2026-08-17,Meta Ads,Retargeting - Cart Abandon,Retarget - Added to Cart 7d,SKU004,38.03,4395,46,293.21,7
2026-08-18,Meta Ads,Retargeting - Cart Abandon,Retarget - Added to Cart 7d,SKU010,13.21,1781,33,46.11,1
2026-08-19,Meta Ads,Retargeting - Cart Abandon,Retarget - Added to Cart 7d,SKU010,11.45,1342,16,40.74,1
2026-08-20,Meta Ads,Retargeting - Cart Abandon,Retarget - Added to Cart 7d,SKU004,50.17,4462,54,446.95,11
2026-08-21,Meta Ads,Retargeting - Cart Abandon,Retarget - Added to Cart 7d,SKU005,43.24,4500,56,444.97,11
2026-08-22,Meta Ads,Retargeting - Cart Abandon,Retarget - Added to Cart 7d,SKU008,27.74,2431,44,224.88,5
2026-08-23,Meta Ads,Retargeting - Cart Abandon,Retarget - Added to Cart 7d,SKU008,12.99,1402,25,72.97,2
2026-08-24,Meta Ads,Retargeting - Cart Abandon,Retarget - Added to Cart 7d,SKU008,21.33,1641,31,176.43,4
2026-08-25,Meta Ads,Retargeting - Cart Abandon,Retarget - Added to Cart 7d,SKU006,40.88,5177,62,333.84,8
2026-08-26,Meta Ads,Retargeting - Cart Abandon,Retarget - Added to Cart 7d,SKU001,31.19,3382,51,287.53,7
2026-08-27,Meta Ads,Retargeting - Cart Abandon,Retarget - Added to Cart 7d,SKU007,13.6,1613,22,48.15,1
2026-08-28,Meta Ads,Retargeting - Cart Abandon,Retarget - Added to Cart 7d,SKU001,39.41,4177,70,288.93,7
2026-08-29,Meta Ads,Retargeting - Cart Abandon,Retarget - Added to Cart 7d,SKU009,45.93,4254,79,322.57,8
2026-08-30,Meta Ads,Retargeting - Cart Abandon,Retarget - Added to Cart 7d,SKU001,47.06,5522,88,301.19,7
2026-08-31,Meta Ads,Retargeting - Cart Abandon,Retarget - Added to Cart 7d,SKU002,26.15,2373,43,285.1,7
2026-09-01,Meta Ads,Retargeting - Cart Abandon,Retarget - Added to Cart 7d,SKU005,19.1,1763,18,17.06,0
2026-09-02,Meta Ads,Retargeting - Cart Abandon,Retarget - Added to Cart 7d,SKU003,16.42,1850,16,149.04,4
2026-09-03,Meta Ads,Retargeting - Cart Abandon,Retarget - Added to Cart 7d,SKU009,67.02,5399,46,386.99,9
2026-09-04,Meta Ads,Retargeting - Cart Abandon,Retarget - Added to Cart 7d,SKU012,51.32,4950,63,416.35,10
2026-09-05,Meta Ads,Retargeting - Cart Abandon,Retarget - Added to Cart 7d,SKU005,14.14,1632,27,4.38,0
2026-09-06,Meta Ads,Retargeting - Cart Abandon,Retarget - Added to Cart 7d,SKU005,16.89,1463,23,85.24,2
2026-09-07,Meta Ads,Retargeting - Cart Abandon,Retarget - Added to Cart 7d,SKU003,40.72,3675,39,300.64,7
2026-09-08,Meta Ads,Retargeting - Cart Abandon,Retarget - Added to Cart 7d,SKU008,23.22,2821,44,143.53,3
2026-09-09,Meta Ads,Retargeting - Cart Abandon,Retarget - Added to Cart 7d,SKU003,16.33,1291,17,139.79,3
2026-09-10,Meta Ads,Retargeting - Cart Abandon,Retarget - Added to Cart 7d,SKU003,90.63,8075,133,579.51,14
2026-09-11,Meta Ads,Retargeting - Cart Abandon,Retarget - Added to Cart 7d,SKU011,17.83,1965,30,5.59,0
2026-09-12,Meta Ads,Retargeting - Cart Abandon,Retarget - Added to Cart 7d,SKU008,93.42,7572,137,617.82,15
2026-09-13,Meta Ads,Retargeting - Cart Abandon,Retarget - Added to Cart 7d,SKU006,37.48,4097,76,269.0,6
2025-09-14,Meta Ads,Retargeting - Engaged 30d,Retarget - Engaged 30d,SKU003,38.9,3019,53,154.39,4
2025-09-15,Meta Ads,Retargeting - Engaged 30d,Retarget - Engaged 30d,SKU009,56.83,5258,98,221.72,5
2025-09-16,Meta Ads,Retargeting - Engaged 30d,Retarget - Engaged 30d,SKU009,101.78,8535,92,300.79,7
2025-09-17,Meta Ads,Retargeting - Engaged 30d,Retarget - Engaged 30d,SKU011,73.9,9565,182,316.55,8
2025-09-18,Meta Ads,Retargeting - Engaged 30d,Retarget - Engaged 30d,SKU001,15.82,1592,23,80.92,2
2025-09-19,Meta Ads,Retargeting - Engaged 30d,Retarget - Engaged 30d,SKU009,30.69,3066,46,148.12,4
2025-09-20,Meta Ads,Retargeting - Engaged 30d,Retarget - Engaged 30d,SKU007,94.82,9553,92,441.77,11
2025-09-21,Meta Ads,Retargeting - Engaged 30d,Retarget - Engaged 30d,SKU003,157.61,19941,291,578.77,14
2025-09-22,Meta Ads,Retargeting - Engaged 30d,Retarget - Engaged 30d,SKU005,87.32,9458,101,400.15,10
2025-09-23,Meta Ads,Retargeting - Engaged 30d,Retarget - Engaged 30d,SKU007,41.42,5104,73,144.45,3
2025-09-24,Meta Ads,Retargeting - Engaged 30d,Retarget - Engaged 30d,SKU002,27.77,3797,69,84.2,2
2025-09-25,Meta Ads,Retargeting - Engaged 30d,Retarget - Engaged 30d,SKU008,125.74,10048,90,419.16,10
2025-09-26,Meta Ads,Retargeting - Engaged 30d,Retarget - Engaged 30d,SKU008,103.86,8014,80,435.75,10
2025-09-27,Meta Ads,Retargeting - Engaged 30d,Retarget - Engaged 30d,SKU005,171.37,17640,326,616.0,15
2025-09-28,Meta Ads,Retargeting - Engaged 30d,Retarget - Engaged 30d,SKU006,37.3,2896,45,209.08,5
2025-09-29,Meta Ads,Retargeting - Engaged 30d,Retarget - Engaged 30d,SKU008,18.07,1605,21,12.31,0
2025-09-30,Meta Ads,Retargeting - Engaged 30d,Retarget - Engaged 30d,SKU005,28.2,2782,37,115.94,3
2025-10-01,Meta Ads,Retargeting - Engaged 30d,Retarget - Engaged 30d,SKU005,108.06,13660,251,499.77,12
2025-10-02,Meta Ads,Retargeting - Engaged 30d,Retarget - Engaged 30d,SKU009,31.1,2450,42,183.89,4
2025-10-03,Meta Ads,Retargeting - Engaged 30d,Retarget - Engaged 30d,SKU006,39.76,4175,68,166.62,4
2025-10-04,Meta Ads,Retargeting - Engaged 30d,Retarget - Engaged 30d,SKU010,30.24,3079,43,110.23,3
2025-10-05,Meta Ads,Retargeting - Engaged 30d,Retarget - Engaged 30d,SKU005,46.18,5035,73,162.15,4
2025-10-06,Meta Ads,Retargeting - Engaged 30d,Retarget - Engaged 30d,SKU005,11.85,977,9,8.28,0
2025-10-07,Meta Ads,Retargeting - Engaged 30d,Retarget - Engaged 30d,SKU005,48.89,5155,72,253.17,6
2025-10-08,Meta Ads,Retargeting - Engaged 30d,Retarget - Engaged 30d,SKU002,38.82,5511,107,145.87,3
2025-10-09,Meta Ads,Retargeting - Engaged 30d,Retarget - Engaged 30d,SKU006,93.14,7435,88,320.45,8
2025-10-10,Meta Ads,Retargeting - Engaged 30d,Retarget - Engaged 30d,SKU003,54.06,7647,65,308.31,7
2025-10-11,Meta Ads,Retargeting - Engaged 30d,Retarget - Engaged 30d,SKU006,62.28,5706,95,214.47,5
2025-10-12,Meta Ads,Retargeting - Engaged 30d,Retarget - Engaged 30d,SKU001,19.2,1717,27,72.83,2
2025-10-13,Meta Ads,Retargeting - Engaged 30d,Retarget - Engaged 30d,SKU001,78.2,10976,184,291.0,7
2025-10-14,Meta Ads,Retargeting - Engaged 30d,Retarget - Engaged 30d,SKU001,57.61,6317,122,192.81,5
2025-10-15,Meta Ads,Retargeting - Engaged 30d,Retarget - Engaged 30d,SKU009,13.83,1390,13,47.11,1
2025-10-16,Meta Ads,Retargeting - Engaged 30d,Retarget - Engaged 30d,SKU005,75.69,7260,75,296.17,7
2025-10-17,Meta Ads,Retargeting - Engaged 30d,Retarget - Engaged 30d,SKU001,88.31,8130,99,477.05,11
2025-10-18,Meta Ads,Retargeting - Engaged 30d,Retarget - Engaged 30d,SKU003,64.75,5488,104,381.49,9
2025-10-19,Meta Ads,Retargeting - Engaged 30d,Retarget - Engaged 30d,SKU005,31.89,2943,50,153.73,4
2025-10-20,Meta Ads,Retargeting - Engaged 30d,Retarget - Engaged 30d,SKU004,157.53,20915,337,708.66,17
2025-10-21,Meta Ads,Retargeting - Engaged 30d,Retarget - Engaged 30d,SKU009,43.23,4081,74,212.92,5
2025-10-22,Meta Ads,Retargeting - Engaged 30d,Retarget - Engaged 30d,SKU010,14.67,1246,11,48.84,1
2025-10-23,Meta Ads,Retargeting - Engaged 30d,Retarget - Engaged 30d,SKU007,67.85,5316,94,269.21,6
2025-10-24,Meta Ads,Retargeting - Engaged 30d,Retarget - Engaged 30d,SKU008,22.79,1856,22,98.98,2
2025-10-25,Meta Ads,Retargeting - Engaged 30d,Retarget - Engaged 30d,SKU007,73.62,8020,87,223.79,5
2025-10-26,Meta Ads,Retargeting - Engaged 30d,Retarget - Engaged 30d,SKU006,42.19,4365,85,196.6,5
2025-10-27,Meta Ads,Retargeting - Engaged 30d,Retarget - Engaged 30d,SKU003,36.58,3842,34,176.12,4
2025-10-28,Meta Ads,Retargeting - Engaged 30d,Retarget - Engaged 30d,SKU008,175.03,19354,327,714.2,17
2025-10-29,Meta Ads,Retargeting - Engaged 30d,Retarget - Engaged 30d,SKU003,15.68,1898,24,9.85,0
2025-10-30,Meta Ads,Retargeting - Engaged 30d,Retarget - Engaged 30d,SKU001,44.54,4887,43,164.76,4
2025-10-31,Meta Ads,Retargeting - Engaged 30d,Retarget - Engaged 30d,SKU006,42.75,4377,78,195.39,5
2025-11-01,Meta Ads,Retargeting - Engaged 30d,Retarget - Engaged 30d,SKU012,18.75,2104,28,97.35,2
2025-11-02,Meta Ads,Retargeting - Engaged 30d,Retarget - Engaged 30d,SKU001,137.57,18227,189,709.0,17
2025-11-03,Meta Ads,Retargeting - Engaged 30d,Retarget - Engaged 30d,SKU003,27.55,3355,61,93.88,2
2025-11-04,Meta Ads,Retargeting - Engaged 30d,Retarget - Engaged 30d,SKU001,31.06,3701,73,133.49,3
2025-11-05,Meta Ads,Retargeting - Engaged 30d,Retarget - Engaged 30d,SKU012,26.16,2165,26,137.08,3
2025-11-06,Meta Ads,Retargeting - Engaged 30d,Retarget - Engaged 30d,SKU010,11.64,1271,22,4.23,0
2025-11-07,Meta Ads,Retargeting - Engaged 30d,Retarget - Engaged 30d,SKU003,64.12,9095,134,257.05,6
2025-11-08,Meta Ads,Retargeting - Engaged 30d,Retarget - Engaged 30d,SKU003,51.68,6294,121,253.04,6
2025-11-09,Meta Ads,Retargeting - Engaged 30d,Retarget - Engaged 30d,SKU002,30.81,2688,43,140.91,3
2025-11-10,Meta Ads,Retargeting - Engaged 30d,Retarget - Engaged 30d,SKU005,112.94,10507,143,476.68,11
2025-11-11,Meta Ads,Retargeting - Engaged 30d,Retarget - Engaged 30d,SKU007,13.86,1417,14,42.66,1
2025-11-12,Meta Ads,Retargeting - Engaged 30d,Retarget - Engaged 30d,SKU005,239.46,22730,412,847.03,20
2025-11-13,Meta Ads,Retargeting - Engaged 30d,Retarget - Engaged 30d,SKU008,115.43,11749,225,505.13,12
2025-11-14,Meta Ads,Retargeting - Engaged 30d,Retarget - Engaged 30d,SKU003,14.51,1542,15,61.74,1
2025-11-15,Meta Ads,Retargeting - Engaged 30d,Retarget - Engaged 30d,SKU008,50.68,5163,81,183.65,4
2025-11-16,Meta Ads,Retargeting - Engaged 30d,Retarget - Engaged 30d,SKU006,129.2,17022,279,470.64,11
2025-11-17,Meta Ads,Retargeting - Engaged 30d,Retarget - Engaged 30d,SKU004,100.9,9313,122,415.88,10
2025-11-18,Meta Ads,Retargeting - Engaged 30d,Retarget - Engaged 30d,SKU002,12.42,1079,18,63.41,2
2025-11-19,Meta Ads,Retargeting - Engaged 30d,Retarget - Engaged 30d,SKU003,35.65,4218,52,209.53,5
2025-11-20,Meta Ads,Retargeting - Engaged 30d,Retarget - Engaged 30d,SKU006,19.24,2055,29,15.39,0
2025-11-21,Meta Ads,Retargeting - Engaged 30d,Retarget - Engaged 30d,SKU005,40.64,5026,53,212.9,5
2025-11-22,Meta Ads,Retargeting - Engaged 30d,Retarget - Engaged 30d,SKU006,168.54,13079,167,518.12,12
2025-11-23,Meta Ads,Retargeting - Engaged 30d,Retarget - Engaged 30d,SKU010,34.28,3770,44,189.72,5
2025-11-24,Meta Ads,Retargeting - Engaged 30d,Retarget - Engaged 30d,SKU001,108.35,10765,116,467.66,11
2025-11-25,Meta Ads,Retargeting - Engaged 30d,Retarget - Engaged 30d,SKU006,201.62,22927,448,911.98,22
2025-11-26,Meta Ads,Retargeting - Engaged 30d,Retarget - Engaged 30d,SKU005,163.47,16787,137,814.99,19
2025-11-27,Meta Ads,Retargeting - Engaged 30d,Retarget - Engaged 30d,SKU003,320.89,36049,651,1126.32,27
2025-11-28,Meta Ads,Retargeting - Engaged 30d,Retarget - Engaged 30d,SKU009,132.13,11753,162,535.05,13
2025-11-29,Meta Ads,Retargeting - Engaged 30d,Retarget - Engaged 30d,SKU002,228.67,25663,464,769.74,18
2025-11-30,Meta Ads,Retargeting - Engaged 30d,Retarget - Engaged 30d,SKU003,116.43,11135,105,474.49,11
2025-12-01,Meta Ads,Retargeting - Engaged 30d,Retarget - Engaged 30d,SKU005,79.83,9313,170,400.26,10
2025-12-02,Meta Ads,Retargeting - Engaged 30d,Retarget - Engaged 30d,SKU004,202.04,27478,529,826.59,20
2025-12-03,Meta Ads,Retargeting - Engaged 30d,Retarget - Engaged 30d,SKU005,33.05,3679,58,147.15,4
2025-12-04,Meta Ads,Retargeting - Engaged 30d,Retarget - Engaged 30d,SKU009,77.88,7998,87,264.58,6
2025-12-05,Meta Ads,Retargeting - Engaged 30d,Retarget - Engaged 30d,SKU009,123.45,12346,137,618.87,15
2025-12-06,Meta Ads,Retargeting - Engaged 30d,Retarget - Engaged 30d,SKU006,61.41,5692,89,358.44,9
2025-12-07,Meta Ads,Retargeting - Engaged 30d,Retarget - Engaged 30d,SKU003,28.02,2626,24,117.69,3
2025-12-08,Meta Ads,Retargeting - Engaged 30d,Retarget - Engaged 30d,SKU007,211.07,28854,258,831.4,20
2025-12-09,Meta Ads,Retargeting - Engaged 30d,Retarget - Engaged 30d,SKU004,165.25,23126,259,469.02,11
2025-12-10,Meta Ads,Retargeting - Engaged 30d,Retarget - Engaged 30d,SKU002,75.44,8766,100,260.67,6
2025-12-11,Meta Ads,Retargeting - Engaged 30d,Retarget - Engaged 30d,SKU001,13.09,1470,26,61.34,1
2025-12-12,Meta Ads,Retargeting - Engaged 30d,Retarget - Engaged 30d,SKU005,154.36,12275,193,648.93,15
2025-12-13,Meta Ads,Retargeting - Engaged 30d,Retarget - Engaged 30d,SKU007,37.39,4112,73,150.94,4
2025-12-14,Meta Ads,Retargeting - Engaged 30d,Retarget - Engaged 30d,SKU006,58.45,4744,85,200.26,5
2025-12-15,Meta Ads,Retargeting - Engaged 30d,Retarget - Engaged 30d,SKU010,61.2,5345,56,237.55,6
2025-12-16,Meta Ads,Retargeting - Engaged 30d,Retarget - Engaged 30d,SKU011,73.47,6359,70,244.81,6
2025-12-17,Meta Ads,Retargeting - Engaged 30d,Retarget - Engaged 30d,SKU004,35.84,4033,48,134.22,3
2025-12-18,Meta Ads,Retargeting - Engaged 30d,Retarget - Engaged 30d,SKU010,34.35,3877,62,128.25,3
2025-12-19,Meta Ads,Retargeting - Engaged 30d,Retarget - Engaged 30d,SKU002,83.62,8319,73,434.41,10
2025-12-20,Meta Ads,Retargeting - Engaged 30d,Retarget - Engaged 30d,SKU001,12.68,1248,15,40.08,1
2025-12-21,Meta Ads,Retargeting - Engaged 30d,Retarget - Engaged 30d,SKU010,101.75,8774,118,428.05,10
2025-12-22,Meta Ads,Retargeting - Engaged 30d,Retarget - Engaged 30d,SKU009,72.46,6200,114,257.31,6
2025-12-23,Meta Ads,Retargeting - Engaged 30d,Retarget - Engaged 30d,SKU001,14.21,1589,31,9.96,0
2025-12-24,Meta Ads,Retargeting - Engaged 30d,Retarget - Engaged 30d,SKU008,16.09,1635,23,5.72,0
2025-12-25,Meta Ads,Retargeting - Engaged 30d,Retarget - Engaged 30d,SKU003,18.0,2240,27,70.36,2
2025-12-26,Meta Ads,Retargeting - Engaged 30d,Retarget - Engaged 30d,SKU012,42.03,4279,39,135.62,3
2025-12-27,Meta Ads,Retargeting - Engaged 30d,Retarget - Engaged 30d,SKU006,16.98,1491,25,9.36,0
2025-12-28,Meta Ads,Retargeting - Engaged 30d,Retarget - Engaged 30d,SKU009,26.43,2034,31,115.22,3
2025-12-29,Meta Ads,Retargeting - Engaged 30d,Retarget - Engaged 30d,SKU006,14.41,2011,26,52.67,1
2025-12-30,Meta Ads,Retargeting - Engaged 30d,Retarget - Engaged 30d,SKU002,33.31,3819,51,163.47,4
2025-12-31,Meta Ads,Retargeting - Engaged 30d,Retarget - Engaged 30d,SKU011,194.14,25202,285,679.17,16
2026-01-01,Meta Ads,Retargeting - Engaged 30d,Retarget - Engaged 30d,SKU002,50.69,4821,69,255.47,6
2026-01-02,Meta Ads,Retargeting - Engaged 30d,Retarget - Engaged 30d,SKU001,53.33,5510,104,171.24,4
2026-01-03,Meta Ads,Retargeting - Engaged 30d,Retarget - Engaged 30d,SKU001,202.39,19260,352,608.81,14
2026-01-04,Meta Ads,Retargeting - Engaged 30d,Retarget - Engaged 30d,SKU004,31.34,2990,48,134.91,3
2026-01-05,Meta Ads,Retargeting - Engaged 30d,Retarget - Engaged 30d,SKU002,18.84,1505,18,12.43,0
2026-01-06,Meta Ads,Retargeting - Engaged 30d,Retarget - Engaged 30d,SKU006,40.06,3648,47,144.9,3
2026-01-07,Meta Ads,Retargeting - Engaged 30d,Retarget - Engaged 30d,SKU004,53.29,6125,68,211.49,5
2026-01-08,Meta Ads,Retargeting - Engaged 30d,Retarget - Engaged 30d,SKU003,191.46,27292,347,809.05,19
2026-01-09,Meta Ads,Retargeting - Engaged 30d,Retarget - Engaged 30d,SKU001,38.78,3769,57,131.65,3
2026-01-10,Meta Ads,Retargeting - Engaged 30d,Retarget - Engaged 30d,SKU008,34.1,2652,31,148.4,4
2026-01-11,Meta Ads,Retargeting - Engaged 30d,Retarget - Engaged 30d,SKU010,60.88,5408,45,346.83,8
2026-01-12,Meta Ads,Retargeting - Engaged 30d,Retarget - Engaged 30d,SKU003,35.79,3189,34,158.12,4
2026-01-13,Meta Ads,Retargeting - Engaged 30d,Retarget - Engaged 30d,SKU011,18.6,1659,26,53.07,1
2026-01-14,Meta Ads,Retargeting - Engaged 30d,Retarget - Engaged 30d,SKU005,31.52,2975,44,138.67,3
2026-01-15,Meta Ads,Retargeting - Engaged 30d,Retarget - Engaged 30d,SKU002,44.65,5186,62,220.61,5
2026-01-16,Meta Ads,Retargeting - Engaged 30d,Retarget - Engaged 30d,SKU004,42.88,4905,86,238.31,6
2026-01-17,Meta Ads,Retargeting - Engaged 30d,Retarget - Engaged 30d,SKU003,34.18,2656,43,174.77,4
2026-01-18,Meta Ads,Retargeting - Engaged 30d,Retarget - Engaged 30d,SKU003,18.36,2085,39,49.61,1
2026-01-19,Meta Ads,Retargeting - Engaged 30d,Retarget - Engaged 30d,SKU003,106.9,14370,249,397.52,9
2026-01-20,Meta Ads,Retargeting - Engaged 30d,Retarget - Engaged 30d,SKU005,28.71,3947,52,154.09,4
2026-01-21,Meta Ads,Retargeting - Engaged 30d,Retarget - Engaged 30d,SKU011,16.58,2306,33,42.71,1
2026-01-22,Meta Ads,Retargeting - Engaged 30d,Retarget - Engaged 30d,SKU006,96.79,12092,205,418.24,10
2026-01-23,Meta Ads,Retargeting - Engaged 30d,Retarget - Engaged 30d,SKU011,17.89,1912,16,59.51,1
2026-01-24,Meta Ads,Retargeting - Engaged 30d,Retarget - Engaged 30d,SKU005,135.81,13617,183,510.66,12
2026-01-25,Meta Ads,Retargeting - Engaged 30d,Retarget - Engaged 30d,SKU008,54.33,5240,98,280.36,7
2026-01-26,Meta Ads,Retargeting - Engaged 30d,Retarget - Engaged 30d,SKU011,19.01,1716,21,44.09,1
2026-01-27,Meta Ads,Retargeting - Engaged 30d,Retarget - Engaged 30d,SKU010,15.09,1290,20,7.97,0
2026-01-28,Meta Ads,Retargeting - Engaged 30d,Retarget - Engaged 30d,SKU004,58.05,4535,53,262.79,6
2026-01-29,Meta Ads,Retargeting - Engaged 30d,Retarget - Engaged 30d,SKU011,16.3,2152,27,37.76,1
2026-01-30,Meta Ads,Retargeting - Engaged 30d,Retarget - Engaged 30d,SKU003,15.01,1246,17,49.04,1
2026-01-31,Meta Ads,Retargeting - Engaged 30d,Retarget - Engaged 30d,SKU003,29.93,2545,28,123.65,3
2026-02-01,Meta Ads,Retargeting - Engaged 30d,Retarget - Engaged 30d,SKU008,40.43,3158,60,222.2,5
2026-02-02,Meta Ads,Retargeting - Engaged 30d,Retarget - Engaged 30d,SKU005,16.81,1684,19,17.69,0
2026-02-03,Meta Ads,Retargeting - Engaged 30d,Retarget - Engaged 30d,SKU001,14.91,1400,25,42.91,1
2026-02-04,Meta Ads,Retargeting - Engaged 30d,Retarget - Engaged 30d,SKU006,143.85,17986,201,600.4,14
2026-02-05,Meta Ads,Retargeting - Engaged 30d,Retarget - Engaged 30d,SKU001,113.39,10275,124,338.55,8
2026-02-06,Meta Ads,Retargeting - Engaged 30d,Retarget - Engaged 30d,SKU010,33.87,3231,54,121.76,3
2026-02-07,Meta Ads,Retargeting - Engaged 30d,Retarget - Engaged 30d,SKU011,17.58,1541,20,72.26,2
2026-02-08,Meta Ads,Retargeting - Engaged 30d,Retarget - Engaged 30d,SKU005,204.86,18942,361,576.92,14
2026-02-09,Meta Ads,Retargeting - Engaged 30d,Retarget - Engaged 30d,SKU004,29.96,2915,52,84.72,2
2026-02-10,Meta Ads,Retargeting - Engaged 30d,Retarget - Engaged 30d,SKU001,14.95,1530,18,8.78,0
2026-02-11,Meta Ads,Retargeting - Engaged 30d,Retarget - Engaged 30d,SKU002,38.26,5464,57,159.01,4
2026-02-12,Meta Ads,Retargeting - Engaged 30d,Retarget - Engaged 30d,SKU006,11.35,1000,17,63.68,2
2026-02-13,Meta Ads,Retargeting - Engaged 30d,Retarget - Engaged 30d,SKU001,36.55,2898,44,177.36,4
2026-02-14,Meta Ads,Retargeting - Engaged 30d,Retarget - Engaged 30d,SKU002,16.15,1537,14,10.84,0
2026-02-15,Meta Ads,Retargeting - Engaged 30d,Retarget - Engaged 30d,SKU011,39.01,4221,80,191.61,5
2026-02-16,Meta Ads,Retargeting - Engaged 30d,Retarget - Engaged 30d,SKU006,95.11,10069,123,496.06,12
2026-02-17,Meta Ads,Retargeting - Engaged 30d,Retarget - Engaged 30d,SKU001,75.9,6720,106,356.74,8
2026-02-18,Meta Ads,Retargeting - Engaged 30d,Retarget - Engaged 30d,SKU005,127.98,12975,132,409.87,10
2026-02-19,Meta Ads,Retargeting - Engaged 30d,Retarget - Engaged 30d,SKU003,85.78,6691,90,323.72,8
2026-02-20,Meta Ads,Retargeting - Engaged 30d,Retarget - Engaged 30d,SKU001,17.56,1556,25,84.35,2
2026-02-21,Meta Ads,Retargeting - Engaged 30d,Retarget - Engaged 30d,SKU002,12.24,1309,11,64.82,2
2026-02-22,Meta Ads,Retargeting - Engaged 30d,Retarget - Engaged 30d,SKU007,73.01,8539,170,247.62,6
2026-02-23,Meta Ads,Retargeting - Engaged 30d,Retarget - Engaged 30d,SKU012,33.31,3557,48,153.53,4
2026-02-24,Meta Ads,Retargeting - Engaged 30d,Retarget - Engaged 30d,SKU002,15.43,1380,18,77.22,2
2026-02-25,Meta Ads,Retargeting - Engaged 30d,Retarget - Engaged 30d,SKU012,123.44,13378,257,392.46,9
2026-02-26,Meta Ads,Retargeting - Engaged 30d,Retarget - Engaged 30d,SKU001,80.12,6780,67,240.04,6
2026-02-27,Meta Ads,Retargeting - Engaged 30d,Retarget - Engaged 30d,SKU007,53.32,4559,90,169.4,4
2026-02-28,Meta Ads,Retargeting - Engaged 30d,Retarget - Engaged 30d,SKU006,21.51,2387,32,93.2,2
2026-03-01,Meta Ads,Retargeting - Engaged 30d,Retarget - Engaged 30d,SKU002,41.83,3637,35,172.89,4
2026-03-02,Meta Ads,Retargeting - Engaged 30d,Retarget - Engaged 30d,SKU005,47.49,4757,87,149.32,4
2026-03-03,Meta Ads,Retargeting - Engaged 30d,Retarget - Engaged 30d,SKU011,35.57,3400,44,176.36,4
2026-03-04,Meta Ads,Retargeting - Engaged 30d,Retarget - Engaged 30d,SKU004,12.19,1370,26,52.53,1
2026-03-05,Meta Ads,Retargeting - Engaged 30d,Retarget - Engaged 30d,SKU001,13.13,1720,22,60.35,1
2026-03-06,Meta Ads,Retargeting - Engaged 30d,Retarget - Engaged 30d,SKU003,118.61,14798,269,556.48,13
2026-03-07,Meta Ads,Retargeting - Engaged 30d,Retarget - Engaged 30d,SKU003,19.75,2133,22,71.68,2
2026-03-08,Meta Ads,Retargeting - Engaged 30d,Retarget - Engaged 30d,SKU002,11.75,1485,26,51.59,1
2026-03-09,Meta Ads,Retargeting - Engaged 30d,Retarget - Engaged 30d,SKU007,68.96,6593,68,254.51,6
2026-03-10,Meta Ads,Retargeting - Engaged 30d,Retarget - Engaged 30d,SKU011,27.54,2712,52,135.43,3
2026-03-11,Meta Ads,Retargeting - Engaged 30d,Retarget - Engaged 30d,SKU003,137.09,13444,107,577.83,14
2026-03-12,Meta Ads,Retargeting - Engaged 30d,Retarget - Engaged 30d,SKU007,61.71,4781,82,198.72,5
2026-03-13,Meta Ads,Retargeting - Engaged 30d,Retarget - Engaged 30d,SKU009,21.23,2455,35,72.75,2
2026-03-14,Meta Ads,Retargeting - Engaged 30d,Retarget - Engaged 30d,SKU002,60.06,7128,126,187.05,4
2026-03-15,Meta Ads,Retargeting - Engaged 30d,Retarget - Engaged 30d,SKU001,96.95,9550,98,396.74,9
2026-03-16,Meta Ads,Retargeting - Engaged 30d,Retarget - Engaged 30d,SKU008,15.76,1781,34,12.44,0
2026-03-17,Meta Ads,Retargeting - Engaged 30d,Retarget - Engaged 30d,SKU003,204.45,19527,306,850.83,20
2026-03-18,Meta Ads,Retargeting - Engaged 30d,Retarget - Engaged 30d,SKU011,56.98,6661,66,327.77,8
2026-03-19,Meta Ads,Retargeting - Engaged 30d,Retarget - Engaged 30d,SKU005,85.94,11414,218,306.77,7
2026-03-20,Meta Ads,Retargeting - Engaged 30d,Retarget - Engaged 30d,SKU007,66.2,8981,154,260.28,6
2026-03-21,Meta Ads,Retargeting - Engaged 30d,Retarget - Engaged 30d,SKU005,19.21,2351,29,96.5,2
2026-03-22,Meta Ads,Retargeting - Engaged 30d,Retarget - Engaged 30d,SKU006,57.11,5184,44,292.46,7
2026-03-23,Meta Ads,Retargeting - Engaged 30d,Retarget - Engaged 30d,SKU003,46.05,5309,85,157.72,4
2026-03-24,Meta Ads,Retargeting - Engaged 30d,Retarget - Engaged 30d,SKU004,74.69,6338,63,281.45,7
2026-03-25,Meta Ads,Retargeting - Engaged 30d,Retarget - Engaged 30d,SKU010,202.22,25072,392,858.91,20
2026-03-26,Meta Ads,Retargeting - Engaged 30d,Retarget - Engaged 30d,SKU006,41.04,3947,38,207.23,5
2026-03-27,Meta Ads,Retargeting - Engaged 30d,Retarget - Engaged 30d,SKU012,25.31,1989,29,144.43,3
2026-03-28,Meta Ads,Retargeting - Engaged 30d,Retarget - Engaged 30d,SKU006,111.58,12109,109,428.71,10
2026-03-29,Meta Ads,Retargeting - Engaged 30d,Retarget - Engaged 30d,SKU003,91.33,12435,196,321.16,8
2026-03-30,Meta Ads,Retargeting - Engaged 30d,Retarget - Engaged 30d,SKU002,105.22,13359,244,380.44,9
2026-03-31,Meta Ads,Retargeting - Engaged 30d,Retarget - Engaged 30d,SKU010,38.49,3513,66,178.77,4
2026-04-01,Meta Ads,Retargeting - Engaged 30d,Retarget - Engaged 30d,SKU008,31.24,3473,61,152.38,4
2026-04-02,Meta Ads,Retargeting - Engaged 30d,Retarget - Engaged 30d,SKU006,21.18,2354,35,83.25,2
2026-04-03,Meta Ads,Retargeting - Engaged 30d,Retarget - Engaged 30d,SKU005,104.33,11567,122,325.76,8
2026-04-04,Meta Ads,Retargeting - Engaged 30d,Retarget - Engaged 30d,SKU009,53.81,6706,60,166.12,4
2026-04-05,Meta Ads,Retargeting - Engaged 30d,Retarget - Engaged 30d,SKU006,57.6,5173,93,284.38,7
2026-04-06,Meta Ads,Retargeting - Engaged 30d,Retarget - Engaged 30d,SKU008,65.08,6975,83,221.52,5
2026-04-07,Meta Ads,Retargeting - Engaged 30d,Retarget - Engaged 30d,SKU002,16.4,1774,28,8.24,0
2026-04-08,Meta Ads,Retargeting - Engaged 30d,Retarget - Engaged 30d,SKU011,51.96,5905,63,238.31,6
2026-04-09,Meta Ads,Retargeting - Engaged 30d,Retarget - Engaged 30d,SKU005,70.62,5711,76,222.49,5
2026-04-10,Meta Ads,Retargeting - Engaged 30d,Retarget - Engaged 30d,SKU008,40.61,5352,69,212.66,5
2026-04-11,Meta Ads,Retargeting - Engaged 30d,Retarget - Engaged 30d,SKU005,34.38,3367,38,125.54,3
2026-04-12,Meta Ads,Retargeting - Engaged 30d,Retarget - Engaged 30d,SKU008,204.79,23919,430,622.16,15
2026-04-13,Meta Ads,Retargeting - Engaged 30d,Retarget - Engaged 30d,SKU002,92.34,7135,92,278.14,7
2026-04-14,Meta Ads,Retargeting - Engaged 30d,Retarget - Engaged 30d,SKU005,35.03,3512,55,114.01,3
2026-04-15,Meta Ads,Retargeting - Engaged 30d,Retarget - Engaged 30d,SKU004,87.48,8395,109,349.41,8
2026-04-16,Meta Ads,Retargeting - Engaged 30d,Retarget - Engaged 30d,SKU008,90.57,8706,145,400.84,10
2026-04-17,Meta Ads,Retargeting - Engaged 30d,Retarget - Engaged 30d,SKU010,31.4,3420,51,146.55,3
2026-04-18,Meta Ads,Retargeting - Engaged 30d,Retarget - Engaged 30d,SKU002,41.91,4108,43,143.38,3
2026-04-19,Meta Ads,Retargeting - Engaged 30d,Retarget - Engaged 30d,SKU011,141.28,11278,156,722.51,17
2026-04-20,Meta Ads,Retargeting - Engaged 30d,Retarget - Engaged 30d,SKU001,13.99,1223,17,45.56,1
2026-04-21,Meta Ads,Retargeting - Engaged 30d,Retarget - Engaged 30d,SKU004,122.67,12682,251,484.62,12
2026-04-22,Meta Ads,Retargeting - Engaged 30d,Retarget - Engaged 30d,SKU003,20.57,2408,38,69.91,2
2026-04-23,Meta Ads,Retargeting - Engaged 30d,Retarget - Engaged 30d,SKU012,29.07,2983,41,170.51,4
2026-04-24,Meta Ads,Retargeting - Engaged 30d,Retarget - Engaged 30d,SKU006,48.24,4666,72,158.6,4
2026-04-25,Meta Ads,Retargeting - Engaged 30d,Retarget - Engaged 30d,SKU003,104.62,8104,83,402.98,10
2026-04-26,Meta Ads,Retargeting - Engaged 30d,Retarget - Engaged 30d,SKU010,98.31,8603,92,441.73,11
2026-04-27,Meta Ads,Retargeting - Engaged 30d,Retarget - Engaged 30d,SKU006,37.79,4700,53,207.57,5
2026-04-28,Meta Ads,Retargeting - Engaged 30d,Retarget - Engaged 30d,SKU001,185.89,14994,270,671.7,16
2026-04-29,Meta Ads,Retargeting - Engaged 30d,Retarget - Engaged 30d,SKU009,74.23,9476,153,305.88,7
2026-04-30,Meta Ads,Retargeting - Engaged 30d,Retarget - Engaged 30d,SKU004,174.71,13892,197,535.47,13
2026-05-01,Meta Ads,Retargeting - Engaged 30d,Retarget - Engaged 30d,SKU003,111.72,8862,142,539.3,13
2026-05-02,Meta Ads,Retargeting - Engaged 30d,Retarget - Engaged 30d,SKU008,41.95,4466,77,144.17,3
2026-05-03,Meta Ads,Retargeting - Engaged 30d,Retarget - Engaged 30d,SKU001,18.65,1834,22,86.06,2
2026-05-04,Meta Ads,Retargeting - Engaged 30d,Retarget - Engaged 30d,SKU012,70.61,7954,128,249.34,6
2026-05-05,Meta Ads,Retargeting - Engaged 30d,Retarget - Engaged 30d,SKU006,17.53,2321,20,79.14,2
2026-05-06,Meta Ads,Retargeting - Engaged 30d,Retarget - Engaged 30d,SKU011,13.55,1509,27,13.74,0
2026-05-07,Meta Ads,Retargeting - Engaged 30d,Retarget - Engaged 30d,SKU002,16.65,1296,19,66.62,2
2026-05-08,Meta Ads,Retargeting - Engaged 30d,Retarget - Engaged 30d,SKU005,108.63,9467,99,408.78,10
2026-05-09,Meta Ads,Retargeting - Engaged 30d,Retarget - Engaged 30d,SKU009,19.18,2379,42,19.66,0
2026-05-10,Meta Ads,Retargeting - Engaged 30d,Retarget - Engaged 30d,SKU012,29.24,3659,35,161.76,4
2026-05-11,Meta Ads,Retargeting - Engaged 30d,Retarget - Engaged 30d,SKU008,31.41,3931,45,89.7,2
2026-05-12,Meta Ads,Retargeting - Engaged 30d,Retarget - Engaged 30d,SKU008,21.61,2787,39,68.36,2
2026-05-13,Meta Ads,Retargeting - Engaged 30d,Retarget - Engaged 30d,SKU003,18.5,1614,30,11.15,0
2026-05-14,Meta Ads,Retargeting - Engaged 30d,Retarget - Engaged 30d,SKU001,17.06,1633,22,83.57,2
2026-05-15,Meta Ads,Retargeting - Engaged 30d,Retarget - Engaged 30d,SKU010,112.05,9448,85,475.64,11
2026-05-16,Meta Ads,Retargeting - Engaged 30d,Retarget - Engaged 30d,SKU001,11.99,1076,20,34.94,1
2026-05-17,Meta Ads,Retargeting - Engaged 30d,Retarget - Engaged 30d,SKU006,42.28,5771,107,200.1,5
2026-05-18,Meta Ads,Retargeting - Engaged 30d,Retarget - Engaged 30d,SKU010,45.18,3862,48,180.2,4
2026-05-19,Meta Ads,Retargeting - Engaged 30d,Retarget - Engaged 30d,SKU003,18.28,1879,33,34.28,1
2026-05-20,Meta Ads,Retargeting - Engaged 30d,Retarget - Engaged 30d,SKU012,55.4,6918,61,249.58,6
2026-05-21,Meta Ads,Retargeting - Engaged 30d,Retarget - Engaged 30d,SKU005,16.66,1557,13,8.61,0
2026-05-22,Meta Ads,Retargeting - Engaged 30d,Retarget - Engaged 30d,SKU005,167.58,21504,181,715.54,17
2026-05-23,Meta Ads,Retargeting - Engaged 30d,Retarget - Engaged 30d,SKU010,39.0,3674,35,188.95,4
2026-05-24,Meta Ads,Retargeting - Engaged 30d,Retarget - Engaged 30d,SKU002,17.93,1470,26,8.74,0
2026-05-25,Meta Ads,Retargeting - Engaged 30d,Retarget - Engaged 30d,SKU005,180.04,18988,274,542.6,13
2026-05-26,Meta Ads,Retargeting - Engaged 30d,Retarget - Engaged 30d,SKU012,122.36,12822,224,664.9,16
2026-05-27,Meta Ads,Retargeting - Engaged 30d,Retarget - Engaged 30d,SKU004,38.59,4185,33,187.11,4
2026-05-28,Meta Ads,Retargeting - Engaged 30d,Retarget - Engaged 30d,SKU006,117.16,15665,140,456.07,11
2026-05-29,Meta Ads,Retargeting - Engaged 30d,Retarget - Engaged 30d,SKU005,82.31,9469,110,368.39,9
2026-05-30,Meta Ads,Retargeting - Engaged 30d,Retarget - Engaged 30d,SKU007,53.73,4329,42,180.12,4
2026-05-31,Meta Ads,Retargeting - Engaged 30d,Retarget - Engaged 30d,SKU005,102.79,9903,155,350.42,8
2026-06-01,Meta Ads,Retargeting - Engaged 30d,Retarget - Engaged 30d,SKU006,48.63,5322,94,213.92,5
2026-06-02,Meta Ads,Retargeting - Engaged 30d,Retarget - Engaged 30d,SKU007,63.43,7204,88,229.16,5
2026-06-03,Meta Ads,Retargeting - Engaged 30d,Retarget - Engaged 30d,SKU008,25.77,2325,30,115.19,3
2026-06-04,Meta Ads,Retargeting - Engaged 30d,Retarget - Engaged 30d,SKU007,21.82,2037,29,77.24,2
2026-06-05,Meta Ads,Retargeting - Engaged 30d,Retarget - Engaged 30d,SKU011,12.79,1354,12,9.07,0
2026-06-06,Meta Ads,Retargeting - Engaged 30d,Retarget - Engaged 30d,SKU006,13.77,1521,21,48.43,1
2026-06-07,Meta Ads,Retargeting - Engaged 30d,Retarget - Engaged 30d,SKU001,15.57,2219,41,57.96,1
2026-06-08,Meta Ads,Retargeting - Engaged 30d,Retarget - Engaged 30d,SKU011,18.5,1671,23,11.16,0
2026-06-09,Meta Ads,Retargeting - Engaged 30d,Retarget - Engaged 30d,SKU005,13.91,1076,19,13.41,0
2026-06-10,Meta Ads,Retargeting - Engaged 30d,Retarget - Engaged 30d,SKU003,73.58,6704,105,204.48,5
2026-06-11,Meta Ads,Retargeting - Engaged 30d,Retarget - Engaged 30d,SKU003,24.14,2700,41,93.02,2
2026-06-12,Meta Ads,Retargeting - Engaged 30d,Retarget - Engaged 30d,SKU003,74.35,6774,115,330.76,8
2026-06-13,Meta Ads,Retargeting - Engaged 30d,Retarget - Engaged 30d,SKU009,151.27,21290,352,527.11,13
2026-06-14,Meta Ads,Retargeting - Engaged 30d,Retarget - Engaged 30d,SKU012,22.04,2480,45,73.22,2
2026-06-15,Meta Ads,Retargeting - Engaged 30d,Retarget - Engaged 30d,SKU003,30.27,2358,23,122.44,3
2026-06-16,Meta Ads,Retargeting - Engaged 30d,Retarget - Engaged 30d,SKU005,34.75,3612,41,135.62,3
2026-06-17,Meta Ads,Retargeting - Engaged 30d,Retarget - Engaged 30d,SKU006,37.46,2920,47,124.84,3
2026-06-18,Meta Ads,Retargeting - Engaged 30d,Retarget - Engaged 30d,SKU003,48.57,4548,57,158.43,4
2026-06-19,Meta Ads,Retargeting - Engaged 30d,Retarget - Engaged 30d,SKU011,200.59,20389,184,893.08,21
2026-06-20,Meta Ads,Retargeting - Engaged 30d,Retarget - Engaged 30d,SKU004,71.82,7474,91,288.16,7
2026-06-21,Meta Ads,Retargeting - Engaged 30d,Retarget - Engaged 30d,SKU002,42.43,5207,86,162.14,4
2026-06-22,Meta Ads,Retargeting - Engaged 30d,Retarget - Engaged 30d,SKU005,16.31,1555,22,17.44,0
2026-06-23,Meta Ads,Retargeting - Engaged 30d,Retarget - Engaged 30d,SKU003,74.31,6865,101,235.62,6
2026-06-24,Meta Ads,Retargeting - Engaged 30d,Retarget - Engaged 30d,SKU011,88.2,12581,199,443.22,11
2026-06-25,Meta Ads,Retargeting - Engaged 30d,Retarget - Engaged 30d,SKU010,18.79,1528,15,49.72,1
2026-06-26,Meta Ads,Retargeting - Engaged 30d,Retarget - Engaged 30d,SKU007,12.09,1000,16,6.84,0
2026-06-27,Meta Ads,Retargeting - Engaged 30d,Retarget - Engaged 30d,SKU005,32.0,2533,30,136.81,3
2026-06-28,Meta Ads,Retargeting - Engaged 30d,Retarget - Engaged 30d,SKU003,54.58,4641,43,190.01,5
2026-06-29,Meta Ads,Retargeting - Engaged 30d,Retarget - Engaged 30d,SKU006,43.0,5321,95,170.81,4
2026-06-30,Meta Ads,Retargeting - Engaged 30d,Retarget - Engaged 30d,SKU002,20.46,1656,15,74.39,2
2026-07-01,Meta Ads,Retargeting - Engaged 30d,Retarget - Engaged 30d,SKU008,74.75,8180,112,280.74,7
2026-07-02,Meta Ads,Retargeting - Engaged 30d,Retarget - Engaged 30d,SKU003,122.67,9484,184,434.56,10
2026-07-03,Meta Ads,Retargeting - Engaged 30d,Retarget - Engaged 30d,SKU005,65.85,7064,139,268.47,6
2026-07-04,Meta Ads,Retargeting - Engaged 30d,Retarget - Engaged 30d,SKU006,151.14,18002,257,743.91,18
2026-07-05,Meta Ads,Retargeting - Engaged 30d,Retarget - Engaged 30d,SKU001,14.07,1720,23,6.54,0
2026-07-06,Meta Ads,Retargeting - Engaged 30d,Retarget - Engaged 30d,SKU010,16.18,1780,27,50.35,1
2026-07-07,Meta Ads,Retargeting - Engaged 30d,Retarget - Engaged 30d,SKU003,226.82,19136,209,826.42,20
2026-07-08,Meta Ads,Retargeting - Engaged 30d,Retarget - Engaged 30d,SKU008,54.75,6153,106,231.8,6
2026-07-09,Meta Ads,Retargeting - Engaged 30d,Retarget - Engaged 30d,SKU005,17.77,1531,24,13.51,0
2026-07-10,Meta Ads,Retargeting - Engaged 30d,Retarget - Engaged 30d,SKU008,38.45,5326,101,207.28,5
2026-07-11,Meta Ads,Retargeting - Engaged 30d,Retarget - Engaged 30d,SKU001,108.39,8978,151,330.2,8
2026-07-12,Meta Ads,Retargeting - Engaged 30d,Retarget - Engaged 30d,SKU006,80.87,7253,96,359.55,9
2026-07-13,Meta Ads,Retargeting - Engaged 30d,Retarget - Engaged 30d,SKU008,19.48,1814,21,72.76,2
2026-07-14,Meta Ads,Retargeting - Engaged 30d,Retarget - Engaged 30d,SKU006,22.56,2754,27,79.98,2
2026-07-15,Meta Ads,Retargeting - Engaged 30d,Retarget - Engaged 30d,SKU004,73.55,9552,188,289.53,7
2026-07-16,Meta Ads,Retargeting - Engaged 30d,Retarget - Engaged 30d,SKU003,16.55,1631,19,41.77,1
2026-07-17,Meta Ads,Retargeting - Engaged 30d,Retarget - Engaged 30d,SKU002,83.4,6462,88,465.62,11
2026-07-18,Meta Ads,Retargeting - Engaged 30d,Retarget - Engaged 30d,SKU001,70.83,9363,104,297.44,7
2026-07-19,Meta Ads,Retargeting - Engaged 30d,Retarget - Engaged 30d,SKU001,128.46,15830,242,462.72,11
2026-07-20,Meta Ads,Retargeting - Engaged 30d,Retarget - Engaged 30d,SKU002,17.99,1617,19,89.24,2
2026-07-21,Meta Ads,Retargeting - Engaged 30d,Retarget - Engaged 30d,SKU005,63.59,5888,78,254.21,6
2026-07-22,Meta Ads,Retargeting - Engaged 30d,Retarget - Engaged 30d,SKU006,64.84,6973,130,262.95,6
2026-07-23,Meta Ads,Retargeting - Engaged 30d,Retarget - Engaged 30d,SKU004,14.92,1331,17,12.06,0
2026-07-24,Meta Ads,Retargeting - Engaged 30d,Retarget - Engaged 30d,SKU007,190.87,25945,218,717.5,17
2026-07-25,Meta Ads,Retargeting - Engaged 30d,Retarget - Engaged 30d,SKU010,32.88,3118,50,157.23,4
2026-07-26,Meta Ads,Retargeting - Engaged 30d,Retarget - Engaged 30d,SKU001,35.8,3502,33,175.14,4
2026-07-27,Meta Ads,Retargeting - Engaged 30d,Retarget - Engaged 30d,SKU006,13.87,1542,22,79.76,2
2026-07-28,Meta Ads,Retargeting - Engaged 30d,Retarget - Engaged 30d,SKU008,67.14,9579,95,260.75,6
2026-07-29,Meta Ads,Retargeting - Engaged 30d,Retarget - Engaged 30d,SKU006,20.55,2473,23,61.72,1
2026-07-30,Meta Ads,Retargeting - Engaged 30d,Retarget - Engaged 30d,SKU003,36.42,3160,31,123.72,3
2026-07-31,Meta Ads,Retargeting - Engaged 30d,Retarget - Engaged 30d,SKU006,32.94,2616,44,190.14,5
2026-08-01,Meta Ads,Retargeting - Engaged 30d,Retarget - Engaged 30d,SKU010,60.17,5805,73,240.02,6
2026-08-02,Meta Ads,Retargeting - Engaged 30d,Retarget - Engaged 30d,SKU006,61.77,6059,67,291.47,7
2026-08-03,Meta Ads,Retargeting - Engaged 30d,Retarget - Engaged 30d,SKU005,52.47,6093,68,186.12,4
2026-08-04,Meta Ads,Retargeting - Engaged 30d,Retarget - Engaged 30d,SKU006,21.96,2522,45,82.05,2
2026-08-05,Meta Ads,Retargeting - Engaged 30d,Retarget - Engaged 30d,SKU001,16.21,2119,28,14.64,0
2026-08-06,Meta Ads,Retargeting - Engaged 30d,Retarget - Engaged 30d,SKU005,17.04,2106,34,59.28,1
2026-08-07,Meta Ads,Retargeting - Engaged 30d,Retarget - Engaged 30d,SKU012,108.22,11885,148,350.69,8
2026-08-08,Meta Ads,Retargeting - Engaged 30d,Retarget - Engaged 30d,SKU003,125.86,10817,180,409.77,10
2026-08-09,Meta Ads,Retargeting - Engaged 30d,Retarget - Engaged 30d,SKU003,67.87,6622,94,221.07,5
2026-08-10,Meta Ads,Retargeting - Engaged 30d,Retarget - Engaged 30d,SKU008,28.6,2520,32,153.3,4
2026-08-11,Meta Ads,Retargeting - Engaged 30d,Retarget - Engaged 30d,SKU003,73.48,8984,120,344.05,8
2026-08-12,Meta Ads,Retargeting - Engaged 30d,Retarget - Engaged 30d,SKU004,15.93,1613,13,42.57,1
2026-08-13,Meta Ads,Retargeting - Engaged 30d,Retarget - Engaged 30d,SKU004,33.5,4553,53,135.6,3
2026-08-14,Meta Ads,Retargeting - Engaged 30d,Retarget - Engaged 30d,SKU010,18.43,2026,18,39.2,1
2026-08-15,Meta Ads,Retargeting - Engaged 30d,Retarget - Engaged 30d,SKU007,14.1,1364,23,6.61,0
2026-08-16,Meta Ads,Retargeting - Engaged 30d,Retarget - Engaged 30d,SKU009,83.34,8599,157,266.57,6
2026-08-17,Meta Ads,Retargeting - Engaged 30d,Retarget - Engaged 30d,SKU006,20.03,1829,34,89.56,2
2026-08-18,Meta Ads,Retargeting - Engaged 30d,Retarget - Engaged 30d,SKU003,43.72,3697,64,155.91,4
2026-08-19,Meta Ads,Retargeting - Engaged 30d,Retarget - Engaged 30d,SKU009,122.19,17436,281,523.92,12
2026-08-20,Meta Ads,Retargeting - Engaged 30d,Retarget - Engaged 30d,SKU005,43.54,4469,74,127.0,3
2026-08-21,Meta Ads,Retargeting - Engaged 30d,Retarget - Engaged 30d,SKU009,54.58,6633,65,251.21,6
2026-08-22,Meta Ads,Retargeting - Engaged 30d,Retarget - Engaged 30d,SKU001,82.58,7143,92,244.22,6
2026-08-23,Meta Ads,Retargeting - Engaged 30d,Retarget - Engaged 30d,SKU004,53.18,7055,77,172.78,4
2026-08-24,Meta Ads,Retargeting - Engaged 30d,Retarget - Engaged 30d,SKU004,78.78,6324,85,311.87,7
2026-08-25,Meta Ads,Retargeting - Engaged 30d,Retarget - Engaged 30d,SKU007,60.22,7133,72,317.86,8
2026-08-26,Meta Ads,Retargeting - Engaged 30d,Retarget - Engaged 30d,SKU005,26.9,2620,37,102.85,2
2026-08-27,Meta Ads,Retargeting - Engaged 30d,Retarget - Engaged 30d,SKU002,33.6,3931,77,97.54,2
2026-08-28,Meta Ads,Retargeting - Engaged 30d,Retarget - Engaged 30d,SKU005,59.58,5914,78,296.73,7
2026-08-29,Meta Ads,Retargeting - Engaged 30d,Retarget - Engaged 30d,SKU006,106.39,13772,213,431.17,10
2026-08-30,Meta Ads,Retargeting - Engaged 30d,Retarget - Engaged 30d,SKU008,42.92,3506,28,138.28,3
2026-08-31,Meta Ads,Retargeting - Engaged 30d,Retarget - Engaged 30d,SKU001,81.08,9092,108,386.75,9
2026-09-01,Meta Ads,Retargeting - Engaged 30d,Retarget - Engaged 30d,SKU004,79.1,9762,117,306.46,7
2026-09-02,Meta Ads,Retargeting - Engaged 30d,Retarget - Engaged 30d,SKU001,17.08,2091,31,14.61,0
2026-09-03,Meta Ads,Retargeting - Engaged 30d,Retarget - Engaged 30d,SKU004,80.35,9929,144,295.7,7
2026-09-04,Meta Ads,Retargeting - Engaged 30d,Retarget - Engaged 30d,SKU012,44.13,6149,116,197.09,5
2026-09-05,Meta Ads,Retargeting - Engaged 30d,Retarget - Engaged 30d,SKU009,61.57,5065,100,218.79,5
2026-09-06,Meta Ads,Retargeting - Engaged 30d,Retarget - Engaged 30d,SKU009,36.42,3336,32,141.04,3
2026-09-07,Meta Ads,Retargeting - Engaged 30d,Retarget - Engaged 30d,SKU003,43.78,5118,68,160.13,4
2026-09-08,Meta Ads,Retargeting - Engaged 30d,Retarget - Engaged 30d,SKU004,41.13,4521,45,135.87,3
2026-09-09,Meta Ads,Retargeting - Engaged 30d,Retarget - Engaged 30d,SKU004,93.03,10092,158,447.11,11
2026-09-10,Meta Ads,Retargeting - Engaged 30d,Retarget - Engaged 30d,SKU003,37.34,3523,56,146.97,3
2026-09-11,Meta Ads,Retargeting - Engaged 30d,Retarget - Engaged 30d,SKU011,17.48,2491,43,14.97,0
2026-09-12,Meta Ads,Retargeting - Engaged 30d,Retarget - Engaged 30d,SKU004,112.31,11781,231,444.25,11
2026-09-13,Meta Ads,Retargeting - Engaged 30d,Retarget - Engaged 30d,SKU002,27.97,2511,38,125.66,3
