customer_id,first_order_date,acquisition_channel,acquisition_campaign,region,device
CUST000001,2025-09-14,Organic Social,(organic social),Northeast,Mobile
CUST000002,2025-09-14,Direct,(direct),Northeast,Desktop
CUST000003,2025-09-14,Unattributed,(not set),Midwest,Desktop
CUST000004,2025-09-14,Google Ads,PMax - Skincare Prospecting,South,Mobile
CUST000005,2025-09-14,Google Ads,Search - Brand,Midwest,Mobile
CUST000006,2025-09-14,Google Ads,Search - Brand,South,Mobile
CUST000007,2025-09-14,Google Ads,Search - Brand,South,Desktop
CUST000008,2025-09-14,Meta Ads,Retargeting - Engaged 30d,West,Mobile
CUST000009,2025-09-14,Google Ads,Shopping - Bestsellers,South,Desktop
CUST000010,2025-09-14,Google Ads,Search - Nonbrand Skincare,Midwest,Mobile
CUST000011,2025-09-14,Google Ads,Search - Nonbrand Skincare,South,Desktop
CUST000012,2025-09-14,Unattributed,(not set),Midwest,Desktop
CUST000013,2025-09-14,Organic Search,(organic),Northeast,Mobile
CUST000014,2025-09-14,Organic Social,(organic social),South,Tablet
CUST000015,2025-09-14,Organic Social,(organic social),Midwest,Desktop
CUST000016,2025-09-14,Direct,(direct),South,Mobile
CUST000017,2025-09-14,Organic Social,(organic social),West,Mobile
CUST000018,2025-09-14,Google Ads,PMax - Skincare Prospecting,Northeast,Desktop
CUST000019,2025-09-14,Google Ads,PMax - Skincare Prospecting,Northeast,Desktop
CUST000020,2025-09-14,Direct,(direct),Northeast,Mobile
CUST000021,2025-09-14,Google Ads,Shopping - Bestsellers,South,Mobile
CUST000022,2025-09-14,Direct,(direct),Northeast,Desktop
CUST000023,2025-09-14,Meta Ads,Retargeting - Cart Abandon,Northeast,Mobile
CUST000024,2025-09-14,Organic Search,(organic),Midwest,Mobile
CUST000025,2025-09-14,Organic Search,(organic),West,Desktop
CUST000026,2025-09-14,Organic Social,(organic social),South,Mobile
CUST000027,2025-09-15,Organic Social,(organic social),South,Desktop
CUST000028,2025-09-15,Google Ads,Search - Nonbrand Skincare,West,Mobile
CUST000029,2025-09-15,Meta Ads,Retargeting - Engaged 30d,West,Mobile
CUST000030,2025-09-15,Organic Social,(organic social),South,Mobile
CUST000031,2025-09-15,Organic Social,(organic social),Northeast,Mobile
CUST000032,2025-09-15,Meta Ads,Retargeting - Cart Abandon,South,Mobile
CUST000033,2025-09-15,Organic Social,(organic social),Midwest,Desktop
CUST000034,2025-09-15,Unattributed,(not set),West,Tablet
CUST000035,2025-09-15,Unattributed,(not set),Midwest,Mobile
CUST000036,2025-09-15,Direct,(direct),West,Desktop
CUST000037,2025-09-15,Email/SMS,Campaign - Monthly Newsletter,South,Desktop
CUST000038,2025-09-15,Meta Ads,Retargeting - Engaged 30d,West,Mobile
CUST000039,2025-09-15,Meta Ads,Retargeting - Engaged 30d,West,Mobile
CUST000040,2025-09-15,Organic Search,(organic),South,Mobile
CUST000041,2025-09-15,Organic Social,(organic social),West,Desktop
CUST000042,2025-09-15,Organic Search,(organic),West,Mobile
CUST000043,2025-09-15,Direct,(direct),Northeast,Mobile
CUST000044,2025-09-15,Organic Search,(organic),Midwest,Desktop
CUST000045,2025-09-16,Meta Ads,Prospecting - Lookalike 1%,West,Desktop
CUST000046,2025-09-16,Direct,(direct),Midwest,Mobile
CUST000047,2025-09-16,Meta Ads,Prospecting - Lookalike 1%,Northeast,Mobile
CUST000048,2025-09-16,Email/SMS,Campaign - Monthly Newsletter,West,Mobile
CUST000049,2025-09-16,Meta Ads,Prospecting - Broad,Midwest,Mobile
CUST000050,2025-09-16,Google Ads,Search - Nonbrand Skincare,Midwest,Desktop
CUST000051,2025-09-16,Google Ads,Search - Brand,Midwest,Mobile
CUST000052,2025-09-16,Email/SMS,Flow - Welcome Series,Midwest,Desktop
CUST000053,2025-09-16,Email/SMS,Flow - Welcome Series,West,Mobile
CUST000054,2025-09-16,Meta Ads,Prospecting - Broad,Northeast,Tablet
CUST000055,2025-09-16,Google Ads,Search - Brand,Midwest,Mobile
CUST000056,2025-09-16,Organic Search,(organic),South,Mobile
CUST000057,2025-09-16,Meta Ads,Prospecting - Broad,Midwest,Mobile
CUST000058,2025-09-16,Meta Ads,Prospecting - Lookalike 1%,Northeast,Mobile
CUST000059,2025-09-16,Meta Ads,Retargeting - Cart Abandon,South,Tablet
CUST000060,2025-09-16,Google Ads,Shopping - Bestsellers,Northeast,Desktop
CUST000061,2025-09-16,Google Ads,PMax - Skincare Prospecting,Midwest,Mobile
CUST000062,2025-09-16,Organic Search,(organic),Midwest,Mobile
CUST000063,2025-09-16,Meta Ads,Retargeting - Engaged 30d,Northeast,Mobile
CUST000064,2025-09-16,Meta Ads,Prospecting - Broad,West,Desktop
CUST000065,2025-09-16,Organic Social,(organic social),South,Desktop
CUST000066,2025-09-17,Meta Ads,Retargeting - Cart Abandon,Midwest,Desktop
CUST000067,2025-09-17,Meta Ads,Retargeting - Cart Abandon,South,Mobile
CUST000068,2025-09-17,Meta Ads,Retargeting - Engaged 30d,West,Desktop
CUST000069,2025-09-17,Unattributed,(not set),South,Mobile
CUST000070,2025-09-17,Organic Search,(organic),Northeast,Desktop
CUST000071,2025-09-17,Google Ads,Search - Nonbrand Skincare,West,Mobile
CUST000072,2025-09-17,Unattributed,(not set),South,Mobile
CUST000073,2025-09-17,Google Ads,PMax - Skincare Prospecting,West,Desktop
CUST000074,2025-09-17,Meta Ads,Prospecting - Lookalike 1%,Northeast,Mobile
CUST000075,2025-09-17,Google Ads,Search - Nonbrand Skincare,South,Mobile
CUST000076,2025-09-17,Direct,(direct),South,Mobile
CUST000077,2025-09-17,Unattributed,(not set),Northeast,Mobile
CUST000078,2025-09-17,Google Ads,PMax - Skincare Prospecting,Midwest,Tablet
CUST000079,2025-09-17,Email/SMS,Flow - Post Purchase Winback,West,Mobile
CUST000080,2025-09-17,Meta Ads,Prospecting - Lookalike 1%,West,Mobile
CUST000081,2025-09-17,Organic Search,(organic),Northeast,Mobile
CUST000082,2025-09-17,Google Ads,Search - Nonbrand Skincare,West,Mobile
CUST000083,2025-09-17,Meta Ads,Retargeting - Engaged 30d,Midwest,Desktop
CUST000084,2025-09-17,Google Ads,PMax - Skincare Prospecting,South,Desktop
CUST000085,2025-09-17,Meta Ads,Prospecting - Broad,West,Mobile
CUST000086,2025-09-17,Meta Ads,Retargeting - Engaged 30d,South,Mobile
CUST000087,2025-09-17,Google Ads,Shopping - Bestsellers,West,Mobile
CUST000088,2025-09-17,Meta Ads,Prospecting - Broad,Northeast,Desktop
CUST000089,2025-09-17,Meta Ads,Retargeting - Engaged 30d,West,Mobile
CUST000090,2025-09-17,Meta Ads,Retargeting - Cart Abandon,Northeast,Mobile
CUST000091,2025-09-18,Meta Ads,Prospecting - Lookalike 1%,South,Desktop
CUST000092,2025-09-18,Google Ads,Shopping - Bestsellers,Northeast,Desktop
CUST000093,2025-09-18,Google Ads,PMax - Skincare Prospecting,West,Desktop
CUST000094,2025-09-18,Google Ads,Search - Brand,West,Desktop
CUST000095,2025-09-18,Google Ads,Search - Brand,Northeast,Mobile
CUST000096,2025-09-18,Meta Ads,Retargeting - Cart Abandon,West,Mobile
CUST000097,2025-09-18,Direct,(direct),South,Desktop
CUST000098,2025-09-18,Direct,(direct),Midwest,Mobile
CUST000099,2025-09-18,Meta Ads,Prospecting - Lookalike 1%,Midwest,Desktop
CUST000100,2025-09-18,Meta Ads,Retargeting - Cart Abandon,South,Mobile
CUST000101,2025-09-18,Direct,(direct),South,Mobile
CUST000102,2025-09-18,Organic Search,(organic),Midwest,Mobile
CUST000103,2025-09-18,Meta Ads,Prospecting - Lookalike 1%,Midwest,Mobile
CUST000104,2025-09-18,Direct,(direct),South,Mobile
CUST000105,2025-09-18,Google Ads,PMax - Skincare Prospecting,South,Desktop
CUST000106,2025-09-18,Meta Ads,Prospecting - Lookalike 1%,West,Mobile
CUST000107,2025-09-18,Organic Social,(organic social),West,Desktop
CUST000108,2025-09-18,Direct,(direct),Midwest,Mobile
CUST000109,2025-09-18,Google Ads,PMax - Skincare Prospecting,South,Desktop
CUST000110,2025-09-18,Direct,(direct),Midwest,Mobile
CUST000111,2025-09-18,Google Ads,PMax - Skincare Prospecting,West,Desktop
CUST000112,2025-09-18,Google Ads,Search - Nonbrand Skincare,West,Mobile
CUST000113,2025-09-18,Google Ads,Shopping - Bestsellers,West,Mobile
CUST000114,2025-09-18,Unattributed,(not set),West,Mobile
CUST000115,2025-09-19,Google Ads,Search - Nonbrand Skincare,Midwest,Mobile
CUST000116,2025-09-19,Meta Ads,Prospecting - Lookalike 1%,West,Mobile
CUST000117,2025-09-19,Google Ads,PMax - Skincare Prospecting,South,Mobile
CUST000118,2025-09-19,Google Ads,Search - Nonbrand Skincare,West,Mobile
CUST000119,2025-09-19,Organic Social,(organic social),South,Mobile
CUST000120,2025-09-19,Meta Ads,Retargeting - Cart Abandon,Northeast,Mobile
CUST000121,2025-09-19,Google Ads,Shopping - Bestsellers,West,Mobile
CUST000122,2025-09-19,Email/SMS,Flow - Abandoned Cart,Northeast,Desktop
CUST000123,2025-09-19,Meta Ads,Prospecting - Lookalike 1%,South,Mobile
CUST000124,2025-09-19,Google Ads,Search - Brand,Midwest,Mobile
CUST000125,2025-09-19,Google Ads,Search - Brand,West,Mobile
CUST000126,2025-09-19,Google Ads,PMax - Skincare Prospecting,Midwest,Mobile
CUST000127,2025-09-19,Direct,(direct),West,Mobile
CUST000128,2025-09-19,Google Ads,Search - Nonbrand Skincare,South,Mobile
CUST000129,2025-09-19,Organic Search,(organic),Northeast,Mobile
CUST000130,2025-09-19,Google Ads,PMax - Skincare Prospecting,West,Tablet
CUST000131,2025-09-19,Google Ads,Search - Nonbrand Skincare,South,Mobile
CUST000132,2025-09-19,Meta Ads,Prospecting - Broad,South,Mobile
CUST000133,2025-09-19,Organic Search,(organic),Midwest,Desktop
CUST000134,2025-09-19,Organic Search,(organic),Midwest,Mobile
CUST000135,2025-09-19,Meta Ads,Retargeting - Engaged 30d,South,Mobile
CUST000136,2025-09-19,Meta Ads,Retargeting - Cart Abandon,Northeast,Tablet
CUST000137,2025-09-19,Meta Ads,Retargeting - Cart Abandon,West,Mobile
CUST000138,2025-09-20,Meta Ads,Retargeting - Engaged 30d,South,Mobile
CUST000139,2025-09-20,Google Ads,Shopping - Bestsellers,Midwest,Mobile
CUST000140,2025-09-20,Google Ads,Shopping - Bestsellers,West,Mobile
CUST000141,2025-09-20,Organic Social,(organic social),West,Mobile
CUST000142,2025-09-20,Google Ads,Search - Nonbrand Skincare,South,Mobile
CUST000143,2025-09-20,Meta Ads,Prospecting - Broad,Midwest,Mobile
CUST000144,2025-09-20,Google Ads,Search - Nonbrand Skincare,South,Mobile
CUST000145,2025-09-20,Meta Ads,Prospecting - Lookalike 1%,West,Desktop
CUST000146,2025-09-20,Organic Social,(organic social),South,Mobile
CUST000147,2025-09-20,Direct,(direct),West,Mobile
CUST000148,2025-09-20,Direct,(direct),Midwest,Mobile
CUST000149,2025-09-20,Direct,(direct),Northeast,Desktop
CUST000150,2025-09-20,Email/SMS,Flow - Welcome Series,Midwest,Mobile
CUST000151,2025-09-20,Meta Ads,Prospecting - Broad,West,Mobile
CUST000152,2025-09-20,Meta Ads,Retargeting - Engaged 30d,West,Mobile
CUST000153,2025-09-20,Meta Ads,Prospecting - Lookalike 1%,Midwest,Mobile
CUST000154,2025-09-20,Meta Ads,Retargeting - Engaged 30d,West,Desktop
CUST000155,2025-09-20,Meta Ads,Retargeting - Engaged 30d,South,Desktop
CUST000156,2025-09-20,Organic Social,(organic social),Midwest,Mobile
CUST000157,2025-09-20,Meta Ads,Prospecting - Lookalike 1%,South,Mobile
CUST000158,2025-09-20,Google Ads,Search - Nonbrand Skincare,West,Mobile
CUST000159,2025-09-20,Meta Ads,Retargeting - Cart Abandon,Midwest,Tablet
CUST000160,2025-09-20,Meta Ads,Retargeting - Engaged 30d,West,Mobile
CUST000161,2025-09-20,Organic Search,(organic),Northeast,Desktop
CUST000162,2025-09-20,Organic Social,(organic social),South,Desktop
CUST000163,2025-09-21,Meta Ads,Retargeting - Cart Abandon,West,Desktop
CUST000164,2025-09-21,Organic Search,(organic),West,Desktop
CUST000165,2025-09-21,Meta Ads,Retargeting - Engaged 30d,South,Mobile
CUST000166,2025-09-21,Meta Ads,Retargeting - Engaged 30d,South,Desktop
CUST000167,2025-09-21,Organic Search,(organic),West,Mobile
CUST000168,2025-09-21,Meta Ads,Prospecting - Lookalike 1%,West,Mobile
CUST000169,2025-09-21,Meta Ads,Prospecting - Lookalike 1%,South,Desktop
CUST000170,2025-09-21,Meta Ads,Retargeting - Cart Abandon,South,Mobile
CUST000171,2025-09-21,Meta Ads,Retargeting - Engaged 30d,Northeast,Mobile
CUST000172,2025-09-21,Organic Search,(organic),Midwest,Tablet
CUST000173,2025-09-21,Email/SMS,Flow - Post Purchase Winback,West,Mobile
CUST000174,2025-09-21,Organic Search,(organic),South,Desktop
CUST000175,2025-09-21,Google Ads,Search - Brand,South,Mobile
CUST000176,2025-09-21,Meta Ads,Prospecting - Broad,West,Desktop
CUST000177,2025-09-21,Organic Social,(organic social),West,Tablet
CUST000178,2025-09-21,Google Ads,PMax - Skincare Prospecting,West,Desktop
CUST000179,2025-09-21,Meta Ads,Prospecting - Lookalike 1%,West,Desktop
CUST000180,2025-09-21,Direct,(direct),West,Mobile
CUST000181,2025-09-21,Google Ads,Search - Brand,West,Desktop
CUST000182,2025-09-21,Meta Ads,Retargeting - Engaged 30d,South,Mobile
CUST000183,2025-09-21,Organic Search,(organic),South,Mobile
CUST000184,2025-09-21,Meta Ads,Prospecting - Broad,South,Desktop
CUST000185,2025-09-21,Email/SMS,Campaign - Monthly Newsletter,West,Mobile
CUST000186,2025-09-21,Direct,(direct),Northeast,Mobile
CUST000187,2025-09-21,Google Ads,Shopping - Bestsellers,West,Mobile
CUST000188,2025-09-21,Meta Ads,Prospecting - Broad,Northeast,Desktop
CUST000189,2025-09-21,Meta Ads,Retargeting - Cart Abandon,West,Mobile
CUST000190,2025-09-22,Google Ads,Search - Nonbrand Skincare,South,Mobile
CUST000191,2025-09-22,Organic Social,(organic social),West,Desktop
CUST000192,2025-09-22,Google Ads,PMax - Skincare Prospecting,Northeast,Mobile
CUST000193,2025-09-22,Meta Ads,Retargeting - Engaged 30d,West,Mobile
CUST000194,2025-09-22,Google Ads,Shopping - Bestsellers,Northeast,Mobile
CUST000195,2025-09-22,Direct,(direct),South,Desktop
CUST000196,2025-09-22,Direct,(direct),Midwest,Mobile
CUST000197,2025-09-22,Organic Social,(organic social),South,Desktop
CUST000198,2025-09-22,Email/SMS,Flow - Post Purchase Winback,West,Mobile
CUST000199,2025-09-22,Meta Ads,Retargeting - Cart Abandon,West,Desktop
CUST000200,2025-09-22,Meta Ads,Prospecting - Broad,West,Mobile
CUST000201,2025-09-22,Google Ads,Search - Nonbrand Skincare,South,Mobile
CUST000202,2025-09-22,Meta Ads,Prospecting - Broad,Midwest,Mobile
CUST000203,2025-09-22,Meta Ads,Prospecting - Broad,South,Mobile
CUST000204,2025-09-22,Organic Search,(organic),West,Mobile
CUST000205,2025-09-22,Meta Ads,Retargeting - Cart Abandon,South,Mobile
CUST000206,2025-09-22,Direct,(direct),West,Tablet
CUST000207,2025-09-22,Google Ads,Shopping - Bestsellers,South,Desktop
CUST000208,2025-09-23,Meta Ads,Prospecting - Broad,Midwest,Mobile
CUST000209,2025-09-23,Organic Search,(organic),South,Mobile
CUST000210,2025-09-23,Unattributed,(not set),Northeast,Mobile
CUST000211,2025-09-23,Meta Ads,Retargeting - Engaged 30d,South,Desktop
CUST000212,2025-09-23,Organic Search,(organic),West,Mobile
CUST000213,2025-09-23,Meta Ads,Prospecting - Lookalike 1%,Northeast,Mobile
CUST000214,2025-09-23,Organic Search,(organic),Northeast,Tablet
CUST000215,2025-09-23,Google Ads,Shopping - Bestsellers,South,Mobile
CUST000216,2025-09-23,Google Ads,Search - Brand,South,Mobile
CUST000217,2025-09-23,Google Ads,Shopping - Bestsellers,West,Mobile
CUST000218,2025-09-23,Google Ads,Shopping - Bestsellers,West,Mobile
CUST000219,2025-09-23,Meta Ads,Prospecting - Lookalike 1%,West,Mobile
CUST000220,2025-09-23,Organic Social,(organic social),Northeast,Mobile
CUST000221,2025-09-23,Google Ads,Shopping - Bestsellers,West,Desktop
CUST000222,2025-09-23,Organic Social,(organic social),Midwest,Mobile
CUST000223,2025-09-23,Google Ads,Search - Brand,Midwest,Mobile
CUST000224,2025-09-23,Organic Social,(organic social),West,Desktop
CUST000225,2025-09-23,Google Ads,Search - Nonbrand Skincare,Northeast,Mobile
CUST000226,2025-09-23,Organic Search,(organic),South,Mobile
CUST000227,2025-09-23,Google Ads,Shopping - Bestsellers,South,Desktop
CUST000228,2025-09-23,Direct,(direct),West,Desktop
CUST000229,2025-09-23,Google Ads,PMax - Skincare Prospecting,West,Desktop
CUST000230,2025-09-23,Meta Ads,Prospecting - Broad,West,Mobile
CUST000231,2025-09-23,Unattributed,(not set),West,Desktop
CUST000232,2025-09-24,Unattributed,(not set),Midwest,Mobile
CUST000233,2025-09-24,Organic Social,(organic social),Midwest,Desktop
CUST000234,2025-09-24,Organic Search,(organic),South,Mobile
CUST000235,2025-09-24,Meta Ads,Prospecting - Broad,West,Mobile
CUST000236,2025-09-24,Organic Search,(organic),South,Tablet
CUST000237,2025-09-24,Meta Ads,Retargeting - Engaged 30d,West,Mobile
CUST000238,2025-09-24,Meta Ads,Prospecting - Broad,West,Mobile
CUST000239,2025-09-24,Direct,(direct),South,Desktop
CUST000240,2025-09-24,Google Ads,Shopping - Bestsellers,West,Desktop
CUST000241,2025-09-24,Direct,(direct),South,Mobile
CUST000242,2025-09-24,Organic Search,(organic),Midwest,Mobile
CUST000243,2025-09-24,Google Ads,PMax - Skincare Prospecting,West,Mobile
CUST000244,2025-09-24,Google Ads,PMax - Skincare Prospecting,West,Mobile
CUST000245,2025-09-24,Organic Search,(organic),South,Mobile
CUST000246,2025-09-24,Direct,(direct),Midwest,Mobile
CUST000247,2025-09-24,Google Ads,Search - Brand,South,Mobile
CUST000248,2025-09-24,Meta Ads,Prospecting - Lookalike 1%,Midwest,Mobile
CUST000249,2025-09-24,Google Ads,PMax - Skincare Prospecting,Northeast,Desktop
CUST000250,2025-09-24,Google Ads,Shopping - Bestsellers,Midwest,Mobile
CUST000251,2025-09-24,Unattributed,(not set),Midwest,Mobile
CUST000252,2025-09-24,Organic Search,(organic),Northeast,Mobile
CUST000253,2025-09-24,Organic Search,(organic),Northeast,Desktop
CUST000254,2025-09-24,Google Ads,Search - Brand,West,Desktop
CUST000255,2025-09-24,Organic Search,(organic),Northeast,Mobile
CUST000256,2025-09-24,Meta Ads,Prospecting - Lookalike 1%,South,Mobile
CUST000257,2025-09-25,Meta Ads,Prospecting - Broad,West,Mobile
CUST000258,2025-09-25,Meta Ads,Retargeting - Cart Abandon,Northeast,Desktop
CUST000259,2025-09-25,Organic Social,(organic social),Northeast,Mobile
CUST000260,2025-09-25,Meta Ads,Prospecting - Lookalike 1%,Northeast,Desktop
CUST000261,2025-09-25,Google Ads,PMax - Skincare Prospecting,West,Mobile
CUST000262,2025-09-25,Google Ads,Search - Nonbrand Skincare,South,Mobile
CUST000263,2025-09-25,Meta Ads,Prospecting - Lookalike 1%,West,Mobile
CUST000264,2025-09-25,Google Ads,Shopping - Bestsellers,South,Mobile
CUST000265,2025-09-25,Google Ads,Shopping - Bestsellers,West,Mobile
CUST000266,2025-09-25,Organic Search,(organic),Midwest,Mobile
CUST000267,2025-09-25,Organic Search,(organic),Northeast,Mobile
CUST000268,2025-09-25,Organic Search,(organic),Midwest,Mobile
CUST000269,2025-09-25,Meta Ads,Retargeting - Engaged 30d,West,Desktop
CUST000270,2025-09-25,Direct,(direct),West,Desktop
CUST000271,2025-09-25,Meta Ads,Retargeting - Engaged 30d,Midwest,Desktop
CUST000272,2025-09-25,Google Ads,Shopping - Bestsellers,Northeast,Mobile
CUST000273,2025-09-25,Organic Search,(organic),South,Mobile
CUST000274,2025-09-25,Organic Search,(organic),West,Desktop
CUST000275,2025-09-25,Meta Ads,Retargeting - Engaged 30d,Midwest,Mobile
CUST000276,2025-09-25,Google Ads,Shopping - Bestsellers,West,Mobile
CUST000277,2025-09-25,Google Ads,Search - Brand,West,Mobile
CUST000278,2025-09-26,Google Ads,Search - Nonbrand Skincare,Midwest,Mobile
CUST000279,2025-09-26,Email/SMS,Flow - Welcome Series,South,Mobile
CUST000280,2025-09-26,Organic Search,(organic),Northeast,Desktop
CUST000281,2025-09-26,Google Ads,PMax - Skincare Prospecting,South,Mobile
CUST000282,2025-09-26,Meta Ads,Prospecting - Broad,Northeast,Mobile
CUST000283,2025-09-26,Meta Ads,Prospecting - Lookalike 1%,West,Mobile
CUST000284,2025-09-26,Meta Ads,Retargeting - Engaged 30d,South,Mobile
CUST000285,2025-09-26,Meta Ads,Retargeting - Engaged 30d,Midwest,Mobile
CUST000286,2025-09-26,Direct,(direct),South,Desktop
CUST000287,2025-09-26,Organic Search,(organic),South,Tablet
CUST000288,2025-09-26,Google Ads,Shopping - Bestsellers,Midwest,Desktop
CUST000289,2025-09-26,Meta Ads,Prospecting - Broad,South,Mobile
CUST000290,2025-09-26,Google Ads,PMax - Skincare Prospecting,Midwest,Desktop
CUST000291,2025-09-26,Google Ads,Shopping - Bestsellers,Midwest,Desktop
CUST000292,2025-09-26,Direct,(direct),Northeast,Desktop
CUST000293,2025-09-26,Organic Search,(organic),Northeast,Mobile
CUST000294,2025-09-26,Email/SMS,Flow - Welcome Series,Northeast,Mobile
CUST000295,2025-09-26,Google Ads,Search - Nonbrand Skincare,West,Mobile
CUST000296,2025-09-26,Email/SMS,Campaign - Monthly Newsletter,South,Mobile
CUST000297,2025-09-26,Meta Ads,Retargeting - Engaged 30d,Northeast,Desktop
CUST000298,2025-09-26,Organic Search,(organic),Northeast,Mobile
CUST000299,2025-09-26,Meta Ads,Retargeting - Engaged 30d,South,Mobile
CUST000300,2025-09-26,Google Ads,Shopping - Bestsellers,Midwest,Mobile
CUST000301,2025-09-26,Meta Ads,Retargeting - Cart Abandon,West,Mobile
CUST000302,2025-09-27,Google Ads,Shopping - Bestsellers,Northeast,Mobile
CUST000303,2025-09-27,Google Ads,Search - Brand,Northeast,Mobile
CUST000304,2025-09-27,Meta Ads,Retargeting - Engaged 30d,West,Mobile
CUST000305,2025-09-27,Meta Ads,Prospecting - Broad,Northeast,Mobile
CUST000306,2025-09-27,Meta Ads,Prospecting - Broad,Northeast,Desktop
CUST000307,2025-09-27,Meta Ads,Retargeting - Engaged 30d,Midwest,Mobile
CUST000308,2025-09-27,Organic Search,(organic),South,Mobile
CUST000309,2025-09-27,Meta Ads,Retargeting - Cart Abandon,Midwest,Mobile
CUST000310,2025-09-27,Google Ads,Search - Nonbrand Skincare,Northeast,Mobile
CUST000311,2025-09-27,Google Ads,Search - Nonbrand Skincare,West,Mobile
CUST000312,2025-09-27,Meta Ads,Retargeting - Cart Abandon,West,Desktop
CUST000313,2025-09-27,Organic Social,(organic social),Northeast,Mobile
CUST000314,2025-09-27,Direct,(direct),Northeast,Desktop
CUST000315,2025-09-27,Email/SMS,Flow - Post Purchase Winback,Midwest,Mobile
CUST000316,2025-09-27,Meta Ads,Retargeting - Engaged 30d,Northeast,Tablet
CUST000317,2025-09-27,Meta Ads,Retargeting - Engaged 30d,Northeast,Mobile
CUST000318,2025-09-27,Meta Ads,Retargeting - Engaged 30d,South,Desktop
CUST000319,2025-09-27,Organic Search,(organic),Northeast,Desktop
CUST000320,2025-09-27,Organic Social,(organic social),West,Desktop
CUST000321,2025-09-27,Google Ads,Search - Brand,West,Mobile
CUST000322,2025-09-27,Organic Search,(organic),South,Mobile
CUST000323,2025-09-27,Unattributed,(not set),South,Mobile
CUST000324,2025-09-27,Meta Ads,Retargeting - Cart Abandon,Midwest,Mobile
CUST000325,2025-09-27,Organic Social,(organic social),Northeast,Desktop
CUST000326,2025-09-27,Organic Search,(organic),Midwest,Desktop
CUST000327,2025-09-27,Google Ads,Search - Brand,West,Mobile
CUST000328,2025-09-27,Google Ads,Search - Nonbrand Skincare,Midwest,Mobile
CUST000329,2025-09-27,Unattributed,(not set),West,Tablet
CUST000330,2025-09-28,Organic Social,(organic social),Northeast,Desktop
CUST000331,2025-09-28,Google Ads,Shopping - Bestsellers,South,Mobile
CUST000332,2025-09-28,Direct,(direct),West,Mobile
CUST000333,2025-09-28,Organic Search,(organic),West,Mobile
CUST000334,2025-09-28,Organic Search,(organic),South,Tablet
CUST000335,2025-09-28,Organic Social,(organic social),Northeast,Mobile
CUST000336,2025-09-28,Meta Ads,Prospecting - Lookalike 1%,Midwest,Desktop
CUST000337,2025-09-28,Organic Search,(organic),South,Tablet
CUST000338,2025-09-28,Meta Ads,Retargeting - Engaged 30d,Midwest,Desktop
CUST000339,2025-09-28,Meta Ads,Retargeting - Cart Abandon,West,Mobile
CUST000340,2025-09-28,Meta Ads,Retargeting - Engaged 30d,West,Mobile
CUST000341,2025-09-28,Organic Search,(organic),South,Mobile
CUST000342,2025-09-28,Google Ads,Shopping - Bestsellers,Northeast,Mobile
CUST000343,2025-09-28,Meta Ads,Prospecting - Lookalike 1%,West,Desktop
CUST000344,2025-09-28,Direct,(direct),Midwest,Desktop
CUST000345,2025-09-28,Meta Ads,Prospecting - Lookalike 1%,Midwest,Mobile
CUST000346,2025-09-28,Direct,(direct),South,Mobile
CUST000347,2025-09-28,Google Ads,Search - Nonbrand Skincare,Northeast,Desktop
CUST000348,2025-09-28,Organic Search,(organic),Northeast,Desktop
CUST000349,2025-09-28,Organic Search,(organic),West,Mobile
CUST000350,2025-09-28,Unattributed,(not set),West,Desktop
CUST000351,2025-09-28,Meta Ads,Prospecting - Broad,Midwest,Mobile
CUST000352,2025-09-28,Organic Search,(organic),West,Desktop
CUST000353,2025-09-29,Direct,(direct),Northeast,Desktop
CUST000354,2025-09-29,Email/SMS,Flow - Post Purchase Winback,Midwest,Mobile
CUST000355,2025-09-29,Google Ads,Search - Brand,West,Mobile
CUST000356,2025-09-29,Direct,(direct),Northeast,Mobile
CUST000357,2025-09-29,Google Ads,Shopping - Bestsellers,Midwest,Desktop
CUST000358,2025-09-29,Organic Search,(organic),Northeast,Mobile
CUST000359,2025-09-29,Direct,(direct),West,Mobile
CUST000360,2025-09-29,Organic Search,(organic),West,Mobile
CUST000361,2025-09-29,Google Ads,Search - Brand,Midwest,Tablet
CUST000362,2025-09-29,Google Ads,Search - Brand,Northeast,Mobile
CUST000363,2025-09-29,Unattributed,(not set),South,Mobile
CUST000364,2025-09-29,Organic Search,(organic),Midwest,Desktop
CUST000365,2025-09-29,Meta Ads,Prospecting - Lookalike 1%,South,Desktop
CUST000366,2025-09-29,Google Ads,Search - Nonbrand Skincare,West,Mobile
CUST000367,2025-09-29,Meta Ads,Prospecting - Lookalike 1%,South,Desktop
CUST000368,2025-09-29,Google Ads,Shopping - Bestsellers,South,Mobile
CUST000369,2025-09-29,Meta Ads,Retargeting - Cart Abandon,Midwest,Mobile
CUST000370,2025-09-29,Google Ads,Shopping - Bestsellers,Northeast,Mobile
CUST000371,2025-09-30,Organic Search,(organic),Northeast,Tablet
CUST000372,2025-09-30,Meta Ads,Prospecting - Lookalike 1%,South,Mobile
CUST000373,2025-09-30,Meta Ads,Retargeting - Cart Abandon,Midwest,Mobile
CUST000374,2025-09-30,Direct,(direct),Northeast,Mobile
CUST000375,2025-09-30,Meta Ads,Retargeting - Engaged 30d,South,Desktop
CUST000376,2025-09-30,Meta Ads,Retargeting - Engaged 30d,West,Mobile
CUST000377,2025-09-30,Organic Social,(organic social),West,Mobile
CUST000378,2025-09-30,Meta Ads,Retargeting - Cart Abandon,Northeast,Mobile
CUST000379,2025-09-30,Direct,(direct),West,Mobile
CUST000380,2025-09-30,Meta Ads,Prospecting - Broad,West,Desktop
CUST000381,2025-09-30,Google Ads,Search - Brand,Northeast,Mobile
CUST000382,2025-09-30,Meta Ads,Prospecting - Lookalike 1%,South,Desktop
CUST000383,2025-09-30,Organic Search,(organic),West,Desktop
CUST000384,2025-09-30,Organic Social,(organic social),South,Desktop
CUST000385,2025-09-30,Google Ads,Search - Brand,Northeast,Mobile
CUST000386,2025-09-30,Meta Ads,Prospecting - Broad,West,Mobile
CUST000387,2025-09-30,Direct,(direct),Midwest,Desktop
CUST000388,2025-10-01,Google Ads,Search - Nonbrand Skincare,South,Desktop
CUST000389,2025-10-01,Meta Ads,Prospecting - Broad,Northeast,Desktop
CUST000390,2025-10-01,Unattributed,(not set),West,Desktop
CUST000391,2025-10-01,Meta Ads,Retargeting - Engaged 30d,South,Mobile
CUST000392,2025-10-01,Google Ads,PMax - Skincare Prospecting,West,Mobile
CUST000393,2025-10-01,Google Ads,Shopping - Bestsellers,South,Mobile
CUST000394,2025-10-01,Organic Search,(organic),West,Mobile
CUST000395,2025-10-01,Organic Social,(organic social),Northeast,Desktop
CUST000396,2025-10-01,Meta Ads,Prospecting - Broad,Northeast,Desktop
CUST000397,2025-10-01,Google Ads,Search - Brand,Northeast,Mobile
CUST000398,2025-10-01,Direct,(direct),West,Mobile
CUST000399,2025-10-01,Organic Search,(organic),Northeast,Desktop
CUST000400,2025-10-01,Google Ads,Shopping - Bestsellers,Northeast,Mobile
CUST000401,2025-10-01,Direct,(direct),West,Tablet
CUST000402,2025-10-01,Google Ads,Search - Brand,South,Mobile
CUST000403,2025-10-01,Meta Ads,Prospecting - Lookalike 1%,West,Mobile
CUST000404,2025-10-01,Organic Search,(organic),South,Mobile
CUST000405,2025-10-01,Meta Ads,Retargeting - Engaged 30d,Midwest,Desktop
CUST000406,2025-10-01,Meta Ads,Prospecting - Broad,Midwest,Desktop
CUST000407,2025-10-01,Meta Ads,Prospecting - Broad,Northeast,Desktop
CUST000408,2025-10-01,Meta Ads,Retargeting - Engaged 30d,Midwest,Mobile
CUST000409,2025-10-01,Meta Ads,Retargeting - Engaged 30d,West,Desktop
CUST000410,2025-10-01,Direct,(direct),Northeast,Desktop
CUST000411,2025-10-01,Organic Search,(organic),Northeast,Desktop
CUST000412,2025-10-01,Google Ads,PMax - Skincare Prospecting,Midwest,Mobile
CUST000413,2025-10-01,Meta Ads,Prospecting - Broad,South,Desktop
CUST000414,2025-10-01,Google Ads,PMax - Skincare Prospecting,Midwest,Mobile
CUST000415,2025-10-02,Google Ads,Search - Brand,South,Desktop
CUST000416,2025-10-02,Meta Ads,Retargeting - Cart Abandon,Northeast,Desktop
CUST000417,2025-10-02,Google Ads,PMax - Skincare Prospecting,South,Mobile
CUST000418,2025-10-02,Google Ads,PMax - Skincare Prospecting,South,Desktop
CUST000419,2025-10-02,Meta Ads,Retargeting - Cart Abandon,West,Mobile
CUST000420,2025-10-02,Organic Search,(organic),Midwest,Mobile
CUST000421,2025-10-02,Google Ads,PMax - Skincare Prospecting,Northeast,Mobile
CUST000422,2025-10-02,Meta Ads,Retargeting - Engaged 30d,Northeast,Mobile
CUST000423,2025-10-02,Organic Search,(organic),West,Mobile
CUST000424,2025-10-02,Organic Social,(organic social),South,Mobile
CUST000425,2025-10-02,Google Ads,Shopping - Bestsellers,Midwest,Mobile
CUST000426,2025-10-02,Direct,(direct),West,Mobile
CUST000427,2025-10-02,Google Ads,Search - Brand,West,Mobile
CUST000428,2025-10-02,Organic Search,(organic),Northeast,Desktop
CUST000429,2025-10-02,Meta Ads,Retargeting - Engaged 30d,West,Mobile
CUST000430,2025-10-02,Meta Ads,Prospecting - Broad,South,Mobile
CUST000431,2025-10-02,Meta Ads,Prospecting - Lookalike 1%,West,Desktop
CUST000432,2025-10-02,Organic Social,(organic social),Northeast,Desktop
CUST000433,2025-10-02,Email/SMS,Flow - Post Purchase Winback,West,Desktop
CUST000434,2025-10-02,Meta Ads,Prospecting - Lookalike 1%,West,Mobile
CUST000435,2025-10-02,Google Ads,PMax - Skincare Prospecting,Northeast,Mobile
CUST000436,2025-10-02,Organic Search,(organic),South,Tablet
CUST000437,2025-10-02,Google Ads,PMax - Skincare Prospecting,Midwest,Desktop
CUST000438,2025-10-02,Organic Search,(organic),South,Mobile
CUST000439,2025-10-03,Meta Ads,Retargeting - Engaged 30d,Northeast,Mobile
CUST000440,2025-10-03,Google Ads,Search - Nonbrand Skincare,Midwest,Mobile
CUST000441,2025-10-03,Meta Ads,Retargeting - Cart Abandon,Midwest,Mobile
CUST000442,2025-10-03,Organic Search,(organic),Northeast,Desktop
CUST000443,2025-10-03,Organic Search,(organic),Midwest,Desktop
CUST000444,2025-10-03,Meta Ads,Retargeting - Cart Abandon,Northeast,Mobile
CUST000445,2025-10-03,Unattributed,(not set),Midwest,Desktop
CUST000446,2025-10-03,Direct,(direct),West,Mobile
CUST000447,2025-10-03,Google Ads,Search - Brand,West,Mobile
CUST000448,2025-10-03,Google Ads,Search - Brand,Northeast,Mobile
CUST000449,2025-10-03,Unattributed,(not set),West,Desktop
CUST000450,2025-10-03,Meta Ads,Retargeting - Cart Abandon,Northeast,Mobile
CUST000451,2025-10-03,Meta Ads,Prospecting - Broad,South,Desktop
CUST000452,2025-10-03,Google Ads,Search - Nonbrand Skincare,Northeast,Mobile
CUST000453,2025-10-03,Meta Ads,Retargeting - Cart Abandon,Midwest,Mobile
CUST000454,2025-10-03,Meta Ads,Prospecting - Lookalike 1%,South,Mobile
CUST000455,2025-10-03,Google Ads,Search - Brand,South,Mobile
CUST000456,2025-10-03,Organic Search,(organic),South,Mobile
CUST000457,2025-10-03,Organic Social,(organic social),Northeast,Desktop
CUST000458,2025-10-03,Organic Social,(organic social),Northeast,Mobile
CUST000459,2025-10-03,Meta Ads,Prospecting - Lookalike 1%,South,Desktop
CUST000460,2025-10-03,Meta Ads,Retargeting - Engaged 30d,West,Desktop
CUST000461,2025-10-03,Google Ads,Search - Brand,South,Tablet
CUST000462,2025-10-03,Meta Ads,Prospecting - Broad,Northeast,Desktop
CUST000463,2025-10-04,Meta Ads,Prospecting - Broad,West,Mobile
CUST000464,2025-10-04,Direct,(direct),West,Mobile
CUST000465,2025-10-04,Organic Search,(organic),West,Mobile
CUST000466,2025-10-04,Organic Search,(organic),Midwest,Desktop
CUST000467,2025-10-04,Google Ads,Search - Nonbrand Skincare,West,Desktop
CUST000468,2025-10-04,Google Ads,Search - Brand,Midwest,Mobile
CUST000469,2025-10-04,Meta Ads,Prospecting - Broad,South,Mobile
CUST000470,2025-10-04,Direct,(direct),South,Mobile
CUST000471,2025-10-04,Organic Search,(organic),Northeast,Desktop
CUST000472,2025-10-04,Meta Ads,Prospecting - Broad,West,Mobile
CUST000473,2025-10-04,Meta Ads,Retargeting - Engaged 30d,South,Mobile
CUST000474,2025-10-04,Meta Ads,Prospecting - Lookalike 1%,Midwest,Mobile
CUST000475,2025-10-04,Google Ads,PMax - Skincare Prospecting,Midwest,Mobile
CUST000476,2025-10-04,Organic Search,(organic),Midwest,Desktop
CUST000477,2025-10-04,Meta Ads,Prospecting - Broad,West,Mobile
CUST000478,2025-10-04,Meta Ads,Retargeting - Engaged 30d,Midwest,Tablet
CUST000479,2025-10-04,Email/SMS,Flow - Welcome Series,Midwest,Mobile
CUST000480,2025-10-04,Organic Search,(organic),Midwest,Mobile
CUST000481,2025-10-04,Meta Ads,Prospecting - Broad,Northeast,Desktop
CUST000482,2025-10-04,Email/SMS,Flow - Welcome Series,West,Mobile
CUST000483,2025-10-04,Organic Search,(organic),Midwest,Desktop
CUST000484,2025-10-04,Meta Ads,Prospecting - Broad,Northeast,Desktop
CUST000485,2025-10-04,Google Ads,Search - Nonbrand Skincare,South,Desktop
CUST000486,2025-10-04,Organic Search,(organic),Midwest,Desktop
CUST000487,2025-10-04,Google Ads,Shopping - Bestsellers,South,Mobile
CUST000488,2025-10-04,Organic Search,(organic),West,Mobile
CUST000489,2025-10-04,Meta Ads,Retargeting - Cart Abandon,Midwest,Desktop
CUST000490,2025-10-04,Google Ads,Search - Nonbrand Skincare,South,Desktop
CUST000491,2025-10-04,Google Ads,Search - Nonbrand Skincare,Midwest,Desktop
CUST000492,2025-10-04,Google Ads,Shopping - Bestsellers,Northeast,Desktop
CUST000493,2025-10-04,Organic Search,(organic),South,Mobile
CUST000494,2025-10-05,Meta Ads,Prospecting - Lookalike 1%,Northeast,Mobile
CUST000495,2025-10-05,Unattributed,(not set),Northeast,Mobile
CUST000496,2025-10-05,Meta Ads,Prospecting - Lookalike 1%,West,Mobile
CUST000497,2025-10-05,Organic Search,(organic),South,Mobile
CUST000498,2025-10-05,Google Ads,Search - Nonbrand Skincare,South,Desktop
CUST000499,2025-10-05,Direct,(direct),Northeast,Mobile
CUST000500,2025-10-05,Organic Search,(organic),Midwest,Mobile
CUST000501,2025-10-05,Organic Search,(organic),Midwest,Mobile
CUST000502,2025-10-05,Direct,(direct),West,Mobile
CUST000503,2025-10-05,Organic Search,(organic),West,Mobile
CUST000504,2025-10-05,Organic Social,(organic social),South,Mobile
CUST000505,2025-10-05,Meta Ads,Retargeting - Cart Abandon,South,Tablet
CUST000506,2025-10-05,Meta Ads,Prospecting - Lookalike 1%,Midwest,Mobile
CUST000507,2025-10-05,Organic Search,(organic),Northeast,Desktop
CUST000508,2025-10-05,Organic Social,(organic social),South,Mobile
CUST000509,2025-10-05,Unattributed,(not set),Midwest,Mobile
CUST000510,2025-10-05,Organic Social,(organic social),Midwest,Desktop
CUST000511,2025-10-05,Meta Ads,Prospecting - Broad,Northeast,Mobile
CUST000512,2025-10-05,Meta Ads,Prospecting - Lookalike 1%,Midwest,Desktop
CUST000513,2025-10-05,Meta Ads,Retargeting - Engaged 30d,West,Mobile
CUST000514,2025-10-05,Meta Ads,Prospecting - Lookalike 1%,South,Mobile
CUST000515,2025-10-05,Meta Ads,Prospecting - Broad,South,Desktop
CUST000516,2025-10-05,Organic Search,(organic),South,Tablet
CUST000517,2025-10-05,Meta Ads,Prospecting - Lookalike 1%,South,Desktop
CUST000518,2025-10-05,Unattributed,(not set),West,Mobile
CUST000519,2025-10-05,Meta Ads,Retargeting - Cart Abandon,South,Mobile
CUST000520,2025-10-05,Meta Ads,Retargeting - Engaged 30d,West,Mobile
CUST000521,2025-10-05,Organic Search,(organic),South,Tablet
CUST000522,2025-10-06,Organic Search,(organic),South,Mobile
CUST000523,2025-10-06,Meta Ads,Retargeting - Cart Abandon,South,Mobile
CUST000524,2025-10-06,Unattributed,(not set),South,Tablet
CUST000525,2025-10-06,Meta Ads,Prospecting - Broad,Midwest,Desktop
CUST000526,2025-10-06,Organic Search,(organic),South,Mobile
CUST000527,2025-10-06,Organic Search,(organic),South,Mobile
CUST000528,2025-10-06,Google Ads,Search - Nonbrand Skincare,South,Mobile
CUST000529,2025-10-06,Google Ads,Shopping - Bestsellers,West,Mobile
CUST000530,2025-10-06,Meta Ads,Retargeting - Cart Abandon,South,Mobile
CUST000531,2025-10-06,Meta Ads,Prospecting - Lookalike 1%,West,Mobile
CUST000532,2025-10-06,Organic Social,(organic social),Northeast,Mobile
CUST000533,2025-10-06,Organic Search,(organic),West,Desktop
CUST000534,2025-10-06,Meta Ads,Prospecting - Lookalike 1%,Midwest,Desktop
CUST000535,2025-10-06,Direct,(direct),Midwest,Mobile
CUST000536,2025-10-06,Organic Search,(organic),South,Desktop
CUST000537,2025-10-06,Meta Ads,Prospecting - Broad,Midwest,Mobile
CUST000538,2025-10-06,Organic Search,(organic),Northeast,Mobile
CUST000539,2025-10-06,Google Ads,Search - Nonbrand Skincare,Northeast,Mobile
CUST000540,2025-10-06,Meta Ads,Prospecting - Lookalike 1%,Northeast,Desktop
CUST000541,2025-10-06,Meta Ads,Prospecting - Lookalike 1%,Midwest,Mobile
CUST000542,2025-10-06,Google Ads,Search - Nonbrand Skincare,West,Desktop
CUST000543,2025-10-07,Google Ads,Search - Brand,West,Desktop
CUST000544,2025-10-07,Direct,(direct),South,Mobile
CUST000545,2025-10-07,Unattributed,(not set),West,Desktop
CUST000546,2025-10-07,Organic Social,(organic social),Northeast,Desktop
CUST000547,2025-10-07,Meta Ads,Prospecting - Lookalike 1%,Northeast,Tablet
CUST000548,2025-10-07,Meta Ads,Prospecting - Broad,West,Mobile
CUST000549,2025-10-07,Organic Search,(organic),West,Desktop
CUST000550,2025-10-07,Meta Ads,Prospecting - Lookalike 1%,Midwest,Mobile
CUST000551,2025-10-07,Direct,(direct),Northeast,Mobile
CUST000552,2025-10-07,Google Ads,PMax - Skincare Prospecting,West,Mobile
CUST000553,2025-10-07,Meta Ads,Retargeting - Engaged 30d,West,Desktop
CUST000554,2025-10-07,Meta Ads,Prospecting - Broad,Northeast,Mobile
CUST000555,2025-10-07,Organic Search,(organic),South,Desktop
CUST000556,2025-10-07,Google Ads,Search - Nonbrand Skincare,South,Desktop
CUST000557,2025-10-07,Google Ads,Search - Brand,West,Desktop
CUST000558,2025-10-07,Meta Ads,Prospecting - Lookalike 1%,South,Mobile
CUST000559,2025-10-07,Organic Social,(organic social),Midwest,Desktop
CUST000560,2025-10-07,Meta Ads,Prospecting - Lookalike 1%,South,Mobile
CUST000561,2025-10-07,Organic Social,(organic social),Northeast,Mobile
CUST000562,2025-10-07,Google Ads,Search - Brand,Northeast,Desktop
CUST000563,2025-10-07,Organic Search,(organic),Midwest,Desktop
CUST000564,2025-10-07,Email/SMS,Campaign - Monthly Newsletter,Northeast,Mobile
CUST000565,2025-10-08,Meta Ads,Prospecting - Broad,West,Desktop
CUST000566,2025-10-08,Unattributed,(not set),Northeast,Mobile
CUST000567,2025-10-08,Organic Search,(organic),Midwest,Mobile
CUST000568,2025-10-08,Organic Search,(organic),West,Mobile
CUST000569,2025-10-08,Meta Ads,Prospecting - Broad,South,Mobile
CUST000570,2025-10-08,Google Ads,Search - Nonbrand Skincare,South,Desktop
CUST000571,2025-10-08,Direct,(direct),South,Desktop
CUST000572,2025-10-08,Google Ads,Shopping - Bestsellers,West,Desktop
CUST000573,2025-10-08,Organic Search,(organic),Northeast,Mobile
CUST000574,2025-10-08,Meta Ads,Retargeting - Engaged 30d,South,Mobile
CUST000575,2025-10-08,Meta Ads,Prospecting - Lookalike 1%,Midwest,Tablet
CUST000576,2025-10-08,Organic Social,(organic social),Midwest,Mobile
CUST000577,2025-10-08,Organic Search,(organic),South,Mobile
CUST000578,2025-10-08,Google Ads,Search - Nonbrand Skincare,South,Mobile
CUST000579,2025-10-08,Google Ads,Search - Brand,Midwest,Desktop
CUST000580,2025-10-08,Meta Ads,Prospecting - Lookalike 1%,Northeast,Desktop
CUST000581,2025-10-08,Direct,(direct),West,Mobile
CUST000582,2025-10-08,Organic Search,(organic),Midwest,Desktop
CUST000583,2025-10-08,Organic Social,(organic social),South,Desktop
CUST000584,2025-10-08,Direct,(direct),Midwest,Desktop
CUST000585,2025-10-09,Organic Search,(organic),South,Desktop
CUST000586,2025-10-09,Meta Ads,Retargeting - Cart Abandon,West,Mobile
CUST000587,2025-10-09,Organic Search,(organic),West,Tablet
CUST000588,2025-10-09,Direct,(direct),Northeast,Mobile
CUST000589,2025-10-09,Google Ads,Shopping - Bestsellers,Midwest,Desktop
CUST000590,2025-10-09,Email/SMS,Flow - Abandoned Cart,South,Desktop
CUST000591,2025-10-09,Organic Search,(organic),South,Mobile
CUST000592,2025-10-09,Organic Search,(organic),West,Mobile
CUST000593,2025-10-09,Meta Ads,Prospecting - Broad,South,Desktop
CUST000594,2025-10-09,Organic Search,(organic),Midwest,Mobile
CUST000595,2025-10-09,Google Ads,Search - Nonbrand Skincare,West,Mobile
CUST000596,2025-10-09,Organic Social,(organic social),West,Mobile
CUST000597,2025-10-09,Organic Search,(organic),South,Desktop
CUST000598,2025-10-09,Google Ads,Search - Nonbrand Skincare,Northeast,Tablet
CUST000599,2025-10-09,Google Ads,PMax - Skincare Prospecting,West,Mobile
CUST000600,2025-10-09,Meta Ads,Prospecting - Lookalike 1%,Northeast,Desktop
CUST000601,2025-10-09,Meta Ads,Retargeting - Engaged 30d,Northeast,Mobile
CUST000602,2025-10-09,Meta Ads,Retargeting - Cart Abandon,South,Tablet
CUST000603,2025-10-09,Unattributed,(not set),Northeast,Mobile
CUST000604,2025-10-09,Organic Social,(organic social),South,Mobile
CUST000605,2025-10-09,Google Ads,Search - Brand,Northeast,Desktop
CUST000606,2025-10-09,Meta Ads,Retargeting - Cart Abandon,Midwest,Tablet
CUST000607,2025-10-10,Meta Ads,Prospecting - Broad,West,Desktop
CUST000608,2025-10-10,Direct,(direct),West,Desktop
CUST000609,2025-10-10,Direct,(direct),Midwest,Desktop
CUST000610,2025-10-10,Google Ads,PMax - Skincare Prospecting,Midwest,Mobile
CUST000611,2025-10-10,Organic Search,(organic),West,Mobile
CUST000612,2025-10-10,Meta Ads,Retargeting - Engaged 30d,South,Desktop
CUST000613,2025-10-10,Organic Search,(organic),Midwest,Desktop
CUST000614,2025-10-10,Organic Social,(organic social),West,Mobile
CUST000615,2025-10-10,Meta Ads,Prospecting - Lookalike 1%,Midwest,Mobile
CUST000616,2025-10-10,Meta Ads,Prospecting - Broad,South,Mobile
CUST000617,2025-10-10,Unattributed,(not set),Northeast,Tablet
CUST000618,2025-10-10,Meta Ads,Retargeting - Engaged 30d,South,Mobile
CUST000619,2025-10-10,Organic Search,(organic),Northeast,Mobile
CUST000620,2025-10-10,Organic Search,(organic),South,Mobile
CUST000621,2025-10-10,Meta Ads,Prospecting - Lookalike 1%,West,Mobile
CUST000622,2025-10-10,Direct,(direct),Northeast,Mobile
CUST000623,2025-10-10,Organic Search,(organic),South,Mobile
CUST000624,2025-10-10,Google Ads,PMax - Skincare Prospecting,South,Desktop
CUST000625,2025-10-10,Meta Ads,Retargeting - Engaged 30d,Midwest,Mobile
CUST000626,2025-10-10,Direct,(direct),West,Mobile
CUST000627,2025-10-10,Meta Ads,Retargeting - Cart Abandon,West,Mobile
CUST000628,2025-10-10,Direct,(direct),South,Desktop
CUST000629,2025-10-10,Google Ads,Search - Brand,Midwest,Mobile
CUST000630,2025-10-10,Meta Ads,Prospecting - Lookalike 1%,South,Mobile
CUST000631,2025-10-11,Meta Ads,Prospecting - Lookalike 1%,South,Tablet
CUST000632,2025-10-11,Organic Social,(organic social),West,Mobile
CUST000633,2025-10-11,Organic Social,(organic social),South,Desktop
CUST000634,2025-10-11,Google Ads,Shopping - Bestsellers,West,Mobile
CUST000635,2025-10-11,Direct,(direct),Northeast,Desktop
CUST000636,2025-10-11,Meta Ads,Prospecting - Broad,South,Mobile
CUST000637,2025-10-11,Google Ads,Search - Brand,Midwest,Mobile
CUST000638,2025-10-11,Meta Ads,Prospecting - Broad,Midwest,Mobile
CUST000639,2025-10-11,Meta Ads,Retargeting - Cart Abandon,Midwest,Mobile
CUST000640,2025-10-11,Direct,(direct),South,Tablet
CUST000641,2025-10-11,Organic Social,(organic social),Midwest,Desktop
CUST000642,2025-10-11,Direct,(direct),Northeast,Mobile
CUST000643,2025-10-11,Organic Social,(organic social),West,Mobile
CUST000644,2025-10-11,Google Ads,Search - Nonbrand Skincare,South,Mobile
CUST000645,2025-10-11,Meta Ads,Retargeting - Engaged 30d,Midwest,Mobile
CUST000646,2025-10-11,Email/SMS,Campaign - Monthly Newsletter,South,Mobile
CUST000647,2025-10-11,Google Ads,Shopping - Bestsellers,West,Mobile
CUST000648,2025-10-11,Organic Search,(organic),South,Mobile
CUST000649,2025-10-11,Direct,(direct),West,Mobile
CUST000650,2025-10-11,Direct,(direct),West,Mobile
CUST000651,2025-10-11,Unattributed,(not set),West,Mobile
CUST000652,2025-10-11,Google Ads,Shopping - Bestsellers,West,Mobile
CUST000653,2025-10-11,Meta Ads,Retargeting - Cart Abandon,West,Desktop
CUST000654,2025-10-11,Meta Ads,Retargeting - Engaged 30d,Northeast,Mobile
CUST000655,2025-10-11,Google Ads,Search - Brand,West,Mobile
CUST000656,2025-10-12,Google Ads,Search - Nonbrand Skincare,Midwest,Mobile
CUST000657,2025-10-12,Organic Search,(organic),South,Mobile
CUST000658,2025-10-12,Organic Social,(organic social),Midwest,Desktop
CUST000659,2025-10-12,Google Ads,Search - Nonbrand Skincare,Northeast,Mobile
CUST000660,2025-10-12,Google Ads,Search - Brand,South,Tablet
CUST000661,2025-10-12,Google Ads,Search - Brand,West,Mobile
CUST000662,2025-10-12,Organic Social,(organic social),Midwest,Desktop
CUST000663,2025-10-12,Meta Ads,Prospecting - Lookalike 1%,Midwest,Desktop
CUST000664,2025-10-12,Google Ads,Shopping - Bestsellers,South,Mobile
CUST000665,2025-10-12,Organic Social,(organic social),South,Mobile
CUST000666,2025-10-12,Direct,(direct),West,Mobile
CUST000667,2025-10-12,Email/SMS,Campaign - Monthly Newsletter,West,Tablet
CUST000668,2025-10-12,Meta Ads,Prospecting - Lookalike 1%,South,Desktop
CUST000669,2025-10-12,Direct,(direct),South,Desktop
CUST000670,2025-10-12,Meta Ads,Retargeting - Cart Abandon,Northeast,Mobile
CUST000671,2025-10-12,Organic Social,(organic social),Midwest,Mobile
CUST000672,2025-10-12,Google Ads,Shopping - Bestsellers,West,Desktop
CUST000673,2025-10-12,Google Ads,PMax - Skincare Prospecting,Midwest,Desktop
CUST000674,2025-10-12,Meta Ads,Prospecting - Lookalike 1%,Midwest,Desktop
CUST000675,2025-10-12,Direct,(direct),West,Desktop
CUST000676,2025-10-12,Organic Search,(organic),West,Mobile
CUST000677,2025-10-12,Meta Ads,Prospecting - Broad,Midwest,Mobile
CUST000678,2025-10-12,Google Ads,Shopping - Bestsellers,Midwest,Desktop
CUST000679,2025-10-12,Google Ads,Search - Nonbrand Skincare,Midwest,Mobile
CUST000680,2025-10-13,Organic Search,(organic),South,Desktop
CUST000681,2025-10-13,Meta Ads,Retargeting - Cart Abandon,South,Mobile
CUST000682,2025-10-13,Meta Ads,Retargeting - Cart Abandon,South,Mobile
CUST000683,2025-10-13,Organic Search,(organic),Midwest,Mobile
CUST000684,2025-10-13,Organic Search,(organic),Midwest,Mobile
CUST000685,2025-10-13,Google Ads,Search - Brand,West,Mobile
CUST000686,2025-10-13,Direct,(direct),Midwest,Mobile
CUST000687,2025-10-13,Meta Ads,Retargeting - Engaged 30d,South,Mobile
CUST000688,2025-10-13,Organic Social,(organic social),Midwest,Desktop
CUST000689,2025-10-13,Meta Ads,Retargeting - Engaged 30d,West,Mobile
CUST000690,2025-10-13,Direct,(direct),Northeast,Desktop
CUST000691,2025-10-13,Direct,(direct),Northeast,Mobile
CUST000692,2025-10-13,Google Ads,Search - Nonbrand Skincare,South,Mobile
CUST000693,2025-10-13,Organic Search,(organic),South,Mobile
CUST000694,2025-10-13,Google Ads,Shopping - Bestsellers,West,Mobile
CUST000695,2025-10-13,Organic Search,(organic),Northeast,Mobile
CUST000696,2025-10-13,Direct,(direct),West,Mobile
CUST000697,2025-10-13,Meta Ads,Prospecting - Lookalike 1%,Midwest,Desktop
CUST000698,2025-10-13,Organic Search,(organic),West,Desktop
CUST000699,2025-10-13,Direct,(direct),Midwest,Mobile
CUST000700,2025-10-13,Organic Search,(organic),Northeast,Desktop
CUST000701,2025-10-13,Direct,(direct),Northeast,Mobile
CUST000702,2025-10-13,Email/SMS,Flow - Welcome Series,Midwest,Mobile
CUST000703,2025-10-14,Google Ads,Search - Brand,South,Desktop
CUST000704,2025-10-14,Organic Social,(organic social),West,Desktop
CUST000705,2025-10-14,Organic Social,(organic social),Northeast,Mobile
CUST000706,2025-10-14,Organic Search,(organic),South,Mobile
CUST000707,2025-10-14,Organic Search,(organic),South,Mobile
CUST000708,2025-10-14,Meta Ads,Prospecting - Broad,West,Mobile
CUST000709,2025-10-14,Direct,(direct),South,Mobile
CUST000710,2025-10-14,Unattributed,(not set),West,Mobile
CUST000711,2025-10-14,Meta Ads,Retargeting - Engaged 30d,South,Desktop
CUST000712,2025-10-14,Meta Ads,Retargeting - Engaged 30d,South,Desktop
CUST000713,2025-10-14,Meta Ads,Prospecting - Lookalike 1%,South,Desktop
CUST000714,2025-10-14,Meta Ads,Prospecting - Broad,Northeast,Mobile
CUST000715,2025-10-14,Organic Search,(organic),South,Desktop
CUST000716,2025-10-14,Meta Ads,Prospecting - Broad,South,Mobile
CUST000717,2025-10-14,Google Ads,Shopping - Bestsellers,West,Mobile
CUST000718,2025-10-14,Meta Ads,Retargeting - Cart Abandon,Northeast,Mobile
CUST000719,2025-10-14,Organic Social,(organic social),South,Mobile
CUST000720,2025-10-14,Meta Ads,Retargeting - Cart Abandon,South,Mobile
CUST000721,2025-10-14,Google Ads,PMax - Skincare Prospecting,Midwest,Desktop
CUST000722,2025-10-14,Organic Search,(organic),West,Desktop
CUST000723,2025-10-14,Meta Ads,Retargeting - Cart Abandon,Midwest,Desktop
CUST000724,2025-10-15,Organic Search,(organic),Northeast,Desktop
CUST000725,2025-10-15,Meta Ads,Prospecting - Broad,South,Tablet
CUST000726,2025-10-15,Direct,(direct),Northeast,Mobile
CUST000727,2025-10-15,Meta Ads,Prospecting - Broad,South,Mobile
CUST000728,2025-10-15,Google Ads,Search - Nonbrand Skincare,South,Mobile
CUST000729,2025-10-15,Google Ads,Search - Brand,West,Mobile
CUST000730,2025-10-15,Google Ads,Search - Nonbrand Skincare,Midwest,Mobile
CUST000731,2025-10-15,Meta Ads,Prospecting - Broad,West,Tablet
CUST000732,2025-10-15,Google Ads,Search - Nonbrand Skincare,South,Desktop
CUST000733,2025-10-15,Meta Ads,Retargeting - Engaged 30d,Midwest,Mobile
CUST000734,2025-10-15,Organic Search,(organic),West,Desktop
CUST000735,2025-10-15,Google Ads,Search - Nonbrand Skincare,West,Mobile
CUST000736,2025-10-15,Email/SMS,Flow - Welcome Series,Northeast,Mobile
CUST000737,2025-10-15,Unattributed,(not set),Midwest,Mobile
CUST000738,2025-10-15,Organic Search,(organic),Northeast,Mobile
CUST000739,2025-10-15,Meta Ads,Prospecting - Broad,South,Mobile
CUST000740,2025-10-15,Meta Ads,Prospecting - Broad,South,Desktop
CUST000741,2025-10-15,Organic Search,(organic),South,Tablet
CUST000742,2025-10-15,Organic Search,(organic),Northeast,Desktop
CUST000743,2025-10-15,Organic Social,(organic social),Northeast,Desktop
CUST000744,2025-10-15,Direct,(direct),South,Desktop
CUST000745,2025-10-16,Google Ads,Search - Nonbrand Skincare,West,Desktop
CUST000746,2025-10-16,Organic Search,(organic),Midwest,Mobile
CUST000747,2025-10-16,Meta Ads,Retargeting - Engaged 30d,South,Mobile
CUST000748,2025-10-16,Direct,(direct),Northeast,Mobile
CUST000749,2025-10-16,Meta Ads,Retargeting - Engaged 30d,South,Mobile
CUST000750,2025-10-16,Organic Search,(organic),Midwest,Mobile
CUST000751,2025-10-16,Meta Ads,Prospecting - Broad,Northeast,Mobile
CUST000752,2025-10-16,Meta Ads,Prospecting - Lookalike 1%,West,Desktop
CUST000753,2025-10-16,Meta Ads,Retargeting - Cart Abandon,South,Desktop
CUST000754,2025-10-16,Meta Ads,Prospecting - Lookalike 1%,Northeast,Mobile
CUST000755,2025-10-16,Organic Search,(organic),Northeast,Mobile
CUST000756,2025-10-16,Direct,(direct),South,Tablet
CUST000757,2025-10-16,Organic Search,(organic),South,Mobile
CUST000758,2025-10-16,Organic Search,(organic),West,Desktop
CUST000759,2025-10-16,Organic Social,(organic social),Midwest,Tablet
CUST000760,2025-10-16,Organic Search,(organic),South,Desktop
CUST000761,2025-10-16,Unattributed,(not set),South,Desktop
CUST000762,2025-10-16,Google Ads,Shopping - Bestsellers,West,Mobile
CUST000763,2025-10-16,Organic Search,(organic),Midwest,Desktop
CUST000764,2025-10-16,Meta Ads,Retargeting - Cart Abandon,Midwest,Mobile
CUST000765,2025-10-16,Organic Social,(organic social),South,Mobile
CUST000766,2025-10-16,Organic Social,(organic social),Northeast,Mobile
CUST000767,2025-10-16,Direct,(direct),South,Mobile
CUST000768,2025-10-17,Google Ads,PMax - Skincare Prospecting,Northeast,Mobile
CUST000769,2025-10-17,Meta Ads,Retargeting - Engaged 30d,Northeast,Mobile
CUST000770,2025-10-17,Organic Search,(organic),Northeast,Mobile
CUST000771,2025-10-17,Meta Ads,Prospecting - Lookalike 1%,Northeast,Desktop
CUST000772,2025-10-17,Organic Search,(organic),West,Desktop
CUST000773,2025-10-17,Google Ads,Shopping - Bestsellers,South,Mobile
CUST000774,2025-10-17,Google Ads,PMax - Skincare Prospecting,Northeast,Mobile
CUST000775,2025-10-17,Google Ads,Search - Brand,West,Mobile
CUST000776,2025-10-17,Organic Search,(organic),Northeast,Desktop
CUST000777,2025-10-17,Meta Ads,Retargeting - Cart Abandon,West,Mobile
CUST000778,2025-10-17,Google Ads,Search - Brand,West,Mobile
CUST000779,2025-10-17,Organic Search,(organic),West,Mobile
CUST000780,2025-10-17,Meta Ads,Prospecting - Lookalike 1%,South,Desktop
CUST000781,2025-10-17,Meta Ads,Retargeting - Engaged 30d,South,Mobile
CUST000782,2025-10-17,Organic Search,(organic),West,Mobile
CUST000783,2025-10-17,Google Ads,Search - Nonbrand Skincare,Midwest,Desktop
CUST000784,2025-10-17,Organic Search,(organic),West,Desktop
CUST000785,2025-10-17,Organic Search,(organic),West,Mobile
CUST000786,2025-10-17,Meta Ads,Retargeting - Engaged 30d,South,Mobile
CUST000787,2025-10-17,Direct,(direct),Midwest,Tablet
CUST000788,2025-10-17,Meta Ads,Prospecting - Lookalike 1%,West,Mobile
CUST000789,2025-10-17,Organic Search,(organic),Midwest,Mobile
CUST000790,2025-10-17,Organic Search,(organic),Northeast,Desktop
CUST000791,2025-10-17,Google Ads,Shopping - Bestsellers,Northeast,Mobile
CUST000792,2025-10-17,Organic Search,(organic),South,Desktop
CUST000793,2025-10-17,Meta Ads,Retargeting - Cart Abandon,Midwest,Mobile
CUST000794,2025-10-18,Meta Ads,Retargeting - Cart Abandon,South,Mobile
CUST000795,2025-10-18,Organic Search,(organic),West,Desktop
CUST000796,2025-10-18,Direct,(direct),South,Mobile
CUST000797,2025-10-18,Google Ads,Shopping - Bestsellers,Northeast,Desktop
CUST000798,2025-10-18,Meta Ads,Retargeting - Engaged 30d,Northeast,Mobile
CUST000799,2025-10-18,Organic Search,(organic),Northeast,Mobile
CUST000800,2025-10-18,Meta Ads,Retargeting - Engaged 30d,West,Mobile
CUST000801,2025-10-18,Meta Ads,Retargeting - Cart Abandon,Midwest,Mobile
CUST000802,2025-10-18,Google Ads,Shopping - Bestsellers,Midwest,Mobile
CUST000803,2025-10-18,Organic Search,(organic),Northeast,Mobile
CUST000804,2025-10-18,Google Ads,Search - Brand,Midwest,Mobile
CUST000805,2025-10-18,Organic Social,(organic social),Midwest,Mobile
CUST000806,2025-10-18,Meta Ads,Prospecting - Lookalike 1%,Northeast,Mobile
CUST000807,2025-10-18,Google Ads,Shopping - Bestsellers,West,Mobile
CUST000808,2025-10-18,Google Ads,PMax - Skincare Prospecting,Midwest,Desktop
CUST000809,2025-10-18,Direct,(direct),Northeast,Mobile
CUST000810,2025-10-18,Direct,(direct),South,Mobile
CUST000811,2025-10-18,Meta Ads,Prospecting - Broad,South,Mobile
CUST000812,2025-10-18,Organic Search,(organic),Midwest,Mobile
CUST000813,2025-10-18,Google Ads,Shopping - Bestsellers,South,Desktop
CUST000814,2025-10-18,Meta Ads,Retargeting - Cart Abandon,South,Mobile
CUST000815,2025-10-18,Google Ads,PMax - Skincare Prospecting,West,Desktop
CUST000816,2025-10-18,Email/SMS,Campaign - Monthly Newsletter,South,Mobile
CUST000817,2025-10-19,Organic Social,(organic social),Midwest,Desktop
CUST000818,2025-10-19,Organic Search,(organic),Northeast,Desktop
CUST000819,2025-10-19,Google Ads,Shopping - Bestsellers,Midwest,Desktop
CUST000820,2025-10-19,Meta Ads,Prospecting - Broad,Midwest,Mobile
CUST000821,2025-10-19,Google Ads,Search - Nonbrand Skincare,West,Mobile
CUST000822,2025-10-19,Organic Search,(organic),Northeast,Mobile
CUST000823,2025-10-19,Organic Search,(organic),Northeast,Mobile
CUST000824,2025-10-19,Organic Search,(organic),Northeast,Mobile
CUST000825,2025-10-19,Meta Ads,Prospecting - Broad,South,Tablet
CUST000826,2025-10-19,Direct,(direct),West,Desktop
CUST000827,2025-10-19,Email/SMS,Campaign - Monthly Newsletter,Northeast,Mobile
CUST000828,2025-10-19,Meta Ads,Prospecting - Broad,West,Mobile
CUST000829,2025-10-19,Meta Ads,Retargeting - Cart Abandon,Northeast,Mobile
CUST000830,2025-10-19,Email/SMS,Flow - Post Purchase Winback,West,Desktop
CUST000831,2025-10-19,Google Ads,PMax - Skincare Prospecting,South,Mobile
CUST000832,2025-10-19,Direct,(direct),West,Desktop
CUST000833,2025-10-19,Organic Search,(organic),South,Tablet
CUST000834,2025-10-19,Organic Search,(organic),South,Tablet
CUST000835,2025-10-19,Meta Ads,Retargeting - Engaged 30d,Midwest,Desktop
CUST000836,2025-10-19,Direct,(direct),West,Mobile
CUST000837,2025-10-19,Meta Ads,Prospecting - Broad,South,Desktop
CUST000838,2025-10-19,Meta Ads,Retargeting - Engaged 30d,Northeast,Desktop
CUST000839,2025-10-19,Google Ads,Shopping - Bestsellers,Midwest,Desktop
CUST000840,2025-10-20,Meta Ads,Retargeting - Cart Abandon,West,Desktop
CUST000841,2025-10-20,Unattributed,(not set),West,Mobile
CUST000842,2025-10-20,Google Ads,PMax - Skincare Prospecting,South,Mobile
CUST000843,2025-10-20,Organic Social,(organic social),South,Mobile
CUST000844,2025-10-20,Unattributed,(not set),South,Mobile
CUST000845,2025-10-20,Meta Ads,Retargeting - Engaged 30d,Midwest,Desktop
CUST000846,2025-10-20,Google Ads,Search - Brand,South,Mobile
CUST000847,2025-10-20,Meta Ads,Retargeting - Engaged 30d,Northeast,Mobile
CUST000848,2025-10-20,Meta Ads,Retargeting - Cart Abandon,Northeast,Tablet
CUST000849,2025-10-20,Organic Search,(organic),South,Tablet
CUST000850,2025-10-20,Organic Search,(organic),Midwest,Tablet
CUST000851,2025-10-20,Meta Ads,Prospecting - Broad,West,Mobile
CUST000852,2025-10-20,Email/SMS,Flow - Welcome Series,West,Desktop
CUST000853,2025-10-20,Direct,(direct),Midwest,Desktop
CUST000854,2025-10-20,Meta Ads,Retargeting - Cart Abandon,South,Mobile
CUST000855,2025-10-20,Google Ads,PMax - Skincare Prospecting,West,Desktop
CUST000856,2025-10-20,Google Ads,PMax - Skincare Prospecting,West,Tablet
CUST000857,2025-10-20,Meta Ads,Prospecting - Broad,West,Mobile
CUST000858,2025-10-21,Google Ads,Shopping - Bestsellers,Northeast,Mobile
CUST000859,2025-10-21,Google Ads,Shopping - Bestsellers,Midwest,Mobile
CUST000860,2025-10-21,Google Ads,Search - Brand,Midwest,Mobile
CUST000861,2025-10-21,Organic Search,(organic),Northeast,Desktop
CUST000862,2025-10-21,Direct,(direct),Northeast,Desktop
CUST000863,2025-10-21,Email/SMS,Flow - Post Purchase Winback,South,Mobile
CUST000864,2025-10-21,Unattributed,(not set),South,Desktop
CUST000865,2025-10-21,Organic Search,(organic),Midwest,Desktop
CUST000866,2025-10-21,Google Ads,Search - Brand,West,Desktop
CUST000867,2025-10-21,Meta Ads,Retargeting - Engaged 30d,South,Tablet
CUST000868,2025-10-21,Organic Search,(organic),South,Desktop
CUST000869,2025-10-21,Meta Ads,Prospecting - Broad,West,Tablet
CUST000870,2025-10-21,Email/SMS,Flow - Welcome Series,Midwest,Desktop
CUST000871,2025-10-21,Organic Search,(organic),South,Mobile
CUST000872,2025-10-21,Organic Search,(organic),Midwest,Desktop
CUST000873,2025-10-21,Google Ads,Shopping - Bestsellers,West,Mobile
CUST000874,2025-10-21,Meta Ads,Prospecting - Lookalike 1%,South,Mobile
CUST000875,2025-10-21,Google Ads,Search - Nonbrand Skincare,South,Desktop
CUST000876,2025-10-22,Organic Search,(organic),Northeast,Mobile
CUST000877,2025-10-22,Meta Ads,Prospecting - Broad,West,Mobile
CUST000878,2025-10-22,Email/SMS,Flow - Post Purchase Winback,Northeast,Desktop
CUST000879,2025-10-22,Organic Search,(organic),Northeast,Desktop
CUST000880,2025-10-22,Meta Ads,Retargeting - Engaged 30d,South,Mobile
CUST000881,2025-10-22,Google Ads,Search - Brand,South,Mobile
CUST000882,2025-10-22,Meta Ads,Retargeting - Cart Abandon,South,Desktop
CUST000883,2025-10-22,Organic Search,(organic),West,Desktop
CUST000884,2025-10-22,Google Ads,PMax - Skincare Prospecting,West,Mobile
CUST000885,2025-10-22,Meta Ads,Retargeting - Cart Abandon,West,Mobile
CUST000886,2025-10-22,Organic Search,(organic),South,Desktop
CUST000887,2025-10-22,Organic Social,(organic social),West,Mobile
CUST000888,2025-10-22,Google Ads,Search - Nonbrand Skincare,Midwest,Mobile
CUST000889,2025-10-22,Meta Ads,Prospecting - Lookalike 1%,South,Desktop
CUST000890,2025-10-22,Direct,(direct),West,Desktop
CUST000891,2025-10-22,Google Ads,PMax - Skincare Prospecting,Midwest,Mobile
CUST000892,2025-10-22,Direct,(direct),South,Desktop
CUST000893,2025-10-22,Meta Ads,Retargeting - Cart Abandon,Midwest,Mobile
CUST000894,2025-10-22,Google Ads,Shopping - Bestsellers,South,Mobile
CUST000895,2025-10-22,Google Ads,PMax - Skincare Prospecting,West,Desktop
CUST000896,2025-10-22,Google Ads,Shopping - Bestsellers,South,Desktop
CUST000897,2025-10-22,Meta Ads,Prospecting - Broad,South,Desktop
CUST000898,2025-10-23,Meta Ads,Retargeting - Engaged 30d,South,Mobile
CUST000899,2025-10-23,Google Ads,Search - Brand,South,Desktop
CUST000900,2025-10-23,Meta Ads,Prospecting - Lookalike 1%,Northeast,Desktop
CUST000901,2025-10-23,Unattributed,(not set),West,Mobile
CUST000902,2025-10-23,Organic Search,(organic),South,Mobile
CUST000903,2025-10-23,Organic Search,(organic),West,Mobile
CUST000904,2025-10-23,Unattributed,(not set),Northeast,Desktop
CUST000905,2025-10-23,Direct,(direct),Midwest,Mobile
CUST000906,2025-10-23,Organic Search,(organic),Midwest,Mobile
CUST000907,2025-10-23,Meta Ads,Retargeting - Engaged 30d,South,Mobile
CUST000908,2025-10-23,Direct,(direct),West,Mobile
CUST000909,2025-10-23,Organic Social,(organic social),West,Desktop
CUST000910,2025-10-23,Google Ads,Shopping - Bestsellers,West,Desktop
CUST000911,2025-10-23,Organic Search,(organic),Northeast,Desktop
CUST000912,2025-10-23,Organic Social,(organic social),Northeast,Mobile
CUST000913,2025-10-23,Email/SMS,Flow - Post Purchase Winback,South,Desktop
CUST000914,2025-10-23,Meta Ads,Retargeting - Engaged 30d,South,Mobile
CUST000915,2025-10-23,Organic Search,(organic),Northeast,Mobile
CUST000916,2025-10-23,Meta Ads,Retargeting - Engaged 30d,Midwest,Desktop
CUST000917,2025-10-23,Google Ads,Shopping - Bestsellers,Midwest,Mobile
CUST000918,2025-10-23,Google Ads,Search - Nonbrand Skincare,West,Tablet
CUST000919,2025-10-23,Google Ads,Search - Brand,West,Desktop
CUST000920,2025-10-23,Organic Search,(organic),South,Mobile
CUST000921,2025-10-23,Meta Ads,Prospecting - Broad,Midwest,Desktop
CUST000922,2025-10-23,Google Ads,PMax - Skincare Prospecting,Midwest,Mobile
CUST000923,2025-10-24,Unattributed,(not set),Midwest,Mobile
CUST000924,2025-10-24,Google Ads,Search - Nonbrand Skincare,West,Mobile
CUST000925,2025-10-24,Google Ads,PMax - Skincare Prospecting,West,Mobile
CUST000926,2025-10-24,Organic Search,(organic),Midwest,Tablet
CUST000927,2025-10-24,Direct,(direct),Midwest,Mobile
CUST000928,2025-10-24,Unattributed,(not set),South,Mobile
CUST000929,2025-10-24,Meta Ads,Prospecting - Broad,Northeast,Desktop
CUST000930,2025-10-24,Direct,(direct),South,Mobile
CUST000931,2025-10-24,Meta Ads,Prospecting - Lookalike 1%,South,Mobile
CUST000932,2025-10-24,Organic Social,(organic social),Northeast,Mobile
CUST000933,2025-10-24,Organic Search,(organic),South,Mobile
CUST000934,2025-10-24,Organic Search,(organic),West,Desktop
CUST000935,2025-10-24,Google Ads,Search - Nonbrand Skincare,Midwest,Desktop
CUST000936,2025-10-24,Google Ads,PMax - Skincare Prospecting,South,Desktop
CUST000937,2025-10-24,Organic Search,(organic),West,Desktop
CUST000938,2025-10-24,Google Ads,Shopping - Bestsellers,West,Desktop
CUST000939,2025-10-24,Meta Ads,Prospecting - Lookalike 1%,Northeast,Desktop
CUST000940,2025-10-24,Google Ads,Shopping - Bestsellers,South,Desktop
CUST000941,2025-10-24,Google Ads,Search - Brand,Northeast,Mobile
CUST000942,2025-10-24,Meta Ads,Retargeting - Cart Abandon,South,Desktop
CUST000943,2025-10-24,Direct,(direct),Midwest,Mobile
CUST000944,2025-10-24,Google Ads,Search - Nonbrand Skincare,Midwest,Desktop
CUST000945,2025-10-24,Direct,(direct),South,Mobile
CUST000946,2025-10-24,Unattributed,(not set),South,Mobile
CUST000947,2025-10-24,Meta Ads,Retargeting - Cart Abandon,South,Desktop
CUST000948,2025-10-24,Organic Search,(organic),South,Desktop
CUST000949,2025-10-24,Google Ads,Search - Nonbrand Skincare,Northeast,Mobile
CUST000950,2025-10-25,Google Ads,Search - Nonbrand Skincare,South,Desktop
CUST000951,2025-10-25,Meta Ads,Prospecting - Lookalike 1%,Northeast,Mobile
CUST000952,2025-10-25,Meta Ads,Prospecting - Lookalike 1%,South,Desktop
CUST000953,2025-10-25,Organic Social,(organic social),Northeast,Desktop
CUST000954,2025-10-25,Organic Search,(organic),South,Mobile
CUST000955,2025-10-25,Google Ads,PMax - Skincare Prospecting,Northeast,Desktop
CUST000956,2025-10-25,Meta Ads,Prospecting - Broad,Northeast,Desktop
CUST000957,2025-10-25,Google Ads,Shopping - Bestsellers,South,Mobile
CUST000958,2025-10-25,Google Ads,PMax - Skincare Prospecting,West,Mobile
CUST000959,2025-10-25,Organic Social,(organic social),Midwest,Mobile
CUST000960,2025-10-25,Google Ads,PMax - Skincare Prospecting,Midwest,Mobile
CUST000961,2025-10-25,Direct,(direct),Midwest,Desktop
CUST000962,2025-10-25,Organic Social,(organic social),West,Mobile
CUST000963,2025-10-25,Meta Ads,Retargeting - Engaged 30d,Midwest,Mobile
CUST000964,2025-10-25,Organic Search,(organic),South,Desktop
CUST000965,2025-10-25,Organic Search,(organic),Northeast,Mobile
CUST000966,2025-10-25,Direct,(direct),Midwest,Mobile
CUST000967,2025-10-25,Google Ads,Search - Brand,South,Desktop
CUST000968,2025-10-25,Organic Social,(organic social),South,Mobile
CUST000969,2025-10-25,Direct,(direct),Northeast,Desktop
CUST000970,2025-10-25,Google Ads,Search - Brand,South,Mobile
CUST000971,2025-10-25,Google Ads,Search - Brand,South,Mobile
CUST000972,2025-10-25,Organic Social,(organic social),Northeast,Desktop
CUST000973,2025-10-25,Direct,(direct),West,Desktop
CUST000974,2025-10-25,Meta Ads,Prospecting - Lookalike 1%,West,Desktop
CUST000975,2025-10-25,Meta Ads,Prospecting - Broad,Midwest,Mobile
CUST000976,2025-10-25,Organic Search,(organic),West,Desktop
CUST000977,2025-10-25,Organic Social,(organic social),Midwest,Desktop
CUST000978,2025-10-26,Google Ads,Search - Brand,Midwest,Desktop
CUST000979,2025-10-26,Unattributed,(not set),South,Mobile
CUST000980,2025-10-26,Meta Ads,Prospecting - Lookalike 1%,West,Mobile
CUST000981,2025-10-26,Organic Social,(organic social),South,Mobile
CUST000982,2025-10-26,Meta Ads,Retargeting - Cart Abandon,West,Mobile
CUST000983,2025-10-26,Meta Ads,Prospecting - Broad,Midwest,Desktop
CUST000984,2025-10-26,Google Ads,PMax - Skincare Prospecting,Midwest,Mobile
CUST000985,2025-10-26,Meta Ads,Retargeting - Cart Abandon,Midwest,Mobile
CUST000986,2025-10-26,Direct,(direct),South,Mobile
CUST000987,2025-10-26,Meta Ads,Prospecting - Broad,South,Desktop
CUST000988,2025-10-26,Meta Ads,Prospecting - Broad,South,Desktop
CUST000989,2025-10-26,Organic Social,(organic social),South,Mobile
CUST000990,2025-10-26,Meta Ads,Retargeting - Engaged 30d,South,Mobile
CUST000991,2025-10-26,Organic Search,(organic),Midwest,Mobile
CUST000992,2025-10-26,Direct,(direct),Northeast,Mobile
CUST000993,2025-10-26,Meta Ads,Retargeting - Engaged 30d,South,Mobile
CUST000994,2025-10-26,Email/SMS,Flow - Post Purchase Winback,South,Mobile
CUST000995,2025-10-26,Google Ads,Shopping - Bestsellers,West,Desktop
CUST000996,2025-10-26,Google Ads,Search - Brand,Northeast,Mobile
CUST000997,2025-10-26,Meta Ads,Retargeting - Cart Abandon,West,Mobile
CUST000998,2025-10-27,Organic Search,(organic),West,Desktop
CUST000999,2025-10-27,Email/SMS,Flow - Post Purchase Winback,Northeast,Mobile
CUST001000,2025-10-27,Organic Search,(organic),West,Mobile
CUST001001,2025-10-27,Meta Ads,Prospecting - Broad,Northeast,Desktop
CUST001002,2025-10-27,Organic Search,(organic),West,Tablet
CUST001003,2025-10-27,Organic Search,(organic),West,Desktop
CUST001004,2025-10-27,Google Ads,Shopping - Bestsellers,Northeast,Mobile
CUST001005,2025-10-27,Google Ads,Search - Brand,West,Tablet
CUST001006,2025-10-27,Google Ads,Search - Nonbrand Skincare,South,Mobile
CUST001007,2025-10-27,Meta Ads,Prospecting - Lookalike 1%,South,Mobile
CUST001008,2025-10-27,Meta Ads,Prospecting - Lookalike 1%,South,Mobile
CUST001009,2025-10-27,Organic Search,(organic),South,Desktop
CUST001010,2025-10-27,Google Ads,Shopping - Bestsellers,Northeast,Mobile
CUST001011,2025-10-27,Google Ads,Shopping - Bestsellers,South,Mobile
CUST001012,2025-10-27,Meta Ads,Retargeting - Engaged 30d,Northeast,Mobile
CUST001013,2025-10-27,Organic Search,(organic),South,Desktop
CUST001014,2025-10-27,Organic Search,(organic),West,Mobile
CUST001015,2025-10-27,Organic Search,(organic),West,Mobile
CUST001016,2025-10-27,Google Ads,PMax - Skincare Prospecting,West,Mobile
CUST001017,2025-10-27,Meta Ads,Prospecting - Broad,Midwest,Mobile
CUST001018,2025-10-28,Unattributed,(not set),West,Mobile
CUST001019,2025-10-28,Direct,(direct),Midwest,Mobile
CUST001020,2025-10-28,Organic Search,(organic),West,Mobile
CUST001021,2025-10-28,Google Ads,Search - Nonbrand Skincare,West,Desktop
CUST001022,2025-10-28,Meta Ads,Retargeting - Cart Abandon,Northeast,Mobile
CUST001023,2025-10-28,Organic Search,(organic),West,Mobile
CUST001024,2025-10-28,Google Ads,Search - Nonbrand Skincare,West,Desktop
CUST001025,2025-10-28,Meta Ads,Retargeting - Cart Abandon,South,Mobile
CUST001026,2025-10-28,Meta Ads,Prospecting - Broad,West,Desktop
CUST001027,2025-10-28,Meta Ads,Retargeting - Cart Abandon,Midwest,Mobile
CUST001028,2025-10-28,Direct,(direct),South,Desktop
CUST001029,2025-10-28,Organic Social,(organic social),Northeast,Mobile
CUST001030,2025-10-28,Meta Ads,Retargeting - Engaged 30d,South,Mobile
CUST001031,2025-10-28,Meta Ads,Retargeting - Engaged 30d,South,Desktop
CUST001032,2025-10-28,Meta Ads,Retargeting - Engaged 30d,South,Desktop
CUST001033,2025-10-28,Meta Ads,Retargeting - Engaged 30d,West,Mobile
CUST001034,2025-10-28,Organic Social,(organic social),West,Mobile
CUST001035,2025-10-28,Meta Ads,Prospecting - Broad,Midwest,Desktop
CUST001036,2025-10-29,Google Ads,PMax - Skincare Prospecting,West,Mobile
CUST001037,2025-10-29,Direct,(direct),Midwest,Mobile
CUST001038,2025-10-29,Meta Ads,Prospecting - Broad,South,Mobile
CUST001039,2025-10-29,Google Ads,Search - Brand,Northeast,Mobile
CUST001040,2025-10-29,Organic Social,(organic social),South,Mobile
CUST001041,2025-10-29,Google Ads,PMax - Skincare Prospecting,South,Mobile
CUST001042,2025-10-29,Meta Ads,Prospecting - Broad,South,Desktop
CUST001043,2025-10-29,Organic Search,(organic),Midwest,Mobile
CUST001044,2025-10-29,Meta Ads,Prospecting - Broad,West,Mobile
CUST001045,2025-10-29,Direct,(direct),West,Mobile
CUST001046,2025-10-29,Organic Social,(organic social),South,Mobile
CUST001047,2025-10-29,Email/SMS,Flow - Welcome Series,Midwest,Desktop
CUST001048,2025-10-29,Organic Search,(organic),South,Desktop
CUST001049,2025-10-29,Meta Ads,Prospecting - Lookalike 1%,South,Desktop
CUST001050,2025-10-29,Google Ads,Search - Brand,Northeast,Tablet
CUST001051,2025-10-29,Direct,(direct),Northeast,Mobile
CUST001052,2025-10-29,Direct,(direct),Northeast,Tablet
CUST001053,2025-10-29,Organic Search,(organic),Midwest,Tablet
CUST001054,2025-10-29,Organic Search,(organic),West,Mobile
CUST001055,2025-10-29,Meta Ads,Retargeting - Cart Abandon,South,Mobile
CUST001056,2025-10-29,Meta Ads,Prospecting - Lookalike 1%,West,Mobile
CUST001057,2025-10-29,Meta Ads,Prospecting - Broad,Midwest,Desktop
CUST001058,2025-10-29,Direct,(direct),South,Desktop
CUST001059,2025-10-30,Unattributed,(not set),West,Tablet
CUST001060,2025-10-30,Google Ads,Search - Nonbrand Skincare,Midwest,Desktop
CUST001061,2025-10-30,Organic Social,(organic social),South,Mobile
CUST001062,2025-10-30,Direct,(direct),West,Desktop
CUST001063,2025-10-30,Organic Social,(organic social),Midwest,Mobile
CUST001064,2025-10-30,Google Ads,PMax - Skincare Prospecting,West,Desktop
CUST001065,2025-10-30,Direct,(direct),Midwest,Tablet
CUST001066,2025-10-30,Meta Ads,Prospecting - Lookalike 1%,Midwest,Desktop
CUST001067,2025-10-30,Organic Social,(organic social),South,Desktop
CUST001068,2025-10-30,Email/SMS,Flow - Abandoned Cart,South,Mobile
CUST001069,2025-10-30,Meta Ads,Retargeting - Cart Abandon,West,Mobile
CUST001070,2025-10-30,Meta Ads,Retargeting - Cart Abandon,Midwest,Mobile
CUST001071,2025-10-30,Meta Ads,Prospecting - Broad,Northeast,Mobile
CUST001072,2025-10-30,Organic Search,(organic),West,Mobile
CUST001073,2025-10-30,Direct,(direct),West,Desktop
CUST001074,2025-10-30,Organic Social,(organic social),Northeast,Mobile
CUST001075,2025-10-30,Meta Ads,Retargeting - Engaged 30d,West,Mobile
CUST001076,2025-10-30,Meta Ads,Prospecting - Lookalike 1%,West,Desktop
CUST001077,2025-10-30,Direct,(direct),Midwest,Desktop
CUST001078,2025-10-30,Direct,(direct),West,Mobile
CUST001079,2025-10-30,Meta Ads,Retargeting - Cart Abandon,South,Desktop
CUST001080,2025-10-30,Meta Ads,Retargeting - Engaged 30d,Midwest,Mobile
CUST001081,2025-10-31,Email/SMS,Flow - Welcome Series,West,Tablet
CUST001082,2025-10-31,Email/SMS,Campaign - Monthly Newsletter,Midwest,Mobile
CUST001083,2025-10-31,Direct,(direct),Northeast,Desktop
CUST001084,2025-10-31,Google Ads,Shopping - Bestsellers,South,Mobile
CUST001085,2025-10-31,Meta Ads,Prospecting - Broad,Midwest,Desktop
CUST001086,2025-10-31,Organic Search,(organic),Midwest,Mobile
CUST001087,2025-10-31,Unattributed,(not set),West,Mobile
CUST001088,2025-10-31,Meta Ads,Retargeting - Engaged 30d,Northeast,Mobile
CUST001089,2025-10-31,Meta Ads,Retargeting - Cart Abandon,Midwest,Mobile
CUST001090,2025-10-31,Google Ads,PMax - Skincare Prospecting,South,Mobile
CUST001091,2025-10-31,Google Ads,Search - Nonbrand Skincare,Northeast,Desktop
CUST001092,2025-10-31,Organic Social,(organic social),West,Mobile
CUST001093,2025-10-31,Direct,(direct),Midwest,Mobile
CUST001094,2025-10-31,Meta Ads,Retargeting - Engaged 30d,Midwest,Desktop
CUST001095,2025-10-31,Google Ads,Search - Brand,Midwest,Mobile
CUST001096,2025-10-31,Google Ads,Search - Brand,Midwest,Mobile
CUST001097,2025-10-31,Organic Search,(organic),South,Desktop
CUST001098,2025-10-31,Meta Ads,Retargeting - Cart Abandon,South,Desktop
CUST001099,2025-10-31,Organic Search,(organic),Midwest,Desktop
CUST001100,2025-10-31,Google Ads,PMax - Skincare Prospecting,West,Tablet
CUST001101,2025-10-31,Organic Social,(organic social),Midwest,Mobile
CUST001102,2025-10-31,Unattributed,(not set),Midwest,Mobile
CUST001103,2025-10-31,Meta Ads,Retargeting - Engaged 30d,Northeast,Tablet
CUST001104,2025-10-31,Organic Search,(organic),Midwest,Tablet
CUST001105,2025-10-31,Organic Social,(organic social),South,Desktop
CUST001106,2025-11-01,Meta Ads,Prospecting - Lookalike 1%,Midwest,Desktop
CUST001107,2025-11-01,Meta Ads,Retargeting - Cart Abandon,West,Mobile
CUST001108,2025-11-01,Direct,(direct),Midwest,Desktop
CUST001109,2025-11-01,Google Ads,Search - Nonbrand Skincare,West,Mobile
CUST001110,2025-11-01,Google Ads,Shopping - Bestsellers,West,Mobile
CUST001111,2025-11-01,Direct,(direct),West,Mobile
CUST001112,2025-11-01,Google Ads,Search - Nonbrand Skincare,Midwest,Mobile
CUST001113,2025-11-01,Meta Ads,Retargeting - Cart Abandon,Northeast,Mobile
CUST001114,2025-11-01,Meta Ads,Prospecting - Broad,Midwest,Mobile
CUST001115,2025-11-01,Direct,(direct),West,Desktop
CUST001116,2025-11-01,Organic Search,(organic),South,Mobile
CUST001117,2025-11-01,Email/SMS,Campaign - Monthly Newsletter,Northeast,Mobile
CUST001118,2025-11-01,Organic Search,(organic),Midwest,Mobile
CUST001119,2025-11-01,Direct,(direct),Northeast,Mobile
CUST001120,2025-11-01,Google Ads,PMax - Skincare Prospecting,Northeast,Tablet
CUST001121,2025-11-01,Google Ads,Shopping - Bestsellers,South,Mobile
CUST001122,2025-11-01,Direct,(direct),Northeast,Mobile
CUST001123,2025-11-01,Organic Social,(organic social),South,Desktop
CUST001124,2025-11-01,Organic Social,(organic social),Midwest,Mobile
CUST001125,2025-11-01,Meta Ads,Prospecting - Lookalike 1%,Northeast,Tablet
CUST001126,2025-11-01,Google Ads,Search - Brand,South,Mobile
CUST001127,2025-11-01,Organic Social,(organic social),South,Tablet
CUST001128,2025-11-01,Google Ads,PMax - Skincare Prospecting,South,Desktop
CUST001129,2025-11-01,Organic Search,(organic),South,Desktop
CUST001130,2025-11-01,Direct,(direct),Northeast,Mobile
CUST001131,2025-11-01,Organic Search,(organic),Midwest,Desktop
CUST001132,2025-11-01,Organic Search,(organic),Northeast,Mobile
CUST001133,2025-11-02,Organic Search,(organic),West,Mobile
CUST001134,2025-11-02,Direct,(direct),South,Mobile
CUST001135,2025-11-02,Google Ads,Shopping - Bestsellers,Midwest,Desktop
CUST001136,2025-11-02,Google Ads,PMax - Skincare Prospecting,West,Mobile
CUST001137,2025-11-02,Meta Ads,Retargeting - Engaged 30d,South,Mobile
CUST001138,2025-11-02,Organic Social,(organic social),West,Tablet
CUST001139,2025-11-02,Google Ads,Search - Brand,West,Desktop
CUST001140,2025-11-02,Meta Ads,Prospecting - Broad,South,Mobile
CUST001141,2025-11-02,Organic Search,(organic),Midwest,Mobile
CUST001142,2025-11-02,Google Ads,PMax - Skincare Prospecting,West,Mobile
CUST001143,2025-11-02,Meta Ads,Retargeting - Cart Abandon,West,Mobile
CUST001144,2025-11-02,Organic Search,(organic),West,Mobile
CUST001145,2025-11-02,Google Ads,Search - Brand,South,Tablet
CUST001146,2025-11-02,Meta Ads,Retargeting - Engaged 30d,South,Mobile
CUST001147,2025-11-02,Meta Ads,Prospecting - Lookalike 1%,Midwest,Mobile
CUST001148,2025-11-02,Organic Social,(organic social),Midwest,Mobile
CUST001149,2025-11-02,Meta Ads,Retargeting - Engaged 30d,West,Mobile
CUST001150,2025-11-02,Meta Ads,Retargeting - Engaged 30d,South,Mobile
CUST001151,2025-11-02,Organic Search,(organic),West,Mobile
CUST001152,2025-11-02,Meta Ads,Retargeting - Engaged 30d,West,Tablet
CUST001153,2025-11-02,Direct,(direct),West,Mobile
CUST001154,2025-11-02,Google Ads,Shopping - Bestsellers,Northeast,Mobile
CUST001155,2025-11-02,Meta Ads,Retargeting - Engaged 30d,Midwest,Desktop
CUST001156,2025-11-03,Organic Search,(organic),Midwest,Desktop
CUST001157,2025-11-03,Organic Social,(organic social),West,Desktop
CUST001158,2025-11-03,Google Ads,Search - Brand,Midwest,Mobile
CUST001159,2025-11-03,Google Ads,Shopping - Bestsellers,West,Mobile
CUST001160,2025-11-03,Meta Ads,Retargeting - Engaged 30d,South,Mobile
CUST001161,2025-11-03,Meta Ads,Retargeting - Cart Abandon,South,Mobile
CUST001162,2025-11-03,Unattributed,(not set),South,Mobile
CUST001163,2025-11-03,Direct,(direct),South,Mobile
CUST001164,2025-11-03,Direct,(direct),Midwest,Tablet
CUST001165,2025-11-03,Meta Ads,Retargeting - Cart Abandon,South,Mobile
CUST001166,2025-11-03,Email/SMS,Flow - Post Purchase Winback,Midwest,Desktop
CUST001167,2025-11-03,Direct,(direct),West,Desktop
CUST001168,2025-11-03,Organic Search,(organic),South,Mobile
CUST001169,2025-11-03,Meta Ads,Prospecting - Broad,Midwest,Mobile
CUST001170,2025-11-03,Organic Social,(organic social),South,Mobile
CUST001171,2025-11-03,Google Ads,Search - Nonbrand Skincare,Northeast,Desktop
CUST001172,2025-11-03,Meta Ads,Prospecting - Broad,Northeast,Mobile
CUST001173,2025-11-03,Organic Social,(organic social),Midwest,Mobile
CUST001174,2025-11-04,Meta Ads,Retargeting - Engaged 30d,Northeast,Mobile
CUST001175,2025-11-04,Organic Social,(organic social),West,Mobile
CUST001176,2025-11-04,Direct,(direct),West,Desktop
CUST001177,2025-11-04,Meta Ads,Retargeting - Engaged 30d,Northeast,Mobile
CUST001178,2025-11-04,Organic Search,(organic),Northeast,Mobile
CUST001179,2025-11-04,Google Ads,PMax - Skincare Prospecting,West,Desktop
CUST001180,2025-11-04,Google Ads,Search - Nonbrand Skincare,Northeast,Desktop
CUST001181,2025-11-04,Meta Ads,Prospecting - Lookalike 1%,Midwest,Mobile
CUST001182,2025-11-04,Meta Ads,Retargeting - Cart Abandon,Northeast,Mobile
CUST001183,2025-11-04,Meta Ads,Prospecting - Lookalike 1%,Midwest,Tablet
CUST001184,2025-11-04,Google Ads,Search - Brand,West,Mobile
CUST001185,2025-11-04,Direct,(direct),Midwest,Mobile
CUST001186,2025-11-04,Organic Social,(organic social),Northeast,Mobile
CUST001187,2025-11-04,Meta Ads,Prospecting - Broad,West,Mobile
CUST001188,2025-11-04,Meta Ads,Retargeting - Cart Abandon,Midwest,Mobile
CUST001189,2025-11-04,Google Ads,Shopping - Bestsellers,South,Mobile
CUST001190,2025-11-04,Organic Search,(organic),South,Mobile
CUST001191,2025-11-04,Organic Social,(organic social),Northeast,Mobile
CUST001192,2025-11-04,Google Ads,Search - Nonbrand Skincare,South,Mobile
CUST001193,2025-11-04,Google Ads,Search - Nonbrand Skincare,Northeast,Mobile
CUST001194,2025-11-05,Organic Search,(organic),Northeast,Mobile
CUST001195,2025-11-05,Google Ads,Search - Nonbrand Skincare,Midwest,Desktop
CUST001196,2025-11-05,Organic Search,(organic),Northeast,Desktop
CUST001197,2025-11-05,Meta Ads,Retargeting - Cart Abandon,South,Mobile
CUST001198,2025-11-05,Meta Ads,Prospecting - Lookalike 1%,South,Mobile
CUST001199,2025-11-05,Organic Search,(organic),South,Mobile
CUST001200,2025-11-05,Meta Ads,Retargeting - Engaged 30d,Northeast,Mobile
CUST001201,2025-11-05,Organic Search,(organic),South,Desktop
CUST001202,2025-11-05,Organic Search,(organic),West,Mobile
CUST001203,2025-11-05,Email/SMS,Campaign - Monthly Newsletter,Northeast,Desktop
CUST001204,2025-11-05,Meta Ads,Retargeting - Cart Abandon,West,Mobile
CUST001205,2025-11-05,Google Ads,Shopping - Bestsellers,West,Mobile
CUST001206,2025-11-05,Google Ads,Search - Brand,West,Mobile
CUST001207,2025-11-05,Google Ads,Shopping - Bestsellers,Midwest,Mobile
CUST001208,2025-11-05,Organic Search,(organic),Northeast,Desktop
CUST001209,2025-11-05,Direct,(direct),West,Mobile
CUST001210,2025-11-05,Meta Ads,Prospecting - Lookalike 1%,West,Desktop
CUST001211,2025-11-05,Direct,(direct),West,Desktop
CUST001212,2025-11-05,Organic Social,(organic social),West,Desktop
CUST001213,2025-11-05,Google Ads,Search - Nonbrand Skincare,West,Mobile
CUST001214,2025-11-05,Meta Ads,Retargeting - Cart Abandon,West,Desktop
CUST001215,2025-11-05,Google Ads,PMax - Skincare Prospecting,South,Desktop
CUST001216,2025-11-05,Direct,(direct),Midwest,Mobile
CUST001217,2025-11-06,Meta Ads,Prospecting - Lookalike 1%,Northeast,Mobile
CUST001218,2025-11-06,Google Ads,Search - Brand,West,Mobile
CUST001219,2025-11-06,Google Ads,Search - Brand,South,Desktop
CUST001220,2025-11-06,Meta Ads,Prospecting - Broad,South,Mobile
CUST001221,2025-11-06,Meta Ads,Retargeting - Cart Abandon,Northeast,Mobile
CUST001222,2025-11-06,Email/SMS,Flow - Abandoned Cart,West,Desktop
CUST001223,2025-11-06,Direct,(direct),South,Desktop
CUST001224,2025-11-06,Email/SMS,Flow - Post Purchase Winback,Northeast,Mobile
CUST001225,2025-11-06,Google Ads,PMax - Skincare Prospecting,Midwest,Desktop
CUST001226,2025-11-06,Meta Ads,Prospecting - Lookalike 1%,South,Desktop
CUST001227,2025-11-06,Organic Social,(organic social),Midwest,Mobile
CUST001228,2025-11-06,Organic Search,(organic),South,Mobile
CUST001229,2025-11-06,Organic Search,(organic),West,Desktop
CUST001230,2025-11-06,Organic Social,(organic social),Midwest,Mobile
CUST001231,2025-11-06,Google Ads,PMax - Skincare Prospecting,Midwest,Desktop
CUST001232,2025-11-06,Email/SMS,Campaign - Monthly Newsletter,Midwest,Mobile
CUST001233,2025-11-06,Meta Ads,Prospecting - Broad,West,Mobile
CUST001234,2025-11-06,Google Ads,Shopping - Bestsellers,West,Mobile
CUST001235,2025-11-06,Meta Ads,Retargeting - Cart Abandon,West,Desktop
CUST001236,2025-11-06,Organic Search,(organic),Northeast,Mobile
CUST001237,2025-11-06,Meta Ads,Retargeting - Cart Abandon,West,Mobile
CUST001238,2025-11-07,Unattributed,(not set),Northeast,Mobile
CUST001239,2025-11-07,Meta Ads,Prospecting - Broad,West,Mobile
CUST001240,2025-11-07,Meta Ads,Prospecting - Lookalike 1%,West,Mobile
CUST001241,2025-11-07,Google Ads,Search - Brand,Northeast,Mobile
CUST001242,2025-11-07,Meta Ads,Prospecting - Broad,South,Mobile
CUST001243,2025-11-07,Organic Social,(organic social),Midwest,Mobile
CUST001244,2025-11-07,Unattributed,(not set),Midwest,Desktop
CUST001245,2025-11-07,Meta Ads,Prospecting - Broad,South,Tablet
CUST001246,2025-11-07,Unattributed,(not set),Northeast,Mobile
CUST001247,2025-11-07,Google Ads,Search - Nonbrand Skincare,West,Tablet
CUST001248,2025-11-07,Organic Search,(organic),South,Desktop
CUST001249,2025-11-07,Meta Ads,Prospecting - Broad,South,Desktop
CUST001250,2025-11-07,Direct,(direct),West,Mobile
CUST001251,2025-11-07,Google Ads,Search - Brand,West,Mobile
CUST001252,2025-11-07,Unattributed,(not set),Midwest,Mobile
CUST001253,2025-11-07,Google Ads,Search - Nonbrand Skincare,Midwest,Mobile
CUST001254,2025-11-07,Meta Ads,Retargeting - Engaged 30d,West,Mobile
CUST001255,2025-11-07,Organic Search,(organic),Midwest,Mobile
CUST001256,2025-11-07,Google Ads,PMax - Skincare Prospecting,South,Mobile
CUST001257,2025-11-07,Google Ads,PMax - Skincare Prospecting,Northeast,Mobile
CUST001258,2025-11-07,Direct,(direct),Midwest,Mobile
CUST001259,2025-11-07,Google Ads,Search - Nonbrand Skincare,Midwest,Mobile
CUST001260,2025-11-07,Google Ads,Search - Brand,Northeast,Mobile
CUST001261,2025-11-08,Google Ads,Shopping - Bestsellers,West,Mobile
CUST001262,2025-11-08,Google Ads,Search - Brand,South,Mobile
CUST001263,2025-11-08,Google Ads,Search - Nonbrand Skincare,Northeast,Mobile
CUST001264,2025-11-08,Meta Ads,Prospecting - Broad,Midwest,Desktop
CUST001265,2025-11-08,Google Ads,Shopping - Bestsellers,South,Desktop
CUST001266,2025-11-08,Direct,(direct),South,Desktop
CUST001267,2025-11-08,Google Ads,PMax - Skincare Prospecting,South,Desktop
CUST001268,2025-11-08,Organic Social,(organic social),Midwest,Mobile
CUST001269,2025-11-08,Meta Ads,Prospecting - Lookalike 1%,West,Mobile
CUST001270,2025-11-08,Organic Search,(organic),West,Mobile
CUST001271,2025-11-08,Meta Ads,Prospecting - Lookalike 1%,West,Mobile
CUST001272,2025-11-08,Meta Ads,Prospecting - Broad,Northeast,Desktop
CUST001273,2025-11-08,Meta Ads,Retargeting - Engaged 30d,South,Desktop
CUST001274,2025-11-08,Direct,(direct),South,Mobile
CUST001275,2025-11-08,Google Ads,PMax - Skincare Prospecting,West,Mobile
CUST001276,2025-11-08,Direct,(direct),West,Desktop
CUST001277,2025-11-08,Meta Ads,Retargeting - Cart Abandon,South,Desktop
CUST001278,2025-11-08,Google Ads,Shopping - Bestsellers,Midwest,Mobile
CUST001279,2025-11-08,Google Ads,Search - Nonbrand Skincare,Northeast,Desktop
CUST001280,2025-11-08,Organic Search,(organic),South,Mobile
CUST001281,2025-11-08,Organic Search,(organic),West,Desktop
CUST001282,2025-11-08,Meta Ads,Retargeting - Engaged 30d,South,Mobile
CUST001283,2025-11-08,Unattributed,(not set),South,Mobile
CUST001284,2025-11-08,Meta Ads,Retargeting - Cart Abandon,Northeast,Desktop
CUST001285,2025-11-08,Organic Search,(organic),Northeast,Desktop
CUST001286,2025-11-08,Organic Search,(organic),Northeast,Mobile
CUST001287,2025-11-08,Organic Search,(organic),Northeast,Mobile
CUST001288,2025-11-08,Direct,(direct),West,Mobile
CUST001289,2025-11-08,Meta Ads,Retargeting - Cart Abandon,South,Mobile
CUST001290,2025-11-09,Google Ads,Search - Nonbrand Skincare,Northeast,Mobile
CUST001291,2025-11-09,Google Ads,Search - Brand,South,Mobile
CUST001292,2025-11-09,Meta Ads,Retargeting - Cart Abandon,West,Desktop
CUST001293,2025-11-09,Google Ads,Shopping - Bestsellers,Midwest,Mobile
CUST001294,2025-11-09,Meta Ads,Prospecting - Lookalike 1%,South,Mobile
CUST001295,2025-11-09,Google Ads,Search - Brand,South,Mobile
CUST001296,2025-11-09,Organic Search,(organic),Midwest,Mobile
CUST001297,2025-11-09,Google Ads,Search - Nonbrand Skincare,South,Desktop
CUST001298,2025-11-09,Unattributed,(not set),Midwest,Tablet
CUST001299,2025-11-09,Google Ads,Search - Nonbrand Skincare,West,Mobile
CUST001300,2025-11-09,Organic Search,(organic),South,Mobile
CUST001301,2025-11-09,Organic Search,(organic),Northeast,Mobile
CUST001302,2025-11-09,Meta Ads,Prospecting - Lookalike 1%,West,Mobile
CUST001303,2025-11-09,Google Ads,Search - Nonbrand Skincare,West,Desktop
CUST001304,2025-11-09,Organic Social,(organic social),West,Mobile
CUST001305,2025-11-09,Unattributed,(not set),West,Mobile
CUST001306,2025-11-09,Organic Search,(organic),South,Mobile
CUST001307,2025-11-09,Meta Ads,Retargeting - Cart Abandon,West,Mobile
CUST001308,2025-11-09,Google Ads,PMax - Skincare Prospecting,South,Mobile
CUST001309,2025-11-09,Meta Ads,Prospecting - Broad,West,Mobile
CUST001310,2025-11-09,Meta Ads,Retargeting - Engaged 30d,South,Mobile
CUST001311,2025-11-09,Meta Ads,Retargeting - Cart Abandon,Northeast,Desktop
CUST001312,2025-11-09,Organic Search,(organic),West,Desktop
CUST001313,2025-11-09,Email/SMS,Flow - Abandoned Cart,West,Desktop
CUST001314,2025-11-09,Google Ads,Shopping - Bestsellers,Midwest,Mobile
CUST001315,2025-11-09,Direct,(direct),Midwest,Mobile
CUST001316,2025-11-09,Organic Search,(organic),West,Desktop
CUST001317,2025-11-10,Organic Search,(organic),West,Desktop
CUST001318,2025-11-10,Organic Search,(organic),Northeast,Tablet
CUST001319,2025-11-10,Meta Ads,Retargeting - Cart Abandon,West,Desktop
CUST001320,2025-11-10,Direct,(direct),South,Desktop
CUST001321,2025-11-10,Organic Search,(organic),South,Mobile
CUST001322,2025-11-10,Meta Ads,Prospecting - Lookalike 1%,South,Mobile
CUST001323,2025-11-10,Meta Ads,Retargeting - Engaged 30d,West,Mobile
CUST001324,2025-11-10,Meta Ads,Prospecting - Lookalike 1%,West,Tablet
CUST001325,2025-11-10,Meta Ads,Prospecting - Lookalike 1%,Northeast,Desktop
CUST001326,2025-11-10,Meta Ads,Retargeting - Cart Abandon,Northeast,Mobile
CUST001327,2025-11-10,Meta Ads,Prospecting - Lookalike 1%,Northeast,Desktop
CUST001328,2025-11-10,Organic Social,(organic social),South,Desktop
CUST001329,2025-11-10,Google Ads,Search - Nonbrand Skincare,South,Mobile
CUST001330,2025-11-10,Meta Ads,Prospecting - Lookalike 1%,West,Mobile
CUST001331,2025-11-10,Organic Search,(organic),West,Mobile
CUST001332,2025-11-10,Meta Ads,Retargeting - Cart Abandon,South,Desktop
CUST001333,2025-11-10,Direct,(direct),West,Desktop
CUST001334,2025-11-10,Meta Ads,Retargeting - Engaged 30d,South,Desktop
CUST001335,2025-11-11,Google Ads,Search - Nonbrand Skincare,Northeast,Desktop
CUST001336,2025-11-11,Google Ads,Search - Brand,West,Mobile
CUST001337,2025-11-11,Direct,(direct),Midwest,Mobile
CUST001338,2025-11-11,Meta Ads,Retargeting - Engaged 30d,South,Desktop
CUST001339,2025-11-11,Google Ads,Search - Nonbrand Skincare,West,Mobile
CUST001340,2025-11-11,Google Ads,Search - Brand,West,Mobile
CUST001341,2025-11-11,Google Ads,Search - Nonbrand Skincare,Northeast,Desktop
CUST001342,2025-11-11,Meta Ads,Retargeting - Cart Abandon,Northeast,Desktop
CUST001343,2025-11-11,Meta Ads,Prospecting - Broad,West,Mobile
CUST001344,2025-11-11,Google Ads,Search - Brand,West,Desktop
CUST001345,2025-11-11,Meta Ads,Retargeting - Cart Abandon,Midwest,Mobile
CUST001346,2025-11-11,Organic Social,(organic social),South,Desktop
CUST001347,2025-11-11,Organic Social,(organic social),Midwest,Mobile
CUST001348,2025-11-11,Meta Ads,Retargeting - Cart Abandon,South,Mobile
CUST001349,2025-11-11,Google Ads,Shopping - Bestsellers,West,Desktop
CUST001350,2025-11-11,Unattributed,(not set),South,Mobile
CUST001351,2025-11-11,Google Ads,Search - Nonbrand Skincare,South,Desktop
CUST001352,2025-11-11,Google Ads,Search - Nonbrand Skincare,Midwest,Desktop
CUST001353,2025-11-11,Direct,(direct),South,Mobile
CUST001354,2025-11-11,Organic Search,(organic),West,Desktop
CUST001355,2025-11-11,Meta Ads,Prospecting - Broad,Midwest,Tablet
CUST001356,2025-11-12,Direct,(direct),South,Desktop
CUST001357,2025-11-12,Meta Ads,Prospecting - Broad,South,Desktop
CUST001358,2025-11-12,Organic Social,(organic social),South,Mobile
CUST001359,2025-11-12,Direct,(direct),South,Mobile
CUST001360,2025-11-12,Google Ads,PMax - Skincare Prospecting,Midwest,Mobile
CUST001361,2025-11-12,Organic Search,(organic),West,Tablet
CUST001362,2025-11-12,Meta Ads,Retargeting - Cart Abandon,West,Mobile
CUST001363,2025-11-12,Meta Ads,Retargeting - Cart Abandon,South,Mobile
CUST001364,2025-11-12,Google Ads,Shopping - Bestsellers,West,Desktop
CUST001365,2025-11-12,Unattributed,(not set),Midwest,Desktop
CUST001366,2025-11-12,Google Ads,PMax - Skincare Prospecting,South,Desktop
CUST001367,2025-11-12,Meta Ads,Retargeting - Cart Abandon,Midwest,Mobile
CUST001368,2025-11-12,Meta Ads,Prospecting - Lookalike 1%,West,Desktop
CUST001369,2025-11-12,Google Ads,Search - Nonbrand Skincare,Northeast,Mobile
CUST001370,2025-11-12,Meta Ads,Retargeting - Engaged 30d,South,Desktop
CUST001371,2025-11-12,Direct,(direct),West,Mobile
CUST001372,2025-11-12,Organic Social,(organic social),Midwest,Mobile
CUST001373,2025-11-12,Meta Ads,Retargeting - Engaged 30d,West,Mobile
CUST001374,2025-11-12,Meta Ads,Retargeting - Engaged 30d,South,Mobile
CUST001375,2025-11-12,Direct,(direct),Midwest,Mobile
CUST001376,2025-11-12,Direct,(direct),Northeast,Mobile
CUST001377,2025-11-12,Direct,(direct),Midwest,Mobile
CUST001378,2025-11-12,Organic Social,(organic social),Midwest,Mobile
CUST001379,2025-11-12,Meta Ads,Retargeting - Engaged 30d,West,Desktop
CUST001380,2025-11-13,Meta Ads,Retargeting - Cart Abandon,Midwest,Mobile
CUST001381,2025-11-13,Meta Ads,Retargeting - Engaged 30d,West,Mobile
CUST001382,2025-11-13,Google Ads,PMax - Skincare Prospecting,Northeast,Mobile
CUST001383,2025-11-13,Meta Ads,Prospecting - Broad,West,Mobile
CUST001384,2025-11-13,Meta Ads,Prospecting - Broad,West,Mobile
CUST001385,2025-11-13,Meta Ads,Prospecting - Broad,West,Mobile
CUST001386,2025-11-13,Meta Ads,Retargeting - Engaged 30d,West,Mobile
CUST001387,2025-11-13,Meta Ads,Prospecting - Lookalike 1%,West,Desktop
CUST001388,2025-11-13,Google Ads,Shopping - Bestsellers,Northeast,Desktop
CUST001389,2025-11-13,Organic Search,(organic),West,Desktop
CUST001390,2025-11-13,Unattributed,(not set),Northeast,Desktop
CUST001391,2025-11-13,Google Ads,PMax - Skincare Prospecting,Midwest,Desktop
CUST001392,2025-11-13,Meta Ads,Prospecting - Lookalike 1%,Midwest,Mobile
CUST001393,2025-11-13,Google Ads,Search - Nonbrand Skincare,Midwest,Mobile
CUST001394,2025-11-13,Google Ads,PMax - Skincare Prospecting,Northeast,Mobile
CUST001395,2025-11-13,Meta Ads,Retargeting - Engaged 30d,Midwest,Desktop
CUST001396,2025-11-13,Organic Social,(organic social),South,Desktop
CUST001397,2025-11-13,Organic Search,(organic),South,Desktop
CUST001398,2025-11-13,Meta Ads,Retargeting - Cart Abandon,West,Desktop
CUST001399,2025-11-13,Direct,(direct),West,Mobile
CUST001400,2025-11-13,Google Ads,Shopping - Bestsellers,Midwest,Mobile
CUST001401,2025-11-13,Meta Ads,Retargeting - Engaged 30d,West,Mobile
CUST001402,2025-11-13,Meta Ads,Retargeting - Engaged 30d,South,Desktop
CUST001403,2025-11-14,Organic Search,(organic),South,Tablet
CUST001404,2025-11-14,Google Ads,Search - Nonbrand Skincare,Northeast,Mobile
CUST001405,2025-11-14,Unattributed,(not set),West,Desktop
CUST001406,2025-11-14,Meta Ads,Retargeting - Engaged 30d,South,Mobile
CUST001407,2025-11-14,Organic Social,(organic social),West,Mobile
CUST001408,2025-11-14,Meta Ads,Retargeting - Cart Abandon,West,Mobile
CUST001409,2025-11-14,Organic Search,(organic),Midwest,Mobile
CUST001410,2025-11-14,Email/SMS,Campaign - Monthly Newsletter,West,Mobile
CUST001411,2025-11-14,Google Ads,Shopping - Bestsellers,Midwest,Desktop
CUST001412,2025-11-14,Organic Search,(organic),Midwest,Mobile
CUST001413,2025-11-14,Meta Ads,Prospecting - Lookalike 1%,West,Mobile
CUST001414,2025-11-14,Google Ads,PMax - Skincare Prospecting,South,Tablet
CUST001415,2025-11-14,Organic Social,(organic social),Midwest,Mobile
CUST001416,2025-11-14,Direct,(direct),South,Desktop
CUST001417,2025-11-14,Organic Search,(organic),Northeast,Mobile
CUST001418,2025-11-14,Google Ads,Shopping - Bestsellers,South,Desktop
CUST001419,2025-11-14,Direct,(direct),Midwest,Desktop
CUST001420,2025-11-14,Direct,(direct),Northeast,Desktop
CUST001421,2025-11-14,Meta Ads,Retargeting - Cart Abandon,Northeast,Mobile
CUST001422,2025-11-14,Meta Ads,Prospecting - Broad,Midwest,Mobile
CUST001423,2025-11-14,Organic Search,(organic),South,Desktop
CUST001424,2025-11-14,Google Ads,Search - Nonbrand Skincare,South,Desktop
CUST001425,2025-11-14,Organic Search,(organic),South,Mobile
CUST001426,2025-11-14,Organic Search,(organic),Northeast,Mobile
CUST001427,2025-11-14,Organic Social,(organic social),Midwest,Desktop
CUST001428,2025-11-15,Meta Ads,Prospecting - Lookalike 1%,Midwest,Desktop
CUST001429,2025-11-15,Organic Search,(organic),Northeast,Desktop
CUST001430,2025-11-15,Google Ads,Search - Brand,South,Desktop
CUST001431,2025-11-15,Meta Ads,Retargeting - Engaged 30d,Northeast,Mobile
CUST001432,2025-11-15,Google Ads,Search - Brand,Midwest,Mobile
CUST001433,2025-11-15,Organic Search,(organic),South,Mobile
CUST001434,2025-11-15,Meta Ads,Retargeting - Cart Abandon,West,Desktop
CUST001435,2025-11-15,Meta Ads,Prospecting - Broad,West,Desktop
CUST001436,2025-11-15,Google Ads,Search - Brand,South,Mobile
CUST001437,2025-11-15,Meta Ads,Prospecting - Lookalike 1%,South,Desktop
CUST001438,2025-11-15,Google Ads,Search - Nonbrand Skincare,West,Desktop
CUST001439,2025-11-15,Organic Search,(organic),South,Mobile
CUST001440,2025-11-15,Organic Search,(organic),South,Desktop
CUST001441,2025-11-15,Meta Ads,Retargeting - Engaged 30d,Midwest,Mobile
CUST001442,2025-11-15,Organic Search,(organic),Midwest,Desktop
CUST001443,2025-11-15,Unattributed,(not set),Midwest,Mobile
CUST001444,2025-11-15,Email/SMS,Flow - Welcome Series,Northeast,Desktop
CUST001445,2025-11-15,Google Ads,Search - Nonbrand Skincare,West,Mobile
CUST001446,2025-11-15,Meta Ads,Prospecting - Broad,Midwest,Mobile
CUST001447,2025-11-15,Meta Ads,Prospecting - Lookalike 1%,South,Mobile
CUST001448,2025-11-15,Meta Ads,Retargeting - Cart Abandon,Midwest,Desktop
CUST001449,2025-11-15,Meta Ads,Prospecting - Lookalike 1%,South,Desktop
CUST001450,2025-11-15,Email/SMS,Campaign - Monthly Newsletter,South,Mobile
CUST001451,2025-11-15,Meta Ads,Retargeting - Cart Abandon,Midwest,Mobile
CUST001452,2025-11-15,Organic Search,(organic),Northeast,Desktop
CUST001453,2025-11-15,Google Ads,Shopping - Bestsellers,West,Mobile
CUST001454,2025-11-15,Meta Ads,Prospecting - Broad,South,Mobile
CUST001455,2025-11-16,Google Ads,Shopping - Bestsellers,Midwest,Tablet
CUST001456,2025-11-16,Google Ads,Shopping - Bestsellers,South,Desktop
CUST001457,2025-11-16,Meta Ads,Retargeting - Engaged 30d,Northeast,Mobile
CUST001458,2025-11-16,Google Ads,PMax - Skincare Prospecting,Midwest,Desktop
CUST001459,2025-11-16,Direct,(direct),Midwest,Desktop
CUST001460,2025-11-16,Meta Ads,Prospecting - Broad,Northeast,Mobile
CUST001461,2025-11-16,Organic Search,(organic),Midwest,Mobile
CUST001462,2025-11-16,Organic Search,(organic),South,Mobile
CUST001463,2025-11-16,Meta Ads,Retargeting - Engaged 30d,South,Desktop
CUST001464,2025-11-16,Organic Search,(organic),Northeast,Desktop
CUST001465,2025-11-16,Meta Ads,Retargeting - Engaged 30d,Midwest,Mobile
CUST001466,2025-11-16,Meta Ads,Retargeting - Cart Abandon,South,Mobile
CUST001467,2025-11-16,Meta Ads,Retargeting - Cart Abandon,South,Desktop
CUST001468,2025-11-16,Google Ads,Search - Nonbrand Skincare,West,Mobile
CUST001469,2025-11-16,Meta Ads,Prospecting - Broad,South,Mobile
CUST001470,2025-11-16,Organic Social,(organic social),West,Mobile
CUST001471,2025-11-16,Google Ads,Shopping - Bestsellers,Midwest,Mobile
CUST001472,2025-11-16,Organic Social,(organic social),Northeast,Mobile
CUST001473,2025-11-16,Unattributed,(not set),Midwest,Desktop
CUST001474,2025-11-16,Meta Ads,Retargeting - Cart Abandon,Northeast,Mobile
CUST001475,2025-11-16,Meta Ads,Retargeting - Engaged 30d,West,Desktop
CUST001476,2025-11-16,Direct,(direct),South,Desktop
CUST001477,2025-11-16,Google Ads,Shopping - Bestsellers,West,Desktop
CUST001478,2025-11-16,Google Ads,Search - Brand,West,Mobile
CUST001479,2025-11-16,Meta Ads,Retargeting - Engaged 30d,West,Mobile
CUST001480,2025-11-16,Organic Search,(organic),Northeast,Mobile
CUST001481,2025-11-16,Direct,(direct),West,Desktop
CUST001482,2025-11-17,Google Ads,PMax - Skincare Prospecting,South,Mobile
CUST001483,2025-11-17,Google Ads,PMax - Skincare Prospecting,South,Desktop
CUST001484,2025-11-17,Meta Ads,Retargeting - Engaged 30d,Midwest,Mobile
CUST001485,2025-11-17,Google Ads,Search - Nonbrand Skincare,Midwest,Desktop
CUST001486,2025-11-17,Meta Ads,Prospecting - Broad,Northeast,Mobile
CUST001487,2025-11-17,Meta Ads,Prospecting - Lookalike 1%,South,Mobile
CUST001488,2025-11-17,Direct,(direct),South,Mobile
CUST001489,2025-11-17,Organic Search,(organic),West,Mobile
CUST001490,2025-11-17,Meta Ads,Retargeting - Engaged 30d,Midwest,Desktop
CUST001491,2025-11-17,Organic Search,(organic),West,Mobile
CUST001492,2025-11-17,Organic Search,(organic),Midwest,Desktop
CUST001493,2025-11-17,Meta Ads,Retargeting - Engaged 30d,South,Mobile
CUST001494,2025-11-17,Google Ads,PMax - Skincare Prospecting,Northeast,Mobile
CUST001495,2025-11-17,Meta Ads,Prospecting - Lookalike 1%,West,Mobile
CUST001496,2025-11-17,Google Ads,Search - Brand,South,Mobile
CUST001497,2025-11-17,Email/SMS,Flow - Welcome Series,Midwest,Desktop
CUST001498,2025-11-17,Organic Social,(organic social),Midwest,Desktop
CUST001499,2025-11-17,Google Ads,Shopping - Bestsellers,South,Mobile
CUST001500,2025-11-17,Meta Ads,Retargeting - Engaged 30d,West,Desktop
CUST001501,2025-11-18,Unattributed,(not set),West,Mobile
CUST001502,2025-11-18,Organic Search,(organic),West,Tablet
CUST001503,2025-11-18,Direct,(direct),Midwest,Mobile
CUST001504,2025-11-18,Organic Search,(organic),Midwest,Mobile
CUST001505,2025-11-18,Organic Search,(organic),South,Mobile
CUST001506,2025-11-18,Organic Search,(organic),Midwest,Mobile
CUST001507,2025-11-18,Organic Social,(organic social),Northeast,Mobile
CUST001508,2025-11-18,Google Ads,PMax - Skincare Prospecting,West,Mobile
CUST001509,2025-11-18,Organic Social,(organic social),Midwest,Mobile
CUST001510,2025-11-18,Google Ads,Search - Brand,West,Mobile
CUST001511,2025-11-18,Meta Ads,Retargeting - Engaged 30d,Midwest,Mobile
CUST001512,2025-11-18,Direct,(direct),South,Mobile
CUST001513,2025-11-18,Google Ads,Shopping - Bestsellers,South,Mobile
CUST001514,2025-11-18,Organic Search,(organic),West,Desktop
CUST001515,2025-11-18,Meta Ads,Retargeting - Cart Abandon,South,Mobile
CUST001516,2025-11-18,Meta Ads,Prospecting - Lookalike 1%,West,Mobile
CUST001517,2025-11-18,Google Ads,Shopping - Bestsellers,South,Tablet
CUST001518,2025-11-18,Meta Ads,Prospecting - Lookalike 1%,Midwest,Mobile
CUST001519,2025-11-18,Meta Ads,Prospecting - Lookalike 1%,Northeast,Mobile
CUST001520,2025-11-18,Direct,(direct),Midwest,Mobile
CUST001521,2025-11-18,Organic Search,(organic),South,Mobile
CUST001522,2025-11-18,Organic Social,(organic social),West,Mobile
CUST001523,2025-11-18,Meta Ads,Retargeting - Cart Abandon,Midwest,Desktop
CUST001524,2025-11-18,Google Ads,PMax - Skincare Prospecting,West,Mobile
CUST001525,2025-11-19,Meta Ads,Prospecting - Lookalike 1%,South,Desktop
CUST001526,2025-11-19,Meta Ads,Retargeting - Engaged 30d,South,Desktop
CUST001527,2025-11-19,Google Ads,Search - Nonbrand Skincare,West,Desktop
CUST001528,2025-11-19,Meta Ads,Retargeting - Cart Abandon,Northeast,Desktop
CUST001529,2025-11-19,Organic Search,(organic),West,Desktop
CUST001530,2025-11-19,Unattributed,(not set),Midwest,Desktop
CUST001531,2025-11-19,Meta Ads,Prospecting - Lookalike 1%,Northeast,Mobile
CUST001532,2025-11-19,Meta Ads,Prospecting - Lookalike 1%,West,Mobile
CUST001533,2025-11-19,Direct,(direct),Midwest,Desktop
CUST001534,2025-11-19,Google Ads,Shopping - Bestsellers,Northeast,Mobile
CUST001535,2025-11-19,Google Ads,Search - Brand,South,Mobile
CUST001536,2025-11-19,Google Ads,PMax - Skincare Prospecting,Northeast,Mobile
CUST001537,2025-11-19,Meta Ads,Retargeting - Engaged 30d,West,Mobile
CUST001538,2025-11-19,Meta Ads,Prospecting - Lookalike 1%,West,Mobile
CUST001539,2025-11-19,Organic Social,(organic social),Northeast,Mobile
CUST001540,2025-11-19,Meta Ads,Prospecting - Lookalike 1%,South,Desktop
CUST001541,2025-11-19,Organic Social,(organic social),South,Mobile
CUST001542,2025-11-19,Organic Search,(organic),Midwest,Desktop
CUST001543,2025-11-19,Organic Search,(organic),Northeast,Mobile
CUST001544,2025-11-19,Meta Ads,Prospecting - Broad,West,Desktop
CUST001545,2025-11-19,Direct,(direct),West,Tablet
CUST001546,2025-11-19,Organic Search,(organic),Northeast,Mobile
CUST001547,2025-11-19,Direct,(direct),Midwest,Mobile
CUST001548,2025-11-19,Meta Ads,Retargeting - Cart Abandon,Midwest,Mobile
CUST001549,2025-11-19,Organic Search,(organic),Midwest,Desktop
CUST001550,2025-11-20,Organic Search,(organic),Northeast,Desktop
CUST001551,2025-11-20,Organic Social,(organic social),West,Desktop
CUST001552,2025-11-20,Unattributed,(not set),West,Mobile
CUST001553,2025-11-20,Organic Social,(organic social),Midwest,Tablet
CUST001554,2025-11-20,Meta Ads,Retargeting - Cart Abandon,Midwest,Mobile
CUST001555,2025-11-20,Meta Ads,Retargeting - Cart Abandon,Midwest,Mobile
CUST001556,2025-11-20,Meta Ads,Retargeting - Cart Abandon,Northeast,Mobile
CUST001557,2025-11-20,Organic Search,(organic),West,Desktop
CUST001558,2025-11-20,Organic Search,(organic),Midwest,Mobile
CUST001559,2025-11-20,Google Ads,Search - Brand,South,Mobile
CUST001560,2025-11-20,Direct,(direct),West,Tablet
CUST001561,2025-11-20,Organic Search,(organic),South,Desktop
CUST001562,2025-11-20,Organic Social,(organic social),West,Mobile
CUST001563,2025-11-20,Google Ads,PMax - Skincare Prospecting,South,Mobile
CUST001564,2025-11-20,Unattributed,(not set),Northeast,Mobile
CUST001565,2025-11-20,Organic Social,(organic social),West,Desktop
CUST001566,2025-11-20,Google Ads,Shopping - Bestsellers,Northeast,Desktop
CUST001567,2025-11-21,Organic Search,(organic),South,Mobile
CUST001568,2025-11-21,Direct,(direct),Midwest,Tablet
CUST001569,2025-11-21,Organic Search,(organic),West,Mobile
CUST001570,2025-11-21,Meta Ads,Retargeting - Cart Abandon,South,Tablet
CUST001571,2025-11-21,Direct,(direct),West,Mobile
CUST001572,2025-11-21,Google Ads,Search - Brand,Northeast,Mobile
CUST001573,2025-11-21,Organic Search,(organic),West,Desktop
CUST001574,2025-11-21,Meta Ads,Prospecting - Broad,South,Desktop
CUST001575,2025-11-21,Google Ads,Shopping - Bestsellers,West,Desktop
CUST001576,2025-11-21,Meta Ads,Retargeting - Engaged 30d,West,Tablet
CUST001577,2025-11-21,Meta Ads,Retargeting - Cart Abandon,West,Mobile
CUST001578,2025-11-21,Google Ads,Search - Brand,Midwest,Desktop
CUST001579,2025-11-21,Meta Ads,Prospecting - Broad,South,Desktop
CUST001580,2025-11-21,Organic Search,(organic),South,Desktop
CUST001581,2025-11-21,Google Ads,Search - Nonbrand Skincare,Northeast,Desktop
CUST001582,2025-11-21,Google Ads,Search - Brand,Northeast,Desktop
CUST001583,2025-11-21,Organic Search,(organic),Northeast,Mobile
CUST001584,2025-11-21,Google Ads,Shopping - Bestsellers,Northeast,Mobile
CUST001585,2025-11-21,Google Ads,Search - Brand,South,Mobile
CUST001586,2025-11-21,Meta Ads,Prospecting - Broad,Midwest,Mobile
CUST001587,2025-11-22,Meta Ads,Retargeting - Engaged 30d,Midwest,Mobile
CUST001588,2025-11-22,Google Ads,PMax - Skincare Prospecting,South,Desktop
CUST001589,2025-11-22,Meta Ads,Prospecting - Lookalike 1%,West,Mobile
CUST001590,2025-11-22,Organic Search,(organic),West,Mobile
CUST001591,2025-11-22,Meta Ads,Prospecting - Broad,Northeast,Mobile
CUST001592,2025-11-22,Meta Ads,Retargeting - Engaged 30d,South,Desktop
CUST001593,2025-11-22,Meta Ads,Prospecting - Broad,West,Desktop
CUST001594,2025-11-22,Meta Ads,Prospecting - Lookalike 1%,Midwest,Mobile
CUST001595,2025-11-22,Organic Social,(organic social),South,Mobile
CUST001596,2025-11-22,Google Ads,Search - Nonbrand Skincare,Midwest,Desktop
CUST001597,2025-11-22,Meta Ads,Retargeting - Engaged 30d,South,Desktop
CUST001598,2025-11-22,Google Ads,Shopping - Bestsellers,Northeast,Mobile
CUST001599,2025-11-22,Organic Search,(organic),Northeast,Mobile
CUST001600,2025-11-22,Organic Social,(organic social),South,Mobile
CUST001601,2025-11-22,Meta Ads,Retargeting - Engaged 30d,South,Desktop
CUST001602,2025-11-22,Meta Ads,Prospecting - Broad,Midwest,Mobile
CUST001603,2025-11-22,Meta Ads,Prospecting - Lookalike 1%,South,Mobile
CUST001604,2025-11-22,Meta Ads,Prospecting - Broad,Northeast,Desktop
CUST001605,2025-11-22,Organic Social,(organic social),Midwest,Mobile
CUST001606,2025-11-22,Direct,(direct),Northeast,Mobile
CUST001607,2025-11-23,Organic Search,(organic),Midwest,Desktop
CUST001608,2025-11-23,Meta Ads,Prospecting - Lookalike 1%,Midwest,Desktop
CUST001609,2025-11-23,Organic Search,(organic),South,Mobile
CUST001610,2025-11-23,Google Ads,PMax - Skincare Prospecting,Midwest,Mobile
CUST001611,2025-11-23,Organic Search,(organic),Northeast,Mobile
CUST001612,2025-11-23,Direct,(direct),South,Mobile
CUST001613,2025-11-23,Google Ads,Search - Brand,West,Desktop
CUST001614,2025-11-23,Unattributed,(not set),Midwest,Desktop
CUST001615,2025-11-23,Google Ads,PMax - Skincare Prospecting,West,Mobile
CUST001616,2025-11-23,Organic Search,(organic),Midwest,Mobile
CUST001617,2025-11-23,Google Ads,Search - Brand,Midwest,Mobile
CUST001618,2025-11-23,Google Ads,PMax - Skincare Prospecting,Midwest,Desktop
CUST001619,2025-11-23,Google Ads,Search - Brand,West,Mobile
CUST001620,2025-11-23,Google Ads,Shopping - Bestsellers,West,Mobile
CUST001621,2025-11-23,Meta Ads,Retargeting - Engaged 30d,South,Mobile
CUST001622,2025-11-23,Google Ads,Search - Nonbrand Skincare,Midwest,Mobile
CUST001623,2025-11-23,Google Ads,Search - Nonbrand Skincare,South,Desktop
CUST001624,2025-11-23,Direct,(direct),Midwest,Mobile
CUST001625,2025-11-23,Meta Ads,Prospecting - Lookalike 1%,West,Desktop
CUST001626,2025-11-23,Organic Social,(organic social),West,Mobile
CUST001627,2025-11-23,Organic Social,(organic social),South,Mobile
CUST001628,2025-11-23,Meta Ads,Prospecting - Broad,South,Mobile
CUST001629,2025-11-23,Meta Ads,Prospecting - Lookalike 1%,South,Desktop
CUST001630,2025-11-23,Meta Ads,Retargeting - Cart Abandon,West,Mobile
CUST001631,2025-11-23,Direct,(direct),Northeast,Desktop
CUST001632,2025-11-23,Unattributed,(not set),West,Mobile
CUST001633,2025-11-23,Meta Ads,Retargeting - Engaged 30d,West,Desktop
CUST001634,2025-11-23,Organic Social,(organic social),Northeast,Mobile
CUST001635,2025-11-23,Organic Search,(organic),Midwest,Desktop
CUST001636,2025-11-24,Organic Search,(organic),South,Desktop
CUST001637,2025-11-24,Meta Ads,Retargeting - Cart Abandon,South,Mobile
CUST001638,2025-11-24,Google Ads,PMax - Skincare Prospecting,Northeast,Mobile
CUST001639,2025-11-24,Direct,(direct),South,Desktop
CUST001640,2025-11-24,Organic Search,(organic),Midwest,Desktop
CUST001641,2025-11-24,Organic Social,(organic social),South,Mobile
CUST001642,2025-11-24,Organic Search,(organic),Northeast,Mobile
CUST001643,2025-11-24,Organic Search,(organic),South,Mobile
CUST001644,2025-11-24,Direct,(direct),South,Mobile
CUST001645,2025-11-24,Direct,(direct),Northeast,Mobile
CUST001646,2025-11-24,Google Ads,Search - Nonbrand Skincare,Northeast,Desktop
CUST001647,2025-11-24,Organic Search,(organic),Northeast,Mobile
CUST001648,2025-11-24,Google Ads,Search - Nonbrand Skincare,South,Desktop
CUST001649,2025-11-24,Google Ads,Search - Brand,South,Mobile
CUST001650,2025-11-24,Meta Ads,Retargeting - Cart Abandon,West,Mobile
CUST001651,2025-11-24,Meta Ads,Retargeting - Cart Abandon,West,Mobile
CUST001652,2025-11-24,Meta Ads,Retargeting - Engaged 30d,South,Mobile
CUST001653,2025-11-24,Google Ads,Search - Nonbrand Skincare,West,Mobile
CUST001654,2025-11-24,Organic Search,(organic),South,Tablet
CUST001655,2025-11-24,Email/SMS,Flow - Post Purchase Winback,West,Desktop
CUST001656,2025-11-24,Meta Ads,Retargeting - Cart Abandon,Midwest,Desktop
CUST001657,2025-11-24,Meta Ads,Prospecting - Broad,Midwest,Desktop
CUST001658,2025-11-24,Meta Ads,Prospecting - Lookalike 1%,South,Mobile
CUST001659,2025-11-24,Google Ads,Search - Brand,West,Mobile
CUST001660,2025-11-24,Meta Ads,Prospecting - Broad,Northeast,Mobile
CUST001661,2025-11-24,Google Ads,Search - Nonbrand Skincare,South,Desktop
CUST001662,2025-11-24,Organic Search,(organic),South,Desktop
CUST001663,2025-11-24,Direct,(direct),West,Desktop
CUST001664,2025-11-24,Meta Ads,Retargeting - Cart Abandon,South,Mobile
CUST001665,2025-11-24,Organic Search,(organic),South,Desktop
CUST001666,2025-11-24,Google Ads,Shopping - Bestsellers,South,Mobile
CUST001667,2025-11-24,Google Ads,Search - Nonbrand Skincare,South,Mobile
CUST001668,2025-11-24,Google Ads,Search - Nonbrand Skincare,Northeast,Desktop
CUST001669,2025-11-24,Meta Ads,Retargeting - Cart Abandon,West,Mobile
CUST001670,2025-11-24,Unattributed,(not set),West,Desktop
CUST001671,2025-11-24,Meta Ads,Retargeting - Engaged 30d,South,Mobile
CUST001672,2025-11-24,Direct,(direct),South,Mobile
CUST001673,2025-11-24,Google Ads,Search - Nonbrand Skincare,Midwest,Mobile
CUST001674,2025-11-24,Meta Ads,Prospecting - Lookalike 1%,South,Mobile
CUST001675,2025-11-24,Meta Ads,Prospecting - Lookalike 1%,West,Mobile
CUST001676,2025-11-24,Organic Search,(organic),Midwest,Desktop
CUST001677,2025-11-24,Organic Search,(organic),Midwest,Mobile
CUST001678,2025-11-24,Meta Ads,Retargeting - Cart Abandon,Northeast,Mobile
CUST001679,2025-11-24,Google Ads,PMax - Skincare Prospecting,West,Mobile
CUST001680,2025-11-24,Meta Ads,Prospecting - Lookalike 1%,South,Mobile
CUST001681,2025-11-24,Google Ads,Search - Brand,Northeast,Desktop
CUST001682,2025-11-24,Google Ads,Search - Nonbrand Skincare,West,Mobile
CUST001683,2025-11-24,Google Ads,Search - Brand,West,Desktop
CUST001684,2025-11-24,Meta Ads,Prospecting - Broad,Northeast,Mobile
CUST001685,2025-11-24,Meta Ads,Prospecting - Lookalike 1%,South,Mobile
CUST001686,2025-11-24,Meta Ads,Prospecting - Broad,West,Desktop
CUST001687,2025-11-24,Meta Ads,Prospecting - Broad,West,Tablet
CUST001688,2025-11-24,Google Ads,Search - Brand,South,Mobile
CUST001689,2025-11-24,Organic Search,(organic),South,Mobile
CUST001690,2025-11-24,Organic Social,(organic social),Midwest,Mobile
CUST001691,2025-11-24,Meta Ads,Prospecting - Broad,Northeast,Mobile
CUST001692,2025-11-24,Organic Social,(organic social),South,Desktop
CUST001693,2025-11-24,Meta Ads,Prospecting - Broad,Midwest,Mobile
CUST001694,2025-11-24,Organic Search,(organic),West,Desktop
CUST001695,2025-11-24,Organic Social,(organic social),Midwest,Desktop
CUST001696,2025-11-24,Meta Ads,Retargeting - Cart Abandon,Midwest,Mobile
CUST001697,2025-11-24,Meta Ads,Prospecting - Broad,West,Mobile
CUST001698,2025-11-24,Direct,(direct),West,Mobile
CUST001699,2025-11-24,Organic Social,(organic social),South,Mobile
CUST001700,2025-11-24,Organic Social,(organic social),Northeast,Mobile
CUST001701,2025-11-25,Meta Ads,Retargeting - Cart Abandon,South,Desktop
CUST001702,2025-11-25,Meta Ads,Retargeting - Engaged 30d,South,Mobile
CUST001703,2025-11-25,Email/SMS,Flow - Welcome Series,Northeast,Mobile
CUST001704,2025-11-25,Meta Ads,Prospecting - Lookalike 1%,Northeast,Desktop
CUST001705,2025-11-25,Unattributed,(not set),West,Desktop
CUST001706,2025-11-25,Meta Ads,Retargeting - Engaged 30d,West,Mobile
CUST001707,2025-11-25,Organic Search,(organic),South,Mobile
CUST001708,2025-11-25,Google Ads,Search - Nonbrand Skincare,Northeast,Mobile
CUST001709,2025-11-25,Organic Social,(organic social),South,Mobile
CUST001710,2025-11-25,Google Ads,PMax - Skincare Prospecting,Midwest,Mobile
CUST001711,2025-11-25,Organic Social,(organic social),Midwest,Tablet
CUST001712,2025-11-25,Meta Ads,Retargeting - Engaged 30d,Northeast,Desktop
CUST001713,2025-11-25,Google Ads,PMax - Skincare Prospecting,West,Mobile
CUST001714,2025-11-25,Google Ads,Search - Nonbrand Skincare,Northeast,Desktop
CUST001715,2025-11-25,Direct,(direct),South,Mobile
CUST001716,2025-11-25,Google Ads,PMax - Skincare Prospecting,West,Mobile
CUST001717,2025-11-25,Meta Ads,Prospecting - Broad,West,Desktop
CUST001718,2025-11-25,Direct,(direct),Northeast,Mobile
CUST001719,2025-11-25,Meta Ads,Retargeting - Cart Abandon,Midwest,Mobile
CUST001720,2025-11-25,Google Ads,PMax - Skincare Prospecting,Midwest,Mobile
CUST001721,2025-11-25,Organic Search,(organic),Midwest,Desktop
CUST001722,2025-11-25,Google Ads,Shopping - Bestsellers,West,Mobile
CUST001723,2025-11-25,Meta Ads,Prospecting - Broad,Midwest,Mobile
CUST001724,2025-11-25,Google Ads,Shopping - Bestsellers,Northeast,Mobile
CUST001725,2025-11-25,Organic Search,(organic),West,Desktop
CUST001726,2025-11-25,Meta Ads,Prospecting - Lookalike 1%,South,Desktop
CUST001727,2025-11-25,Organic Search,(organic),South,Desktop
CUST001728,2025-11-25,Meta Ads,Prospecting - Lookalike 1%,Midwest,Mobile
CUST001729,2025-11-25,Organic Search,(organic),South,Mobile
CUST001730,2025-11-25,Google Ads,PMax - Skincare Prospecting,West,Mobile
CUST001731,2025-11-25,Google Ads,Search - Nonbrand Skincare,South,Mobile
CUST001732,2025-11-25,Direct,(direct),South,Desktop
CUST001733,2025-11-25,Unattributed,(not set),West,Mobile
CUST001734,2025-11-25,Google Ads,Search - Brand,West,Mobile
CUST001735,2025-11-25,Organic Social,(organic social),West,Mobile
CUST001736,2025-11-25,Google Ads,Shopping - Bestsellers,Northeast,Desktop
CUST001737,2025-11-25,Unattributed,(not set),South,Mobile
CUST001738,2025-11-25,Google Ads,Search - Brand,South,Mobile
CUST001739,2025-11-25,Direct,(direct),Northeast,Mobile
CUST001740,2025-11-25,Meta Ads,Prospecting - Lookalike 1%,South,Mobile
CUST001741,2025-11-25,Direct,(direct),West,Mobile
CUST001742,2025-11-25,Meta Ads,Retargeting - Engaged 30d,Midwest,Mobile
CUST001743,2025-11-25,Organic Search,(organic),West,Desktop
CUST001744,2025-11-25,Organic Search,(organic),Northeast,Tablet
CUST001745,2025-11-25,Meta Ads,Retargeting - Engaged 30d,West,Desktop
CUST001746,2025-11-25,Meta Ads,Retargeting - Cart Abandon,West,Desktop
CUST001747,2025-11-25,Meta Ads,Prospecting - Lookalike 1%,Midwest,Mobile
CUST001748,2025-11-25,Meta Ads,Retargeting - Cart Abandon,South,Mobile
CUST001749,2025-11-25,Google Ads,Search - Nonbrand Skincare,Midwest,Mobile
CUST001750,2025-11-25,Meta Ads,Retargeting - Cart Abandon,South,Mobile
CUST001751,2025-11-25,Google Ads,Search - Nonbrand Skincare,Northeast,Desktop
CUST001752,2025-11-25,Meta Ads,Retargeting - Cart Abandon,West,Mobile
CUST001753,2025-11-25,Meta Ads,Retargeting - Cart Abandon,Northeast,Mobile
CUST001754,2025-11-25,Meta Ads,Prospecting - Broad,South,Mobile
CUST001755,2025-11-25,Organic Search,(organic),Northeast,Desktop
CUST001756,2025-11-25,Meta Ads,Prospecting - Lookalike 1%,Northeast,Desktop
CUST001757,2025-11-25,Meta Ads,Prospecting - Broad,Midwest,Mobile
CUST001758,2025-11-25,Organic Social,(organic social),Northeast,Mobile
CUST001759,2025-11-25,Meta Ads,Retargeting - Cart Abandon,West,Mobile
CUST001760,2025-11-25,Organic Search,(organic),West,Desktop
CUST001761,2025-11-25,Meta Ads,Prospecting - Lookalike 1%,Northeast,Desktop
CUST001762,2025-11-25,Organic Search,(organic),Midwest,Mobile
CUST001763,2025-11-25,Organic Search,(organic),West,Desktop
CUST001764,2025-11-25,Email/SMS,Campaign - Monthly Newsletter,Northeast,Tablet
CUST001765,2025-11-25,Organic Search,(organic),West,Mobile
CUST001766,2025-11-25,Google Ads,Search - Nonbrand Skincare,West,Mobile
CUST001767,2025-11-25,Organic Search,(organic),West,Desktop
CUST001768,2025-11-25,Meta Ads,Retargeting - Cart Abandon,Northeast,Mobile
CUST001769,2025-11-25,Meta Ads,Retargeting - Engaged 30d,Midwest,Mobile
CUST001770,2025-11-25,Meta Ads,Retargeting - Engaged 30d,West,Mobile
CUST001771,2025-11-25,Google Ads,Search - Brand,Northeast,Mobile
CUST001772,2025-11-25,Organic Search,(organic),Northeast,Mobile
CUST001773,2025-11-25,Organic Search,(organic),West,Mobile
CUST001774,2025-11-25,Organic Search,(organic),Midwest,Mobile
CUST001775,2025-11-25,Organic Search,(organic),West,Mobile
CUST001776,2025-11-25,Google Ads,Search - Brand,Midwest,Mobile
CUST001777,2025-11-26,Google Ads,Shopping - Bestsellers,South,Mobile
CUST001778,2025-11-26,Google Ads,PMax - Skincare Prospecting,West,Desktop
CUST001779,2025-11-26,Google Ads,Search - Brand,Northeast,Mobile
CUST001780,2025-11-26,Organic Search,(organic),West,Mobile
CUST001781,2025-11-26,Direct,(direct),West,Desktop
CUST001782,2025-11-26,Organic Search,(organic),Northeast,Mobile
CUST001783,2025-11-26,Organic Search,(organic),West,Mobile
CUST001784,2025-11-26,Organic Search,(organic),Midwest,Desktop
CUST001785,2025-11-26,Organic Search,(organic),Northeast,Desktop
CUST001786,2025-11-26,Google Ads,Search - Brand,South,Desktop
CUST001787,2025-11-26,Organic Search,(organic),West,Mobile
CUST001788,2025-11-26,Organic Social,(organic social),West,Mobile
CUST001789,2025-11-26,Organic Social,(organic social),Midwest,Mobile
CUST001790,2025-11-26,Organic Search,(organic),West,Mobile
CUST001791,2025-11-26,Google Ads,PMax - Skincare Prospecting,South,Mobile
CUST001792,2025-11-26,Direct,(direct),West,Mobile
CUST001793,2025-11-26,Organic Search,(organic),West,Tablet
CUST001794,2025-11-26,Meta Ads,Retargeting - Engaged 30d,West,Mobile
CUST001795,2025-11-26,Organic Search,(organic),West,Mobile
CUST001796,2025-11-26,Meta Ads,Prospecting - Broad,Northeast,Mobile
CUST001797,2025-11-26,Google Ads,Search - Nonbrand Skincare,South,Desktop
CUST001798,2025-11-26,Meta Ads,Retargeting - Engaged 30d,Midwest,Mobile
CUST001799,2025-11-26,Google Ads,Shopping - Bestsellers,Midwest,Mobile
CUST001800,2025-11-26,Google Ads,Search - Nonbrand Skincare,South,Mobile
CUST001801,2025-11-26,Meta Ads,Prospecting - Broad,Northeast,Desktop
CUST001802,2025-11-26,Meta Ads,Retargeting - Cart Abandon,West,Mobile
CUST001803,2025-11-26,Meta Ads,Retargeting - Cart Abandon,West,Mobile
CUST001804,2025-11-26,Meta Ads,Prospecting - Lookalike 1%,Northeast,Mobile
CUST001805,2025-11-26,Google Ads,Search - Nonbrand Skincare,Northeast,Mobile
CUST001806,2025-11-26,Meta Ads,Retargeting - Engaged 30d,Midwest,Mobile
CUST001807,2025-11-26,Google Ads,Search - Brand,South,Mobile
CUST001808,2025-11-26,Organic Search,(organic),Midwest,Desktop
CUST001809,2025-11-26,Meta Ads,Prospecting - Broad,South,Mobile
CUST001810,2025-11-26,Meta Ads,Prospecting - Broad,South,Mobile
CUST001811,2025-11-26,Organic Social,(organic social),Midwest,Mobile
CUST001812,2025-11-26,Google Ads,Search - Brand,South,Mobile
CUST001813,2025-11-26,Organic Search,(organic),West,Mobile
CUST001814,2025-11-26,Meta Ads,Prospecting - Lookalike 1%,Northeast,Mobile
CUST001815,2025-11-26,Direct,(direct),Midwest,Mobile
CUST001816,2025-11-26,Organic Search,(organic),Northeast,Mobile
CUST001817,2025-11-26,Organic Search,(organic),West,Desktop
CUST001818,2025-11-26,Unattributed,(not set),South,Mobile
CUST001819,2025-11-26,Meta Ads,Retargeting - Cart Abandon,South,Mobile
CUST001820,2025-11-26,Google Ads,PMax - Skincare Prospecting,West,Mobile
CUST001821,2025-11-26,Meta Ads,Prospecting - Broad,Northeast,Mobile
CUST001822,2025-11-26,Direct,(direct),Northeast,Mobile
CUST001823,2025-11-26,Meta Ads,Prospecting - Broad,South,Desktop
CUST001824,2025-11-26,Meta Ads,Prospecting - Lookalike 1%,Midwest,Desktop
CUST001825,2025-11-26,Direct,(direct),Midwest,Mobile
CUST001826,2025-11-26,Meta Ads,Retargeting - Engaged 30d,West,Mobile
CUST001827,2025-11-26,Meta Ads,Prospecting - Broad,Northeast,Mobile
CUST001828,2025-11-26,Meta Ads,Prospecting - Broad,West,Desktop
CUST001829,2025-11-26,Direct,(direct),South,Mobile
CUST001830,2025-11-26,Meta Ads,Retargeting - Engaged 30d,West,Desktop
CUST001831,2025-11-26,Google Ads,Shopping - Bestsellers,South,Mobile
CUST001832,2025-11-26,Meta Ads,Prospecting - Lookalike 1%,South,Desktop
CUST001833,2025-11-26,Meta Ads,Retargeting - Engaged 30d,West,Desktop
CUST001834,2025-11-26,Meta Ads,Retargeting - Cart Abandon,Midwest,Desktop
CUST001835,2025-11-26,Meta Ads,Retargeting - Cart Abandon,West,Mobile
CUST001836,2025-11-26,Unattributed,(not set),South,Mobile
CUST001837,2025-11-26,Meta Ads,Retargeting - Engaged 30d,West,Mobile
CUST001838,2025-11-26,Google Ads,Search - Brand,West,Mobile
CUST001839,2025-11-26,Google Ads,Search - Nonbrand Skincare,West,Mobile
CUST001840,2025-11-26,Meta Ads,Prospecting - Broad,Midwest,Mobile
CUST001841,2025-11-26,Organic Search,(organic),West,Mobile
CUST001842,2025-11-26,Google Ads,Search - Nonbrand Skincare,Midwest,Desktop
CUST001843,2025-11-26,Meta Ads,Retargeting - Cart Abandon,South,Mobile
CUST001844,2025-11-27,Organic Social,(organic social),South,Mobile
CUST001845,2025-11-27,Meta Ads,Retargeting - Cart Abandon,South,Mobile
CUST001846,2025-11-27,Organic Search,(organic),Northeast,Desktop
CUST001847,2025-11-27,Direct,(direct),Northeast,Desktop
CUST001848,2025-11-27,Google Ads,Search - Brand,West,Mobile
CUST001849,2025-11-27,Google Ads,PMax - Skincare Prospecting,West,Mobile
CUST001850,2025-11-27,Organic Search,(organic),South,Desktop
CUST001851,2025-11-27,Organic Search,(organic),South,Mobile
CUST001852,2025-11-27,Meta Ads,Retargeting - Engaged 30d,South,Desktop
CUST001853,2025-11-27,Google Ads,PMax - Skincare Prospecting,West,Mobile
CUST001854,2025-11-27,Google Ads,Shopping - Bestsellers,West,Desktop
CUST001855,2025-11-27,Google Ads,Shopping - Bestsellers,Midwest,Desktop
CUST001856,2025-11-27,Google Ads,Shopping - Bestsellers,West,Mobile
CUST001857,2025-11-27,Meta Ads,Retargeting - Cart Abandon,Northeast,Tablet
CUST001858,2025-11-27,Meta Ads,Prospecting - Lookalike 1%,Northeast,Desktop
CUST001859,2025-11-27,Direct,(direct),South,Desktop
CUST001860,2025-11-27,Organic Social,(organic social),Midwest,Desktop
CUST001861,2025-11-27,Meta Ads,Prospecting - Lookalike 1%,Midwest,Mobile
CUST001862,2025-11-27,Google Ads,Search - Nonbrand Skincare,Northeast,Desktop
CUST001863,2025-11-27,Organic Search,(organic),West,Mobile
CUST001864,2025-11-27,Organic Search,(organic),West,Mobile
CUST001865,2025-11-27,Organic Search,(organic),Midwest,Mobile
CUST001866,2025-11-27,Google Ads,Search - Brand,South,Mobile
CUST001867,2025-11-27,Organic Social,(organic social),Midwest,Mobile
CUST001868,2025-11-27,Meta Ads,Prospecting - Broad,West,Tablet
CUST001869,2025-11-27,Google Ads,Shopping - Bestsellers,Northeast,Mobile
CUST001870,2025-11-27,Meta Ads,Retargeting - Engaged 30d,Midwest,Desktop
CUST001871,2025-11-27,Organic Search,(organic),Midwest,Tablet
CUST001872,2025-11-27,Meta Ads,Retargeting - Engaged 30d,Midwest,Desktop
CUST001873,2025-11-27,Organic Search,(organic),South,Mobile
CUST001874,2025-11-27,Direct,(direct),South,Mobile
CUST001875,2025-11-27,Meta Ads,Retargeting - Cart Abandon,Midwest,Mobile
CUST001876,2025-11-27,Google Ads,Search - Brand,West,Desktop
CUST001877,2025-11-27,Google Ads,Shopping - Bestsellers,Midwest,Desktop
CUST001878,2025-11-27,Unattributed,(not set),Northeast,Mobile
CUST001879,2025-11-27,Organic Search,(organic),West,Mobile
CUST001880,2025-11-27,Unattributed,(not set),South,Mobile
CUST001881,2025-11-27,Meta Ads,Prospecting - Broad,Northeast,Mobile
CUST001882,2025-11-27,Organic Social,(organic social),Midwest,Mobile
CUST001883,2025-11-27,Meta Ads,Prospecting - Broad,West,Mobile
CUST001884,2025-11-27,Direct,(direct),West,Mobile
CUST001885,2025-11-27,Google Ads,Shopping - Bestsellers,South,Mobile
CUST001886,2025-11-27,Organic Search,(organic),West,Mobile
CUST001887,2025-11-27,Meta Ads,Prospecting - Lookalike 1%,South,Desktop
CUST001888,2025-11-27,Meta Ads,Retargeting - Cart Abandon,Midwest,Desktop
CUST001889,2025-11-27,Google Ads,Search - Nonbrand Skincare,West,Mobile
CUST001890,2025-11-27,Direct,(direct),West,Mobile
CUST001891,2025-11-27,Meta Ads,Prospecting - Lookalike 1%,South,Mobile
CUST001892,2025-11-27,Meta Ads,Retargeting - Engaged 30d,West,Mobile
CUST001893,2025-11-27,Email/SMS,Campaign - Monthly Newsletter,South,Desktop
CUST001894,2025-11-27,Google Ads,Shopping - Bestsellers,Midwest,Mobile
CUST001895,2025-11-27,Direct,(direct),Northeast,Mobile
CUST001896,2025-11-27,Organic Search,(organic),Northeast,Desktop
CUST001897,2025-11-27,Meta Ads,Prospecting - Broad,Northeast,Mobile
CUST001898,2025-11-27,Organic Search,(organic),South,Mobile
CUST001899,2025-11-27,Meta Ads,Retargeting - Engaged 30d,Northeast,Desktop
CUST001900,2025-11-27,Meta Ads,Prospecting - Broad,Northeast,Desktop
CUST001901,2025-11-27,Google Ads,Search - Brand,Northeast,Desktop
CUST001902,2025-11-27,Meta Ads,Retargeting - Cart Abandon,South,Desktop
CUST001903,2025-11-27,Google Ads,Search - Brand,South,Desktop
CUST001904,2025-11-27,Direct,(direct),Midwest,Mobile
CUST001905,2025-11-27,Direct,(direct),West,Mobile
CUST001906,2025-11-27,Meta Ads,Retargeting - Cart Abandon,West,Mobile
CUST001907,2025-11-27,Organic Search,(organic),Midwest,Mobile
CUST001908,2025-11-27,Direct,(direct),South,Desktop
CUST001909,2025-11-27,Google Ads,Shopping - Bestsellers,Northeast,Desktop
CUST001910,2025-11-27,Organic Search,(organic),South,Mobile
CUST001911,2025-11-27,Email/SMS,Flow - Abandoned Cart,South,Mobile
CUST001912,2025-11-27,Direct,(direct),South,Mobile
CUST001913,2025-11-27,Organic Search,(organic),Northeast,Desktop
CUST001914,2025-11-27,Direct,(direct),South,Mobile
CUST001915,2025-11-27,Google Ads,Search - Nonbrand Skincare,Northeast,Mobile
CUST001916,2025-11-27,Google Ads,Search - Brand,Northeast,Mobile
CUST001917,2025-11-27,Organic Search,(organic),Midwest,Mobile
CUST001918,2025-11-27,Meta Ads,Retargeting - Cart Abandon,West,Mobile
CUST001919,2025-11-27,Meta Ads,Prospecting - Broad,South,Desktop
CUST001920,2025-11-27,Meta Ads,Retargeting - Engaged 30d,Midwest,Desktop
CUST001921,2025-11-27,Organic Search,(organic),Midwest,Desktop
CUST001922,2025-11-28,Organic Search,(organic),South,Mobile
CUST001923,2025-11-28,Meta Ads,Retargeting - Engaged 30d,South,Mobile
CUST001924,2025-11-28,Meta Ads,Retargeting - Engaged 30d,West,Mobile
CUST001925,2025-11-28,Meta Ads,Prospecting - Lookalike 1%,Northeast,Desktop
CUST001926,2025-11-28,Google Ads,Search - Nonbrand Skincare,South,Mobile
CUST001927,2025-11-28,Google Ads,Shopping - Bestsellers,South,Mobile
CUST001928,2025-11-28,Meta Ads,Prospecting - Lookalike 1%,Northeast,Mobile
CUST001929,2025-11-28,Google Ads,PMax - Skincare Prospecting,West,Mobile
CUST001930,2025-11-28,Google Ads,Shopping - Bestsellers,Northeast,Mobile
CUST001931,2025-11-28,Google Ads,Search - Nonbrand Skincare,West,Desktop
CUST001932,2025-11-28,Meta Ads,Prospecting - Lookalike 1%,South,Tablet
CUST001933,2025-11-28,Meta Ads,Retargeting - Cart Abandon,West,Mobile
CUST001934,2025-11-28,Organic Social,(organic social),West,Desktop
CUST001935,2025-11-28,Organic Social,(organic social),West,Mobile
CUST001936,2025-11-28,Google Ads,Search - Nonbrand Skincare,South,Desktop
CUST001937,2025-11-28,Email/SMS,Campaign - Monthly Newsletter,South,Desktop
CUST001938,2025-11-28,Meta Ads,Prospecting - Broad,South,Mobile
CUST001939,2025-11-28,Meta Ads,Prospecting - Lookalike 1%,Midwest,Mobile
CUST001940,2025-11-28,Google Ads,Shopping - Bestsellers,Northeast,Mobile
CUST001941,2025-11-28,Meta Ads,Prospecting - Lookalike 1%,Midwest,Mobile
CUST001942,2025-11-28,Direct,(direct),Midwest,Mobile
CUST001943,2025-11-28,Organic Social,(organic social),South,Mobile
CUST001944,2025-11-28,Organic Search,(organic),South,Mobile
CUST001945,2025-11-28,Organic Social,(organic social),West,Mobile
CUST001946,2025-11-28,Meta Ads,Prospecting - Lookalike 1%,South,Tablet
CUST001947,2025-11-28,Organic Search,(organic),West,Mobile
CUST001948,2025-11-28,Organic Social,(organic social),South,Mobile
CUST001949,2025-11-28,Meta Ads,Prospecting - Broad,South,Desktop
CUST001950,2025-11-28,Organic Search,(organic),South,Desktop
CUST001951,2025-11-28,Organic Search,(organic),South,Mobile
CUST001952,2025-11-28,Organic Search,(organic),Midwest,Desktop
CUST001953,2025-11-28,Unattributed,(not set),West,Mobile
CUST001954,2025-11-28,Organic Search,(organic),South,Mobile
CUST001955,2025-11-28,Meta Ads,Retargeting - Cart Abandon,Northeast,Mobile
CUST001956,2025-11-28,Meta Ads,Prospecting - Lookalike 1%,West,Mobile
CUST001957,2025-11-28,Organic Social,(organic social),Midwest,Mobile
CUST001958,2025-11-28,Meta Ads,Retargeting - Engaged 30d,South,Mobile
CUST001959,2025-11-28,Organic Search,(organic),West,Mobile
CUST001960,2025-11-28,Organic Search,(organic),South,Tablet
CUST001961,2025-11-28,Google Ads,Shopping - Bestsellers,South,Mobile
CUST001962,2025-11-28,Meta Ads,Retargeting - Engaged 30d,South,Desktop
CUST001963,2025-11-28,Unattributed,(not set),West,Mobile
CUST001964,2025-11-28,Google Ads,Shopping - Bestsellers,South,Mobile
CUST001965,2025-11-28,Direct,(direct),Midwest,Mobile
CUST001966,2025-11-28,Meta Ads,Retargeting - Cart Abandon,South,Mobile
CUST001967,2025-11-28,Meta Ads,Prospecting - Lookalike 1%,South,Mobile
CUST001968,2025-11-28,Google Ads,Search - Nonbrand Skincare,Midwest,Desktop
CUST001969,2025-11-28,Meta Ads,Retargeting - Engaged 30d,Northeast,Mobile
CUST001970,2025-11-28,Organic Search,(organic),Northeast,Tablet
CUST001971,2025-11-28,Organic Search,(organic),Midwest,Mobile
CUST001972,2025-11-28,Meta Ads,Prospecting - Broad,South,Mobile
CUST001973,2025-11-28,Google Ads,PMax - Skincare Prospecting,Midwest,Mobile
CUST001974,2025-11-28,Meta Ads,Prospecting - Broad,Northeast,Mobile
CUST001975,2025-11-28,Email/SMS,Campaign - Monthly Newsletter,Northeast,Mobile
CUST001976,2025-11-28,Google Ads,PMax - Skincare Prospecting,West,Tablet
CUST001977,2025-11-28,Direct,(direct),Midwest,Mobile
CUST001978,2025-11-28,Google Ads,Shopping - Bestsellers,South,Mobile
CUST001979,2025-11-28,Google Ads,Shopping - Bestsellers,Northeast,Mobile
CUST001980,2025-11-28,Organic Social,(organic social),West,Mobile
CUST001981,2025-11-28,Organic Social,(organic social),Northeast,Desktop
CUST001982,2025-11-28,Google Ads,PMax - Skincare Prospecting,West,Desktop
CUST001983,2025-11-28,Direct,(direct),Midwest,Desktop
CUST001984,2025-11-28,Organic Search,(organic),South,Mobile
CUST001985,2025-11-28,Meta Ads,Prospecting - Lookalike 1%,Midwest,Mobile
CUST001986,2025-11-28,Google Ads,Search - Brand,Northeast,Mobile
CUST001987,2025-11-28,Organic Search,(organic),South,Mobile
CUST001988,2025-11-28,Direct,(direct),West,Mobile
CUST001989,2025-11-28,Organic Social,(organic social),South,Mobile
CUST001990,2025-11-28,Google Ads,Search - Brand,South,Mobile
CUST001991,2025-11-28,Meta Ads,Prospecting - Lookalike 1%,South,Mobile
CUST001992,2025-11-28,Google Ads,PMax - Skincare Prospecting,Northeast,Mobile
CUST001993,2025-11-28,Google Ads,PMax - Skincare Prospecting,South,Desktop
CUST001994,2025-11-28,Google Ads,Shopping - Bestsellers,West,Mobile
CUST001995,2025-11-28,Google Ads,PMax - Skincare Prospecting,West,Desktop
CUST001996,2025-11-28,Organic Search,(organic),Northeast,Mobile
CUST001997,2025-11-28,Organic Search,(organic),Midwest,Desktop
CUST001998,2025-11-28,Google Ads,PMax - Skincare Prospecting,West,Desktop
CUST001999,2025-11-28,Google Ads,PMax - Skincare Prospecting,South,Mobile
CUST002000,2025-11-28,Meta Ads,Prospecting - Broad,Northeast,Tablet
CUST002001,2025-11-28,Organic Search,(organic),West,Mobile
CUST002002,2025-11-28,Google Ads,Shopping - Bestsellers,Midwest,Desktop
CUST002003,2025-11-28,Google Ads,Search - Nonbrand Skincare,South,Desktop
CUST002004,2025-11-28,Direct,(direct),Northeast,Mobile
CUST002005,2025-11-28,Meta Ads,Retargeting - Engaged 30d,Northeast,Mobile
CUST002006,2025-11-28,Direct,(direct),Midwest,Mobile
CUST002007,2025-11-28,Meta Ads,Prospecting - Broad,Midwest,Mobile
CUST002008,2025-11-28,Meta Ads,Retargeting - Cart Abandon,West,Mobile
CUST002009,2025-11-28,Organic Search,(organic),Northeast,Desktop
CUST002010,2025-11-28,Google Ads,Shopping - Bestsellers,South,Mobile
CUST002011,2025-11-28,Direct,(direct),South,Mobile
CUST002012,2025-11-29,Meta Ads,Retargeting - Cart Abandon,West,Mobile
CUST002013,2025-11-29,Meta Ads,Prospecting - Lookalike 1%,West,Mobile
CUST002014,2025-11-29,Meta Ads,Retargeting - Engaged 30d,West,Mobile
CUST002015,2025-11-29,Organic Search,(organic),South,Mobile
CUST002016,2025-11-29,Direct,(direct),West,Desktop
CUST002017,2025-11-29,Google Ads,Search - Brand,South,Desktop
CUST002018,2025-11-29,Meta Ads,Prospecting - Lookalike 1%,Midwest,Mobile
CUST002019,2025-11-29,Google Ads,Shopping - Bestsellers,South,Mobile
CUST002020,2025-11-29,Organic Search,(organic),South,Mobile
CUST002021,2025-11-29,Google Ads,Search - Nonbrand Skincare,Midwest,Mobile
CUST002022,2025-11-29,Google Ads,PMax - Skincare Prospecting,Midwest,Desktop
CUST002023,2025-11-29,Direct,(direct),West,Mobile
CUST002024,2025-11-29,Meta Ads,Retargeting - Cart Abandon,Midwest,Desktop
CUST002025,2025-11-29,Google Ads,Search - Brand,South,Mobile
CUST002026,2025-11-29,Meta Ads,Retargeting - Engaged 30d,West,Mobile
CUST002027,2025-11-29,Meta Ads,Prospecting - Lookalike 1%,South,Mobile
CUST002028,2025-11-29,Organic Search,(organic),Northeast,Mobile
CUST002029,2025-11-29,Unattributed,(not set),South,Mobile
CUST002030,2025-11-29,Organic Search,(organic),South,Mobile
CUST002031,2025-11-29,Meta Ads,Prospecting - Broad,South,Mobile
CUST002032,2025-11-29,Meta Ads,Prospecting - Lookalike 1%,West,Desktop
CUST002033,2025-11-29,Meta Ads,Retargeting - Cart Abandon,West,Mobile
CUST002034,2025-11-29,Organic Search,(organic),South,Desktop
CUST002035,2025-11-29,Google Ads,Search - Nonbrand Skincare,Midwest,Mobile
CUST002036,2025-11-29,Google Ads,Shopping - Bestsellers,Midwest,Mobile
CUST002037,2025-11-29,Meta Ads,Retargeting - Engaged 30d,Midwest,Mobile
CUST002038,2025-11-29,Google Ads,PMax - Skincare Prospecting,Midwest,Mobile
CUST002039,2025-11-29,Organic Social,(organic social),Midwest,Tablet
CUST002040,2025-11-29,Organic Search,(organic),West,Desktop
CUST002041,2025-11-29,Unattributed,(not set),South,Mobile
CUST002042,2025-11-29,Google Ads,Search - Nonbrand Skincare,South,Mobile
CUST002043,2025-11-29,Google Ads,PMax - Skincare Prospecting,West,Mobile
CUST002044,2025-11-29,Meta Ads,Prospecting - Broad,West,Desktop
CUST002045,2025-11-29,Unattributed,(not set),West,Mobile
CUST002046,2025-11-29,Google Ads,PMax - Skincare Prospecting,Midwest,Tablet
CUST002047,2025-11-29,Meta Ads,Prospecting - Broad,South,Desktop
CUST002048,2025-11-29,Organic Search,(organic),Midwest,Mobile
CUST002049,2025-11-29,Meta Ads,Retargeting - Cart Abandon,West,Mobile
CUST002050,2025-11-29,Organic Social,(organic social),South,Mobile
CUST002051,2025-11-29,Meta Ads,Prospecting - Lookalike 1%,West,Mobile
CUST002052,2025-11-29,Organic Social,(organic social),Northeast,Desktop
CUST002053,2025-11-29,Unattributed,(not set),Northeast,Mobile
CUST002054,2025-11-29,Organic Social,(organic social),West,Desktop
CUST002055,2025-11-29,Google Ads,PMax - Skincare Prospecting,Northeast,Tablet
CUST002056,2025-11-29,Organic Search,(organic),South,Desktop
CUST002057,2025-11-29,Meta Ads,Retargeting - Engaged 30d,West,Mobile
CUST002058,2025-11-29,Google Ads,Search - Nonbrand Skincare,West,Desktop
CUST002059,2025-11-29,Google Ads,PMax - Skincare Prospecting,South,Mobile
CUST002060,2025-11-29,Meta Ads,Retargeting - Engaged 30d,South,Mobile
CUST002061,2025-11-29,Google Ads,PMax - Skincare Prospecting,Northeast,Desktop
CUST002062,2025-11-29,Organic Search,(organic),Midwest,Mobile
CUST002063,2025-11-29,Meta Ads,Retargeting - Cart Abandon,West,Desktop
CUST002064,2025-11-29,Direct,(direct),Northeast,Desktop
CUST002065,2025-11-29,Meta Ads,Retargeting - Engaged 30d,West,Mobile
CUST002066,2025-11-29,Google Ads,Shopping - Bestsellers,South,Mobile
CUST002067,2025-11-29,Meta Ads,Prospecting - Broad,South,Desktop
CUST002068,2025-11-29,Google Ads,Shopping - Bestsellers,Midwest,Mobile
CUST002069,2025-11-29,Meta Ads,Prospecting - Lookalike 1%,Northeast,Mobile
CUST002070,2025-11-29,Meta Ads,Prospecting - Lookalike 1%,Midwest,Desktop
CUST002071,2025-11-29,Meta Ads,Retargeting - Engaged 30d,Midwest,Mobile
CUST002072,2025-11-29,Organic Search,(organic),Northeast,Desktop
CUST002073,2025-11-29,Organic Search,(organic),Midwest,Desktop
CUST002074,2025-11-29,Google Ads,Shopping - Bestsellers,West,Desktop
CUST002075,2025-11-29,Meta Ads,Retargeting - Engaged 30d,Midwest,Desktop
CUST002076,2025-11-29,Google Ads,PMax - Skincare Prospecting,South,Mobile
CUST002077,2025-11-29,Google Ads,Search - Nonbrand Skincare,West,Desktop
CUST002078,2025-11-29,Meta Ads,Prospecting - Lookalike 1%,Midwest,Desktop
CUST002079,2025-11-29,Google Ads,Search - Nonbrand Skincare,West,Mobile
CUST002080,2025-11-29,Meta Ads,Retargeting - Cart Abandon,Northeast,Desktop
CUST002081,2025-11-29,Organic Social,(organic social),Midwest,Mobile
CUST002082,2025-11-29,Organic Search,(organic),West,Mobile
CUST002083,2025-11-29,Google Ads,PMax - Skincare Prospecting,West,Mobile
CUST002084,2025-11-29,Direct,(direct),Northeast,Mobile
CUST002085,2025-11-29,Google Ads,PMax - Skincare Prospecting,South,Mobile
CUST002086,2025-11-29,Organic Search,(organic),Northeast,Desktop
CUST002087,2025-11-29,Organic Social,(organic social),West,Desktop
CUST002088,2025-11-30,Google Ads,Search - Nonbrand Skincare,South,Desktop
CUST002089,2025-11-30,Direct,(direct),South,Mobile
CUST002090,2025-11-30,Google Ads,Search - Nonbrand Skincare,Northeast,Mobile
CUST002091,2025-11-30,Unattributed,(not set),West,Desktop
CUST002092,2025-11-30,Meta Ads,Retargeting - Engaged 30d,Midwest,Mobile
CUST002093,2025-11-30,Meta Ads,Retargeting - Cart Abandon,South,Mobile
CUST002094,2025-11-30,Meta Ads,Retargeting - Engaged 30d,Northeast,Mobile
CUST002095,2025-11-30,Meta Ads,Prospecting - Lookalike 1%,West,Mobile
CUST002096,2025-11-30,Google Ads,Search - Brand,Midwest,Mobile
CUST002097,2025-11-30,Google Ads,Shopping - Bestsellers,Northeast,Desktop
CUST002098,2025-11-30,Unattributed,(not set),Midwest,Mobile
CUST002099,2025-11-30,Organic Search,(organic),West,Mobile
CUST002100,2025-11-30,Meta Ads,Prospecting - Lookalike 1%,Midwest,Desktop
CUST002101,2025-11-30,Meta Ads,Prospecting - Broad,South,Mobile
CUST002102,2025-11-30,Direct,(direct),West,Mobile
CUST002103,2025-11-30,Direct,(direct),South,Desktop
CUST002104,2025-11-30,Google Ads,Shopping - Bestsellers,Midwest,Mobile
CUST002105,2025-11-30,Google Ads,Search - Nonbrand Skincare,South,Mobile
CUST002106,2025-11-30,Meta Ads,Retargeting - Engaged 30d,West,Mobile
CUST002107,2025-11-30,Google Ads,Shopping - Bestsellers,West,Desktop
CUST002108,2025-11-30,Google Ads,Search - Nonbrand Skincare,South,Desktop
CUST002109,2025-11-30,Meta Ads,Retargeting - Cart Abandon,West,Mobile
CUST002110,2025-11-30,Meta Ads,Prospecting - Lookalike 1%,Midwest,Mobile
CUST002111,2025-11-30,Organic Search,(organic),Midwest,Mobile
CUST002112,2025-11-30,Meta Ads,Prospecting - Lookalike 1%,Midwest,Mobile
CUST002113,2025-11-30,Email/SMS,Flow - Post Purchase Winback,West,Mobile
CUST002114,2025-11-30,Google Ads,PMax - Skincare Prospecting,South,Mobile
CUST002115,2025-11-30,Google Ads,PMax - Skincare Prospecting,Midwest,Desktop
CUST002116,2025-11-30,Meta Ads,Retargeting - Cart Abandon,Northeast,Mobile
CUST002117,2025-11-30,Organic Social,(organic social),West,Mobile
CUST002118,2025-11-30,Google Ads,Search - Nonbrand Skincare,Northeast,Mobile
CUST002119,2025-11-30,Organic Social,(organic social),West,Desktop
CUST002120,2025-11-30,Organic Social,(organic social),South,Mobile
CUST002121,2025-11-30,Meta Ads,Retargeting - Cart Abandon,Northeast,Mobile
CUST002122,2025-11-30,Direct,(direct),South,Mobile
CUST002123,2025-11-30,Organic Search,(organic),Midwest,Mobile
CUST002124,2025-11-30,Google Ads,Search - Nonbrand Skincare,Midwest,Desktop
CUST002125,2025-11-30,Google Ads,Search - Nonbrand Skincare,Midwest,Tablet
CUST002126,2025-11-30,Google Ads,PMax - Skincare Prospecting,South,Mobile
CUST002127,2025-11-30,Google Ads,Shopping - Bestsellers,South,Mobile
CUST002128,2025-11-30,Meta Ads,Retargeting - Engaged 30d,Midwest,Desktop
CUST002129,2025-11-30,Meta Ads,Prospecting - Broad,Midwest,Desktop
CUST002130,2025-11-30,Unattributed,(not set),Northeast,Mobile
CUST002131,2025-11-30,Meta Ads,Retargeting - Cart Abandon,South,Mobile
CUST002132,2025-11-30,Meta Ads,Retargeting - Engaged 30d,West,Desktop
CUST002133,2025-11-30,Google Ads,PMax - Skincare Prospecting,West,Mobile
CUST002134,2025-11-30,Meta Ads,Prospecting - Broad,West,Mobile
CUST002135,2025-11-30,Organic Search,(organic),West,Mobile
CUST002136,2025-11-30,Google Ads,Search - Nonbrand Skincare,West,Mobile
CUST002137,2025-11-30,Meta Ads,Prospecting - Broad,Northeast,Mobile
CUST002138,2025-11-30,Organic Search,(organic),West,Mobile
CUST002139,2025-11-30,Organic Search,(organic),Northeast,Mobile
CUST002140,2025-11-30,Organic Search,(organic),South,Mobile
CUST002141,2025-11-30,Google Ads,Search - Nonbrand Skincare,Northeast,Tablet
CUST002142,2025-11-30,Direct,(direct),West,Mobile
CUST002143,2025-11-30,Google Ads,Search - Nonbrand Skincare,South,Mobile
CUST002144,2025-11-30,Organic Search,(organic),West,Desktop
CUST002145,2025-11-30,Organic Search,(organic),South,Tablet
CUST002146,2025-11-30,Organic Social,(organic social),South,Mobile
CUST002147,2025-11-30,Organic Social,(organic social),Northeast,Desktop
CUST002148,2025-11-30,Google Ads,Search - Brand,Northeast,Mobile
CUST002149,2025-11-30,Unattributed,(not set),West,Mobile
CUST002150,2025-11-30,Google Ads,Search - Brand,South,Mobile
CUST002151,2025-11-30,Direct,(direct),South,Mobile
CUST002152,2025-11-30,Google Ads,PMax - Skincare Prospecting,Midwest,Desktop
CUST002153,2025-11-30,Organic Search,(organic),West,Desktop
CUST002154,2025-11-30,Direct,(direct),West,Desktop
CUST002155,2025-11-30,Google Ads,Search - Brand,West,Mobile
CUST002156,2025-11-30,Meta Ads,Prospecting - Broad,South,Mobile
CUST002157,2025-11-30,Meta Ads,Prospecting - Broad,Midwest,Mobile
CUST002158,2025-11-30,Meta Ads,Prospecting - Broad,West,Desktop
CUST002159,2025-11-30,Google Ads,Search - Brand,West,Desktop
CUST002160,2025-11-30,Google Ads,Search - Nonbrand Skincare,West,Mobile
CUST002161,2025-11-30,Organic Search,(organic),Midwest,Desktop
CUST002162,2025-12-01,Organic Social,(organic social),South,Mobile
CUST002163,2025-12-01,Google Ads,PMax - Skincare Prospecting,Northeast,Desktop
CUST002164,2025-12-01,Google Ads,Shopping - Bestsellers,West,Mobile
CUST002165,2025-12-01,Meta Ads,Prospecting - Broad,Midwest,Mobile
CUST002166,2025-12-01,Meta Ads,Retargeting - Engaged 30d,South,Mobile
CUST002167,2025-12-01,Organic Search,(organic),West,Desktop
CUST002168,2025-12-01,Meta Ads,Prospecting - Lookalike 1%,South,Mobile
CUST002169,2025-12-01,Meta Ads,Prospecting - Broad,West,Mobile
CUST002170,2025-12-01,Organic Search,(organic),Midwest,Desktop
CUST002171,2025-12-01,Meta Ads,Retargeting - Engaged 30d,West,Desktop
CUST002172,2025-12-01,Google Ads,Shopping - Bestsellers,South,Mobile
CUST002173,2025-12-01,Organic Search,(organic),Northeast,Mobile
CUST002174,2025-12-01,Meta Ads,Retargeting - Cart Abandon,West,Mobile
CUST002175,2025-12-01,Google Ads,Shopping - Bestsellers,Midwest,Desktop
CUST002176,2025-12-01,Meta Ads,Prospecting - Lookalike 1%,South,Mobile
CUST002177,2025-12-01,Google Ads,Search - Brand,West,Mobile
CUST002178,2025-12-01,Organic Search,(organic),Northeast,Desktop
CUST002179,2025-12-01,Meta Ads,Retargeting - Cart Abandon,South,Mobile
CUST002180,2025-12-01,Direct,(direct),West,Mobile
CUST002181,2025-12-01,Meta Ads,Prospecting - Lookalike 1%,South,Mobile
CUST002182,2025-12-01,Meta Ads,Prospecting - Lookalike 1%,South,Mobile
CUST002183,2025-12-01,Google Ads,Search - Brand,South,Desktop
CUST002184,2025-12-01,Google Ads,Search - Brand,South,Desktop
CUST002185,2025-12-01,Organic Search,(organic),South,Mobile
CUST002186,2025-12-01,Google Ads,Search - Brand,South,Desktop
CUST002187,2025-12-01,Organic Search,(organic),South,Mobile
CUST002188,2025-12-01,Organic Social,(organic social),West,Mobile
CUST002189,2025-12-01,Google Ads,Search - Nonbrand Skincare,Midwest,Tablet
CUST002190,2025-12-01,Meta Ads,Retargeting - Engaged 30d,West,Mobile
CUST002191,2025-12-01,Google Ads,PMax - Skincare Prospecting,West,Desktop
CUST002192,2025-12-01,Meta Ads,Retargeting - Engaged 30d,Midwest,Mobile
CUST002193,2025-12-01,Meta Ads,Prospecting - Lookalike 1%,Midwest,Mobile
CUST002194,2025-12-01,Unattributed,(not set),Northeast,Mobile
CUST002195,2025-12-01,Direct,(direct),West,Mobile
CUST002196,2025-12-01,Google Ads,Search - Nonbrand Skincare,West,Mobile
CUST002197,2025-12-01,Direct,(direct),South,Mobile
CUST002198,2025-12-01,Organic Search,(organic),Midwest,Mobile
CUST002199,2025-12-01,Meta Ads,Prospecting - Broad,Midwest,Desktop
CUST002200,2025-12-01,Organic Social,(organic social),Midwest,Mobile
CUST002201,2025-12-01,Direct,(direct),Midwest,Desktop
CUST002202,2025-12-01,Organic Search,(organic),Midwest,Mobile
CUST002203,2025-12-01,Meta Ads,Retargeting - Cart Abandon,South,Desktop
CUST002204,2025-12-01,Meta Ads,Prospecting - Lookalike 1%,Northeast,Desktop
CUST002205,2025-12-01,Organic Social,(organic social),West,Mobile
CUST002206,2025-12-01,Organic Search,(organic),Northeast,Mobile
CUST002207,2025-12-01,Meta Ads,Prospecting - Broad,West,Mobile
CUST002208,2025-12-01,Organic Search,(organic),South,Mobile
CUST002209,2025-12-01,Organic Search,(organic),South,Mobile
CUST002210,2025-12-01,Meta Ads,Prospecting - Broad,Midwest,Mobile
CUST002211,2025-12-01,Meta Ads,Retargeting - Engaged 30d,Midwest,Mobile
CUST002212,2025-12-01,Google Ads,Search - Brand,Midwest,Desktop
CUST002213,2025-12-01,Organic Search,(organic),South,Desktop
CUST002214,2025-12-01,Google Ads,Shopping - Bestsellers,Midwest,Desktop
CUST002215,2025-12-01,Organic Search,(organic),West,Desktop
CUST002216,2025-12-01,Google Ads,Search - Brand,Midwest,Desktop
CUST002217,2025-12-01,Google Ads,Shopping - Bestsellers,West,Mobile
CUST002218,2025-12-01,Organic Search,(organic),West,Mobile
CUST002219,2025-12-01,Google Ads,Search - Brand,South,Desktop
CUST002220,2025-12-01,Google Ads,Shopping - Bestsellers,Midwest,Mobile
CUST002221,2025-12-01,Google Ads,Shopping - Bestsellers,West,Desktop
CUST002222,2025-12-01,Google Ads,Search - Brand,Northeast,Desktop
CUST002223,2025-12-01,Organic Social,(organic social),Northeast,Desktop
CUST002224,2025-12-01,Unattributed,(not set),South,Mobile
CUST002225,2025-12-01,Meta Ads,Prospecting - Lookalike 1%,Midwest,Mobile
CUST002226,2025-12-01,Meta Ads,Prospecting - Lookalike 1%,South,Mobile
CUST002227,2025-12-01,Google Ads,PMax - Skincare Prospecting,Midwest,Desktop
CUST002228,2025-12-02,Direct,(direct),West,Tablet
CUST002229,2025-12-02,Meta Ads,Prospecting - Lookalike 1%,Midwest,Desktop
CUST002230,2025-12-02,Organic Search,(organic),Northeast,Mobile
CUST002231,2025-12-02,Google Ads,Shopping - Bestsellers,Midwest,Mobile
CUST002232,2025-12-02,Meta Ads,Retargeting - Cart Abandon,Northeast,Desktop
CUST002233,2025-12-02,Organic Search,(organic),West,Mobile
CUST002234,2025-12-02,Direct,(direct),South,Desktop
CUST002235,2025-12-02,Organic Search,(organic),Northeast,Mobile
CUST002236,2025-12-02,Meta Ads,Prospecting - Broad,West,Desktop
CUST002237,2025-12-02,Meta Ads,Prospecting - Lookalike 1%,South,Desktop
CUST002238,2025-12-02,Organic Search,(organic),Midwest,Desktop
CUST002239,2025-12-02,Organic Search,(organic),Midwest,Desktop
CUST002240,2025-12-02,Google Ads,Shopping - Bestsellers,West,Mobile
CUST002241,2025-12-02,Meta Ads,Retargeting - Engaged 30d,West,Mobile
CUST002242,2025-12-02,Google Ads,Search - Nonbrand Skincare,Northeast,Mobile
CUST002243,2025-12-02,Meta Ads,Prospecting - Lookalike 1%,West,Desktop
CUST002244,2025-12-02,Unattributed,(not set),Northeast,Mobile
CUST002245,2025-12-02,Meta Ads,Retargeting - Engaged 30d,South,Desktop
CUST002246,2025-12-02,Meta Ads,Retargeting - Cart Abandon,West,Tablet
CUST002247,2025-12-02,Meta Ads,Retargeting - Engaged 30d,Northeast,Desktop
CUST002248,2025-12-02,Meta Ads,Retargeting - Engaged 30d,South,Mobile
CUST002249,2025-12-02,Meta Ads,Prospecting - Lookalike 1%,South,Desktop
CUST002250,2025-12-02,Meta Ads,Prospecting - Lookalike 1%,West,Desktop
CUST002251,2025-12-02,Google Ads,Search - Nonbrand Skincare,West,Mobile
CUST002252,2025-12-02,Unattributed,(not set),South,Tablet
CUST002253,2025-12-02,Organic Search,(organic),South,Mobile
CUST002254,2025-12-02,Organic Search,(organic),West,Mobile
CUST002255,2025-12-02,Organic Search,(organic),South,Desktop
CUST002256,2025-12-02,Meta Ads,Retargeting - Engaged 30d,Northeast,Mobile
CUST002257,2025-12-02,Meta Ads,Retargeting - Cart Abandon,West,Mobile
CUST002258,2025-12-02,Organic Social,(organic social),West,Mobile
CUST002259,2025-12-02,Meta Ads,Retargeting - Cart Abandon,Midwest,Desktop
CUST002260,2025-12-02,Organic Search,(organic),Midwest,Mobile
CUST002261,2025-12-02,Meta Ads,Prospecting - Lookalike 1%,South,Mobile
CUST002262,2025-12-02,Meta Ads,Prospecting - Lookalike 1%,South,Mobile
CUST002263,2025-12-02,Google Ads,PMax - Skincare Prospecting,Northeast,Desktop
CUST002264,2025-12-02,Meta Ads,Prospecting - Lookalike 1%,Midwest,Mobile
CUST002265,2025-12-02,Unattributed,(not set),South,Mobile
CUST002266,2025-12-02,Google Ads,Shopping - Bestsellers,Midwest,Desktop
CUST002267,2025-12-02,Google Ads,Shopping - Bestsellers,Northeast,Tablet
CUST002268,2025-12-02,Meta Ads,Prospecting - Lookalike 1%,West,Tablet
CUST002269,2025-12-02,Google Ads,Shopping - Bestsellers,West,Mobile
CUST002270,2025-12-02,Meta Ads,Prospecting - Lookalike 1%,Midwest,Desktop
CUST002271,2025-12-02,Direct,(direct),Midwest,Desktop
CUST002272,2025-12-02,Google Ads,PMax - Skincare Prospecting,Midwest,Mobile
CUST002273,2025-12-02,Google Ads,PMax - Skincare Prospecting,South,Mobile
CUST002274,2025-12-02,Organic Search,(organic),South,Mobile
CUST002275,2025-12-02,Organic Social,(organic social),West,Mobile
CUST002276,2025-12-02,Meta Ads,Prospecting - Lookalike 1%,Northeast,Mobile
CUST002277,2025-12-02,Google Ads,Search - Nonbrand Skincare,Midwest,Mobile
CUST002278,2025-12-02,Google Ads,Shopping - Bestsellers,West,Desktop
CUST002279,2025-12-02,Organic Search,(organic),Midwest,Mobile
CUST002280,2025-12-02,Organic Search,(organic),Midwest,Mobile
CUST002281,2025-12-02,Google Ads,Search - Brand,South,Mobile
CUST002282,2025-12-02,Direct,(direct),Midwest,Mobile
CUST002283,2025-12-02,Direct,(direct),South,Mobile
CUST002284,2025-12-02,Google Ads,Search - Nonbrand Skincare,West,Desktop
CUST002285,2025-12-02,Google Ads,PMax - Skincare Prospecting,Northeast,Mobile
CUST002286,2025-12-02,Organic Social,(organic social),Northeast,Desktop
CUST002287,2025-12-02,Organic Search,(organic),Midwest,Desktop
CUST002288,2025-12-02,Organic Search,(organic),Midwest,Mobile
CUST002289,2025-12-02,Organic Search,(organic),Northeast,Mobile
CUST002290,2025-12-02,Organic Social,(organic social),South,Mobile
CUST002291,2025-12-02,Meta Ads,Retargeting - Engaged 30d,South,Desktop
CUST002292,2025-12-02,Meta Ads,Prospecting - Broad,South,Mobile
CUST002293,2025-12-03,Unattributed,(not set),West,Mobile
CUST002294,2025-12-03,Direct,(direct),Midwest,Desktop
CUST002295,2025-12-03,Direct,(direct),West,Desktop
CUST002296,2025-12-03,Meta Ads,Retargeting - Cart Abandon,Midwest,Desktop
CUST002297,2025-12-03,Meta Ads,Retargeting - Cart Abandon,Midwest,Mobile
CUST002298,2025-12-03,Direct,(direct),South,Mobile
CUST002299,2025-12-03,Meta Ads,Prospecting - Broad,West,Mobile
CUST002300,2025-12-03,Google Ads,Search - Nonbrand Skincare,South,Mobile
CUST002301,2025-12-03,Organic Search,(organic),Midwest,Mobile
CUST002302,2025-12-03,Google Ads,PMax - Skincare Prospecting,South,Tablet
CUST002303,2025-12-03,Organic Search,(organic),South,Desktop
CUST002304,2025-12-03,Direct,(direct),South,Mobile
CUST002305,2025-12-03,Organic Search,(organic),Northeast,Mobile
CUST002306,2025-12-03,Google Ads,Shopping - Bestsellers,Midwest,Mobile
CUST002307,2025-12-03,Organic Search,(organic),West,Mobile
CUST002308,2025-12-03,Meta Ads,Retargeting - Engaged 30d,West,Mobile
CUST002309,2025-12-03,Direct,(direct),South,Desktop
CUST002310,2025-12-03,Organic Search,(organic),Midwest,Desktop
CUST002311,2025-12-03,Organic Search,(organic),Midwest,Mobile
CUST002312,2025-12-03,Organic Search,(organic),West,Mobile
CUST002313,2025-12-03,Meta Ads,Retargeting - Cart Abandon,South,Desktop
CUST002314,2025-12-03,Organic Social,(organic social),Midwest,Mobile
CUST002315,2025-12-03,Direct,(direct),West,Desktop
CUST002316,2025-12-03,Meta Ads,Prospecting - Broad,South,Desktop
CUST002317,2025-12-03,Organic Search,(organic),Northeast,Desktop
CUST002318,2025-12-03,Google Ads,Search - Nonbrand Skincare,Northeast,Desktop
CUST002319,2025-12-03,Google Ads,PMax - Skincare Prospecting,South,Mobile
CUST002320,2025-12-03,Meta Ads,Retargeting - Cart Abandon,Midwest,Mobile
CUST002321,2025-12-03,Direct,(direct),Northeast,Mobile
CUST002322,2025-12-03,Direct,(direct),West,Mobile
CUST002323,2025-12-03,Organic Search,(organic),West,Mobile
CUST002324,2025-12-04,Organic Search,(organic),South,Desktop
CUST002325,2025-12-04,Google Ads,Search - Brand,West,Mobile
CUST002326,2025-12-04,Google Ads,Search - Brand,Northeast,Mobile
CUST002327,2025-12-04,Meta Ads,Retargeting - Engaged 30d,Midwest,Mobile
CUST002328,2025-12-04,Organic Social,(organic social),Midwest,Mobile
CUST002329,2025-12-04,Meta Ads,Prospecting - Broad,South,Mobile
CUST002330,2025-12-04,Direct,(direct),South,Desktop
CUST002331,2025-12-04,Organic Social,(organic social),Midwest,Mobile
CUST002332,2025-12-04,Meta Ads,Prospecting - Lookalike 1%,Midwest,Mobile
CUST002333,2025-12-04,Meta Ads,Retargeting - Engaged 30d,South,Desktop
CUST002334,2025-12-04,Direct,(direct),South,Desktop
CUST002335,2025-12-04,Meta Ads,Prospecting - Broad,South,Mobile
CUST002336,2025-12-04,Meta Ads,Retargeting - Engaged 30d,South,Desktop
CUST002337,2025-12-04,Meta Ads,Retargeting - Cart Abandon,Midwest,Mobile
CUST002338,2025-12-04,Google Ads,Search - Nonbrand Skincare,West,Desktop
CUST002339,2025-12-04,Meta Ads,Prospecting - Broad,South,Desktop
CUST002340,2025-12-04,Meta Ads,Prospecting - Lookalike 1%,South,Mobile
CUST002341,2025-12-04,Google Ads,Search - Nonbrand Skincare,Midwest,Mobile
CUST002342,2025-12-04,Organic Social,(organic social),Midwest,Desktop
CUST002343,2025-12-04,Google Ads,Search - Brand,South,Mobile
CUST002344,2025-12-04,Meta Ads,Prospecting - Lookalike 1%,Northeast,Mobile
CUST002345,2025-12-04,Organic Search,(organic),South,Mobile
CUST002346,2025-12-04,Google Ads,Shopping - Bestsellers,Northeast,Desktop
CUST002347,2025-12-04,Google Ads,Search - Brand,Northeast,Mobile
CUST002348,2025-12-04,Direct,(direct),South,Mobile
CUST002349,2025-12-04,Google Ads,PMax - Skincare Prospecting,West,Mobile
CUST002350,2025-12-04,Google Ads,Shopping - Bestsellers,West,Desktop
CUST002351,2025-12-04,Google Ads,Shopping - Bestsellers,West,Mobile
CUST002352,2025-12-04,Meta Ads,Retargeting - Engaged 30d,West,Mobile
CUST002353,2025-12-04,Meta Ads,Retargeting - Cart Abandon,West,Mobile
CUST002354,2025-12-04,Google Ads,Search - Nonbrand Skincare,West,Desktop
CUST002355,2025-12-04,Meta Ads,Retargeting - Engaged 30d,South,Mobile
CUST002356,2025-12-04,Direct,(direct),Midwest,Desktop
CUST002357,2025-12-04,Organic Search,(organic),West,Mobile
CUST002358,2025-12-04,Organic Social,(organic social),Midwest,Desktop
CUST002359,2025-12-04,Meta Ads,Prospecting - Lookalike 1%,South,Mobile
CUST002360,2025-12-04,Meta Ads,Prospecting - Lookalike 1%,West,Desktop
CUST002361,2025-12-04,Organic Search,(organic),South,Mobile
CUST002362,2025-12-05,Google Ads,Search - Brand,Northeast,Mobile
CUST002363,2025-12-05,Meta Ads,Prospecting - Lookalike 1%,South,Desktop
CUST002364,2025-12-05,Google Ads,PMax - Skincare Prospecting,West,Mobile
CUST002365,2025-12-05,Direct,(direct),Midwest,Desktop
CUST002366,2025-12-05,Organic Search,(organic),Midwest,Desktop
CUST002367,2025-12-05,Organic Social,(organic social),South,Desktop
CUST002368,2025-12-05,Direct,(direct),Midwest,Mobile
CUST002369,2025-12-05,Meta Ads,Prospecting - Lookalike 1%,South,Mobile
CUST002370,2025-12-05,Organic Search,(organic),Midwest,Desktop
CUST002371,2025-12-05,Google Ads,Search - Brand,Northeast,Mobile
CUST002372,2025-12-05,Google Ads,Search - Nonbrand Skincare,West,Tablet
CUST002373,2025-12-05,Direct,(direct),West,Mobile
CUST002374,2025-12-05,Organic Social,(organic social),West,Desktop
CUST002375,2025-12-05,Google Ads,Search - Nonbrand Skincare,Northeast,Mobile
CUST002376,2025-12-05,Google Ads,Search - Nonbrand Skincare,South,Tablet
CUST002377,2025-12-05,Google Ads,Search - Brand,South,Mobile
CUST002378,2025-12-05,Direct,(direct),South,Mobile
CUST002379,2025-12-05,Meta Ads,Prospecting - Broad,West,Tablet
CUST002380,2025-12-05,Organic Search,(organic),South,Mobile
CUST002381,2025-12-05,Meta Ads,Retargeting - Engaged 30d,West,Mobile
CUST002382,2025-12-05,Organic Search,(organic),South,Mobile
CUST002383,2025-12-05,Google Ads,Search - Nonbrand Skincare,West,Mobile
CUST002384,2025-12-05,Meta Ads,Prospecting - Lookalike 1%,West,Mobile
CUST002385,2025-12-05,Google Ads,Search - Nonbrand Skincare,West,Mobile
CUST002386,2025-12-05,Meta Ads,Retargeting - Cart Abandon,West,Desktop
CUST002387,2025-12-05,Meta Ads,Retargeting - Engaged 30d,South,Desktop
CUST002388,2025-12-05,Google Ads,PMax - Skincare Prospecting,West,Mobile
CUST002389,2025-12-05,Google Ads,Search - Nonbrand Skincare,West,Mobile
CUST002390,2025-12-05,Meta Ads,Prospecting - Lookalike 1%,South,Mobile
CUST002391,2025-12-05,Organic Search,(organic),South,Mobile
CUST002392,2025-12-05,Meta Ads,Retargeting - Cart Abandon,West,Desktop
CUST002393,2025-12-05,Direct,(direct),South,Mobile
CUST002394,2025-12-05,Google Ads,Search - Brand,Northeast,Mobile
CUST002395,2025-12-05,Meta Ads,Retargeting - Cart Abandon,West,Mobile
CUST002396,2025-12-05,Meta Ads,Prospecting - Lookalike 1%,West,Mobile
CUST002397,2025-12-05,Meta Ads,Prospecting - Lookalike 1%,South,Desktop
CUST002398,2025-12-05,Meta Ads,Retargeting - Engaged 30d,Midwest,Mobile
CUST002399,2025-12-05,Organic Social,(organic social),Midwest,Mobile
CUST002400,2025-12-05,Meta Ads,Retargeting - Engaged 30d,West,Mobile
CUST002401,2025-12-05,Meta Ads,Retargeting - Cart Abandon,Midwest,Desktop
CUST002402,2025-12-05,Google Ads,Shopping - Bestsellers,South,Mobile
CUST002403,2025-12-05,Google Ads,PMax - Skincare Prospecting,Midwest,Desktop
CUST002404,2025-12-06,Meta Ads,Prospecting - Broad,South,Mobile
CUST002405,2025-12-06,Meta Ads,Retargeting - Engaged 30d,Midwest,Mobile
CUST002406,2025-12-06,Organic Social,(organic social),South,Mobile
CUST002407,2025-12-06,Organic Search,(organic),Midwest,Desktop
CUST002408,2025-12-06,Organic Search,(organic),South,Desktop
CUST002409,2025-12-06,Organic Search,(organic),South,Mobile
CUST002410,2025-12-06,Meta Ads,Prospecting - Broad,Midwest,Mobile
CUST002411,2025-12-06,Direct,(direct),South,Desktop
CUST002412,2025-12-06,Unattributed,(not set),Northeast,Mobile
CUST002413,2025-12-06,Meta Ads,Retargeting - Cart Abandon,West,Desktop
CUST002414,2025-12-06,Email/SMS,Campaign - Monthly Newsletter,West,Mobile
CUST002415,2025-12-06,Organic Search,(organic),South,Mobile
CUST002416,2025-12-06,Direct,(direct),West,Mobile
CUST002417,2025-12-06,Google Ads,Search - Brand,West,Desktop
CUST002418,2025-12-06,Direct,(direct),Midwest,Desktop
CUST002419,2025-12-06,Google Ads,Shopping - Bestsellers,South,Mobile
CUST002420,2025-12-06,Google Ads,PMax - Skincare Prospecting,West,Desktop
CUST002421,2025-12-06,Email/SMS,Flow - Welcome Series,West,Mobile
CUST002422,2025-12-06,Meta Ads,Prospecting - Lookalike 1%,Northeast,Tablet
CUST002423,2025-12-06,Google Ads,Shopping - Bestsellers,Midwest,Mobile
CUST002424,2025-12-06,Organic Social,(organic social),Midwest,Mobile
CUST002425,2025-12-06,Meta Ads,Retargeting - Engaged 30d,Northeast,Mobile
CUST002426,2025-12-06,Direct,(direct),West,Mobile
CUST002427,2025-12-06,Direct,(direct),South,Mobile
CUST002428,2025-12-06,Google Ads,Search - Nonbrand Skincare,Midwest,Mobile
CUST002429,2025-12-06,Google Ads,Shopping - Bestsellers,Midwest,Mobile
CUST002430,2025-12-06,Google Ads,Search - Brand,Midwest,Desktop
CUST002431,2025-12-06,Google Ads,PMax - Skincare Prospecting,West,Mobile
CUST002432,2025-12-06,Google Ads,Search - Nonbrand Skincare,Midwest,Desktop
CUST002433,2025-12-06,Google Ads,Search - Brand,Northeast,Mobile
CUST002434,2025-12-06,Direct,(direct),Northeast,Mobile
CUST002435,2025-12-06,Meta Ads,Retargeting - Cart Abandon,Midwest,Mobile
CUST002436,2025-12-06,Organic Search,(organic),Midwest,Mobile
CUST002437,2025-12-06,Google Ads,Search - Brand,Midwest,Desktop
CUST002438,2025-12-06,Email/SMS,Flow - Welcome Series,Northeast,Desktop
CUST002439,2025-12-06,Organic Search,(organic),West,Desktop
CUST002440,2025-12-06,Unattributed,(not set),South,Desktop
CUST002441,2025-12-06,Google Ads,Shopping - Bestsellers,South,Mobile
CUST002442,2025-12-06,Organic Search,(organic),West,Desktop
CUST002443,2025-12-07,Meta Ads,Prospecting - Lookalike 1%,South,Desktop
CUST002444,2025-12-07,Direct,(direct),South,Desktop
CUST002445,2025-12-07,Meta Ads,Prospecting - Broad,Midwest,Mobile
CUST002446,2025-12-07,Organic Search,(organic),West,Mobile
CUST002447,2025-12-07,Google Ads,Search - Brand,South,Mobile
CUST002448,2025-12-07,Unattributed,(not set),Midwest,Mobile
CUST002449,2025-12-07,Organic Search,(organic),West,Desktop
CUST002450,2025-12-07,Google Ads,Shopping - Bestsellers,Northeast,Tablet
CUST002451,2025-12-07,Organic Search,(organic),South,Desktop
CUST002452,2025-12-07,Unattributed,(not set),South,Mobile
CUST002453,2025-12-07,Google Ads,PMax - Skincare Prospecting,West,Mobile
CUST002454,2025-12-07,Email/SMS,Flow - Abandoned Cart,West,Desktop
CUST002455,2025-12-07,Organic Search,(organic),West,Mobile
CUST002456,2025-12-07,Email/SMS,Flow - Post Purchase Winback,West,Mobile
CUST002457,2025-12-07,Meta Ads,Retargeting - Cart Abandon,Midwest,Mobile
CUST002458,2025-12-07,Organic Search,(organic),West,Mobile
CUST002459,2025-12-07,Organic Search,(organic),South,Mobile
CUST002460,2025-12-07,Organic Social,(organic social),West,Mobile
CUST002461,2025-12-07,Google Ads,Shopping - Bestsellers,Midwest,Mobile
CUST002462,2025-12-07,Organic Search,(organic),Midwest,Desktop
CUST002463,2025-12-07,Direct,(direct),West,Mobile
CUST002464,2025-12-07,Google Ads,Search - Nonbrand Skincare,West,Mobile
CUST002465,2025-12-07,Google Ads,Shopping - Bestsellers,West,Mobile
CUST002466,2025-12-07,Organic Search,(organic),West,Mobile
CUST002467,2025-12-07,Google Ads,Shopping - Bestsellers,Midwest,Mobile
CUST002468,2025-12-07,Meta Ads,Prospecting - Lookalike 1%,Midwest,Tablet
CUST002469,2025-12-07,Organic Social,(organic social),South,Mobile
CUST002470,2025-12-07,Organic Search,(organic),Northeast,Desktop
CUST002471,2025-12-07,Google Ads,Search - Brand,Northeast,Mobile
CUST002472,2025-12-07,Organic Search,(organic),West,Desktop
CUST002473,2025-12-07,Google Ads,PMax - Skincare Prospecting,South,Mobile
CUST002474,2025-12-07,Google Ads,PMax - Skincare Prospecting,Northeast,Mobile
CUST002475,2025-12-07,Google Ads,Search - Brand,West,Mobile
CUST002476,2025-12-07,Google Ads,Search - Brand,West,Desktop
CUST002477,2025-12-07,Google Ads,Search - Nonbrand Skincare,West,Mobile
CUST002478,2025-12-07,Meta Ads,Retargeting - Engaged 30d,South,Mobile
CUST002479,2025-12-07,Direct,(direct),Midwest,Mobile
CUST002480,2025-12-07,Meta Ads,Prospecting - Broad,Midwest,Mobile
CUST002481,2025-12-07,Google Ads,Search - Nonbrand Skincare,Midwest,Mobile
CUST002482,2025-12-08,Meta Ads,Prospecting - Broad,Midwest,Mobile
CUST002483,2025-12-08,Meta Ads,Retargeting - Cart Abandon,Northeast,Mobile
CUST002484,2025-12-08,Organic Social,(organic social),Midwest,Mobile
CUST002485,2025-12-08,Direct,(direct),South,Desktop
CUST002486,2025-12-08,Meta Ads,Retargeting - Engaged 30d,Midwest,Desktop
CUST002487,2025-12-08,Organic Search,(organic),Northeast,Mobile
CUST002488,2025-12-08,Organic Search,(organic),Midwest,Mobile
CUST002489,2025-12-08,Google Ads,Shopping - Bestsellers,South,Desktop
CUST002490,2025-12-08,Meta Ads,Retargeting - Engaged 30d,Northeast,Mobile
CUST002491,2025-12-08,Google Ads,Shopping - Bestsellers,West,Mobile
CUST002492,2025-12-08,Meta Ads,Prospecting - Broad,South,Mobile
CUST002493,2025-12-08,Meta Ads,Prospecting - Lookalike 1%,Northeast,Desktop
CUST002494,2025-12-08,Direct,(direct),Midwest,Mobile
CUST002495,2025-12-08,Meta Ads,Retargeting - Engaged 30d,Northeast,Mobile
CUST002496,2025-12-08,Google Ads,Search - Brand,West,Mobile
CUST002497,2025-12-08,Google Ads,PMax - Skincare Prospecting,West,Desktop
CUST002498,2025-12-08,Direct,(direct),West,Desktop
CUST002499,2025-12-08,Email/SMS,Flow - Post Purchase Winback,West,Desktop
CUST002500,2025-12-08,Organic Search,(organic),Northeast,Desktop
CUST002501,2025-12-08,Direct,(direct),Midwest,Mobile
CUST002502,2025-12-08,Meta Ads,Prospecting - Broad,South,Desktop
CUST002503,2025-12-08,Google Ads,PMax - Skincare Prospecting,Northeast,Mobile
CUST002504,2025-12-08,Unattributed,(not set),South,Desktop
CUST002505,2025-12-08,Organic Search,(organic),South,Mobile
CUST002506,2025-12-08,Unattributed,(not set),Midwest,Mobile
CUST002507,2025-12-08,Google Ads,Search - Nonbrand Skincare,Midwest,Desktop
CUST002508,2025-12-08,Google Ads,Shopping - Bestsellers,Midwest,Mobile
CUST002509,2025-12-08,Organic Social,(organic social),Northeast,Desktop
CUST002510,2025-12-08,Google Ads,Shopping - Bestsellers,West,Desktop
CUST002511,2025-12-08,Meta Ads,Prospecting - Lookalike 1%,West,Mobile
CUST002512,2025-12-09,Google Ads,Search - Brand,South,Desktop
CUST002513,2025-12-09,Organic Search,(organic),Northeast,Desktop
CUST002514,2025-12-09,Meta Ads,Retargeting - Engaged 30d,South,Desktop
CUST002515,2025-12-09,Direct,(direct),West,Desktop
CUST002516,2025-12-09,Meta Ads,Retargeting - Cart Abandon,Northeast,Mobile
CUST002517,2025-12-09,Meta Ads,Retargeting - Cart Abandon,Midwest,Mobile
CUST002518,2025-12-09,Organic Search,(organic),Midwest,Mobile
CUST002519,2025-12-09,Organic Search,(organic),Northeast,Mobile
CUST002520,2025-12-09,Google Ads,Search - Brand,South,Mobile
CUST002521,2025-12-09,Organic Search,(organic),Midwest,Mobile
CUST002522,2025-12-09,Unattributed,(not set),South,Mobile
CUST002523,2025-12-09,Organic Search,(organic),South,Mobile
CUST002524,2025-12-09,Direct,(direct),South,Mobile
CUST002525,2025-12-09,Unattributed,(not set),South,Mobile
CUST002526,2025-12-09,Organic Search,(organic),Midwest,Mobile
CUST002527,2025-12-09,Organic Search,(organic),Midwest,Mobile
CUST002528,2025-12-09,Meta Ads,Retargeting - Engaged 30d,Midwest,Mobile
CUST002529,2025-12-09,Google Ads,Search - Brand,South,Mobile
CUST002530,2025-12-09,Google Ads,Shopping - Bestsellers,West,Desktop
CUST002531,2025-12-09,Google Ads,Search - Nonbrand Skincare,Northeast,Tablet
CUST002532,2025-12-09,Direct,(direct),West,Mobile
CUST002533,2025-12-09,Unattributed,(not set),South,Desktop
CUST002534,2025-12-09,Google Ads,PMax - Skincare Prospecting,West,Mobile
CUST002535,2025-12-09,Organic Search,(organic),Northeast,Desktop
CUST002536,2025-12-09,Meta Ads,Prospecting - Broad,Midwest,Desktop
CUST002537,2025-12-09,Google Ads,Search - Nonbrand Skincare,Northeast,Desktop
CUST002538,2025-12-09,Google Ads,PMax - Skincare Prospecting,Northeast,Desktop
CUST002539,2025-12-09,Meta Ads,Prospecting - Broad,West,Mobile
CUST002540,2025-12-09,Meta Ads,Retargeting - Engaged 30d,West,Mobile
CUST002541,2025-12-09,Google Ads,PMax - Skincare Prospecting,Northeast,Mobile
CUST002542,2025-12-09,Direct,(direct),Northeast,Desktop
CUST002543,2025-12-09,Google Ads,Search - Nonbrand Skincare,West,Mobile
CUST002544,2025-12-09,Meta Ads,Retargeting - Cart Abandon,Midwest,Mobile
CUST002545,2025-12-09,Meta Ads,Retargeting - Cart Abandon,West,Mobile
CUST002546,2025-12-09,Organic Social,(organic social),Midwest,Mobile
CUST002547,2025-12-09,Direct,(direct),Northeast,Tablet
CUST002548,2025-12-10,Organic Search,(organic),Midwest,Mobile
CUST002549,2025-12-10,Meta Ads,Retargeting - Engaged 30d,South,Mobile
CUST002550,2025-12-10,Meta Ads,Prospecting - Broad,Northeast,Mobile
CUST002551,2025-12-10,Meta Ads,Retargeting - Engaged 30d,Midwest,Desktop
CUST002552,2025-12-10,Google Ads,Shopping - Bestsellers,South,Desktop
CUST002553,2025-12-10,Organic Search,(organic),Northeast,Desktop
CUST002554,2025-12-10,Email/SMS,Flow - Post Purchase Winback,West,Mobile
CUST002555,2025-12-10,Google Ads,Search - Nonbrand Skincare,West,Mobile
CUST002556,2025-12-10,Google Ads,PMax - Skincare Prospecting,South,Mobile
CUST002557,2025-12-10,Direct,(direct),West,Mobile
CUST002558,2025-12-10,Google Ads,Search - Brand,Northeast,Mobile
CUST002559,2025-12-10,Meta Ads,Prospecting - Lookalike 1%,West,Mobile
CUST002560,2025-12-10,Meta Ads,Prospecting - Lookalike 1%,West,Mobile
CUST002561,2025-12-10,Meta Ads,Prospecting - Broad,West,Mobile
CUST002562,2025-12-10,Google Ads,Shopping - Bestsellers,West,Desktop
CUST002563,2025-12-10,Meta Ads,Retargeting - Cart Abandon,Midwest,Mobile
CUST002564,2025-12-10,Organic Search,(organic),Northeast,Mobile
CUST002565,2025-12-10,Google Ads,Search - Nonbrand Skincare,Northeast,Desktop
CUST002566,2025-12-10,Organic Search,(organic),Midwest,Mobile
CUST002567,2025-12-10,Direct,(direct),South,Mobile
CUST002568,2025-12-10,Organic Social,(organic social),West,Desktop
CUST002569,2025-12-10,Google Ads,Search - Nonbrand Skincare,South,Mobile
CUST002570,2025-12-10,Organic Search,(organic),South,Mobile
CUST002571,2025-12-10,Organic Search,(organic),Northeast,Mobile
CUST002572,2025-12-10,Organic Social,(organic social),South,Mobile
CUST002573,2025-12-10,Direct,(direct),Northeast,Mobile
CUST002574,2025-12-10,Meta Ads,Retargeting - Cart Abandon,South,Mobile
CUST002575,2025-12-10,Google Ads,PMax - Skincare Prospecting,West,Mobile
CUST002576,2025-12-10,Organic Search,(organic),West,Mobile
CUST002577,2025-12-10,Direct,(direct),West,Desktop
CUST002578,2025-12-10,Google Ads,Search - Nonbrand Skincare,Northeast,Mobile
CUST002579,2025-12-10,Meta Ads,Prospecting - Lookalike 1%,Midwest,Mobile
CUST002580,2025-12-10,Google Ads,PMax - Skincare Prospecting,Midwest,Mobile
CUST002581,2025-12-10,Meta Ads,Prospecting - Broad,West,Mobile
CUST002582,2025-12-11,Google Ads,Search - Brand,South,Desktop
CUST002583,2025-12-11,Email/SMS,Flow - Welcome Series,West,Mobile
CUST002584,2025-12-11,Organic Search,(organic),Northeast,Mobile
CUST002585,2025-12-11,Meta Ads,Prospecting - Broad,Northeast,Mobile
CUST002586,2025-12-11,Organic Search,(organic),Northeast,Desktop
CUST002587,2025-12-11,Meta Ads,Prospecting - Broad,South,Mobile
CUST002588,2025-12-11,Organic Search,(organic),Midwest,Mobile
CUST002589,2025-12-11,Google Ads,Shopping - Bestsellers,Midwest,Mobile
CUST002590,2025-12-11,Organic Search,(organic),West,Desktop
CUST002591,2025-12-11,Meta Ads,Prospecting - Broad,Northeast,Desktop
CUST002592,2025-12-11,Google Ads,Shopping - Bestsellers,South,Desktop
CUST002593,2025-12-11,Google Ads,Shopping - Bestsellers,Midwest,Desktop
CUST002594,2025-12-11,Organic Search,(organic),West,Tablet
CUST002595,2025-12-11,Meta Ads,Retargeting - Cart Abandon,West,Tablet
CUST002596,2025-12-11,Google Ads,Shopping - Bestsellers,South,Desktop
CUST002597,2025-12-11,Google Ads,Search - Nonbrand Skincare,South,Mobile
CUST002598,2025-12-11,Direct,(direct),West,Mobile
CUST002599,2025-12-11,Organic Social,(organic social),West,Mobile
CUST002600,2025-12-11,Organic Search,(organic),West,Mobile
CUST002601,2025-12-11,Google Ads,Shopping - Bestsellers,West,Mobile
CUST002602,2025-12-11,Organic Search,(organic),South,Tablet
CUST002603,2025-12-11,Direct,(direct),West,Mobile
CUST002604,2025-12-11,Meta Ads,Prospecting - Lookalike 1%,West,Mobile
CUST002605,2025-12-11,Meta Ads,Prospecting - Broad,Midwest,Mobile
CUST002606,2025-12-11,Organic Social,(organic social),West,Mobile
CUST002607,2025-12-11,Google Ads,PMax - Skincare Prospecting,Midwest,Mobile
CUST002608,2025-12-11,Meta Ads,Prospecting - Lookalike 1%,West,Desktop
CUST002609,2025-12-11,Direct,(direct),South,Desktop
CUST002610,2025-12-11,Direct,(direct),South,Desktop
CUST002611,2025-12-11,Organic Search,(organic),West,Tablet
CUST002612,2025-12-11,Organic Social,(organic social),South,Tablet
CUST002613,2025-12-11,Direct,(direct),Northeast,Desktop
CUST002614,2025-12-11,Meta Ads,Retargeting - Engaged 30d,Midwest,Desktop
CUST002615,2025-12-11,Meta Ads,Retargeting - Cart Abandon,West,Mobile
CUST002616,2025-12-11,Google Ads,Search - Nonbrand Skincare,Northeast,Desktop
CUST002617,2025-12-11,Organic Search,(organic),Northeast,Tablet
CUST002618,2025-12-11,Organic Search,(organic),Midwest,Desktop
CUST002619,2025-12-11,Google Ads,PMax - Skincare Prospecting,Northeast,Mobile
CUST002620,2025-12-12,Google Ads,Search - Brand,South,Mobile
CUST002621,2025-12-12,Meta Ads,Prospecting - Broad,South,Desktop
CUST002622,2025-12-12,Google Ads,Search - Brand,West,Mobile
CUST002623,2025-12-12,Meta Ads,Retargeting - Engaged 30d,Midwest,Desktop
CUST002624,2025-12-12,Google Ads,Search - Brand,South,Mobile
CUST002625,2025-12-12,Organic Search,(organic),South,Desktop
CUST002626,2025-12-12,Google Ads,PMax - Skincare Prospecting,South,Mobile
CUST002627,2025-12-12,Meta Ads,Prospecting - Lookalike 1%,Midwest,Desktop
CUST002628,2025-12-12,Meta Ads,Retargeting - Engaged 30d,South,Desktop
CUST002629,2025-12-12,Google Ads,Search - Nonbrand Skincare,South,Mobile
CUST002630,2025-12-12,Unattributed,(not set),West,Mobile
CUST002631,2025-12-12,Google Ads,Search - Nonbrand Skincare,South,Mobile
CUST002632,2025-12-12,Meta Ads,Retargeting - Cart Abandon,West,Desktop
CUST002633,2025-12-12,Organic Social,(organic social),West,Mobile
CUST002634,2025-12-12,Meta Ads,Retargeting - Cart Abandon,South,Desktop
CUST002635,2025-12-12,Organic Search,(organic),Midwest,Mobile
CUST002636,2025-12-12,Unattributed,(not set),West,Mobile
CUST002637,2025-12-12,Google Ads,Shopping - Bestsellers,Midwest,Mobile
CUST002638,2025-12-12,Meta Ads,Retargeting - Engaged 30d,Northeast,Desktop
CUST002639,2025-12-12,Meta Ads,Prospecting - Lookalike 1%,West,Desktop
CUST002640,2025-12-12,Organic Search,(organic),South,Desktop
CUST002641,2025-12-12,Organic Social,(organic social),Midwest,Mobile
CUST002642,2025-12-12,Google Ads,Shopping - Bestsellers,Midwest,Desktop
CUST002643,2025-12-12,Meta Ads,Retargeting - Engaged 30d,Midwest,Mobile
CUST002644,2025-12-12,Google Ads,PMax - Skincare Prospecting,South,Mobile
CUST002645,2025-12-12,Google Ads,Shopping - Bestsellers,Midwest,Mobile
CUST002646,2025-12-12,Google Ads,PMax - Skincare Prospecting,Midwest,Desktop
CUST002647,2025-12-12,Meta Ads,Retargeting - Engaged 30d,South,Mobile
CUST002648,2025-12-12,Google Ads,PMax - Skincare Prospecting,West,Mobile
CUST002649,2025-12-12,Google Ads,Search - Nonbrand Skincare,Midwest,Mobile
CUST002650,2025-12-12,Meta Ads,Prospecting - Broad,West,Mobile
CUST002651,2025-12-12,Email/SMS,Campaign - Monthly Newsletter,West,Desktop
CUST002652,2025-12-12,Direct,(direct),Northeast,Mobile
CUST002653,2025-12-13,Organic Search,(organic),Midwest,Mobile
CUST002654,2025-12-13,Organic Search,(organic),Midwest,Mobile
CUST002655,2025-12-13,Google Ads,Shopping - Bestsellers,Northeast,Mobile
CUST002656,2025-12-13,Meta Ads,Prospecting - Lookalike 1%,Midwest,Mobile
CUST002657,2025-12-13,Google Ads,PMax - Skincare Prospecting,South,Mobile
CUST002658,2025-12-13,Organic Social,(organic social),West,Mobile
CUST002659,2025-12-13,Meta Ads,Retargeting - Engaged 30d,South,Mobile
CUST002660,2025-12-13,Meta Ads,Retargeting - Cart Abandon,Northeast,Mobile
CUST002661,2025-12-13,Meta Ads,Prospecting - Broad,Midwest,Mobile
CUST002662,2025-12-13,Organic Search,(organic),South,Mobile
CUST002663,2025-12-13,Meta Ads,Prospecting - Lookalike 1%,South,Mobile
CUST002664,2025-12-13,Meta Ads,Prospecting - Broad,South,Mobile
CUST002665,2025-12-13,Meta Ads,Prospecting - Broad,Northeast,Mobile
CUST002666,2025-12-13,Google Ads,Search - Brand,South,Mobile
CUST002667,2025-12-13,Google Ads,Shopping - Bestsellers,Northeast,Mobile
CUST002668,2025-12-13,Email/SMS,Flow - Welcome Series,Midwest,Tablet
CUST002669,2025-12-13,Google Ads,PMax - Skincare Prospecting,Midwest,Mobile
CUST002670,2025-12-13,Organic Search,(organic),Midwest,Desktop
CUST002671,2025-12-13,Meta Ads,Retargeting - Engaged 30d,South,Mobile
CUST002672,2025-12-13,Google Ads,PMax - Skincare Prospecting,Midwest,Mobile
CUST002673,2025-12-13,Google Ads,Shopping - Bestsellers,West,Mobile
CUST002674,2025-12-13,Organic Search,(organic),West,Mobile
CUST002675,2025-12-13,Organic Search,(organic),West,Tablet
CUST002676,2025-12-13,Meta Ads,Retargeting - Cart Abandon,Northeast,Desktop
CUST002677,2025-12-13,Google Ads,Shopping - Bestsellers,West,Desktop
CUST002678,2025-12-13,Meta Ads,Prospecting - Broad,West,Mobile
CUST002679,2025-12-13,Meta Ads,Retargeting - Cart Abandon,West,Desktop
CUST002680,2025-12-13,Google Ads,Search - Nonbrand Skincare,West,Tablet
CUST002681,2025-12-13,Meta Ads,Prospecting - Lookalike 1%,South,Mobile
CUST002682,2025-12-13,Meta Ads,Prospecting - Broad,South,Mobile
CUST002683,2025-12-13,Google Ads,Shopping - Bestsellers,South,Mobile
CUST002684,2025-12-13,Google Ads,Shopping - Bestsellers,Northeast,Mobile
CUST002685,2025-12-13,Google Ads,Shopping - Bestsellers,Midwest,Mobile
CUST002686,2025-12-13,Google Ads,PMax - Skincare Prospecting,Midwest,Desktop
CUST002687,2025-12-13,Meta Ads,Retargeting - Cart Abandon,South,Desktop
CUST002688,2025-12-14,Google Ads,Shopping - Bestsellers,Northeast,Desktop
CUST002689,2025-12-14,Google Ads,Search - Brand,Midwest,Mobile
CUST002690,2025-12-14,Meta Ads,Prospecting - Lookalike 1%,West,Mobile
CUST002691,2025-12-14,Organic Search,(organic),West,Desktop
CUST002692,2025-12-14,Organic Social,(organic social),Midwest,Desktop
CUST002693,2025-12-14,Google Ads,Search - Brand,Northeast,Desktop
CUST002694,2025-12-14,Organic Search,(organic),Midwest,Tablet
CUST002695,2025-12-14,Organic Search,(organic),Midwest,Mobile
CUST002696,2025-12-14,Organic Search,(organic),South,Mobile
CUST002697,2025-12-14,Google Ads,Search - Nonbrand Skincare,South,Mobile
CUST002698,2025-12-14,Meta Ads,Retargeting - Cart Abandon,South,Mobile
CUST002699,2025-12-14,Organic Search,(organic),Northeast,Mobile
CUST002700,2025-12-14,Meta Ads,Retargeting - Engaged 30d,West,Mobile
CUST002701,2025-12-14,Direct,(direct),Northeast,Desktop
CUST002702,2025-12-14,Unattributed,(not set),West,Mobile
CUST002703,2025-12-14,Meta Ads,Retargeting - Cart Abandon,South,Mobile
CUST002704,2025-12-14,Google Ads,PMax - Skincare Prospecting,Midwest,Mobile
CUST002705,2025-12-14,Google Ads,Search - Nonbrand Skincare,Northeast,Desktop
CUST002706,2025-12-14,Organic Search,(organic),South,Desktop
CUST002707,2025-12-14,Organic Social,(organic social),South,Mobile
CUST002708,2025-12-14,Google Ads,PMax - Skincare Prospecting,South,Desktop
CUST002709,2025-12-14,Unattributed,(not set),Midwest,Mobile
CUST002710,2025-12-14,Meta Ads,Prospecting - Lookalike 1%,Northeast,Tablet
CUST002711,2025-12-14,Organic Search,(organic),West,Mobile
CUST002712,2025-12-14,Google Ads,Search - Nonbrand Skincare,Midwest,Mobile
CUST002713,2025-12-14,Meta Ads,Retargeting - Cart Abandon,West,Desktop
CUST002714,2025-12-14,Direct,(direct),Midwest,Mobile
CUST002715,2025-12-14,Google Ads,Search - Nonbrand Skincare,Midwest,Mobile
CUST002716,2025-12-14,Google Ads,Search - Nonbrand Skincare,Midwest,Desktop
CUST002717,2025-12-14,Meta Ads,Retargeting - Engaged 30d,South,Mobile
CUST002718,2025-12-14,Meta Ads,Prospecting - Broad,Northeast,Mobile
CUST002719,2025-12-14,Google Ads,Shopping - Bestsellers,West,Mobile
CUST002720,2025-12-14,Organic Search,(organic),Midwest,Mobile
CUST002721,2025-12-14,Meta Ads,Prospecting - Lookalike 1%,South,Mobile
CUST002722,2025-12-14,Meta Ads,Retargeting - Cart Abandon,West,Mobile
CUST002723,2025-12-14,Google Ads,PMax - Skincare Prospecting,Midwest,Mobile
CUST002724,2025-12-14,Organic Search,(organic),West,Desktop
CUST002725,2025-12-14,Google Ads,Shopping - Bestsellers,Northeast,Mobile
CUST002726,2025-12-14,Direct,(direct),West,Desktop
CUST002727,2025-12-14,Organic Search,(organic),West,Desktop
CUST002728,2025-12-14,Direct,(direct),West,Mobile
CUST002729,2025-12-15,Google Ads,Shopping - Bestsellers,West,Mobile
CUST002730,2025-12-15,Meta Ads,Prospecting - Lookalike 1%,Midwest,Mobile
CUST002731,2025-12-15,Email/SMS,Campaign - Monthly Newsletter,South,Desktop
CUST002732,2025-12-15,Unattributed,(not set),Midwest,Mobile
CUST002733,2025-12-15,Organic Search,(organic),South,Mobile
CUST002734,2025-12-15,Organic Search,(organic),Midwest,Desktop
CUST002735,2025-12-15,Organic Search,(organic),West,Desktop
CUST002736,2025-12-15,Google Ads,Search - Nonbrand Skincare,South,Mobile
CUST002737,2025-12-15,Google Ads,Search - Brand,West,Mobile
CUST002738,2025-12-15,Organic Social,(organic social),West,Mobile
CUST002739,2025-12-15,Meta Ads,Retargeting - Engaged 30d,Northeast,Desktop
CUST002740,2025-12-15,Direct,(direct),Northeast,Desktop
CUST002741,2025-12-15,Organic Search,(organic),Northeast,Desktop
CUST002742,2025-12-15,Google Ads,Search - Brand,Northeast,Mobile
CUST002743,2025-12-15,Direct,(direct),Midwest,Desktop
CUST002744,2025-12-15,Google Ads,Search - Brand,Midwest,Desktop
CUST002745,2025-12-15,Google Ads,Shopping - Bestsellers,Midwest,Desktop
CUST002746,2025-12-15,Organic Social,(organic social),South,Mobile
CUST002747,2025-12-15,Meta Ads,Retargeting - Engaged 30d,Midwest,Mobile
CUST002748,2025-12-15,Organic Social,(organic social),Northeast,Mobile
CUST002749,2025-12-15,Google Ads,PMax - Skincare Prospecting,Midwest,Mobile
CUST002750,2025-12-15,Google Ads,Shopping - Bestsellers,South,Mobile
CUST002751,2025-12-15,Organic Social,(organic social),West,Desktop
CUST002752,2025-12-15,Google Ads,Shopping - Bestsellers,West,Mobile
CUST002753,2025-12-15,Meta Ads,Prospecting - Lookalike 1%,Midwest,Desktop
CUST002754,2025-12-15,Google Ads,PMax - Skincare Prospecting,Midwest,Mobile
CUST002755,2025-12-15,Google Ads,Shopping - Bestsellers,South,Mobile
CUST002756,2025-12-15,Organic Search,(organic),West,Desktop
CUST002757,2025-12-15,Google Ads,Shopping - Bestsellers,South,Mobile
CUST002758,2025-12-15,Meta Ads,Prospecting - Lookalike 1%,South,Desktop
CUST002759,2025-12-15,Google Ads,Shopping - Bestsellers,West,Mobile
CUST002760,2025-12-15,Google Ads,Search - Brand,South,Desktop
CUST002761,2025-12-15,Google Ads,Shopping - Bestsellers,West,Mobile
CUST002762,2025-12-15,Google Ads,PMax - Skincare Prospecting,Midwest,Desktop
CUST002763,2025-12-15,Organic Social,(organic social),West,Desktop
CUST002764,2025-12-16,Google Ads,PMax - Skincare Prospecting,Northeast,Tablet
CUST002765,2025-12-16,Organic Search,(organic),West,Mobile
CUST002766,2025-12-16,Meta Ads,Retargeting - Cart Abandon,Midwest,Tablet
CUST002767,2025-12-16,Meta Ads,Prospecting - Broad,South,Mobile
CUST002768,2025-12-16,Organic Search,(organic),West,Mobile
CUST002769,2025-12-16,Meta Ads,Retargeting - Cart Abandon,West,Mobile
CUST002770,2025-12-16,Organic Search,(organic),West,Mobile
CUST002771,2025-12-16,Google Ads,Search - Nonbrand Skincare,Northeast,Mobile
CUST002772,2025-12-16,Meta Ads,Prospecting - Broad,South,Mobile
CUST002773,2025-12-16,Google Ads,Shopping - Bestsellers,Midwest,Mobile
CUST002774,2025-12-16,Meta Ads,Prospecting - Lookalike 1%,South,Desktop
CUST002775,2025-12-16,Meta Ads,Retargeting - Cart Abandon,Midwest,Desktop
CUST002776,2025-12-16,Organic Search,(organic),Northeast,Mobile
CUST002777,2025-12-16,Google Ads,Search - Nonbrand Skincare,South,Desktop
CUST002778,2025-12-16,Meta Ads,Prospecting - Lookalike 1%,Northeast,Mobile
CUST002779,2025-12-16,Google Ads,Search - Brand,Midwest,Tablet
CUST002780,2025-12-16,Meta Ads,Retargeting - Cart Abandon,West,Mobile
CUST002781,2025-12-16,Google Ads,Search - Nonbrand Skincare,West,Mobile
CUST002782,2025-12-16,Organic Social,(organic social),Northeast,Mobile
CUST002783,2025-12-16,Direct,(direct),Midwest,Tablet
CUST002784,2025-12-16,Meta Ads,Retargeting - Cart Abandon,Midwest,Mobile
CUST002785,2025-12-16,Google Ads,Search - Brand,South,Desktop
CUST002786,2025-12-16,Google Ads,Search - Brand,Midwest,Mobile
CUST002787,2025-12-16,Organic Social,(organic social),Midwest,Mobile
CUST002788,2025-12-16,Organic Search,(organic),West,Desktop
CUST002789,2025-12-16,Direct,(direct),South,Mobile
CUST002790,2025-12-16,Meta Ads,Retargeting - Cart Abandon,South,Tablet
CUST002791,2025-12-16,Google Ads,Shopping - Bestsellers,Midwest,Desktop
CUST002792,2025-12-16,Google Ads,PMax - Skincare Prospecting,Northeast,Mobile
CUST002793,2025-12-16,Direct,(direct),West,Mobile
CUST002794,2025-12-16,Google Ads,PMax - Skincare Prospecting,Northeast,Mobile
CUST002795,2025-12-16,Google Ads,PMax - Skincare Prospecting,West,Mobile
CUST002796,2025-12-16,Organic Search,(organic),South,Mobile
CUST002797,2025-12-16,Meta Ads,Retargeting - Cart Abandon,West,Mobile
CUST002798,2025-12-16,Meta Ads,Retargeting - Cart Abandon,West,Mobile
CUST002799,2025-12-16,Organic Search,(organic),South,Tablet
CUST002800,2025-12-16,Organic Search,(organic),West,Mobile
CUST002801,2025-12-16,Organic Search,(organic),West,Mobile
CUST002802,2025-12-17,Direct,(direct),South,Desktop
CUST002803,2025-12-17,Meta Ads,Prospecting - Broad,Northeast,Mobile
CUST002804,2025-12-17,Email/SMS,Flow - Welcome Series,South,Mobile
CUST002805,2025-12-17,Direct,(direct),Midwest,Desktop
CUST002806,2025-12-17,Organic Social,(organic social),Midwest,Mobile
CUST002807,2025-12-17,Organic Search,(organic),West,Desktop
CUST002808,2025-12-17,Meta Ads,Prospecting - Lookalike 1%,South,Mobile
CUST002809,2025-12-17,Email/SMS,Flow - Post Purchase Winback,West,Desktop
CUST002810,2025-12-17,Google Ads,Shopping - Bestsellers,Northeast,Mobile
CUST002811,2025-12-17,Direct,(direct),South,Desktop
CUST002812,2025-12-17,Meta Ads,Retargeting - Cart Abandon,Midwest,Desktop
CUST002813,2025-12-17,Google Ads,Search - Nonbrand Skincare,South,Mobile
CUST002814,2025-12-17,Meta Ads,Retargeting - Cart Abandon,Northeast,Mobile
CUST002815,2025-12-17,Organic Social,(organic social),Northeast,Desktop
CUST002816,2025-12-17,Direct,(direct),Midwest,Mobile
CUST002817,2025-12-17,Meta Ads,Retargeting - Engaged 30d,South,Mobile
CUST002818,2025-12-17,Google Ads,PMax - Skincare Prospecting,Midwest,Mobile
CUST002819,2025-12-17,Direct,(direct),West,Mobile
CUST002820,2025-12-17,Meta Ads,Retargeting - Cart Abandon,West,Mobile
CUST002821,2025-12-17,Meta Ads,Retargeting - Cart Abandon,West,Mobile
CUST002822,2025-12-17,Direct,(direct),West,Desktop
CUST002823,2025-12-17,Organic Search,(organic),West,Mobile
CUST002824,2025-12-17,Organic Search,(organic),Northeast,Mobile
CUST002825,2025-12-17,Organic Search,(organic),Midwest,Mobile
CUST002826,2025-12-17,Direct,(direct),Midwest,Mobile
CUST002827,2025-12-17,Organic Search,(organic),Northeast,Mobile
CUST002828,2025-12-17,Direct,(direct),South,Mobile
CUST002829,2025-12-17,Organic Social,(organic social),Northeast,Mobile
CUST002830,2025-12-17,Direct,(direct),Midwest,Mobile
CUST002831,2025-12-17,Meta Ads,Retargeting - Cart Abandon,Northeast,Desktop
CUST002832,2025-12-17,Organic Social,(organic social),West,Mobile
CUST002833,2025-12-17,Meta Ads,Retargeting - Engaged 30d,South,Mobile
CUST002834,2025-12-17,Organic Social,(organic social),South,Mobile
CUST002835,2025-12-18,Organic Search,(organic),Midwest,Mobile
CUST002836,2025-12-18,Google Ads,PMax - Skincare Prospecting,West,Desktop
CUST002837,2025-12-18,Organic Search,(organic),South,Desktop
CUST002838,2025-12-18,Google Ads,PMax - Skincare Prospecting,Northeast,Mobile
CUST002839,2025-12-18,Meta Ads,Prospecting - Lookalike 1%,South,Desktop
CUST002840,2025-12-18,Organic Search,(organic),West,Mobile
CUST002841,2025-12-18,Google Ads,Search - Brand,West,Mobile
CUST002842,2025-12-18,Direct,(direct),South,Desktop
CUST002843,2025-12-18,Google Ads,Search - Nonbrand Skincare,Midwest,Mobile
CUST002844,2025-12-18,Google Ads,PMax - Skincare Prospecting,West,Mobile
CUST002845,2025-12-18,Google Ads,Search - Brand,Midwest,Mobile
CUST002846,2025-12-18,Organic Social,(organic social),Midwest,Mobile
CUST002847,2025-12-18,Meta Ads,Prospecting - Lookalike 1%,South,Desktop
CUST002848,2025-12-18,Meta Ads,Prospecting - Lookalike 1%,Northeast,Desktop
CUST002849,2025-12-18,Email/SMS,Campaign - Monthly Newsletter,South,Mobile
CUST002850,2025-12-18,Unattributed,(not set),South,Mobile
CUST002851,2025-12-18,Google Ads,PMax - Skincare Prospecting,West,Tablet
CUST002852,2025-12-18,Meta Ads,Prospecting - Broad,South,Mobile
CUST002853,2025-12-18,Google Ads,Shopping - Bestsellers,Northeast,Desktop
CUST002854,2025-12-18,Meta Ads,Retargeting - Cart Abandon,West,Mobile
CUST002855,2025-12-18,Meta Ads,Retargeting - Cart Abandon,Northeast,Desktop
CUST002856,2025-12-18,Organic Search,(organic),Midwest,Mobile
CUST002857,2025-12-18,Direct,(direct),South,Desktop
CUST002858,2025-12-18,Meta Ads,Prospecting - Broad,Midwest,Mobile
CUST002859,2025-12-18,Google Ads,Shopping - Bestsellers,Midwest,Desktop
CUST002860,2025-12-18,Google Ads,Search - Nonbrand Skincare,South,Desktop
CUST002861,2025-12-18,Meta Ads,Prospecting - Lookalike 1%,South,Mobile
CUST002862,2025-12-18,Direct,(direct),Midwest,Mobile
CUST002863,2025-12-18,Google Ads,Shopping - Bestsellers,South,Desktop
CUST002864,2025-12-18,Meta Ads,Prospecting - Broad,Northeast,Mobile
CUST002865,2025-12-19,Meta Ads,Prospecting - Lookalike 1%,Northeast,Desktop
CUST002866,2025-12-19,Direct,(direct),South,Mobile
CUST002867,2025-12-19,Meta Ads,Prospecting - Lookalike 1%,West,Desktop
CUST002868,2025-12-19,Organic Search,(organic),West,Mobile
CUST002869,2025-12-19,Organic Social,(organic social),Midwest,Mobile
CUST002870,2025-12-19,Organic Search,(organic),Midwest,Desktop
CUST002871,2025-12-19,Organic Social,(organic social),West,Desktop
CUST002872,2025-12-19,Direct,(direct),Northeast,Desktop
CUST002873,2025-12-19,Meta Ads,Retargeting - Engaged 30d,West,Mobile
CUST002874,2025-12-19,Google Ads,Search - Nonbrand Skincare,Northeast,Mobile
CUST002875,2025-12-19,Meta Ads,Prospecting - Broad,West,Mobile
CUST002876,2025-12-19,Google Ads,Search - Nonbrand Skincare,West,Desktop
CUST002877,2025-12-19,Organic Social,(organic social),West,Desktop
CUST002878,2025-12-19,Organic Search,(organic),Midwest,Mobile
CUST002879,2025-12-19,Meta Ads,Retargeting - Engaged 30d,West,Mobile
CUST002880,2025-12-19,Organic Search,(organic),Northeast,Tablet
CUST002881,2025-12-19,Meta Ads,Prospecting - Lookalike 1%,West,Mobile
CUST002882,2025-12-19,Google Ads,PMax - Skincare Prospecting,South,Mobile
CUST002883,2025-12-19,Google Ads,Search - Brand,West,Mobile
CUST002884,2025-12-19,Meta Ads,Prospecting - Broad,West,Desktop
CUST002885,2025-12-19,Meta Ads,Prospecting - Lookalike 1%,Northeast,Mobile
CUST002886,2025-12-19,Email/SMS,Flow - Abandoned Cart,West,Desktop
CUST002887,2025-12-19,Meta Ads,Prospecting - Broad,South,Mobile
CUST002888,2025-12-19,Google Ads,Shopping - Bestsellers,Northeast,Mobile
CUST002889,2025-12-19,Organic Search,(organic),South,Desktop
CUST002890,2025-12-19,Meta Ads,Prospecting - Broad,West,Mobile
CUST002891,2025-12-19,Meta Ads,Retargeting - Engaged 30d,Midwest,Desktop
CUST002892,2025-12-19,Organic Search,(organic),South,Desktop
CUST002893,2025-12-19,Meta Ads,Retargeting - Cart Abandon,West,Mobile
CUST002894,2025-12-19,Google Ads,Search - Nonbrand Skincare,Midwest,Mobile
CUST002895,2025-12-19,Meta Ads,Prospecting - Broad,West,Mobile
CUST002896,2025-12-19,Google Ads,PMax - Skincare Prospecting,Northeast,Desktop
CUST002897,2025-12-19,Google Ads,PMax - Skincare Prospecting,West,Desktop
CUST002898,2025-12-19,Meta Ads,Retargeting - Cart Abandon,South,Mobile
CUST002899,2025-12-19,Organic Search,(organic),Northeast,Mobile
CUST002900,2025-12-19,Google Ads,PMax - Skincare Prospecting,Northeast,Desktop
CUST002901,2025-12-19,Meta Ads,Prospecting - Lookalike 1%,Northeast,Desktop
CUST002902,2025-12-20,Organic Search,(organic),South,Mobile
CUST002903,2025-12-20,Organic Search,(organic),South,Tablet
CUST002904,2025-12-20,Email/SMS,Campaign - Monthly Newsletter,West,Mobile
CUST002905,2025-12-20,Organic Social,(organic social),Northeast,Desktop
CUST002906,2025-12-20,Meta Ads,Retargeting - Engaged 30d,West,Mobile
CUST002907,2025-12-20,Direct,(direct),South,Tablet
CUST002908,2025-12-20,Google Ads,Shopping - Bestsellers,Midwest,Desktop
CUST002909,2025-12-20,Organic Social,(organic social),Midwest,Desktop
CUST002910,2025-12-20,Meta Ads,Prospecting - Broad,West,Mobile
CUST002911,2025-12-20,Meta Ads,Prospecting - Broad,South,Tablet
CUST002912,2025-12-20,Organic Social,(organic social),West,Mobile
CUST002913,2025-12-20,Google Ads,Search - Brand,Midwest,Tablet
CUST002914,2025-12-20,Google Ads,Search - Nonbrand Skincare,West,Tablet
CUST002915,2025-12-20,Google Ads,Search - Brand,West,Desktop
CUST002916,2025-12-20,Meta Ads,Prospecting - Lookalike 1%,West,Mobile
CUST002917,2025-12-20,Organic Social,(organic social),South,Desktop
CUST002918,2025-12-20,Organic Search,(organic),West,Desktop
CUST002919,2025-12-20,Meta Ads,Prospecting - Broad,Midwest,Mobile
CUST002920,2025-12-20,Meta Ads,Prospecting - Broad,South,Mobile
CUST002921,2025-12-20,Google Ads,Shopping - Bestsellers,Midwest,Desktop
CUST002922,2025-12-20,Meta Ads,Prospecting - Lookalike 1%,West,Mobile
CUST002923,2025-12-20,Meta Ads,Prospecting - Lookalike 1%,Midwest,Mobile
CUST002924,2025-12-20,Google Ads,Shopping - Bestsellers,Midwest,Desktop
CUST002925,2025-12-20,Meta Ads,Prospecting - Lookalike 1%,Midwest,Mobile
CUST002926,2025-12-20,Organic Search,(organic),Midwest,Mobile
CUST002927,2025-12-20,Meta Ads,Prospecting - Lookalike 1%,West,Desktop
CUST002928,2025-12-20,Unattributed,(not set),South,Mobile
CUST002929,2025-12-20,Meta Ads,Prospecting - Broad,Midwest,Desktop
CUST002930,2025-12-20,Google Ads,Search - Nonbrand Skincare,Northeast,Mobile
CUST002931,2025-12-20,Organic Search,(organic),South,Mobile
CUST002932,2025-12-20,Organic Search,(organic),West,Desktop
CUST002933,2025-12-20,Meta Ads,Prospecting - Lookalike 1%,Midwest,Mobile
CUST002934,2025-12-20,Organic Search,(organic),West,Mobile
CUST002935,2025-12-20,Organic Social,(organic social),Northeast,Mobile
CUST002936,2025-12-20,Organic Search,(organic),West,Mobile
CUST002937,2025-12-20,Organic Social,(organic social),West,Desktop
CUST002938,2025-12-21,Google Ads,Shopping - Bestsellers,West,Desktop
CUST002939,2025-12-21,Google Ads,PMax - Skincare Prospecting,South,Mobile
CUST002940,2025-12-21,Google Ads,Search - Nonbrand Skincare,Northeast,Desktop
CUST002941,2025-12-21,Direct,(direct),Northeast,Mobile
CUST002942,2025-12-21,Organic Search,(organic),South,Desktop
CUST002943,2025-12-21,Meta Ads,Prospecting - Broad,Midwest,Desktop
CUST002944,2025-12-21,Direct,(direct),West,Desktop
CUST002945,2025-12-21,Meta Ads,Retargeting - Engaged 30d,West,Desktop
CUST002946,2025-12-21,Meta Ads,Retargeting - Cart Abandon,Northeast,Mobile
CUST002947,2025-12-21,Organic Search,(organic),South,Mobile
CUST002948,2025-12-21,Email/SMS,Flow - Welcome Series,Northeast,Desktop
CUST002949,2025-12-21,Meta Ads,Prospecting - Broad,Northeast,Mobile
CUST002950,2025-12-21,Organic Search,(organic),Midwest,Desktop
CUST002951,2025-12-21,Direct,(direct),West,Mobile
CUST002952,2025-12-21,Organic Search,(organic),South,Mobile
CUST002953,2025-12-21,Organic Search,(organic),West,Mobile
CUST002954,2025-12-21,Organic Social,(organic social),West,Mobile
CUST002955,2025-12-21,Google Ads,Search - Nonbrand Skincare,West,Desktop
CUST002956,2025-12-21,Email/SMS,Campaign - Monthly Newsletter,South,Mobile
CUST002957,2025-12-21,Google Ads,Search - Nonbrand Skincare,West,Mobile
CUST002958,2025-12-21,Meta Ads,Retargeting - Engaged 30d,West,Mobile
CUST002959,2025-12-21,Meta Ads,Retargeting - Cart Abandon,Northeast,Desktop
CUST002960,2025-12-21,Organic Search,(organic),South,Mobile
CUST002961,2025-12-21,Google Ads,PMax - Skincare Prospecting,South,Mobile
CUST002962,2025-12-21,Google Ads,Search - Nonbrand Skincare,South,Desktop
CUST002963,2025-12-21,Google Ads,Search - Nonbrand Skincare,West,Mobile
CUST002964,2025-12-21,Meta Ads,Retargeting - Engaged 30d,West,Mobile
CUST002965,2025-12-21,Meta Ads,Prospecting - Lookalike 1%,Midwest,Mobile
CUST002966,2025-12-21,Organic Search,(organic),Northeast,Mobile
CUST002967,2025-12-21,Meta Ads,Prospecting - Broad,West,Mobile
CUST002968,2025-12-21,Organic Social,(organic social),Northeast,Mobile
CUST002969,2025-12-21,Google Ads,PMax - Skincare Prospecting,South,Mobile
CUST002970,2025-12-21,Meta Ads,Retargeting - Cart Abandon,Midwest,Desktop
CUST002971,2025-12-21,Unattributed,(not set),South,Desktop
CUST002972,2025-12-21,Google Ads,Shopping - Bestsellers,Midwest,Mobile
CUST002973,2025-12-21,Organic Search,(organic),Northeast,Desktop
CUST002974,2025-12-22,Meta Ads,Prospecting - Broad,Northeast,Desktop
CUST002975,2025-12-22,Google Ads,PMax - Skincare Prospecting,Midwest,Mobile
CUST002976,2025-12-22,Organic Search,(organic),Northeast,Mobile
CUST002977,2025-12-22,Google Ads,Shopping - Bestsellers,Northeast,Mobile
CUST002978,2025-12-22,Direct,(direct),West,Mobile
CUST002979,2025-12-22,Google Ads,Shopping - Bestsellers,Midwest,Mobile
CUST002980,2025-12-22,Meta Ads,Prospecting - Broad,Northeast,Mobile
CUST002981,2025-12-22,Organic Social,(organic social),Northeast,Mobile
CUST002982,2025-12-22,Meta Ads,Prospecting - Broad,West,Mobile
CUST002983,2025-12-22,Direct,(direct),Northeast,Mobile
CUST002984,2025-12-22,Meta Ads,Retargeting - Engaged 30d,Northeast,Mobile
CUST002985,2025-12-22,Organic Social,(organic social),South,Mobile
CUST002986,2025-12-22,Meta Ads,Retargeting - Engaged 30d,South,Mobile
CUST002987,2025-12-22,Google Ads,Search - Nonbrand Skincare,South,Mobile
CUST002988,2025-12-22,Meta Ads,Prospecting - Lookalike 1%,West,Mobile
CUST002989,2025-12-22,Organic Search,(organic),South,Mobile
CUST002990,2025-12-22,Google Ads,PMax - Skincare Prospecting,Midwest,Desktop
CUST002991,2025-12-22,Meta Ads,Retargeting - Cart Abandon,West,Desktop
CUST002992,2025-12-22,Organic Search,(organic),Northeast,Mobile
CUST002993,2025-12-22,Meta Ads,Prospecting - Lookalike 1%,Northeast,Desktop
CUST002994,2025-12-22,Meta Ads,Retargeting - Engaged 30d,South,Desktop
CUST002995,2025-12-22,Direct,(direct),Northeast,Mobile
CUST002996,2025-12-22,Google Ads,Shopping - Bestsellers,South,Desktop
CUST002997,2025-12-22,Meta Ads,Retargeting - Engaged 30d,Northeast,Desktop
CUST002998,2025-12-22,Meta Ads,Prospecting - Broad,South,Desktop
CUST002999,2025-12-22,Google Ads,Search - Brand,West,Mobile
CUST003000,2025-12-22,Google Ads,PMax - Skincare Prospecting,Northeast,Desktop
CUST003001,2025-12-22,Google Ads,PMax - Skincare Prospecting,West,Desktop
CUST003002,2025-12-22,Google Ads,PMax - Skincare Prospecting,West,Desktop
CUST003003,2025-12-22,Organic Search,(organic),West,Desktop
CUST003004,2025-12-22,Organic Search,(organic),South,Desktop
CUST003005,2025-12-23,Organic Search,(organic),Northeast,Desktop
CUST003006,2025-12-23,Unattributed,(not set),South,Mobile
CUST003007,2025-12-23,Direct,(direct),Midwest,Mobile
CUST003008,2025-12-23,Organic Search,(organic),West,Desktop
CUST003009,2025-12-23,Organic Search,(organic),Midwest,Mobile
CUST003010,2025-12-23,Organic Search,(organic),South,Mobile
CUST003011,2025-12-23,Meta Ads,Prospecting - Broad,West,Mobile
CUST003012,2025-12-23,Organic Search,(organic),West,Mobile
CUST003013,2025-12-23,Meta Ads,Retargeting - Cart Abandon,West,Mobile
CUST003014,2025-12-23,Organic Search,(organic),West,Mobile
CUST003015,2025-12-23,Meta Ads,Retargeting - Cart Abandon,South,Mobile
CUST003016,2025-12-23,Organic Search,(organic),South,Mobile
CUST003017,2025-12-23,Meta Ads,Prospecting - Broad,West,Mobile
CUST003018,2025-12-23,Unattributed,(not set),South,Mobile
CUST003019,2025-12-24,Google Ads,PMax - Skincare Prospecting,Midwest,Mobile
CUST003020,2025-12-24,Google Ads,PMax - Skincare Prospecting,South,Mobile
CUST003021,2025-12-24,Organic Social,(organic social),Midwest,Mobile
CUST003022,2025-12-24,Direct,(direct),Northeast,Mobile
CUST003023,2025-12-24,Google Ads,Search - Brand,West,Desktop
CUST003024,2025-12-24,Google Ads,Search - Nonbrand Skincare,South,Mobile
CUST003025,2025-12-24,Meta Ads,Prospecting - Lookalike 1%,South,Desktop
CUST003026,2025-12-24,Meta Ads,Retargeting - Cart Abandon,Midwest,Desktop
CUST003027,2025-12-24,Organic Social,(organic social),South,Mobile
CUST003028,2025-12-24,Meta Ads,Retargeting - Cart Abandon,West,Desktop
CUST003029,2025-12-24,Unattributed,(not set),Northeast,Tablet
CUST003030,2025-12-24,Direct,(direct),West,Mobile
CUST003031,2025-12-24,Meta Ads,Prospecting - Lookalike 1%,West,Desktop
CUST003032,2025-12-24,Google Ads,Shopping - Bestsellers,Northeast,Desktop
CUST003033,2025-12-24,Meta Ads,Retargeting - Cart Abandon,West,Desktop
CUST003034,2025-12-25,Meta Ads,Prospecting - Broad,South,Mobile
CUST003035,2025-12-25,Organic Search,(organic),South,Mobile
CUST003036,2025-12-25,Google Ads,Shopping - Bestsellers,Midwest,Mobile
CUST003037,2025-12-25,Google Ads,Search - Brand,West,Desktop
CUST003038,2025-12-25,Direct,(direct),Northeast,Desktop
CUST003039,2025-12-25,Direct,(direct),Northeast,Mobile
CUST003040,2025-12-25,Meta Ads,Prospecting - Broad,Midwest,Mobile
CUST003041,2025-12-25,Google Ads,PMax - Skincare Prospecting,South,Mobile
CUST003042,2025-12-25,Organic Search,(organic),South,Mobile
CUST003043,2025-12-25,Meta Ads,Retargeting - Engaged 30d,Midwest,Mobile
CUST003044,2025-12-25,Organic Social,(organic social),South,Mobile
CUST003045,2025-12-25,Meta Ads,Prospecting - Broad,South,Mobile
CUST003046,2025-12-25,Direct,(direct),Midwest,Mobile
CUST003047,2025-12-25,Meta Ads,Prospecting - Broad,Midwest,Mobile
CUST003048,2025-12-26,Google Ads,Shopping - Bestsellers,South,Desktop
CUST003049,2025-12-26,Google Ads,Search - Brand,South,Desktop
CUST003050,2025-12-26,Meta Ads,Prospecting - Lookalike 1%,Northeast,Desktop
CUST003051,2025-12-26,Google Ads,Search - Nonbrand Skincare,West,Mobile
CUST003052,2025-12-26,Meta Ads,Prospecting - Broad,Midwest,Mobile
CUST003053,2025-12-26,Direct,(direct),West,Desktop
CUST003054,2025-12-26,Direct,(direct),Midwest,Mobile
CUST003055,2025-12-26,Meta Ads,Prospecting - Lookalike 1%,South,Desktop
CUST003056,2025-12-26,Direct,(direct),Northeast,Desktop
CUST003057,2025-12-26,Google Ads,Shopping - Bestsellers,Midwest,Mobile
CUST003058,2025-12-26,Google Ads,Search - Brand,South,Mobile
CUST003059,2025-12-26,Google Ads,Search - Brand,South,Mobile
CUST003060,2025-12-26,Meta Ads,Prospecting - Lookalike 1%,South,Desktop
CUST003061,2025-12-26,Google Ads,Search - Nonbrand Skincare,Midwest,Desktop
CUST003062,2025-12-26,Meta Ads,Prospecting - Lookalike 1%,West,Mobile
CUST003063,2025-12-26,Meta Ads,Retargeting - Engaged 30d,West,Desktop
CUST003064,2025-12-26,Direct,(direct),Northeast,Mobile
CUST003065,2025-12-26,Organic Search,(organic),Northeast,Mobile
CUST003066,2025-12-26,Google Ads,Search - Brand,South,Mobile
CUST003067,2025-12-27,Organic Search,(organic),Northeast,Mobile
CUST003068,2025-12-27,Google Ads,Shopping - Bestsellers,South,Desktop
CUST003069,2025-12-27,Email/SMS,Campaign - Monthly Newsletter,West,Mobile
CUST003070,2025-12-27,Google Ads,PMax - Skincare Prospecting,Northeast,Mobile
CUST003071,2025-12-27,Organic Social,(organic social),West,Mobile
CUST003072,2025-12-27,Organic Search,(organic),Northeast,Desktop
CUST003073,2025-12-27,Direct,(direct),Northeast,Mobile
CUST003074,2025-12-27,Organic Social,(organic social),West,Mobile
CUST003075,2025-12-27,Direct,(direct),Northeast,Desktop
CUST003076,2025-12-27,Direct,(direct),South,Mobile
CUST003077,2025-12-27,Google Ads,Shopping - Bestsellers,South,Desktop
CUST003078,2025-12-27,Meta Ads,Retargeting - Cart Abandon,Midwest,Mobile
CUST003079,2025-12-27,Google Ads,PMax - Skincare Prospecting,South,Tablet
CUST003080,2025-12-27,Meta Ads,Prospecting - Broad,Midwest,Mobile
CUST003081,2025-12-27,Direct,(direct),Midwest,Desktop
CUST003082,2025-12-27,Google Ads,PMax - Skincare Prospecting,Midwest,Mobile
CUST003083,2025-12-27,Meta Ads,Prospecting - Lookalike 1%,Northeast,Tablet
CUST003084,2025-12-27,Google Ads,Search - Nonbrand Skincare,Midwest,Mobile
CUST003085,2025-12-28,Organic Search,(organic),West,Mobile
CUST003086,2025-12-28,Google Ads,Search - Nonbrand Skincare,Midwest,Mobile
CUST003087,2025-12-28,Organic Social,(organic social),South,Desktop
CUST003088,2025-12-28,Google Ads,Search - Nonbrand Skincare,Northeast,Mobile
CUST003089,2025-12-28,Organic Search,(organic),South,Mobile
CUST003090,2025-12-28,Direct,(direct),West,Mobile
CUST003091,2025-12-28,Meta Ads,Prospecting - Lookalike 1%,South,Mobile
CUST003092,2025-12-28,Google Ads,Search - Brand,South,Mobile
CUST003093,2025-12-28,Google Ads,Search - Nonbrand Skincare,Northeast,Desktop
CUST003094,2025-12-28,Organic Social,(organic social),West,Mobile
CUST003095,2025-12-28,Direct,(direct),West,Mobile
CUST003096,2025-12-28,Meta Ads,Prospecting - Broad,South,Desktop
CUST003097,2025-12-28,Organic Search,(organic),West,Mobile
CUST003098,2025-12-28,Organic Social,(organic social),Northeast,Desktop
CUST003099,2025-12-28,Google Ads,Search - Brand,South,Desktop
CUST003100,2025-12-29,Meta Ads,Prospecting - Broad,South,Mobile
CUST003101,2025-12-29,Email/SMS,Campaign - Monthly Newsletter,Midwest,Desktop
CUST003102,2025-12-29,Unattributed,(not set),South,Mobile
CUST003103,2025-12-29,Google Ads,PMax - Skincare Prospecting,Midwest,Tablet
CUST003104,2025-12-29,Unattributed,(not set),South,Tablet
CUST003105,2025-12-29,Meta Ads,Retargeting - Engaged 30d,West,Mobile
CUST003106,2025-12-29,Direct,(direct),West,Desktop
CUST003107,2025-12-29,Google Ads,Search - Nonbrand Skincare,Midwest,Desktop
CUST003108,2025-12-29,Meta Ads,Retargeting - Cart Abandon,Midwest,Desktop
CUST003109,2025-12-29,Meta Ads,Prospecting - Lookalike 1%,Midwest,Desktop
CUST003110,2025-12-29,Google Ads,Search - Nonbrand Skincare,South,Mobile
CUST003111,2025-12-29,Organic Social,(organic social),West,Mobile
CUST003112,2025-12-29,Direct,(direct),Northeast,Mobile
CUST003113,2025-12-29,Meta Ads,Retargeting - Cart Abandon,Midwest,Mobile
CUST003114,2025-12-29,Unattributed,(not set),West,Mobile
CUST003115,2025-12-30,Organic Social,(organic social),Midwest,Desktop
CUST003116,2025-12-30,Meta Ads,Prospecting - Lookalike 1%,South,Desktop
CUST003117,2025-12-30,Organic Search,(organic),South,Desktop
CUST003118,2025-12-30,Meta Ads,Prospecting - Lookalike 1%,South,Mobile
CUST003119,2025-12-30,Meta Ads,Retargeting - Engaged 30d,South,Tablet
CUST003120,2025-12-30,Google Ads,Search - Nonbrand Skincare,West,Mobile
CUST003121,2025-12-30,Meta Ads,Prospecting - Lookalike 1%,Northeast,Mobile
CUST003122,2025-12-30,Meta Ads,Retargeting - Cart Abandon,West,Mobile
CUST003123,2025-12-30,Organic Search,(organic),Midwest,Mobile
CUST003124,2025-12-30,Google Ads,Shopping - Bestsellers,Midwest,Desktop
CUST003125,2025-12-30,Meta Ads,Retargeting - Engaged 30d,South,Tablet
CUST003126,2025-12-30,Meta Ads,Prospecting - Lookalike 1%,Northeast,Mobile
CUST003127,2025-12-30,Email/SMS,Campaign - Monthly Newsletter,West,Mobile
CUST003128,2025-12-30,Direct,(direct),West,Mobile
CUST003129,2025-12-30,Google Ads,Search - Nonbrand Skincare,Northeast,Mobile
CUST003130,2025-12-30,Direct,(direct),West,Desktop
CUST003131,2025-12-30,Organic Social,(organic social),South,Mobile
CUST003132,2025-12-30,Google Ads,Shopping - Bestsellers,Northeast,Tablet
CUST003133,2025-12-30,Google Ads,Search - Nonbrand Skincare,West,Tablet
CUST003134,2025-12-31,Meta Ads,Prospecting - Broad,Northeast,Desktop
CUST003135,2025-12-31,Meta Ads,Prospecting - Lookalike 1%,West,Mobile
CUST003136,2025-12-31,Meta Ads,Prospecting - Broad,South,Desktop
CUST003137,2025-12-31,Google Ads,Search - Brand,Midwest,Mobile
CUST003138,2025-12-31,Organic Search,(organic),Midwest,Mobile
CUST003139,2025-12-31,Google Ads,Search - Nonbrand Skincare,Midwest,Desktop
CUST003140,2025-12-31,Email/SMS,Flow - Abandoned Cart,Midwest,Desktop
CUST003141,2025-12-31,Meta Ads,Prospecting - Lookalike 1%,South,Mobile
CUST003142,2025-12-31,Meta Ads,Retargeting - Engaged 30d,West,Mobile
CUST003143,2025-12-31,Meta Ads,Prospecting - Broad,Northeast,Desktop
CUST003144,2025-12-31,Organic Search,(organic),South,Desktop
CUST003145,2025-12-31,Organic Social,(organic social),West,Desktop
CUST003146,2025-12-31,Organic Search,(organic),Northeast,Desktop
CUST003147,2025-12-31,Organic Search,(organic),Northeast,Mobile
CUST003148,2025-12-31,Google Ads,Search - Brand,South,Mobile
CUST003149,2026-01-01,Meta Ads,Retargeting - Engaged 30d,Midwest,Mobile
CUST003150,2026-01-01,Meta Ads,Retargeting - Engaged 30d,Northeast,Desktop
CUST003151,2026-01-01,Google Ads,Search - Brand,Midwest,Mobile
CUST003152,2026-01-01,Organic Social,(organic social),West,Mobile
CUST003153,2026-01-01,Google Ads,PMax - Skincare Prospecting,South,Desktop
CUST003154,2026-01-01,Meta Ads,Prospecting - Lookalike 1%,West,Desktop
CUST003155,2026-01-01,Google Ads,Search - Nonbrand Skincare,Northeast,Tablet
CUST003156,2026-01-01,Google Ads,Search - Brand,South,Desktop
CUST003157,2026-01-01,Google Ads,Shopping - Bestsellers,South,Mobile
CUST003158,2026-01-01,Google Ads,Search - Nonbrand Skincare,Midwest,Tablet
CUST003159,2026-01-01,Google Ads,Search - Nonbrand Skincare,Midwest,Desktop
CUST003160,2026-01-01,Meta Ads,Prospecting - Broad,South,Desktop
CUST003161,2026-01-01,Organic Search,(organic),Northeast,Desktop
CUST003162,2026-01-01,Organic Social,(organic social),South,Mobile
CUST003163,2026-01-01,Google Ads,Search - Nonbrand Skincare,Midwest,Desktop
CUST003164,2026-01-01,Organic Search,(organic),West,Mobile
CUST003165,2026-01-01,Meta Ads,Retargeting - Cart Abandon,Northeast,Mobile
CUST003166,2026-01-01,Meta Ads,Prospecting - Broad,Midwest,Mobile
CUST003167,2026-01-02,Organic Social,(organic social),Northeast,Mobile
CUST003168,2026-01-02,Direct,(direct),South,Desktop
CUST003169,2026-01-02,Organic Social,(organic social),West,Tablet
CUST003170,2026-01-02,Meta Ads,Prospecting - Broad,West,Mobile
CUST003171,2026-01-02,Direct,(direct),West,Desktop
CUST003172,2026-01-02,Organic Search,(organic),Northeast,Mobile
CUST003173,2026-01-02,Meta Ads,Prospecting - Lookalike 1%,West,Desktop
CUST003174,2026-01-02,Google Ads,PMax - Skincare Prospecting,South,Mobile
CUST003175,2026-01-02,Organic Search,(organic),South,Desktop
CUST003176,2026-01-02,Google Ads,Search - Brand,Northeast,Mobile
CUST003177,2026-01-02,Google Ads,Search - Nonbrand Skincare,South,Desktop
CUST003178,2026-01-02,Organic Search,(organic),Midwest,Desktop
CUST003179,2026-01-02,Organic Social,(organic social),West,Mobile
CUST003180,2026-01-02,Meta Ads,Prospecting - Lookalike 1%,Northeast,Mobile
CUST003181,2026-01-02,Unattributed,(not set),West,Mobile
CUST003182,2026-01-02,Google Ads,Search - Brand,West,Mobile
CUST003183,2026-01-02,Meta Ads,Retargeting - Engaged 30d,Northeast,Mobile
CUST003184,2026-01-03,Google Ads,Search - Brand,West,Mobile
CUST003185,2026-01-03,Meta Ads,Prospecting - Broad,West,Mobile
CUST003186,2026-01-03,Organic Social,(organic social),West,Mobile
CUST003187,2026-01-03,Direct,(direct),South,Desktop
CUST003188,2026-01-03,Unattributed,(not set),West,Desktop
CUST003189,2026-01-03,Meta Ads,Retargeting - Engaged 30d,Midwest,Desktop
CUST003190,2026-01-03,Google Ads,Shopping - Bestsellers,Northeast,Mobile
CUST003191,2026-01-03,Meta Ads,Retargeting - Engaged 30d,West,Tablet
CUST003192,2026-01-03,Organic Search,(organic),South,Mobile
CUST003193,2026-01-03,Direct,(direct),Northeast,Mobile
CUST003194,2026-01-03,Organic Search,(organic),Midwest,Desktop
CUST003195,2026-01-03,Meta Ads,Retargeting - Engaged 30d,Northeast,Mobile
CUST003196,2026-01-03,Meta Ads,Prospecting - Lookalike 1%,Midwest,Desktop
CUST003197,2026-01-03,Organic Social,(organic social),Midwest,Mobile
CUST003198,2026-01-03,Organic Search,(organic),South,Mobile
CUST003199,2026-01-03,Google Ads,Search - Nonbrand Skincare,Northeast,Desktop
CUST003200,2026-01-03,Google Ads,Search - Nonbrand Skincare,Northeast,Desktop
CUST003201,2026-01-04,Meta Ads,Retargeting - Engaged 30d,Midwest,Mobile
CUST003202,2026-01-04,Organic Social,(organic social),West,Mobile
CUST003203,2026-01-04,Meta Ads,Retargeting - Cart Abandon,Midwest,Mobile
CUST003204,2026-01-04,Meta Ads,Retargeting - Cart Abandon,South,Mobile
CUST003205,2026-01-04,Direct,(direct),Midwest,Mobile
CUST003206,2026-01-04,Google Ads,PMax - Skincare Prospecting,Northeast,Desktop
CUST003207,2026-01-04,Direct,(direct),South,Mobile
CUST003208,2026-01-04,Email/SMS,Campaign - Monthly Newsletter,Midwest,Mobile
CUST003209,2026-01-04,Meta Ads,Retargeting - Cart Abandon,Midwest,Mobile
CUST003210,2026-01-04,Unattributed,(not set),Northeast,Mobile
CUST003211,2026-01-04,Google Ads,PMax - Skincare Prospecting,South,Desktop
CUST003212,2026-01-04,Email/SMS,Campaign - Monthly Newsletter,West,Mobile
CUST003213,2026-01-04,Organic Search,(organic),West,Desktop
CUST003214,2026-01-04,Google Ads,Shopping - Bestsellers,West,Mobile
CUST003215,2026-01-04,Meta Ads,Prospecting - Lookalike 1%,Northeast,Desktop
CUST003216,2026-01-04,Organic Search,(organic),South,Mobile
CUST003217,2026-01-04,Organic Search,(organic),West,Desktop
CUST003218,2026-01-04,Meta Ads,Retargeting - Engaged 30d,Northeast,Mobile
CUST003219,2026-01-05,Meta Ads,Prospecting - Lookalike 1%,West,Tablet
CUST003220,2026-01-05,Google Ads,Shopping - Bestsellers,West,Mobile
CUST003221,2026-01-05,Google Ads,Search - Nonbrand Skincare,South,Desktop
CUST003222,2026-01-05,Organic Search,(organic),Midwest,Mobile
CUST003223,2026-01-05,Google Ads,Shopping - Bestsellers,Midwest,Mobile
CUST003224,2026-01-05,Meta Ads,Prospecting - Broad,Northeast,Desktop
CUST003225,2026-01-05,Google Ads,Search - Nonbrand Skincare,West,Desktop
CUST003226,2026-01-05,Meta Ads,Prospecting - Lookalike 1%,South,Desktop
CUST003227,2026-01-05,Google Ads,Shopping - Bestsellers,South,Mobile
CUST003228,2026-01-05,Organic Search,(organic),South,Mobile
CUST003229,2026-01-05,Organic Search,(organic),South,Mobile
CUST003230,2026-01-05,Email/SMS,Flow - Welcome Series,South,Mobile
CUST003231,2026-01-05,Google Ads,PMax - Skincare Prospecting,West,Mobile
CUST003232,2026-01-06,Google Ads,PMax - Skincare Prospecting,South,Mobile
CUST003233,2026-01-06,Meta Ads,Retargeting - Engaged 30d,West,Mobile
CUST003234,2026-01-06,Organic Search,(organic),West,Mobile
CUST003235,2026-01-06,Organic Social,(organic social),South,Mobile
CUST003236,2026-01-06,Email/SMS,Flow - Post Purchase Winback,South,Mobile
CUST003237,2026-01-06,Google Ads,Search - Brand,South,Desktop
CUST003238,2026-01-06,Meta Ads,Retargeting - Cart Abandon,Midwest,Desktop
CUST003239,2026-01-06,Google Ads,Search - Brand,South,Mobile
CUST003240,2026-01-06,Meta Ads,Prospecting - Lookalike 1%,West,Desktop
CUST003241,2026-01-06,Meta Ads,Prospecting - Broad,Northeast,Desktop
CUST003242,2026-01-06,Meta Ads,Prospecting - Lookalike 1%,West,Mobile
CUST003243,2026-01-06,Meta Ads,Prospecting - Lookalike 1%,Midwest,Mobile
CUST003244,2026-01-06,Organic Search,(organic),South,Desktop
CUST003245,2026-01-06,Organic Social,(organic social),West,Desktop
CUST003246,2026-01-06,Meta Ads,Retargeting - Engaged 30d,Midwest,Mobile
CUST003247,2026-01-06,Google Ads,Search - Brand,South,Desktop
CUST003248,2026-01-07,Organic Social,(organic social),Midwest,Desktop
CUST003249,2026-01-07,Meta Ads,Retargeting - Cart Abandon,South,Tablet
CUST003250,2026-01-07,Google Ads,PMax - Skincare Prospecting,South,Mobile
CUST003251,2026-01-07,Meta Ads,Prospecting - Lookalike 1%,Midwest,Desktop
CUST003252,2026-01-07,Unattributed,(not set),Midwest,Tablet
CUST003253,2026-01-07,Organic Search,(organic),Northeast,Desktop
CUST003254,2026-01-07,Meta Ads,Prospecting - Lookalike 1%,South,Mobile
CUST003255,2026-01-07,Organic Search,(organic),West,Desktop
CUST003256,2026-01-07,Meta Ads,Retargeting - Engaged 30d,Midwest,Mobile
CUST003257,2026-01-07,Direct,(direct),Northeast,Desktop
CUST003258,2026-01-07,Direct,(direct),Northeast,Mobile
CUST003259,2026-01-07,Organic Search,(organic),West,Desktop
CUST003260,2026-01-07,Organic Social,(organic social),Northeast,Mobile
CUST003261,2026-01-07,Google Ads,Shopping - Bestsellers,West,Mobile
CUST003262,2026-01-07,Meta Ads,Retargeting - Engaged 30d,West,Desktop
CUST003263,2026-01-08,Organic Search,(organic),South,Mobile
CUST003264,2026-01-08,Organic Search,(organic),Midwest,Mobile
CUST003265,2026-01-08,Google Ads,PMax - Skincare Prospecting,Northeast,Mobile
CUST003266,2026-01-08,Meta Ads,Retargeting - Engaged 30d,Midwest,Mobile
CUST003267,2026-01-08,Google Ads,Search - Brand,South,Mobile
CUST003268,2026-01-08,Google Ads,PMax - Skincare Prospecting,Northeast,Mobile
CUST003269,2026-01-08,Organic Social,(organic social),Midwest,Mobile
CUST003270,2026-01-08,Direct,(direct),Midwest,Mobile
CUST003271,2026-01-08,Google Ads,Search - Nonbrand Skincare,South,Desktop
CUST003272,2026-01-08,Meta Ads,Retargeting - Cart Abandon,Midwest,Desktop
CUST003273,2026-01-08,Direct,(direct),Northeast,Mobile
CUST003274,2026-01-08,Meta Ads,Retargeting - Engaged 30d,South,Mobile
CUST003275,2026-01-08,Organic Search,(organic),South,Mobile
CUST003276,2026-01-08,Meta Ads,Prospecting - Lookalike 1%,South,Desktop
CUST003277,2026-01-08,Google Ads,Search - Nonbrand Skincare,Northeast,Desktop
CUST003278,2026-01-08,Direct,(direct),Midwest,Mobile
CUST003279,2026-01-08,Meta Ads,Retargeting - Engaged 30d,South,Desktop
CUST003280,2026-01-08,Organic Social,(organic social),Midwest,Mobile
CUST003281,2026-01-08,Google Ads,Shopping - Bestsellers,South,Desktop
CUST003282,2026-01-08,Google Ads,Shopping - Bestsellers,Midwest,Mobile
CUST003283,2026-01-08,Google Ads,Search - Nonbrand Skincare,South,Mobile
CUST003284,2026-01-08,Meta Ads,Retargeting - Cart Abandon,West,Desktop
CUST003285,2026-01-08,Meta Ads,Prospecting - Broad,South,Desktop
CUST003286,2026-01-09,Google Ads,PMax - Skincare Prospecting,South,Desktop
CUST003287,2026-01-09,Meta Ads,Prospecting - Broad,South,Desktop
CUST003288,2026-01-09,Google Ads,Shopping - Bestsellers,Midwest,Mobile
CUST003289,2026-01-09,Google Ads,Shopping - Bestsellers,West,Mobile
CUST003290,2026-01-09,Google Ads,Shopping - Bestsellers,South,Mobile
CUST003291,2026-01-09,Organic Social,(organic social),Midwest,Mobile
CUST003292,2026-01-09,Meta Ads,Retargeting - Engaged 30d,Midwest,Desktop
CUST003293,2026-01-09,Meta Ads,Retargeting - Cart Abandon,Northeast,Desktop
CUST003294,2026-01-09,Organic Search,(organic),Northeast,Desktop
CUST003295,2026-01-09,Organic Search,(organic),West,Mobile
CUST003296,2026-01-09,Direct,(direct),Northeast,Mobile
CUST003297,2026-01-09,Organic Social,(organic social),Midwest,Desktop
CUST003298,2026-01-09,Organic Social,(organic social),Northeast,Mobile
CUST003299,2026-01-09,Direct,(direct),West,Desktop
CUST003300,2026-01-09,Google Ads,Search - Brand,South,Desktop
CUST003301,2026-01-09,Meta Ads,Prospecting - Lookalike 1%,West,Mobile
CUST003302,2026-01-09,Google Ads,Search - Brand,West,Mobile
CUST003303,2026-01-09,Google Ads,Shopping - Bestsellers,South,Tablet
CUST003304,2026-01-09,Meta Ads,Prospecting - Lookalike 1%,South,Desktop
CUST003305,2026-01-09,Meta Ads,Prospecting - Lookalike 1%,South,Mobile
CUST003306,2026-01-09,Google Ads,Search - Brand,South,Mobile
CUST003307,2026-01-10,Organic Social,(organic social),Midwest,Desktop
CUST003308,2026-01-10,Google Ads,PMax - Skincare Prospecting,Midwest,Mobile
CUST003309,2026-01-10,Organic Search,(organic),West,Mobile
CUST003310,2026-01-10,Meta Ads,Prospecting - Broad,Northeast,Mobile
CUST003311,2026-01-10,Organic Search,(organic),Northeast,Desktop
CUST003312,2026-01-10,Google Ads,PMax - Skincare Prospecting,South,Mobile
CUST003313,2026-01-10,Google Ads,PMax - Skincare Prospecting,West,Mobile
CUST003314,2026-01-10,Google Ads,Search - Nonbrand Skincare,West,Desktop
CUST003315,2026-01-10,Meta Ads,Prospecting - Broad,South,Mobile
CUST003316,2026-01-10,Meta Ads,Prospecting - Broad,Midwest,Mobile
CUST003317,2026-01-10,Google Ads,Search - Nonbrand Skincare,West,Mobile
CUST003318,2026-01-10,Direct,(direct),Midwest,Desktop
CUST003319,2026-01-10,Organic Search,(organic),South,Desktop
CUST003320,2026-01-10,Google Ads,PMax - Skincare Prospecting,West,Mobile
CUST003321,2026-01-10,Direct,(direct),Midwest,Mobile
CUST003322,2026-01-10,Organic Search,(organic),Midwest,Mobile
CUST003323,2026-01-10,Meta Ads,Prospecting - Broad,Northeast,Mobile
CUST003324,2026-01-10,Organic Social,(organic social),West,Mobile
CUST003325,2026-01-10,Meta Ads,Prospecting - Lookalike 1%,West,Mobile
CUST003326,2026-01-10,Email/SMS,Flow - Post Purchase Winback,South,Mobile
CUST003327,2026-01-10,Google Ads,PMax - Skincare Prospecting,West,Mobile
CUST003328,2026-01-10,Direct,(direct),Midwest,Mobile
CUST003329,2026-01-10,Meta Ads,Prospecting - Broad,West,Mobile
CUST003330,2026-01-10,Meta Ads,Prospecting - Broad,Northeast,Mobile
CUST003331,2026-01-10,Organic Search,(organic),West,Desktop
CUST003332,2026-01-10,Meta Ads,Prospecting - Lookalike 1%,West,Mobile
CUST003333,2026-01-10,Direct,(direct),Midwest,Mobile
CUST003334,2026-01-10,Meta Ads,Retargeting - Cart Abandon,West,Mobile
CUST003335,2026-01-10,Google Ads,Search - Nonbrand Skincare,West,Mobile
CUST003336,2026-01-11,Organic Search,(organic),South,Desktop
CUST003337,2026-01-11,Meta Ads,Prospecting - Broad,West,Mobile
CUST003338,2026-01-11,Meta Ads,Retargeting - Engaged 30d,Midwest,Mobile
CUST003339,2026-01-11,Meta Ads,Prospecting - Lookalike 1%,Northeast,Mobile
CUST003340,2026-01-11,Google Ads,Search - Nonbrand Skincare,South,Mobile
CUST003341,2026-01-11,Google Ads,Shopping - Bestsellers,Northeast,Desktop
CUST003342,2026-01-11,Google Ads,Shopping - Bestsellers,South,Mobile
CUST003343,2026-01-11,Organic Search,(organic),Northeast,Tablet
CUST003344,2026-01-11,Direct,(direct),West,Desktop
CUST003345,2026-01-11,Organic Search,(organic),Northeast,Mobile
CUST003346,2026-01-11,Google Ads,Search - Nonbrand Skincare,West,Mobile
CUST003347,2026-01-11,Meta Ads,Prospecting - Broad,West,Mobile
CUST003348,2026-01-11,Meta Ads,Retargeting - Engaged 30d,South,Desktop
CUST003349,2026-01-11,Meta Ads,Retargeting - Engaged 30d,Midwest,Mobile
CUST003350,2026-01-11,Meta Ads,Retargeting - Cart Abandon,Midwest,Mobile
CUST003351,2026-01-11,Direct,(direct),Midwest,Mobile
CUST003352,2026-01-11,Google Ads,Shopping - Bestsellers,Northeast,Desktop
CUST003353,2026-01-11,Google Ads,PMax - Skincare Prospecting,West,Mobile
CUST003354,2026-01-11,Google Ads,PMax - Skincare Prospecting,West,Desktop
CUST003355,2026-01-11,Direct,(direct),Northeast,Desktop
CUST003356,2026-01-11,Organic Search,(organic),Northeast,Mobile
CUST003357,2026-01-12,Google Ads,Search - Nonbrand Skincare,Midwest,Mobile
CUST003358,2026-01-12,Google Ads,Search - Brand,Midwest,Desktop
CUST003359,2026-01-12,Organic Social,(organic social),West,Desktop
CUST003360,2026-01-12,Meta Ads,Retargeting - Engaged 30d,Midwest,Mobile
CUST003361,2026-01-12,Organic Social,(organic social),Midwest,Desktop
CUST003362,2026-01-12,Direct,(direct),West,Desktop
CUST003363,2026-01-12,Google Ads,Shopping - Bestsellers,Northeast,Desktop
CUST003364,2026-01-12,Google Ads,PMax - Skincare Prospecting,Midwest,Mobile
CUST003365,2026-01-12,Organic Social,(organic social),Midwest,Mobile
CUST003366,2026-01-12,Meta Ads,Prospecting - Lookalike 1%,Midwest,Desktop
CUST003367,2026-01-12,Google Ads,PMax - Skincare Prospecting,South,Desktop
CUST003368,2026-01-12,Meta Ads,Prospecting - Broad,Northeast,Mobile
CUST003369,2026-01-12,Google Ads,Search - Brand,South,Mobile
CUST003370,2026-01-12,Direct,(direct),Midwest,Mobile
CUST003371,2026-01-12,Meta Ads,Retargeting - Engaged 30d,Northeast,Mobile
CUST003372,2026-01-12,Google Ads,Search - Nonbrand Skincare,West,Desktop
CUST003373,2026-01-12,Google Ads,PMax - Skincare Prospecting,South,Tablet
CUST003374,2026-01-12,Unattributed,(not set),South,Desktop
CUST003375,2026-01-12,Google Ads,Shopping - Bestsellers,Midwest,Mobile
CUST003376,2026-01-13,Organic Search,(organic),Northeast,Mobile
CUST003377,2026-01-13,Organic Search,(organic),South,Mobile
CUST003378,2026-01-13,Meta Ads,Prospecting - Broad,Northeast,Tablet
CUST003379,2026-01-13,Meta Ads,Retargeting - Cart Abandon,Midwest,Mobile
CUST003380,2026-01-13,Meta Ads,Retargeting - Engaged 30d,South,Mobile
CUST003381,2026-01-13,Meta Ads,Prospecting - Lookalike 1%,South,Mobile
CUST003382,2026-01-13,Unattributed,(not set),South,Mobile
CUST003383,2026-01-13,Meta Ads,Prospecting - Lookalike 1%,Midwest,Mobile
CUST003384,2026-01-13,Organic Search,(organic),South,Mobile
CUST003385,2026-01-13,Google Ads,Search - Nonbrand Skincare,West,Desktop
CUST003386,2026-01-13,Organic Search,(organic),South,Mobile
CUST003387,2026-01-13,Google Ads,PMax - Skincare Prospecting,South,Mobile
CUST003388,2026-01-13,Organic Search,(organic),South,Mobile
CUST003389,2026-01-13,Organic Search,(organic),South,Tablet
CUST003390,2026-01-13,Google Ads,Search - Nonbrand Skincare,Midwest,Mobile
CUST003391,2026-01-13,Meta Ads,Prospecting - Lookalike 1%,Northeast,Mobile
CUST003392,2026-01-13,Meta Ads,Prospecting - Broad,South,Desktop
CUST003393,2026-01-13,Organic Search,(organic),Midwest,Mobile
CUST003394,2026-01-13,Google Ads,Search - Brand,Midwest,Desktop
CUST003395,2026-01-13,Google Ads,Shopping - Bestsellers,West,Desktop
CUST003396,2026-01-14,Direct,(direct),West,Mobile
CUST003397,2026-01-14,Organic Search,(organic),South,Desktop
CUST003398,2026-01-14,Meta Ads,Retargeting - Cart Abandon,South,Mobile
CUST003399,2026-01-14,Meta Ads,Prospecting - Lookalike 1%,South,Desktop
CUST003400,2026-01-14,Direct,(direct),Midwest,Mobile
CUST003401,2026-01-14,Direct,(direct),South,Mobile
CUST003402,2026-01-14,Google Ads,Search - Nonbrand Skincare,West,Desktop
CUST003403,2026-01-14,Meta Ads,Retargeting - Engaged 30d,Northeast,Mobile
CUST003404,2026-01-14,Google Ads,PMax - Skincare Prospecting,South,Desktop
CUST003405,2026-01-14,Meta Ads,Prospecting - Lookalike 1%,South,Mobile
CUST003406,2026-01-14,Google Ads,Search - Nonbrand Skincare,South,Desktop
CUST003407,2026-01-14,Google Ads,Search - Brand,West,Mobile
CUST003408,2026-01-14,Meta Ads,Prospecting - Lookalike 1%,South,Mobile
CUST003409,2026-01-14,Meta Ads,Prospecting - Lookalike 1%,South,Mobile
CUST003410,2026-01-14,Unattributed,(not set),West,Desktop
CUST003411,2026-01-14,Organic Search,(organic),South,Mobile
CUST003412,2026-01-14,Meta Ads,Prospecting - Lookalike 1%,West,Mobile
CUST003413,2026-01-15,Meta Ads,Retargeting - Cart Abandon,South,Mobile
CUST003414,2026-01-15,Direct,(direct),Northeast,Desktop
CUST003415,2026-01-15,Meta Ads,Prospecting - Lookalike 1%,West,Mobile
CUST003416,2026-01-15,Organic Search,(organic),South,Mobile
CUST003417,2026-01-15,Google Ads,Search - Brand,South,Desktop
CUST003418,2026-01-15,Meta Ads,Retargeting - Engaged 30d,South,Mobile
CUST003419,2026-01-15,Google Ads,PMax - Skincare Prospecting,Northeast,Desktop
CUST003420,2026-01-15,Direct,(direct),Midwest,Mobile
CUST003421,2026-01-15,Meta Ads,Prospecting - Broad,West,Mobile
CUST003422,2026-01-15,Direct,(direct),Midwest,Mobile
CUST003423,2026-01-15,Organic Search,(organic),South,Desktop
CUST003424,2026-01-15,Meta Ads,Prospecting - Lookalike 1%,South,Mobile
CUST003425,2026-01-15,Meta Ads,Prospecting - Broad,Midwest,Mobile
CUST003426,2026-01-15,Meta Ads,Prospecting - Lookalike 1%,West,Mobile
CUST003427,2026-01-15,Organic Social,(organic social),South,Mobile
CUST003428,2026-01-15,Google Ads,PMax - Skincare Prospecting,West,Mobile
CUST003429,2026-01-15,Google Ads,Search - Brand,West,Mobile
CUST003430,2026-01-15,Google Ads,Search - Brand,Northeast,Desktop
CUST003431,2026-01-15,Meta Ads,Retargeting - Cart Abandon,West,Desktop
CUST003432,2026-01-15,Organic Search,(organic),South,Desktop
CUST003433,2026-01-15,Meta Ads,Retargeting - Engaged 30d,South,Mobile
CUST003434,2026-01-15,Email/SMS,Flow - Post Purchase Winback,Midwest,Desktop
CUST003435,2026-01-16,Google Ads,Shopping - Bestsellers,West,Tablet
CUST003436,2026-01-16,Google Ads,PMax - Skincare Prospecting,Northeast,Desktop
CUST003437,2026-01-16,Meta Ads,Prospecting - Broad,West,Mobile
CUST003438,2026-01-16,Organic Search,(organic),West,Mobile
CUST003439,2026-01-16,Meta Ads,Prospecting - Lookalike 1%,Midwest,Desktop
CUST003440,2026-01-16,Meta Ads,Retargeting - Engaged 30d,Northeast,Mobile
CUST003441,2026-01-16,Meta Ads,Retargeting - Cart Abandon,West,Desktop
CUST003442,2026-01-16,Organic Search,(organic),West,Desktop
CUST003443,2026-01-16,Meta Ads,Retargeting - Engaged 30d,Northeast,Mobile
CUST003444,2026-01-16,Google Ads,Shopping - Bestsellers,Northeast,Mobile
CUST003445,2026-01-16,Organic Search,(organic),South,Mobile
CUST003446,2026-01-16,Unattributed,(not set),South,Mobile
CUST003447,2026-01-16,Meta Ads,Prospecting - Lookalike 1%,Northeast,Mobile
CUST003448,2026-01-16,Meta Ads,Retargeting - Engaged 30d,South,Mobile
CUST003449,2026-01-16,Google Ads,Shopping - Bestsellers,South,Mobile
CUST003450,2026-01-16,Direct,(direct),West,Tablet
CUST003451,2026-01-16,Organic Search,(organic),West,Mobile
CUST003452,2026-01-16,Meta Ads,Retargeting - Cart Abandon,West,Mobile
CUST003453,2026-01-16,Google Ads,PMax - Skincare Prospecting,South,Desktop
CUST003454,2026-01-16,Meta Ads,Prospecting - Broad,West,Mobile
CUST003455,2026-01-16,Organic Social,(organic social),South,Mobile
CUST003456,2026-01-16,Organic Search,(organic),South,Desktop
CUST003457,2026-01-16,Organic Social,(organic social),South,Desktop
CUST003458,2026-01-16,Organic Search,(organic),Midwest,Mobile
CUST003459,2026-01-16,Meta Ads,Prospecting - Lookalike 1%,West,Mobile
CUST003460,2026-01-17,Organic Search,(organic),Midwest,Tablet
CUST003461,2026-01-17,Organic Search,(organic),Northeast,Mobile
CUST003462,2026-01-17,Google Ads,Shopping - Bestsellers,Midwest,Desktop
CUST003463,2026-01-17,Organic Search,(organic),Midwest,Mobile
CUST003464,2026-01-17,Meta Ads,Prospecting - Lookalike 1%,Northeast,Mobile
CUST003465,2026-01-17,Direct,(direct),Midwest,Mobile
CUST003466,2026-01-17,Google Ads,Search - Nonbrand Skincare,West,Desktop
CUST003467,2026-01-17,Organic Search,(organic),Northeast,Desktop
CUST003468,2026-01-17,Meta Ads,Prospecting - Broad,Northeast,Tablet
CUST003469,2026-01-17,Direct,(direct),Midwest,Mobile
CUST003470,2026-01-17,Direct,(direct),Northeast,Mobile
CUST003471,2026-01-17,Meta Ads,Retargeting - Cart Abandon,Northeast,Mobile
CUST003472,2026-01-17,Organic Search,(organic),Midwest,Mobile
CUST003473,2026-01-17,Meta Ads,Retargeting - Engaged 30d,Midwest,Tablet
CUST003474,2026-01-17,Google Ads,PMax - Skincare Prospecting,Northeast,Mobile
CUST003475,2026-01-17,Organic Search,(organic),South,Desktop
CUST003476,2026-01-17,Direct,(direct),South,Mobile
CUST003477,2026-01-17,Google Ads,Shopping - Bestsellers,South,Mobile
CUST003478,2026-01-17,Organic Search,(organic),South,Desktop
CUST003479,2026-01-17,Email/SMS,Flow - Abandoned Cart,Midwest,Mobile
CUST003480,2026-01-17,Meta Ads,Retargeting - Cart Abandon,South,Mobile
CUST003481,2026-01-17,Meta Ads,Prospecting - Lookalike 1%,South,Desktop
CUST003482,2026-01-17,Google Ads,PMax - Skincare Prospecting,South,Desktop
CUST003483,2026-01-18,Unattributed,(not set),Midwest,Desktop
CUST003484,2026-01-18,Google Ads,PMax - Skincare Prospecting,Midwest,Desktop
CUST003485,2026-01-18,Direct,(direct),Northeast,Mobile
CUST003486,2026-01-18,Email/SMS,Campaign - Monthly Newsletter,Northeast,Desktop
CUST003487,2026-01-18,Meta Ads,Retargeting - Engaged 30d,Northeast,Mobile
CUST003488,2026-01-18,Organic Search,(organic),Northeast,Mobile
CUST003489,2026-01-18,Meta Ads,Prospecting - Broad,West,Desktop
CUST003490,2026-01-18,Google Ads,Shopping - Bestsellers,South,Desktop
CUST003491,2026-01-18,Direct,(direct),South,Mobile
CUST003492,2026-01-18,Direct,(direct),Northeast,Desktop
CUST003493,2026-01-18,Google Ads,PMax - Skincare Prospecting,South,Desktop
CUST003494,2026-01-18,Organic Search,(organic),Northeast,Desktop
CUST003495,2026-01-18,Google Ads,Search - Brand,South,Mobile
CUST003496,2026-01-18,Organic Search,(organic),South,Mobile
CUST003497,2026-01-18,Direct,(direct),West,Mobile
CUST003498,2026-01-18,Google Ads,Shopping - Bestsellers,South,Desktop
CUST003499,2026-01-18,Google Ads,Search - Brand,West,Desktop
CUST003500,2026-01-19,Direct,(direct),Midwest,Desktop
CUST003501,2026-01-19,Direct,(direct),South,Mobile
CUST003502,2026-01-19,Meta Ads,Retargeting - Engaged 30d,South,Desktop
CUST003503,2026-01-19,Meta Ads,Prospecting - Lookalike 1%,South,Mobile
CUST003504,2026-01-19,Google Ads,Shopping - Bestsellers,Midwest,Mobile
CUST003505,2026-01-19,Email/SMS,Flow - Post Purchase Winback,West,Mobile
CUST003506,2026-01-19,Meta Ads,Retargeting - Cart Abandon,West,Desktop
CUST003507,2026-01-19,Meta Ads,Prospecting - Broad,South,Desktop
CUST003508,2026-01-19,Organic Social,(organic social),Northeast,Mobile
CUST003509,2026-01-19,Google Ads,PMax - Skincare Prospecting,West,Desktop
CUST003510,2026-01-19,Organic Search,(organic),West,Mobile
CUST003511,2026-01-19,Meta Ads,Retargeting - Engaged 30d,South,Desktop
CUST003512,2026-01-19,Unattributed,(not set),West,Mobile
CUST003513,2026-01-19,Meta Ads,Prospecting - Lookalike 1%,West,Desktop
CUST003514,2026-01-19,Unattributed,(not set),Midwest,Tablet
CUST003515,2026-01-20,Organic Search,(organic),Northeast,Mobile
CUST003516,2026-01-20,Meta Ads,Retargeting - Cart Abandon,West,Desktop
CUST003517,2026-01-20,Organic Search,(organic),Northeast,Mobile
CUST003518,2026-01-20,Google Ads,Shopping - Bestsellers,West,Mobile
CUST003519,2026-01-20,Organic Search,(organic),West,Tablet
CUST003520,2026-01-20,Email/SMS,Flow - Welcome Series,South,Mobile
CUST003521,2026-01-20,Google Ads,Search - Brand,South,Mobile
CUST003522,2026-01-20,Google Ads,Shopping - Bestsellers,South,Mobile
CUST003523,2026-01-20,Google Ads,Shopping - Bestsellers,West,Desktop
CUST003524,2026-01-20,Google Ads,Search - Nonbrand Skincare,Midwest,Desktop
CUST003525,2026-01-20,Meta Ads,Prospecting - Broad,West,Mobile
CUST003526,2026-01-20,Google Ads,Shopping - Bestsellers,Northeast,Desktop
CUST003527,2026-01-20,Meta Ads,Retargeting - Engaged 30d,Midwest,Mobile
CUST003528,2026-01-20,Meta Ads,Retargeting - Cart Abandon,South,Mobile
CUST003529,2026-01-20,Direct,(direct),South,Mobile
CUST003530,2026-01-20,Meta Ads,Retargeting - Cart Abandon,West,Mobile
CUST003531,2026-01-20,Organic Search,(organic),West,Mobile
CUST003532,2026-01-20,Organic Social,(organic social),Northeast,Desktop
CUST003533,2026-01-20,Organic Social,(organic social),Northeast,Mobile
CUST003534,2026-01-20,Meta Ads,Prospecting - Broad,South,Mobile
CUST003535,2026-01-21,Meta Ads,Retargeting - Cart Abandon,Midwest,Mobile
CUST003536,2026-01-21,Google Ads,Search - Nonbrand Skincare,Midwest,Tablet
CUST003537,2026-01-21,Meta Ads,Retargeting - Engaged 30d,South,Mobile
CUST003538,2026-01-21,Organic Search,(organic),South,Mobile
CUST003539,2026-01-21,Email/SMS,Flow - Abandoned Cart,Midwest,Mobile
CUST003540,2026-01-21,Meta Ads,Retargeting - Cart Abandon,South,Mobile
CUST003541,2026-01-21,Google Ads,Shopping - Bestsellers,Midwest,Desktop
CUST003542,2026-01-21,Meta Ads,Prospecting - Lookalike 1%,Midwest,Mobile
CUST003543,2026-01-21,Organic Search,(organic),West,Desktop
CUST003544,2026-01-21,Meta Ads,Prospecting - Lookalike 1%,Midwest,Tablet
CUST003545,2026-01-21,Meta Ads,Prospecting - Broad,South,Mobile
CUST003546,2026-01-21,Organic Search,(organic),South,Desktop
CUST003547,2026-01-21,Direct,(direct),West,Mobile
CUST003548,2026-01-21,Meta Ads,Prospecting - Broad,West,Mobile
CUST003549,2026-01-21,Meta Ads,Retargeting - Cart Abandon,West,Tablet
CUST003550,2026-01-21,Google Ads,Search - Nonbrand Skincare,Midwest,Mobile
CUST003551,2026-01-21,Meta Ads,Retargeting - Cart Abandon,West,Mobile
CUST003552,2026-01-21,Organic Search,(organic),Midwest,Mobile
CUST003553,2026-01-22,Organic Social,(organic social),South,Mobile
CUST003554,2026-01-22,Direct,(direct),South,Desktop
CUST003555,2026-01-22,Meta Ads,Prospecting - Lookalike 1%,Northeast,Mobile
CUST003556,2026-01-22,Meta Ads,Retargeting - Engaged 30d,Northeast,Desktop
CUST003557,2026-01-22,Meta Ads,Retargeting - Engaged 30d,Northeast,Desktop
CUST003558,2026-01-22,Direct,(direct),West,Mobile
CUST003559,2026-01-22,Unattributed,(not set),West,Desktop
CUST003560,2026-01-22,Google Ads,Search - Brand,Northeast,Mobile
CUST003561,2026-01-22,Organic Search,(organic),West,Mobile
CUST003562,2026-01-22,Google Ads,Shopping - Bestsellers,South,Desktop
CUST003563,2026-01-22,Meta Ads,Retargeting - Cart Abandon,Northeast,Desktop
CUST003564,2026-01-22,Meta Ads,Prospecting - Lookalike 1%,South,Mobile
CUST003565,2026-01-22,Organic Social,(organic social),South,Mobile
CUST003566,2026-01-22,Google Ads,Search - Brand,South,Mobile
CUST003567,2026-01-22,Meta Ads,Prospecting - Broad,Midwest,Desktop
CUST003568,2026-01-22,Google Ads,Shopping - Bestsellers,West,Mobile
CUST003569,2026-01-22,Meta Ads,Prospecting - Broad,South,Mobile
CUST003570,2026-01-22,Direct,(direct),West,Desktop
CUST003571,2026-01-22,Organic Search,(organic),South,Desktop
CUST003572,2026-01-22,Organic Search,(organic),West,Desktop
CUST003573,2026-01-23,Meta Ads,Prospecting - Broad,West,Desktop
CUST003574,2026-01-23,Meta Ads,Prospecting - Lookalike 1%,South,Desktop
CUST003575,2026-01-23,Direct,(direct),West,Mobile
CUST003576,2026-01-23,Organic Social,(organic social),West,Mobile
CUST003577,2026-01-23,Meta Ads,Prospecting - Broad,South,Desktop
CUST003578,2026-01-23,Organic Search,(organic),Midwest,Desktop
CUST003579,2026-01-23,Organic Social,(organic social),Midwest,Mobile
CUST003580,2026-01-23,Google Ads,Shopping - Bestsellers,South,Mobile
CUST003581,2026-01-23,Google Ads,Search - Nonbrand Skincare,West,Desktop
CUST003582,2026-01-23,Meta Ads,Retargeting - Cart Abandon,West,Mobile
CUST003583,2026-01-23,Google Ads,Search - Nonbrand Skincare,West,Desktop
CUST003584,2026-01-23,Direct,(direct),South,Mobile
CUST003585,2026-01-23,Meta Ads,Retargeting - Cart Abandon,Northeast,Desktop
CUST003586,2026-01-23,Meta Ads,Retargeting - Engaged 30d,West,Mobile
CUST003587,2026-01-23,Organic Social,(organic social),Midwest,Desktop
CUST003588,2026-01-23,Google Ads,Shopping - Bestsellers,Northeast,Mobile
CUST003589,2026-01-23,Meta Ads,Prospecting - Lookalike 1%,West,Mobile
CUST003590,2026-01-23,Meta Ads,Prospecting - Lookalike 1%,West,Mobile
CUST003591,2026-01-23,Meta Ads,Prospecting - Lookalike 1%,South,Mobile
CUST003592,2026-01-23,Organic Search,(organic),West,Desktop
CUST003593,2026-01-23,Organic Search,(organic),South,Mobile
CUST003594,2026-01-23,Meta Ads,Retargeting - Cart Abandon,South,Mobile
CUST003595,2026-01-23,Organic Social,(organic social),South,Mobile
CUST003596,2026-01-24,Google Ads,Search - Nonbrand Skincare,South,Tablet
CUST003597,2026-01-24,Meta Ads,Prospecting - Lookalike 1%,Northeast,Desktop
CUST003598,2026-01-24,Organic Search,(organic),Midwest,Desktop
CUST003599,2026-01-24,Google Ads,PMax - Skincare Prospecting,Midwest,Desktop
CUST003600,2026-01-24,Google Ads,Shopping - Bestsellers,South,Desktop
CUST003601,2026-01-24,Organic Social,(organic social),South,Mobile
CUST003602,2026-01-24,Unattributed,(not set),West,Mobile
CUST003603,2026-01-24,Meta Ads,Retargeting - Engaged 30d,Midwest,Mobile
CUST003604,2026-01-24,Meta Ads,Prospecting - Lookalike 1%,South,Mobile
CUST003605,2026-01-24,Email/SMS,Flow - Abandoned Cart,West,Tablet
CUST003606,2026-01-24,Meta Ads,Retargeting - Engaged 30d,Midwest,Mobile
CUST003607,2026-01-24,Meta Ads,Retargeting - Cart Abandon,South,Mobile
CUST003608,2026-01-24,Organic Social,(organic social),West,Desktop
CUST003609,2026-01-24,Organic Social,(organic social),West,Mobile
CUST003610,2026-01-24,Google Ads,Search - Brand,South,Mobile
CUST003611,2026-01-24,Meta Ads,Retargeting - Cart Abandon,West,Desktop
CUST003612,2026-01-24,Google Ads,Search - Brand,South,Desktop
CUST003613,2026-01-24,Google Ads,PMax - Skincare Prospecting,Northeast,Mobile
CUST003614,2026-01-24,Google Ads,Shopping - Bestsellers,Midwest,Mobile
CUST003615,2026-01-24,Meta Ads,Retargeting - Engaged 30d,South,Mobile
CUST003616,2026-01-24,Meta Ads,Retargeting - Cart Abandon,South,Desktop
CUST003617,2026-01-24,Google Ads,PMax - Skincare Prospecting,Northeast,Mobile
CUST003618,2026-01-24,Google Ads,Search - Nonbrand Skincare,West,Desktop
CUST003619,2026-01-24,Google Ads,Shopping - Bestsellers,West,Mobile
CUST003620,2026-01-24,Meta Ads,Retargeting - Engaged 30d,West,Mobile
CUST003621,2026-01-24,Organic Search,(organic),West,Mobile
CUST003622,2026-01-24,Email/SMS,Campaign - Monthly Newsletter,South,Mobile
CUST003623,2026-01-24,Direct,(direct),South,Tablet
CUST003624,2026-01-24,Organic Search,(organic),Northeast,Mobile
CUST003625,2026-01-25,Meta Ads,Retargeting - Engaged 30d,West,Mobile
CUST003626,2026-01-25,Unattributed,(not set),Northeast,Mobile
CUST003627,2026-01-25,Meta Ads,Prospecting - Broad,Midwest,Mobile
CUST003628,2026-01-25,Meta Ads,Retargeting - Cart Abandon,West,Desktop
CUST003629,2026-01-25,Direct,(direct),South,Desktop
CUST003630,2026-01-25,Meta Ads,Retargeting - Cart Abandon,West,Mobile
CUST003631,2026-01-25,Meta Ads,Retargeting - Cart Abandon,Northeast,Mobile
CUST003632,2026-01-25,Meta Ads,Prospecting - Broad,West,Mobile
CUST003633,2026-01-25,Organic Search,(organic),South,Mobile
CUST003634,2026-01-25,Organic Social,(organic social),Midwest,Mobile
CUST003635,2026-01-25,Organic Search,(organic),Midwest,Desktop
CUST003636,2026-01-25,Meta Ads,Retargeting - Engaged 30d,South,Tablet
CUST003637,2026-01-25,Meta Ads,Retargeting - Cart Abandon,West,Mobile
CUST003638,2026-01-25,Google Ads,Shopping - Bestsellers,Midwest,Mobile
CUST003639,2026-01-25,Meta Ads,Retargeting - Cart Abandon,West,Desktop
CUST003640,2026-01-25,Meta Ads,Retargeting - Engaged 30d,South,Mobile
CUST003641,2026-01-25,Meta Ads,Prospecting - Lookalike 1%,Northeast,Desktop
CUST003642,2026-01-25,Organic Search,(organic),South,Mobile
CUST003643,2026-01-25,Meta Ads,Prospecting - Broad,West,Mobile
CUST003644,2026-01-25,Google Ads,Shopping - Bestsellers,South,Desktop
CUST003645,2026-01-25,Organic Search,(organic),West,Mobile
CUST003646,2026-01-25,Organic Search,(organic),Midwest,Mobile
CUST003647,2026-01-25,Meta Ads,Retargeting - Cart Abandon,Northeast,Mobile
CUST003648,2026-01-25,Direct,(direct),Northeast,Mobile
CUST003649,2026-01-25,Meta Ads,Retargeting - Engaged 30d,Midwest,Mobile
CUST003650,2026-01-25,Google Ads,PMax - Skincare Prospecting,Midwest,Mobile
CUST003651,2026-01-25,Google Ads,Search - Nonbrand Skincare,Northeast,Mobile
CUST003652,2026-01-26,Google Ads,Search - Brand,Midwest,Mobile
CUST003653,2026-01-26,Meta Ads,Prospecting - Broad,South,Mobile
CUST003654,2026-01-26,Meta Ads,Retargeting - Engaged 30d,Midwest,Desktop
CUST003655,2026-01-26,Organic Search,(organic),Northeast,Mobile
CUST003656,2026-01-26,Google Ads,Shopping - Bestsellers,Northeast,Desktop
CUST003657,2026-01-26,Email/SMS,Flow - Welcome Series,West,Desktop
CUST003658,2026-01-26,Google Ads,Shopping - Bestsellers,Midwest,Mobile
CUST003659,2026-01-26,Organic Search,(organic),West,Desktop
CUST003660,2026-01-26,Organic Search,(organic),West,Mobile
CUST003661,2026-01-26,Google Ads,Shopping - Bestsellers,Northeast,Mobile
CUST003662,2026-01-26,Organic Search,(organic),South,Mobile
CUST003663,2026-01-26,Google Ads,Shopping - Bestsellers,South,Desktop
CUST003664,2026-01-26,Google Ads,PMax - Skincare Prospecting,West,Mobile
CUST003665,2026-01-26,Meta Ads,Retargeting - Cart Abandon,Northeast,Desktop
CUST003666,2026-01-26,Organic Search,(organic),South,Mobile
CUST003667,2026-01-26,Meta Ads,Prospecting - Broad,South,Desktop
CUST003668,2026-01-26,Meta Ads,Retargeting - Cart Abandon,West,Mobile
CUST003669,2026-01-27,Organic Social,(organic social),West,Mobile
CUST003670,2026-01-27,Meta Ads,Prospecting - Lookalike 1%,West,Tablet
CUST003671,2026-01-27,Google Ads,Search - Brand,South,Desktop
CUST003672,2026-01-27,Organic Search,(organic),West,Mobile
CUST003673,2026-01-27,Google Ads,Search - Nonbrand Skincare,Midwest,Desktop
CUST003674,2026-01-27,Organic Search,(organic),South,Desktop
CUST003675,2026-01-27,Meta Ads,Retargeting - Cart Abandon,West,Desktop
CUST003676,2026-01-27,Meta Ads,Prospecting - Lookalike 1%,South,Desktop
CUST003677,2026-01-27,Organic Search,(organic),Northeast,Desktop
CUST003678,2026-01-27,Organic Social,(organic social),South,Mobile
CUST003679,2026-01-27,Organic Search,(organic),West,Tablet
CUST003680,2026-01-27,Google Ads,Shopping - Bestsellers,Midwest,Desktop
CUST003681,2026-01-27,Google Ads,Search - Nonbrand Skincare,Midwest,Mobile
CUST003682,2026-01-27,Organic Social,(organic social),West,Desktop
CUST003683,2026-01-27,Unattributed,(not set),West,Desktop
CUST003684,2026-01-27,Meta Ads,Prospecting - Broad,West,Mobile
CUST003685,2026-01-27,Meta Ads,Retargeting - Cart Abandon,South,Desktop
CUST003686,2026-01-27,Meta Ads,Prospecting - Broad,West,Mobile
CUST003687,2026-01-27,Organic Search,(organic),Northeast,Mobile
CUST003688,2026-01-27,Google Ads,PMax - Skincare Prospecting,Northeast,Desktop
CUST003689,2026-01-27,Google Ads,PMax - Skincare Prospecting,Northeast,Desktop
CUST003690,2026-01-27,Google Ads,Search - Brand,Midwest,Mobile
CUST003691,2026-01-28,Google Ads,Search - Brand,Midwest,Desktop
CUST003692,2026-01-28,Email/SMS,Flow - Post Purchase Winback,West,Desktop
CUST003693,2026-01-28,Google Ads,Search - Nonbrand Skincare,South,Mobile
CUST003694,2026-01-28,Unattributed,(not set),West,Mobile
CUST003695,2026-01-28,Meta Ads,Retargeting - Engaged 30d,South,Desktop
CUST003696,2026-01-28,Meta Ads,Prospecting - Lookalike 1%,Midwest,Mobile
CUST003697,2026-01-28,Organic Search,(organic),Midwest,Mobile
CUST003698,2026-01-28,Google Ads,PMax - Skincare Prospecting,West,Desktop
CUST003699,2026-01-28,Direct,(direct),Midwest,Mobile
CUST003700,2026-01-28,Unattributed,(not set),West,Mobile
CUST003701,2026-01-28,Meta Ads,Retargeting - Cart Abandon,West,Mobile
CUST003702,2026-01-28,Meta Ads,Prospecting - Lookalike 1%,Northeast,Mobile
CUST003703,2026-01-28,Direct,(direct),Midwest,Mobile
CUST003704,2026-01-28,Google Ads,Search - Nonbrand Skincare,South,Mobile
CUST003705,2026-01-28,Google Ads,Shopping - Bestsellers,West,Desktop
CUST003706,2026-01-28,Meta Ads,Retargeting - Engaged 30d,Midwest,Desktop
CUST003707,2026-01-28,Email/SMS,Campaign - Monthly Newsletter,South,Mobile
CUST003708,2026-01-28,Organic Social,(organic social),South,Mobile
CUST003709,2026-01-28,Meta Ads,Retargeting - Engaged 30d,South,Mobile
CUST003710,2026-01-28,Meta Ads,Retargeting - Cart Abandon,Midwest,Mobile
CUST003711,2026-01-28,Direct,(direct),South,Tablet
CUST003712,2026-01-28,Google Ads,Search - Brand,Midwest,Desktop
CUST003713,2026-01-29,Organic Search,(organic),South,Tablet
CUST003714,2026-01-29,Meta Ads,Prospecting - Broad,Midwest,Mobile
CUST003715,2026-01-29,Google Ads,Search - Brand,Northeast,Mobile
CUST003716,2026-01-29,Google Ads,Search - Brand,South,Mobile
CUST003717,2026-01-29,Google Ads,Search - Nonbrand Skincare,Midwest,Desktop
CUST003718,2026-01-29,Organic Search,(organic),Northeast,Desktop
CUST003719,2026-01-29,Google Ads,PMax - Skincare Prospecting,Midwest,Mobile
CUST003720,2026-01-29,Google Ads,Shopping - Bestsellers,Midwest,Mobile
CUST003721,2026-01-29,Google Ads,Shopping - Bestsellers,South,Mobile
CUST003722,2026-01-29,Meta Ads,Prospecting - Broad,Northeast,Mobile
CUST003723,2026-01-29,Google Ads,Shopping - Bestsellers,South,Mobile
CUST003724,2026-01-29,Direct,(direct),South,Mobile
CUST003725,2026-01-29,Google Ads,PMax - Skincare Prospecting,Midwest,Mobile
CUST003726,2026-01-29,Organic Social,(organic social),Midwest,Mobile
CUST003727,2026-01-29,Google Ads,PMax - Skincare Prospecting,South,Mobile
CUST003728,2026-01-29,Google Ads,Shopping - Bestsellers,Midwest,Mobile
CUST003729,2026-01-29,Organic Search,(organic),South,Mobile
CUST003730,2026-01-29,Meta Ads,Retargeting - Cart Abandon,West,Desktop
CUST003731,2026-01-29,Organic Search,(organic),Northeast,Mobile
CUST003732,2026-01-29,Meta Ads,Prospecting - Lookalike 1%,South,Desktop
CUST003733,2026-01-29,Google Ads,Search - Brand,West,Mobile
CUST003734,2026-01-29,Google Ads,PMax - Skincare Prospecting,West,Mobile
CUST003735,2026-01-29,Organic Search,(organic),Midwest,Mobile
CUST003736,2026-01-29,Meta Ads,Prospecting - Broad,Northeast,Mobile
CUST003737,2026-01-29,Direct,(direct),West,Desktop
CUST003738,2026-01-30,Direct,(direct),West,Desktop
CUST003739,2026-01-30,Organic Search,(organic),Northeast,Desktop
CUST003740,2026-01-30,Organic Social,(organic social),Midwest,Mobile
CUST003741,2026-01-30,Google Ads,PMax - Skincare Prospecting,Midwest,Mobile
CUST003742,2026-01-30,Organic Social,(organic social),West,Mobile
CUST003743,2026-01-30,Google Ads,PMax - Skincare Prospecting,Midwest,Mobile
CUST003744,2026-01-30,Direct,(direct),Northeast,Mobile
CUST003745,2026-01-30,Meta Ads,Prospecting - Lookalike 1%,Northeast,Mobile
CUST003746,2026-01-30,Organic Social,(organic social),South,Mobile
CUST003747,2026-01-30,Google Ads,Search - Brand,Northeast,Mobile
CUST003748,2026-01-30,Meta Ads,Retargeting - Cart Abandon,West,Mobile
CUST003749,2026-01-30,Meta Ads,Retargeting - Engaged 30d,South,Mobile
CUST003750,2026-01-30,Google Ads,PMax - Skincare Prospecting,West,Mobile
CUST003751,2026-01-30,Meta Ads,Retargeting - Cart Abandon,Northeast,Mobile
CUST003752,2026-01-30,Organic Search,(organic),South,Mobile
CUST003753,2026-01-30,Email/SMS,Campaign - Monthly Newsletter,South,Mobile
CUST003754,2026-01-31,Google Ads,Search - Nonbrand Skincare,Midwest,Tablet
CUST003755,2026-01-31,Organic Search,(organic),South,Tablet
CUST003756,2026-01-31,Meta Ads,Prospecting - Lookalike 1%,West,Mobile
CUST003757,2026-01-31,Organic Search,(organic),West,Mobile
CUST003758,2026-01-31,Email/SMS,Flow - Welcome Series,Midwest,Desktop
CUST003759,2026-01-31,Organic Search,(organic),Northeast,Mobile
CUST003760,2026-01-31,Direct,(direct),Midwest,Mobile
CUST003761,2026-01-31,Direct,(direct),Northeast,Mobile
CUST003762,2026-01-31,Google Ads,Search - Brand,South,Mobile
CUST003763,2026-01-31,Google Ads,Shopping - Bestsellers,Midwest,Mobile
CUST003764,2026-01-31,Organic Search,(organic),Northeast,Mobile
CUST003765,2026-01-31,Meta Ads,Retargeting - Engaged 30d,South,Mobile
CUST003766,2026-01-31,Google Ads,Search - Nonbrand Skincare,West,Mobile
CUST003767,2026-01-31,Organic Search,(organic),Northeast,Desktop
CUST003768,2026-01-31,Organic Social,(organic social),South,Mobile
CUST003769,2026-01-31,Direct,(direct),Midwest,Mobile
CUST003770,2026-01-31,Organic Search,(organic),South,Mobile
CUST003771,2026-01-31,Meta Ads,Retargeting - Engaged 30d,West,Tablet
CUST003772,2026-01-31,Meta Ads,Prospecting - Broad,Northeast,Mobile
CUST003773,2026-01-31,Google Ads,Shopping - Bestsellers,West,Desktop
CUST003774,2026-01-31,Organic Social,(organic social),South,Mobile
CUST003775,2026-01-31,Meta Ads,Prospecting - Broad,West,Desktop
CUST003776,2026-02-01,Organic Social,(organic social),West,Mobile
CUST003777,2026-02-01,Organic Search,(organic),Northeast,Mobile
CUST003778,2026-02-01,Meta Ads,Prospecting - Broad,Midwest,Mobile
CUST003779,2026-02-01,Organic Search,(organic),South,Mobile
CUST003780,2026-02-01,Meta Ads,Retargeting - Engaged 30d,West,Desktop
CUST003781,2026-02-01,Google Ads,Shopping - Bestsellers,West,Desktop
CUST003782,2026-02-01,Meta Ads,Retargeting - Engaged 30d,West,Mobile
CUST003783,2026-02-01,Email/SMS,Flow - Post Purchase Winback,Northeast,Desktop
CUST003784,2026-02-01,Meta Ads,Prospecting - Lookalike 1%,South,Mobile
CUST003785,2026-02-01,Meta Ads,Prospecting - Broad,Northeast,Mobile
CUST003786,2026-02-01,Email/SMS,Campaign - Monthly Newsletter,South,Desktop
CUST003787,2026-02-01,Google Ads,PMax - Skincare Prospecting,South,Mobile
CUST003788,2026-02-01,Organic Search,(organic),Northeast,Mobile
CUST003789,2026-02-01,Direct,(direct),West,Mobile
CUST003790,2026-02-01,Google Ads,PMax - Skincare Prospecting,Midwest,Desktop
CUST003791,2026-02-01,Meta Ads,Retargeting - Engaged 30d,Midwest,Mobile
CUST003792,2026-02-01,Organic Search,(organic),Northeast,Desktop
CUST003793,2026-02-01,Google Ads,PMax - Skincare Prospecting,West,Mobile
CUST003794,2026-02-01,Google Ads,Search - Brand,Midwest,Mobile
CUST003795,2026-02-02,Organic Search,(organic),West,Mobile
CUST003796,2026-02-02,Unattributed,(not set),Midwest,Mobile
CUST003797,2026-02-02,Google Ads,PMax - Skincare Prospecting,Midwest,Mobile
CUST003798,2026-02-02,Google Ads,Search - Brand,Midwest,Mobile
CUST003799,2026-02-02,Organic Search,(organic),Northeast,Mobile
CUST003800,2026-02-02,Google Ads,Search - Brand,South,Desktop
CUST003801,2026-02-02,Direct,(direct),Midwest,Tablet
CUST003802,2026-02-02,Google Ads,Search - Brand,South,Mobile
CUST003803,2026-02-02,Meta Ads,Prospecting - Lookalike 1%,West,Desktop
CUST003804,2026-02-02,Meta Ads,Prospecting - Broad,West,Desktop
CUST003805,2026-02-02,Meta Ads,Prospecting - Broad,South,Mobile
CUST003806,2026-02-02,Google Ads,Shopping - Bestsellers,South,Mobile
CUST003807,2026-02-02,Direct,(direct),Northeast,Desktop
CUST003808,2026-02-02,Organic Social,(organic social),South,Mobile
CUST003809,2026-02-02,Direct,(direct),Northeast,Mobile
CUST003810,2026-02-02,Unattributed,(not set),Midwest,Mobile
CUST003811,2026-02-02,Organic Search,(organic),Midwest,Mobile
CUST003812,2026-02-02,Google Ads,Search - Brand,South,Mobile
CUST003813,2026-02-02,Meta Ads,Retargeting - Cart Abandon,West,Mobile
CUST003814,2026-02-02,Direct,(direct),West,Desktop
CUST003815,2026-02-02,Direct,(direct),Midwest,Desktop
CUST003816,2026-02-03,Meta Ads,Prospecting - Lookalike 1%,Northeast,Tablet
CUST003817,2026-02-03,Google Ads,Search - Brand,Midwest,Mobile
CUST003818,2026-02-03,Meta Ads,Retargeting - Cart Abandon,Midwest,Mobile
CUST003819,2026-02-03,Meta Ads,Retargeting - Engaged 30d,Northeast,Tablet
CUST003820,2026-02-03,Meta Ads,Retargeting - Cart Abandon,Northeast,Mobile
CUST003821,2026-02-03,Organic Search,(organic),Midwest,Desktop
CUST003822,2026-02-03,Organic Social,(organic social),West,Mobile
CUST003823,2026-02-03,Google Ads,Search - Brand,South,Mobile
CUST003824,2026-02-03,Direct,(direct),Midwest,Mobile
CUST003825,2026-02-03,Direct,(direct),West,Desktop
CUST003826,2026-02-03,Google Ads,Shopping - Bestsellers,South,Mobile
CUST003827,2026-02-03,Meta Ads,Prospecting - Broad,West,Desktop
CUST003828,2026-02-03,Meta Ads,Retargeting - Cart Abandon,South,Mobile
CUST003829,2026-02-03,Organic Search,(organic),West,Mobile
CUST003830,2026-02-03,Google Ads,Search - Brand,West,Mobile
CUST003831,2026-02-03,Meta Ads,Prospecting - Lookalike 1%,West,Mobile
CUST003832,2026-02-03,Organic Social,(organic social),Midwest,Mobile
CUST003833,2026-02-03,Direct,(direct),Northeast,Mobile
CUST003834,2026-02-03,Direct,(direct),South,Mobile
CUST003835,2026-02-03,Meta Ads,Prospecting - Broad,Northeast,Mobile
CUST003836,2026-02-03,Google Ads,Shopping - Bestsellers,West,Mobile
CUST003837,2026-02-03,Google Ads,Search - Nonbrand Skincare,South,Mobile
CUST003838,2026-02-04,Google Ads,Search - Nonbrand Skincare,South,Mobile
CUST003839,2026-02-04,Unattributed,(not set),South,Mobile
CUST003840,2026-02-04,Organic Search,(organic),South,Desktop
CUST003841,2026-02-04,Google Ads,Search - Brand,West,Mobile
CUST003842,2026-02-04,Meta Ads,Retargeting - Cart Abandon,Northeast,Mobile
CUST003843,2026-02-04,Google Ads,Search - Brand,West,Mobile
CUST003844,2026-02-04,Meta Ads,Prospecting - Lookalike 1%,Midwest,Mobile
CUST003845,2026-02-04,Google Ads,Shopping - Bestsellers,Midwest,Mobile
CUST003846,2026-02-04,Google Ads,Search - Nonbrand Skincare,Midwest,Mobile
CUST003847,2026-02-04,Unattributed,(not set),West,Mobile
CUST003848,2026-02-04,Organic Search,(organic),Northeast,Desktop
CUST003849,2026-02-04,Organic Social,(organic social),Midwest,Mobile
CUST003850,2026-02-04,Organic Search,(organic),South,Tablet
CUST003851,2026-02-04,Direct,(direct),Northeast,Mobile
CUST003852,2026-02-04,Google Ads,PMax - Skincare Prospecting,West,Tablet
CUST003853,2026-02-04,Meta Ads,Retargeting - Engaged 30d,Northeast,Mobile
CUST003854,2026-02-04,Meta Ads,Prospecting - Lookalike 1%,West,Mobile
CUST003855,2026-02-05,Meta Ads,Retargeting - Engaged 30d,South,Mobile
CUST003856,2026-02-05,Meta Ads,Retargeting - Engaged 30d,Northeast,Desktop
CUST003857,2026-02-05,Google Ads,Search - Brand,South,Desktop
CUST003858,2026-02-05,Google Ads,Search - Brand,West,Mobile
CUST003859,2026-02-05,Meta Ads,Prospecting - Lookalike 1%,West,Mobile
CUST003860,2026-02-05,Organic Search,(organic),South,Mobile
CUST003861,2026-02-05,Organic Social,(organic social),Northeast,Desktop
CUST003862,2026-02-05,Organic Social,(organic social),West,Mobile
CUST003863,2026-02-05,Direct,(direct),South,Desktop
CUST003864,2026-02-05,Google Ads,PMax - Skincare Prospecting,West,Desktop
CUST003865,2026-02-05,Organic Search,(organic),South,Desktop
CUST003866,2026-02-05,Meta Ads,Prospecting - Broad,South,Mobile
CUST003867,2026-02-05,Meta Ads,Retargeting - Cart Abandon,South,Desktop
CUST003868,2026-02-05,Google Ads,PMax - Skincare Prospecting,South,Mobile
CUST003869,2026-02-05,Organic Search,(organic),West,Desktop
CUST003870,2026-02-05,Meta Ads,Prospecting - Lookalike 1%,South,Desktop
CUST003871,2026-02-05,Direct,(direct),Northeast,Mobile
CUST003872,2026-02-06,Organic Search,(organic),West,Mobile
CUST003873,2026-02-06,Organic Social,(organic social),West,Mobile
CUST003874,2026-02-06,Meta Ads,Retargeting - Cart Abandon,West,Desktop
CUST003875,2026-02-06,Meta Ads,Prospecting - Lookalike 1%,Midwest,Desktop
CUST003876,2026-02-06,Meta Ads,Prospecting - Broad,South,Mobile
CUST003877,2026-02-06,Organic Social,(organic social),Northeast,Mobile
CUST003878,2026-02-06,Google Ads,PMax - Skincare Prospecting,South,Tablet
CUST003879,2026-02-06,Meta Ads,Retargeting - Engaged 30d,South,Mobile
CUST003880,2026-02-06,Meta Ads,Retargeting - Cart Abandon,South,Mobile
CUST003881,2026-02-06,Meta Ads,Retargeting - Engaged 30d,Midwest,Mobile
CUST003882,2026-02-06,Organic Search,(organic),South,Mobile
CUST003883,2026-02-06,Direct,(direct),South,Mobile
CUST003884,2026-02-06,Organic Social,(organic social),West,Desktop
CUST003885,2026-02-06,Organic Search,(organic),South,Desktop
CUST003886,2026-02-06,Google Ads,Shopping - Bestsellers,West,Mobile
CUST003887,2026-02-06,Organic Social,(organic social),West,Mobile
CUST003888,2026-02-06,Meta Ads,Prospecting - Lookalike 1%,South,Mobile
CUST003889,2026-02-06,Direct,(direct),South,Desktop
CUST003890,2026-02-06,Google Ads,Search - Nonbrand Skincare,South,Tablet
CUST003891,2026-02-07,Meta Ads,Prospecting - Lookalike 1%,West,Mobile
CUST003892,2026-02-07,Google Ads,Search - Brand,West,Desktop
CUST003893,2026-02-07,Direct,(direct),West,Desktop
CUST003894,2026-02-07,Meta Ads,Prospecting - Broad,West,Mobile
CUST003895,2026-02-07,Google Ads,Shopping - Bestsellers,West,Desktop
CUST003896,2026-02-07,Google Ads,Search - Nonbrand Skincare,South,Desktop
CUST003897,2026-02-07,Google Ads,Search - Nonbrand Skincare,South,Desktop
CUST003898,2026-02-07,Meta Ads,Prospecting - Lookalike 1%,Northeast,Desktop
CUST003899,2026-02-07,Email/SMS,Flow - Abandoned Cart,West,Mobile
CUST003900,2026-02-07,Unattributed,(not set),South,Desktop
CUST003901,2026-02-07,Meta Ads,Prospecting - Lookalike 1%,Midwest,Desktop
CUST003902,2026-02-07,Google Ads,Search - Brand,South,Mobile
CUST003903,2026-02-07,Google Ads,Search - Brand,Northeast,Mobile
CUST003904,2026-02-07,Meta Ads,Retargeting - Cart Abandon,South,Desktop
CUST003905,2026-02-07,Google Ads,Search - Brand,Midwest,Mobile
CUST003906,2026-02-07,Organic Search,(organic),Northeast,Mobile
CUST003907,2026-02-07,Meta Ads,Prospecting - Lookalike 1%,West,Desktop
CUST003908,2026-02-07,Google Ads,PMax - Skincare Prospecting,South,Mobile
CUST003909,2026-02-07,Google Ads,Shopping - Bestsellers,Northeast,Desktop
CUST003910,2026-02-07,Organic Search,(organic),South,Mobile
CUST003911,2026-02-07,Direct,(direct),South,Mobile
CUST003912,2026-02-07,Organic Search,(organic),West,Desktop
CUST003913,2026-02-07,Organic Social,(organic social),Midwest,Desktop
CUST003914,2026-02-07,Meta Ads,Retargeting - Engaged 30d,South,Desktop
CUST003915,2026-02-07,Google Ads,Shopping - Bestsellers,Northeast,Mobile
CUST003916,2026-02-07,Direct,(direct),Midwest,Mobile
CUST003917,2026-02-07,Meta Ads,Prospecting - Lookalike 1%,Midwest,Desktop
CUST003918,2026-02-08,Google Ads,Search - Brand,West,Mobile
CUST003919,2026-02-08,Google Ads,Search - Brand,Northeast,Mobile
CUST003920,2026-02-08,Meta Ads,Retargeting - Engaged 30d,West,Mobile
CUST003921,2026-02-08,Meta Ads,Retargeting - Engaged 30d,Midwest,Desktop
CUST003922,2026-02-08,Organic Search,(organic),South,Mobile
CUST003923,2026-02-08,Google Ads,PMax - Skincare Prospecting,Northeast,Mobile
CUST003924,2026-02-08,Organic Social,(organic social),West,Desktop
CUST003925,2026-02-08,Meta Ads,Retargeting - Engaged 30d,South,Mobile
CUST003926,2026-02-08,Meta Ads,Retargeting - Cart Abandon,South,Mobile
CUST003927,2026-02-08,Organic Social,(organic social),South,Mobile
CUST003928,2026-02-08,Meta Ads,Prospecting - Lookalike 1%,West,Mobile
CUST003929,2026-02-08,Organic Social,(organic social),West,Desktop
CUST003930,2026-02-08,Organic Search,(organic),Midwest,Tablet
CUST003931,2026-02-08,Unattributed,(not set),West,Mobile
CUST003932,2026-02-08,Google Ads,Shopping - Bestsellers,South,Desktop
CUST003933,2026-02-08,Google Ads,Shopping - Bestsellers,Midwest,Mobile
CUST003934,2026-02-08,Direct,(direct),Midwest,Mobile
CUST003935,2026-02-08,Meta Ads,Prospecting - Broad,Northeast,Mobile
CUST003936,2026-02-08,Organic Social,(organic social),West,Mobile
CUST003937,2026-02-08,Meta Ads,Prospecting - Lookalike 1%,Northeast,Desktop
CUST003938,2026-02-08,Meta Ads,Retargeting - Engaged 30d,West,Mobile
CUST003939,2026-02-08,Organic Search,(organic),Midwest,Desktop
CUST003940,2026-02-08,Google Ads,Search - Brand,Midwest,Desktop
CUST003941,2026-02-08,Google Ads,Search - Nonbrand Skincare,Midwest,Mobile
CUST003942,2026-02-08,Organic Search,(organic),Midwest,Tablet
CUST003943,2026-02-08,Direct,(direct),Northeast,Mobile
CUST003944,2026-02-08,Direct,(direct),Midwest,Desktop
CUST003945,2026-02-09,Meta Ads,Retargeting - Engaged 30d,Northeast,Mobile
CUST003946,2026-02-09,Google Ads,Shopping - Bestsellers,Northeast,Tablet
CUST003947,2026-02-09,Google Ads,Search - Nonbrand Skincare,South,Tablet
CUST003948,2026-02-09,Google Ads,Search - Brand,West,Desktop
CUST003949,2026-02-09,Organic Social,(organic social),Northeast,Mobile
CUST003950,2026-02-09,Google Ads,Search - Brand,Northeast,Desktop
CUST003951,2026-02-09,Organic Search,(organic),West,Tablet
CUST003952,2026-02-09,Meta Ads,Retargeting - Engaged 30d,West,Mobile
CUST003953,2026-02-09,Unattributed,(not set),South,Desktop
CUST003954,2026-02-09,Organic Social,(organic social),West,Desktop
CUST003955,2026-02-09,Organic Search,(organic),South,Mobile
CUST003956,2026-02-09,Organic Search,(organic),West,Mobile
CUST003957,2026-02-09,Google Ads,PMax - Skincare Prospecting,West,Desktop
CUST003958,2026-02-09,Unattributed,(not set),Northeast,Mobile
CUST003959,2026-02-09,Google Ads,Shopping - Bestsellers,Northeast,Desktop
CUST003960,2026-02-09,Organic Social,(organic social),West,Desktop
CUST003961,2026-02-09,Google Ads,Shopping - Bestsellers,West,Mobile
CUST003962,2026-02-09,Organic Search,(organic),South,Desktop
CUST003963,2026-02-09,Organic Search,(organic),South,Desktop
CUST003964,2026-02-09,Meta Ads,Prospecting - Lookalike 1%,South,Mobile
CUST003965,2026-02-09,Email/SMS,Flow - Abandoned Cart,Northeast,Mobile
CUST003966,2026-02-09,Organic Search,(organic),West,Mobile
CUST003967,2026-02-09,Organic Search,(organic),West,Desktop
CUST003968,2026-02-09,Organic Social,(organic social),West,Desktop
CUST003969,2026-02-09,Unattributed,(not set),South,Tablet
CUST003970,2026-02-10,Meta Ads,Retargeting - Cart Abandon,South,Desktop
CUST003971,2026-02-10,Google Ads,PMax - Skincare Prospecting,Midwest,Mobile
CUST003972,2026-02-10,Organic Search,(organic),South,Mobile
CUST003973,2026-02-10,Google Ads,Search - Nonbrand Skincare,Northeast,Desktop
CUST003974,2026-02-10,Unattributed,(not set),Northeast,Mobile
CUST003975,2026-02-10,Google Ads,Search - Nonbrand Skincare,West,Desktop
CUST003976,2026-02-10,Meta Ads,Prospecting - Broad,West,Mobile
CUST003977,2026-02-10,Meta Ads,Prospecting - Lookalike 1%,South,Mobile
CUST003978,2026-02-10,Direct,(direct),West,Desktop
CUST003979,2026-02-10,Google Ads,Search - Brand,West,Desktop
CUST003980,2026-02-10,Meta Ads,Prospecting - Lookalike 1%,West,Mobile
CUST003981,2026-02-10,Unattributed,(not set),Northeast,Desktop
CUST003982,2026-02-10,Meta Ads,Prospecting - Lookalike 1%,West,Desktop
CUST003983,2026-02-10,Organic Search,(organic),Midwest,Mobile
CUST003984,2026-02-10,Email/SMS,Flow - Post Purchase Winback,South,Mobile
CUST003985,2026-02-10,Direct,(direct),South,Desktop
CUST003986,2026-02-10,Organic Search,(organic),Midwest,Mobile
CUST003987,2026-02-10,Organic Search,(organic),South,Mobile
CUST003988,2026-02-10,Organic Search,(organic),Midwest,Mobile
CUST003989,2026-02-11,Direct,(direct),South,Mobile
CUST003990,2026-02-11,Organic Search,(organic),West,Mobile
CUST003991,2026-02-11,Google Ads,Search - Brand,West,Mobile
CUST003992,2026-02-11,Meta Ads,Prospecting - Broad,South,Desktop
CUST003993,2026-02-11,Organic Search,(organic),Northeast,Desktop
CUST003994,2026-02-11,Organic Search,(organic),Midwest,Mobile
CUST003995,2026-02-11,Meta Ads,Prospecting - Broad,West,Desktop
CUST003996,2026-02-11,Organic Search,(organic),Northeast,Mobile
CUST003997,2026-02-11,Meta Ads,Prospecting - Lookalike 1%,West,Desktop
CUST003998,2026-02-11,Meta Ads,Prospecting - Lookalike 1%,South,Desktop
CUST003999,2026-02-11,Meta Ads,Retargeting - Engaged 30d,South,Desktop
CUST004000,2026-02-11,Direct,(direct),Northeast,Mobile
CUST004001,2026-02-11,Organic Search,(organic),Midwest,Tablet
CUST004002,2026-02-11,Organic Search,(organic),West,Tablet
CUST004003,2026-02-11,Organic Search,(organic),South,Mobile
CUST004004,2026-02-11,Organic Search,(organic),West,Mobile
CUST004005,2026-02-11,Meta Ads,Retargeting - Cart Abandon,Midwest,Mobile
CUST004006,2026-02-11,Organic Search,(organic),South,Desktop
CUST004007,2026-02-11,Meta Ads,Retargeting - Cart Abandon,South,Mobile
CUST004008,2026-02-11,Organic Social,(organic social),Northeast,Desktop
CUST004009,2026-02-11,Organic Search,(organic),West,Mobile
CUST004010,2026-02-11,Meta Ads,Retargeting - Cart Abandon,West,Mobile
CUST004011,2026-02-11,Google Ads,PMax - Skincare Prospecting,South,Mobile
CUST004012,2026-02-11,Direct,(direct),South,Mobile
CUST004013,2026-02-11,Meta Ads,Prospecting - Broad,South,Mobile
CUST004014,2026-02-11,Meta Ads,Retargeting - Cart Abandon,West,Mobile
CUST004015,2026-02-11,Meta Ads,Prospecting - Lookalike 1%,Midwest,Desktop
CUST004016,2026-02-11,Meta Ads,Retargeting - Cart Abandon,Northeast,Mobile
CUST004017,2026-02-11,Organic Search,(organic),Northeast,Mobile
CUST004018,2026-02-11,Organic Social,(organic social),South,Mobile
CUST004019,2026-02-12,Organic Search,(organic),South,Tablet
CUST004020,2026-02-12,Unattributed,(not set),Midwest,Desktop
CUST004021,2026-02-12,Google Ads,PMax - Skincare Prospecting,South,Mobile
CUST004022,2026-02-12,Google Ads,Shopping - Bestsellers,South,Mobile
CUST004023,2026-02-12,Meta Ads,Prospecting - Lookalike 1%,South,Desktop
CUST004024,2026-02-12,Meta Ads,Prospecting - Lookalike 1%,Midwest,Desktop
CUST004025,2026-02-12,Organic Social,(organic social),West,Mobile
CUST004026,2026-02-12,Organic Search,(organic),West,Mobile
CUST004027,2026-02-12,Organic Social,(organic social),Northeast,Mobile
CUST004028,2026-02-12,Organic Search,(organic),West,Mobile
CUST004029,2026-02-12,Google Ads,Search - Brand,Northeast,Desktop
CUST004030,2026-02-12,Email/SMS,Flow - Abandoned Cart,Midwest,Mobile
CUST004031,2026-02-12,Unattributed,(not set),South,Desktop
CUST004032,2026-02-12,Organic Search,(organic),West,Mobile
CUST004033,2026-02-12,Meta Ads,Prospecting - Lookalike 1%,South,Mobile
CUST004034,2026-02-12,Direct,(direct),Northeast,Desktop
CUST004035,2026-02-12,Google Ads,Search - Nonbrand Skincare,Midwest,Mobile
CUST004036,2026-02-12,Organic Search,(organic),Northeast,Desktop
CUST004037,2026-02-12,Email/SMS,Flow - Welcome Series,South,Mobile
CUST004038,2026-02-12,Google Ads,PMax - Skincare Prospecting,Northeast,Mobile
CUST004039,2026-02-13,Google Ads,Search - Brand,West,Mobile
CUST004040,2026-02-13,Direct,(direct),South,Tablet
CUST004041,2026-02-13,Meta Ads,Retargeting - Engaged 30d,West,Desktop
CUST004042,2026-02-13,Google Ads,Shopping - Bestsellers,Northeast,Mobile
CUST004043,2026-02-13,Google Ads,PMax - Skincare Prospecting,West,Mobile
CUST004044,2026-02-13,Direct,(direct),Midwest,Desktop
CUST004045,2026-02-13,Unattributed,(not set),South,Mobile
CUST004046,2026-02-13,Organic Search,(organic),Midwest,Mobile
CUST004047,2026-02-13,Meta Ads,Retargeting - Cart Abandon,South,Tablet
CUST004048,2026-02-13,Google Ads,Shopping - Bestsellers,South,Mobile
CUST004049,2026-02-13,Direct,(direct),Midwest,Tablet
CUST004050,2026-02-13,Direct,(direct),South,Mobile
CUST004051,2026-02-13,Meta Ads,Retargeting - Engaged 30d,Northeast,Tablet
CUST004052,2026-02-13,Google Ads,PMax - Skincare Prospecting,West,Desktop
CUST004053,2026-02-13,Google Ads,Search - Nonbrand Skincare,South,Mobile
CUST004054,2026-02-13,Email/SMS,Flow - Welcome Series,West,Mobile
CUST004055,2026-02-13,Google Ads,Search - Brand,West,Mobile
CUST004056,2026-02-13,Google Ads,Search - Brand,Midwest,Mobile
CUST004057,2026-02-13,Google Ads,PMax - Skincare Prospecting,Midwest,Desktop
CUST004058,2026-02-13,Direct,(direct),South,Mobile
CUST004059,2026-02-13,Organic Social,(organic social),West,Mobile
CUST004060,2026-02-13,Unattributed,(not set),South,Tablet
CUST004061,2026-02-13,Organic Social,(organic social),South,Mobile
CUST004062,2026-02-13,Organic Search,(organic),South,Mobile
CUST004063,2026-02-13,Email/SMS,Flow - Abandoned Cart,Midwest,Mobile
CUST004064,2026-02-13,Direct,(direct),West,Desktop
CUST004065,2026-02-13,Unattributed,(not set),West,Mobile
CUST004066,2026-02-13,Google Ads,Shopping - Bestsellers,West,Mobile
CUST004067,2026-02-13,Google Ads,Search - Brand,West,Mobile
CUST004068,2026-02-14,Meta Ads,Retargeting - Cart Abandon,West,Mobile
CUST004069,2026-02-14,Meta Ads,Prospecting - Broad,West,Mobile
CUST004070,2026-02-14,Google Ads,Search - Brand,Northeast,Mobile
CUST004071,2026-02-14,Organic Search,(organic),West,Desktop
CUST004072,2026-02-14,Meta Ads,Retargeting - Cart Abandon,South,Desktop
CUST004073,2026-02-14,Organic Search,(organic),Midwest,Desktop
CUST004074,2026-02-14,Meta Ads,Prospecting - Broad,West,Desktop
CUST004075,2026-02-14,Google Ads,Search - Brand,Northeast,Desktop
CUST004076,2026-02-14,Direct,(direct),West,Desktop
CUST004077,2026-02-14,Organic Search,(organic),Northeast,Desktop
CUST004078,2026-02-14,Meta Ads,Prospecting - Broad,Northeast,Desktop
CUST004079,2026-02-14,Meta Ads,Prospecting - Lookalike 1%,West,Mobile
CUST004080,2026-02-14,Organic Search,(organic),Midwest,Mobile
CUST004081,2026-02-14,Google Ads,PMax - Skincare Prospecting,Midwest,Mobile
CUST004082,2026-02-14,Google Ads,Search - Brand,South,Mobile
CUST004083,2026-02-14,Google Ads,Shopping - Bestsellers,Midwest,Mobile
CUST004084,2026-02-14,Unattributed,(not set),Northeast,Mobile
CUST004085,2026-02-14,Meta Ads,Retargeting - Cart Abandon,South,Mobile
CUST004086,2026-02-14,Meta Ads,Retargeting - Cart Abandon,South,Mobile
CUST004087,2026-02-14,Google Ads,Search - Nonbrand Skincare,South,Mobile
CUST004088,2026-02-14,Google Ads,Search - Brand,Midwest,Desktop
CUST004089,2026-02-14,Google Ads,Search - Brand,Midwest,Tablet
CUST004090,2026-02-14,Organic Search,(organic),West,Mobile
CUST004091,2026-02-14,Meta Ads,Prospecting - Broad,West,Desktop
CUST004092,2026-02-14,Meta Ads,Prospecting - Lookalike 1%,South,Desktop
CUST004093,2026-02-14,Organic Social,(organic social),Midwest,Mobile
CUST004094,2026-02-15,Google Ads,Search - Nonbrand Skincare,South,Mobile
CUST004095,2026-02-15,Meta Ads,Retargeting - Engaged 30d,Northeast,Mobile
CUST004096,2026-02-15,Organic Social,(organic social),West,Mobile
CUST004097,2026-02-15,Google Ads,Search - Brand,Midwest,Mobile
CUST004098,2026-02-15,Direct,(direct),South,Tablet
CUST004099,2026-02-15,Organic Search,(organic),West,Mobile
CUST004100,2026-02-15,Direct,(direct),West,Desktop
CUST004101,2026-02-15,Meta Ads,Prospecting - Lookalike 1%,South,Mobile
CUST004102,2026-02-15,Meta Ads,Prospecting - Lookalike 1%,Northeast,Tablet
CUST004103,2026-02-15,Organic Search,(organic),West,Mobile
CUST004104,2026-02-15,Direct,(direct),Northeast,Mobile
CUST004105,2026-02-15,Google Ads,Shopping - Bestsellers,Northeast,Mobile
CUST004106,2026-02-15,Google Ads,PMax - Skincare Prospecting,Northeast,Desktop
CUST004107,2026-02-15,Google Ads,PMax - Skincare Prospecting,West,Desktop
CUST004108,2026-02-15,Organic Search,(organic),Northeast,Desktop
CUST004109,2026-02-15,Organic Search,(organic),West,Mobile
CUST004110,2026-02-15,Meta Ads,Retargeting - Cart Abandon,Northeast,Mobile
CUST004111,2026-02-15,Organic Search,(organic),Northeast,Mobile
CUST004112,2026-02-15,Organic Search,(organic),Midwest,Mobile
CUST004113,2026-02-15,Google Ads,PMax - Skincare Prospecting,South,Mobile
CUST004114,2026-02-15,Meta Ads,Prospecting - Lookalike 1%,West,Mobile
CUST004115,2026-02-15,Organic Search,(organic),Midwest,Desktop
CUST004116,2026-02-15,Google Ads,Search - Brand,West,Mobile
CUST004117,2026-02-15,Direct,(direct),West,Desktop
CUST004118,2026-02-15,Google Ads,Search - Brand,Northeast,Mobile
CUST004119,2026-02-15,Google Ads,PMax - Skincare Prospecting,West,Mobile
CUST004120,2026-02-15,Google Ads,Shopping - Bestsellers,West,Mobile
CUST004121,2026-02-16,Meta Ads,Prospecting - Broad,Northeast,Mobile
CUST004122,2026-02-16,Organic Search,(organic),Northeast,Desktop
CUST004123,2026-02-16,Direct,(direct),West,Mobile
CUST004124,2026-02-16,Organic Search,(organic),South,Mobile
CUST004125,2026-02-16,Organic Search,(organic),South,Desktop
CUST004126,2026-02-16,Meta Ads,Retargeting - Engaged 30d,Northeast,Mobile
CUST004127,2026-02-16,Google Ads,Shopping - Bestsellers,Midwest,Mobile
CUST004128,2026-02-16,Meta Ads,Prospecting - Lookalike 1%,Midwest,Mobile
CUST004129,2026-02-16,Meta Ads,Retargeting - Cart Abandon,South,Tablet
CUST004130,2026-02-16,Email/SMS,Campaign - Monthly Newsletter,Northeast,Desktop
CUST004131,2026-02-16,Meta Ads,Prospecting - Broad,South,Desktop
CUST004132,2026-02-16,Meta Ads,Prospecting - Lookalike 1%,West,Mobile
CUST004133,2026-02-16,Email/SMS,Flow - Post Purchase Winback,Northeast,Mobile
CUST004134,2026-02-16,Google Ads,PMax - Skincare Prospecting,Northeast,Mobile
CUST004135,2026-02-16,Organic Search,(organic),South,Mobile
CUST004136,2026-02-16,Meta Ads,Prospecting - Broad,Northeast,Mobile
CUST004137,2026-02-16,Google Ads,Search - Nonbrand Skincare,Northeast,Mobile
CUST004138,2026-02-16,Meta Ads,Retargeting - Engaged 30d,South,Mobile
CUST004139,2026-02-16,Email/SMS,Flow - Abandoned Cart,South,Mobile
CUST004140,2026-02-16,Google Ads,Search - Nonbrand Skincare,South,Desktop
CUST004141,2026-02-17,Meta Ads,Retargeting - Engaged 30d,Midwest,Mobile
CUST004142,2026-02-17,Google Ads,Shopping - Bestsellers,South,Mobile
CUST004143,2026-02-17,Meta Ads,Retargeting - Engaged 30d,South,Mobile
CUST004144,2026-02-17,Google Ads,PMax - Skincare Prospecting,Midwest,Mobile
CUST004145,2026-02-17,Meta Ads,Prospecting - Lookalike 1%,West,Desktop
CUST004146,2026-02-17,Direct,(direct),Northeast,Mobile
CUST004147,2026-02-17,Google Ads,PMax - Skincare Prospecting,West,Desktop
CUST004148,2026-02-17,Organic Search,(organic),South,Desktop
CUST004149,2026-02-17,Google Ads,Search - Nonbrand Skincare,West,Desktop
CUST004150,2026-02-17,Meta Ads,Prospecting - Lookalike 1%,South,Desktop
CUST004151,2026-02-17,Meta Ads,Prospecting - Broad,Midwest,Mobile
CUST004152,2026-02-17,Organic Social,(organic social),West,Mobile
CUST004153,2026-02-17,Direct,(direct),South,Tablet
CUST004154,2026-02-17,Google Ads,Search - Nonbrand Skincare,South,Desktop
CUST004155,2026-02-17,Meta Ads,Prospecting - Lookalike 1%,South,Mobile
CUST004156,2026-02-17,Google Ads,Search - Nonbrand Skincare,South,Mobile
CUST004157,2026-02-17,Meta Ads,Prospecting - Broad,South,Mobile
CUST004158,2026-02-17,Google Ads,Shopping - Bestsellers,South,Mobile
CUST004159,2026-02-17,Meta Ads,Retargeting - Engaged 30d,Midwest,Desktop
CUST004160,2026-02-17,Meta Ads,Prospecting - Lookalike 1%,Northeast,Mobile
CUST004161,2026-02-17,Google Ads,Shopping - Bestsellers,South,Mobile
CUST004162,2026-02-17,Direct,(direct),West,Mobile
CUST004163,2026-02-18,Meta Ads,Retargeting - Engaged 30d,South,Mobile
CUST004164,2026-02-18,Organic Social,(organic social),Midwest,Mobile
CUST004165,2026-02-18,Google Ads,Shopping - Bestsellers,Northeast,Desktop
CUST004166,2026-02-18,Google Ads,Shopping - Bestsellers,West,Mobile
CUST004167,2026-02-18,Google Ads,PMax - Skincare Prospecting,Northeast,Mobile
CUST004168,2026-02-18,Organic Search,(organic),South,Mobile
CUST004169,2026-02-18,Unattributed,(not set),Northeast,Mobile
CUST004170,2026-02-18,Google Ads,Shopping - Bestsellers,West,Mobile
CUST004171,2026-02-18,Unattributed,(not set),Midwest,Desktop
CUST004172,2026-02-18,Meta Ads,Prospecting - Lookalike 1%,Northeast,Mobile
CUST004173,2026-02-18,Google Ads,Search - Nonbrand Skincare,Midwest,Desktop
CUST004174,2026-02-18,Direct,(direct),Northeast,Desktop
CUST004175,2026-02-18,Email/SMS,Campaign - Monthly Newsletter,Midwest,Desktop
CUST004176,2026-02-18,Meta Ads,Retargeting - Cart Abandon,Midwest,Mobile
CUST004177,2026-02-18,Organic Social,(organic social),Northeast,Desktop
CUST004178,2026-02-18,Meta Ads,Retargeting - Engaged 30d,West,Desktop
CUST004179,2026-02-18,Direct,(direct),Midwest,Desktop
CUST004180,2026-02-18,Unattributed,(not set),Midwest,Mobile
CUST004181,2026-02-18,Meta Ads,Retargeting - Engaged 30d,South,Mobile
CUST004182,2026-02-18,Organic Search,(organic),Midwest,Desktop
CUST004183,2026-02-18,Google Ads,PMax - Skincare Prospecting,Northeast,Desktop
CUST004184,2026-02-18,Email/SMS,Campaign - Monthly Newsletter,West,Mobile
CUST004185,2026-02-18,Meta Ads,Prospecting - Lookalike 1%,West,Mobile
CUST004186,2026-02-18,Google Ads,Search - Nonbrand Skincare,West,Desktop
CUST004187,2026-02-19,Organic Social,(organic social),Midwest,Mobile
CUST004188,2026-02-19,Google Ads,PMax - Skincare Prospecting,South,Mobile
CUST004189,2026-02-19,Google Ads,Shopping - Bestsellers,South,Mobile
CUST004190,2026-02-19,Organic Search,(organic),West,Mobile
CUST004191,2026-02-19,Google Ads,PMax - Skincare Prospecting,South,Desktop
CUST004192,2026-02-19,Google Ads,PMax - Skincare Prospecting,Midwest,Desktop
CUST004193,2026-02-19,Google Ads,Search - Nonbrand Skincare,West,Desktop
CUST004194,2026-02-19,Organic Search,(organic),Midwest,Mobile
CUST004195,2026-02-19,Meta Ads,Prospecting - Lookalike 1%,South,Mobile
CUST004196,2026-02-19,Google Ads,PMax - Skincare Prospecting,South,Mobile
CUST004197,2026-02-19,Google Ads,Shopping - Bestsellers,West,Mobile
CUST004198,2026-02-19,Meta Ads,Retargeting - Engaged 30d,Midwest,Desktop
CUST004199,2026-02-19,Google Ads,PMax - Skincare Prospecting,Midwest,Mobile
CUST004200,2026-02-19,Direct,(direct),West,Desktop
CUST004201,2026-02-19,Meta Ads,Prospecting - Lookalike 1%,Midwest,Desktop
CUST004202,2026-02-19,Meta Ads,Retargeting - Cart Abandon,South,Mobile
CUST004203,2026-02-19,Organic Social,(organic social),Midwest,Mobile
CUST004204,2026-02-19,Meta Ads,Retargeting - Engaged 30d,Northeast,Desktop
CUST004205,2026-02-20,Organic Social,(organic social),Northeast,Desktop
CUST004206,2026-02-20,Google Ads,Shopping - Bestsellers,Midwest,Desktop
CUST004207,2026-02-20,Meta Ads,Prospecting - Lookalike 1%,Northeast,Tablet
CUST004208,2026-02-20,Meta Ads,Retargeting - Engaged 30d,Northeast,Tablet
CUST004209,2026-02-20,Google Ads,PMax - Skincare Prospecting,Northeast,Desktop
CUST004210,2026-02-20,Meta Ads,Prospecting - Lookalike 1%,West,Mobile
CUST004211,2026-02-20,Organic Social,(organic social),South,Mobile
CUST004212,2026-02-20,Google Ads,Search - Nonbrand Skincare,Midwest,Desktop
CUST004213,2026-02-20,Google Ads,Search - Nonbrand Skincare,Northeast,Desktop
CUST004214,2026-02-20,Google Ads,Shopping - Bestsellers,Midwest,Mobile
CUST004215,2026-02-20,Google Ads,Search - Brand,West,Mobile
CUST004216,2026-02-20,Organic Social,(organic social),West,Desktop
CUST004217,2026-02-20,Google Ads,PMax - Skincare Prospecting,Midwest,Mobile
CUST004218,2026-02-20,Meta Ads,Retargeting - Engaged 30d,West,Mobile
CUST004219,2026-02-20,Google Ads,Shopping - Bestsellers,Northeast,Mobile
CUST004220,2026-02-20,Google Ads,Search - Brand,West,Desktop
CUST004221,2026-02-20,Google Ads,Search - Nonbrand Skincare,South,Mobile
CUST004222,2026-02-20,Meta Ads,Prospecting - Broad,West,Mobile
CUST004223,2026-02-20,Organic Search,(organic),Northeast,Mobile
CUST004224,2026-02-20,Direct,(direct),South,Mobile
CUST004225,2026-02-20,Meta Ads,Prospecting - Broad,South,Mobile
CUST004226,2026-02-21,Organic Social,(organic social),Northeast,Mobile
CUST004227,2026-02-21,Meta Ads,Prospecting - Broad,Northeast,Mobile
CUST004228,2026-02-21,Google Ads,Shopping - Bestsellers,Northeast,Desktop
CUST004229,2026-02-21,Direct,(direct),Northeast,Mobile
CUST004230,2026-02-21,Meta Ads,Retargeting - Cart Abandon,South,Mobile
CUST004231,2026-02-21,Google Ads,Search - Nonbrand Skincare,West,Desktop
CUST004232,2026-02-21,Email/SMS,Campaign - Monthly Newsletter,Midwest,Desktop
CUST004233,2026-02-21,Organic Social,(organic social),West,Mobile
CUST004234,2026-02-21,Organic Social,(organic social),West,Mobile
CUST004235,2026-02-21,Meta Ads,Prospecting - Lookalike 1%,South,Mobile
CUST004236,2026-02-21,Direct,(direct),West,Mobile
CUST004237,2026-02-21,Meta Ads,Retargeting - Engaged 30d,Midwest,Desktop
CUST004238,2026-02-21,Meta Ads,Prospecting - Broad,Northeast,Desktop
CUST004239,2026-02-21,Meta Ads,Prospecting - Broad,Northeast,Desktop
CUST004240,2026-02-21,Organic Search,(organic),South,Mobile
CUST004241,2026-02-21,Google Ads,Shopping - Bestsellers,West,Mobile
CUST004242,2026-02-21,Direct,(direct),Midwest,Mobile
CUST004243,2026-02-21,Google Ads,Search - Nonbrand Skincare,South,Desktop
CUST004244,2026-02-21,Meta Ads,Prospecting - Broad,West,Mobile
CUST004245,2026-02-21,Organic Social,(organic social),Midwest,Desktop
CUST004246,2026-02-21,Google Ads,PMax - Skincare Prospecting,West,Mobile
CUST004247,2026-02-21,Meta Ads,Prospecting - Lookalike 1%,South,Mobile
CUST004248,2026-02-21,Meta Ads,Prospecting - Lookalike 1%,Northeast,Desktop
CUST004249,2026-02-21,Google Ads,Search - Brand,Midwest,Mobile
CUST004250,2026-02-21,Organic Social,(organic social),South,Desktop
CUST004251,2026-02-22,Meta Ads,Retargeting - Cart Abandon,West,Desktop
CUST004252,2026-02-22,Unattributed,(not set),West,Desktop
CUST004253,2026-02-22,Meta Ads,Retargeting - Cart Abandon,West,Mobile
CUST004254,2026-02-22,Google Ads,PMax - Skincare Prospecting,Midwest,Mobile
CUST004255,2026-02-22,Organic Search,(organic),South,Mobile
CUST004256,2026-02-22,Meta Ads,Retargeting - Engaged 30d,West,Mobile
CUST004257,2026-02-22,Meta Ads,Retargeting - Engaged 30d,South,Mobile
CUST004258,2026-02-22,Organic Social,(organic social),Northeast,Desktop
CUST004259,2026-02-22,Meta Ads,Retargeting - Cart Abandon,South,Desktop
CUST004260,2026-02-22,Meta Ads,Prospecting - Broad,West,Mobile
CUST004261,2026-02-22,Meta Ads,Retargeting - Engaged 30d,West,Mobile
CUST004262,2026-02-22,Google Ads,Search - Brand,Midwest,Mobile
CUST004263,2026-02-22,Organic Social,(organic social),West,Mobile
CUST004264,2026-02-22,Meta Ads,Prospecting - Broad,Northeast,Mobile
CUST004265,2026-02-22,Meta Ads,Prospecting - Broad,West,Mobile
CUST004266,2026-02-22,Direct,(direct),South,Mobile
CUST004267,2026-02-22,Meta Ads,Prospecting - Lookalike 1%,South,Mobile
CUST004268,2026-02-22,Organic Social,(organic social),Midwest,Desktop
CUST004269,2026-02-22,Google Ads,PMax - Skincare Prospecting,West,Mobile
CUST004270,2026-02-22,Google Ads,PMax - Skincare Prospecting,Northeast,Desktop
CUST004271,2026-02-22,Direct,(direct),South,Desktop
CUST004272,2026-02-22,Direct,(direct),South,Mobile
CUST004273,2026-02-23,Unattributed,(not set),South,Desktop
CUST004274,2026-02-23,Google Ads,Search - Brand,Midwest,Mobile
CUST004275,2026-02-23,Meta Ads,Prospecting - Broad,Northeast,Desktop
CUST004276,2026-02-23,Organic Search,(organic),Northeast,Desktop
CUST004277,2026-02-23,Organic Search,(organic),Northeast,Mobile
CUST004278,2026-02-23,Organic Search,(organic),Northeast,Mobile
CUST004279,2026-02-23,Direct,(direct),Midwest,Mobile
CUST004280,2026-02-23,Organic Search,(organic),West,Mobile
CUST004281,2026-02-23,Google Ads,Shopping - Bestsellers,Midwest,Desktop
CUST004282,2026-02-23,Meta Ads,Retargeting - Engaged 30d,South,Mobile
CUST004283,2026-02-23,Meta Ads,Prospecting - Lookalike 1%,Midwest,Desktop
CUST004284,2026-02-23,Organic Search,(organic),South,Mobile
CUST004285,2026-02-23,Meta Ads,Prospecting - Broad,West,Mobile
CUST004286,2026-02-23,Google Ads,Search - Nonbrand Skincare,West,Mobile
CUST004287,2026-02-23,Meta Ads,Prospecting - Broad,South,Desktop
CUST004288,2026-02-23,Meta Ads,Prospecting - Broad,South,Mobile
CUST004289,2026-02-23,Google Ads,Shopping - Bestsellers,South,Desktop
CUST004290,2026-02-23,Meta Ads,Prospecting - Lookalike 1%,Northeast,Mobile
CUST004291,2026-02-23,Direct,(direct),Northeast,Mobile
CUST004292,2026-02-23,Organic Search,(organic),Midwest,Mobile
CUST004293,2026-02-23,Meta Ads,Prospecting - Broad,South,Mobile
CUST004294,2026-02-23,Google Ads,PMax - Skincare Prospecting,West,Desktop
CUST004295,2026-02-23,Organic Search,(organic),Midwest,Mobile
CUST004296,2026-02-23,Organic Search,(organic),Midwest,Desktop
CUST004297,2026-02-23,Google Ads,Search - Nonbrand Skincare,Northeast,Mobile
CUST004298,2026-02-23,Direct,(direct),Northeast,Mobile
CUST004299,2026-02-23,Organic Search,(organic),South,Desktop
CUST004300,2026-02-23,Meta Ads,Retargeting - Cart Abandon,Midwest,Mobile
CUST004301,2026-02-24,Google Ads,Search - Brand,West,Mobile
CUST004302,2026-02-24,Meta Ads,Retargeting - Cart Abandon,Northeast,Mobile
CUST004303,2026-02-24,Google Ads,Search - Nonbrand Skincare,West,Tablet
CUST004304,2026-02-24,Unattributed,(not set),South,Desktop
CUST004305,2026-02-24,Google Ads,PMax - Skincare Prospecting,Midwest,Mobile
CUST004306,2026-02-24,Google Ads,PMax - Skincare Prospecting,West,Mobile
CUST004307,2026-02-24,Organic Search,(organic),South,Tablet
CUST004308,2026-02-24,Organic Social,(organic social),West,Desktop
CUST004309,2026-02-24,Meta Ads,Prospecting - Broad,Midwest,Mobile
CUST004310,2026-02-24,Google Ads,Search - Nonbrand Skincare,West,Tablet
CUST004311,2026-02-24,Google Ads,PMax - Skincare Prospecting,West,Tablet
CUST004312,2026-02-24,Google Ads,Search - Nonbrand Skincare,West,Mobile
CUST004313,2026-02-24,Direct,(direct),West,Desktop
CUST004314,2026-02-24,Meta Ads,Prospecting - Lookalike 1%,Midwest,Mobile
CUST004315,2026-02-24,Google Ads,Search - Brand,South,Mobile
CUST004316,2026-02-24,Organic Search,(organic),Midwest,Mobile
CUST004317,2026-02-24,Meta Ads,Prospecting - Lookalike 1%,West,Mobile
CUST004318,2026-02-24,Meta Ads,Retargeting - Cart Abandon,South,Mobile
CUST004319,2026-02-24,Organic Search,(organic),West,Mobile
CUST004320,2026-02-24,Meta Ads,Retargeting - Engaged 30d,Northeast,Mobile
CUST004321,2026-02-24,Google Ads,Shopping - Bestsellers,Northeast,Mobile
CUST004322,2026-02-24,Google Ads,Shopping - Bestsellers,South,Mobile
CUST004323,2026-02-25,Google Ads,Shopping - Bestsellers,South,Mobile
CUST004324,2026-02-25,Meta Ads,Prospecting - Broad,South,Mobile
CUST004325,2026-02-25,Google Ads,Shopping - Bestsellers,South,Desktop
CUST004326,2026-02-25,Unattributed,(not set),Midwest,Mobile
CUST004327,2026-02-25,Google Ads,Search - Brand,South,Mobile
CUST004328,2026-02-25,Organic Social,(organic social),West,Mobile
CUST004329,2026-02-25,Organic Search,(organic),South,Desktop
CUST004330,2026-02-25,Meta Ads,Retargeting - Engaged 30d,South,Tablet
CUST004331,2026-02-25,Organic Search,(organic),Northeast,Mobile
CUST004332,2026-02-25,Organic Social,(organic social),West,Mobile
CUST004333,2026-02-25,Direct,(direct),Midwest,Mobile
CUST004334,2026-02-25,Meta Ads,Retargeting - Cart Abandon,Northeast,Mobile
CUST004335,2026-02-25,Google Ads,Search - Brand,Midwest,Desktop
CUST004336,2026-02-25,Google Ads,Shopping - Bestsellers,West,Tablet
CUST004337,2026-02-25,Direct,(direct),Northeast,Mobile
CUST004338,2026-02-25,Organic Search,(organic),South,Mobile
CUST004339,2026-02-25,Direct,(direct),Northeast,Mobile
CUST004340,2026-02-25,Meta Ads,Prospecting - Lookalike 1%,West,Mobile
CUST004341,2026-02-25,Organic Search,(organic),Northeast,Mobile
CUST004342,2026-02-25,Meta Ads,Retargeting - Cart Abandon,West,Mobile
CUST004343,2026-02-25,Direct,(direct),South,Desktop
CUST004344,2026-02-25,Organic Search,(organic),Northeast,Desktop
CUST004345,2026-02-25,Google Ads,Shopping - Bestsellers,West,Desktop
CUST004346,2026-02-25,Direct,(direct),West,Mobile
CUST004347,2026-02-25,Google Ads,PMax - Skincare Prospecting,South,Desktop
CUST004348,2026-02-25,Meta Ads,Prospecting - Broad,West,Mobile
CUST004349,2026-02-26,Meta Ads,Prospecting - Lookalike 1%,Midwest,Mobile
CUST004350,2026-02-26,Organic Search,(organic),South,Desktop
CUST004351,2026-02-26,Organic Search,(organic),West,Mobile
CUST004352,2026-02-26,Meta Ads,Prospecting - Broad,West,Desktop
CUST004353,2026-02-26,Meta Ads,Prospecting - Broad,South,Mobile
CUST004354,2026-02-26,Google Ads,Search - Brand,West,Mobile
CUST004355,2026-02-26,Meta Ads,Retargeting - Engaged 30d,Northeast,Mobile
CUST004356,2026-02-26,Organic Search,(organic),Northeast,Mobile
CUST004357,2026-02-26,Meta Ads,Retargeting - Engaged 30d,Midwest,Mobile
CUST004358,2026-02-26,Meta Ads,Retargeting - Cart Abandon,South,Mobile
CUST004359,2026-02-26,Email/SMS,Flow - Post Purchase Winback,Midwest,Mobile
CUST004360,2026-02-26,Google Ads,Search - Brand,Midwest,Desktop
CUST004361,2026-02-26,Meta Ads,Prospecting - Broad,South,Mobile
CUST004362,2026-02-26,Organic Search,(organic),South,Mobile
CUST004363,2026-02-26,Meta Ads,Prospecting - Lookalike 1%,West,Mobile
CUST004364,2026-02-26,Meta Ads,Prospecting - Broad,Northeast,Tablet
CUST004365,2026-02-26,Meta Ads,Retargeting - Cart Abandon,Northeast,Mobile
CUST004366,2026-02-26,Google Ads,Search - Brand,Northeast,Mobile
CUST004367,2026-02-26,Organic Social,(organic social),West,Mobile
CUST004368,2026-02-26,Organic Search,(organic),South,Mobile
CUST004369,2026-02-26,Direct,(direct),Northeast,Mobile
CUST004370,2026-02-26,Meta Ads,Retargeting - Engaged 30d,Midwest,Mobile
CUST004371,2026-02-26,Organic Social,(organic social),Northeast,Desktop
CUST004372,2026-02-26,Meta Ads,Prospecting - Lookalike 1%,Midwest,Mobile
CUST004373,2026-02-26,Meta Ads,Retargeting - Cart Abandon,West,Mobile
CUST004374,2026-02-26,Google Ads,Search - Brand,Midwest,Mobile
CUST004375,2026-02-26,Meta Ads,Retargeting - Engaged 30d,Midwest,Mobile
CUST004376,2026-02-26,Meta Ads,Prospecting - Lookalike 1%,Northeast,Mobile
CUST004377,2026-02-26,Organic Search,(organic),West,Mobile
CUST004378,2026-02-26,Google Ads,Search - Nonbrand Skincare,Midwest,Mobile
CUST004379,2026-02-27,Google Ads,PMax - Skincare Prospecting,Midwest,Mobile
CUST004380,2026-02-27,Organic Social,(organic social),Northeast,Mobile
CUST004381,2026-02-27,Meta Ads,Retargeting - Cart Abandon,West,Desktop
CUST004382,2026-02-27,Google Ads,PMax - Skincare Prospecting,Midwest,Mobile
CUST004383,2026-02-27,Meta Ads,Retargeting - Cart Abandon,Northeast,Mobile
CUST004384,2026-02-27,Organic Search,(organic),West,Mobile
CUST004385,2026-02-27,Direct,(direct),West,Mobile
CUST004386,2026-02-27,Google Ads,Search - Nonbrand Skincare,Midwest,Mobile
CUST004387,2026-02-27,Organic Social,(organic social),Midwest,Desktop
CUST004388,2026-02-27,Google Ads,Search - Nonbrand Skincare,West,Mobile
CUST004389,2026-02-27,Organic Social,(organic social),West,Mobile
CUST004390,2026-02-27,Meta Ads,Prospecting - Lookalike 1%,Northeast,Mobile
CUST004391,2026-02-27,Google Ads,PMax - Skincare Prospecting,West,Desktop
CUST004392,2026-02-27,Google Ads,Search - Nonbrand Skincare,South,Mobile
CUST004393,2026-02-27,Organic Search,(organic),Northeast,Desktop
CUST004394,2026-02-27,Google Ads,Search - Nonbrand Skincare,West,Desktop
CUST004395,2026-02-27,Google Ads,Search - Nonbrand Skincare,South,Mobile
CUST004396,2026-02-27,Organic Search,(organic),Midwest,Tablet
CUST004397,2026-02-27,Google Ads,Shopping - Bestsellers,Northeast,Mobile
CUST004398,2026-02-27,Organic Social,(organic social),Northeast,Desktop
CUST004399,2026-02-27,Meta Ads,Prospecting - Lookalike 1%,South,Mobile
CUST004400,2026-02-27,Meta Ads,Retargeting - Engaged 30d,Midwest,Mobile
CUST004401,2026-02-27,Google Ads,Search - Nonbrand Skincare,South,Desktop
CUST004402,2026-02-27,Meta Ads,Retargeting - Engaged 30d,South,Desktop
CUST004403,2026-02-27,Google Ads,Search - Brand,Northeast,Mobile
CUST004404,2026-02-28,Google Ads,PMax - Skincare Prospecting,South,Mobile
CUST004405,2026-02-28,Google Ads,PMax - Skincare Prospecting,Midwest,Desktop
CUST004406,2026-02-28,Google Ads,Shopping - Bestsellers,South,Desktop
CUST004407,2026-02-28,Google Ads,Search - Nonbrand Skincare,Midwest,Mobile
CUST004408,2026-02-28,Meta Ads,Prospecting - Broad,South,Desktop
CUST004409,2026-02-28,Meta Ads,Prospecting - Broad,Midwest,Tablet
CUST004410,2026-02-28,Organic Search,(organic),Northeast,Mobile
CUST004411,2026-02-28,Google Ads,Search - Nonbrand Skincare,South,Desktop
CUST004412,2026-02-28,Meta Ads,Prospecting - Broad,West,Mobile
CUST004413,2026-02-28,Google Ads,Shopping - Bestsellers,West,Desktop
CUST004414,2026-02-28,Google Ads,Shopping - Bestsellers,West,Mobile
CUST004415,2026-02-28,Meta Ads,Retargeting - Engaged 30d,West,Mobile
CUST004416,2026-02-28,Google Ads,Shopping - Bestsellers,Northeast,Mobile
CUST004417,2026-02-28,Meta Ads,Prospecting - Lookalike 1%,South,Mobile
CUST004418,2026-02-28,Google Ads,Search - Nonbrand Skincare,West,Tablet
CUST004419,2026-02-28,Direct,(direct),West,Mobile
CUST004420,2026-02-28,Organic Search,(organic),Midwest,Mobile
CUST004421,2026-02-28,Meta Ads,Prospecting - Lookalike 1%,West,Desktop
CUST004422,2026-02-28,Unattributed,(not set),West,Mobile
CUST004423,2026-02-28,Meta Ads,Retargeting - Cart Abandon,West,Mobile
CUST004424,2026-02-28,Direct,(direct),West,Mobile
CUST004425,2026-02-28,Email/SMS,Flow - Abandoned Cart,West,Desktop
CUST004426,2026-02-28,Google Ads,Search - Nonbrand Skincare,West,Mobile
CUST004427,2026-02-28,Meta Ads,Prospecting - Lookalike 1%,Northeast,Desktop
CUST004428,2026-02-28,Organic Search,(organic),West,Desktop
CUST004429,2026-02-28,Meta Ads,Prospecting - Broad,West,Tablet
CUST004430,2026-03-01,Meta Ads,Retargeting - Cart Abandon,West,Desktop
CUST004431,2026-03-01,Organic Social,(organic social),South,Mobile
CUST004432,2026-03-01,Meta Ads,Prospecting - Lookalike 1%,West,Mobile
CUST004433,2026-03-01,Organic Search,(organic),Northeast,Mobile
CUST004434,2026-03-01,Organic Search,(organic),West,Mobile
CUST004435,2026-03-01,Google Ads,Search - Nonbrand Skincare,West,Mobile
CUST004436,2026-03-01,Meta Ads,Prospecting - Broad,West,Mobile
CUST004437,2026-03-01,Google Ads,PMax - Skincare Prospecting,Northeast,Mobile
CUST004438,2026-03-01,Direct,(direct),South,Mobile
CUST004439,2026-03-01,Email/SMS,Flow - Post Purchase Winback,South,Desktop
CUST004440,2026-03-01,Organic Search,(organic),West,Mobile
CUST004441,2026-03-01,Google Ads,PMax - Skincare Prospecting,South,Mobile
CUST004442,2026-03-01,Meta Ads,Retargeting - Engaged 30d,West,Mobile
CUST004443,2026-03-01,Organic Search,(organic),South,Desktop
CUST004444,2026-03-01,Meta Ads,Retargeting - Cart Abandon,Northeast,Mobile
CUST004445,2026-03-01,Meta Ads,Retargeting - Engaged 30d,Midwest,Tablet
CUST004446,2026-03-01,Unattributed,(not set),Midwest,Mobile
CUST004447,2026-03-01,Google Ads,PMax - Skincare Prospecting,Northeast,Mobile
CUST004448,2026-03-01,Meta Ads,Prospecting - Broad,Northeast,Mobile
CUST004449,2026-03-01,Google Ads,Search - Nonbrand Skincare,South,Mobile
CUST004450,2026-03-01,Organic Search,(organic),Northeast,Mobile
CUST004451,2026-03-01,Organic Social,(organic social),Northeast,Mobile
CUST004452,2026-03-01,Organic Search,(organic),South,Tablet
CUST004453,2026-03-01,Google Ads,Search - Brand,Northeast,Desktop
CUST004454,2026-03-01,Meta Ads,Prospecting - Broad,South,Mobile
CUST004455,2026-03-01,Direct,(direct),South,Mobile
CUST004456,2026-03-01,Organic Search,(organic),South,Desktop
CUST004457,2026-03-01,Meta Ads,Prospecting - Lookalike 1%,West,Desktop
CUST004458,2026-03-01,Meta Ads,Retargeting - Cart Abandon,West,Desktop
CUST004459,2026-03-01,Organic Search,(organic),Northeast,Tablet
CUST004460,2026-03-02,Meta Ads,Retargeting - Engaged 30d,West,Desktop
CUST004461,2026-03-02,Google Ads,Search - Nonbrand Skincare,Northeast,Mobile
CUST004462,2026-03-02,Organic Social,(organic social),West,Mobile
CUST004463,2026-03-02,Unattributed,(not set),West,Mobile
CUST004464,2026-03-02,Organic Search,(organic),West,Desktop
CUST004465,2026-03-02,Direct,(direct),South,Mobile
CUST004466,2026-03-02,Organic Social,(organic social),Midwest,Mobile
CUST004467,2026-03-02,Google Ads,PMax - Skincare Prospecting,Northeast,Desktop
CUST004468,2026-03-02,Meta Ads,Retargeting - Cart Abandon,South,Mobile
CUST004469,2026-03-02,Google Ads,Search - Nonbrand Skincare,South,Mobile
CUST004470,2026-03-02,Organic Search,(organic),Midwest,Tablet
CUST004471,2026-03-02,Organic Search,(organic),West,Mobile
CUST004472,2026-03-02,Organic Social,(organic social),South,Mobile
CUST004473,2026-03-02,Direct,(direct),South,Mobile
CUST004474,2026-03-02,Google Ads,Search - Nonbrand Skincare,South,Desktop
CUST004475,2026-03-02,Organic Social,(organic social),Midwest,Desktop
CUST004476,2026-03-02,Organic Social,(organic social),South,Mobile
CUST004477,2026-03-02,Organic Search,(organic),Midwest,Desktop
CUST004478,2026-03-02,Google Ads,Shopping - Bestsellers,South,Desktop
CUST004479,2026-03-02,Organic Search,(organic),West,Mobile
CUST004480,2026-03-03,Direct,(direct),South,Mobile
CUST004481,2026-03-03,Organic Social,(organic social),West,Mobile
CUST004482,2026-03-03,Organic Social,(organic social),South,Mobile
CUST004483,2026-03-03,Organic Search,(organic),Northeast,Desktop
CUST004484,2026-03-03,Google Ads,PMax - Skincare Prospecting,South,Mobile
CUST004485,2026-03-03,Unattributed,(not set),West,Mobile
CUST004486,2026-03-03,Organic Social,(organic social),West,Mobile
CUST004487,2026-03-03,Meta Ads,Retargeting - Cart Abandon,South,Desktop
CUST004488,2026-03-03,Google Ads,Search - Nonbrand Skincare,West,Desktop
CUST004489,2026-03-03,Direct,(direct),Midwest,Mobile
CUST004490,2026-03-03,Organic Search,(organic),Northeast,Mobile
CUST004491,2026-03-03,Google Ads,Shopping - Bestsellers,Midwest,Mobile
CUST004492,2026-03-03,Organic Search,(organic),Midwest,Desktop
CUST004493,2026-03-03,Meta Ads,Prospecting - Broad,West,Mobile
CUST004494,2026-03-03,Meta Ads,Retargeting - Cart Abandon,Midwest,Mobile
CUST004495,2026-03-03,Meta Ads,Retargeting - Engaged 30d,West,Mobile
CUST004496,2026-03-03,Google Ads,Search - Nonbrand Skincare,Midwest,Mobile
CUST004497,2026-03-03,Google Ads,Search - Nonbrand Skincare,West,Mobile
CUST004498,2026-03-03,Meta Ads,Retargeting - Engaged 30d,Northeast,Desktop
CUST004499,2026-03-03,Organic Social,(organic social),West,Mobile
CUST004500,2026-03-03,Meta Ads,Retargeting - Cart Abandon,South,Desktop
CUST004501,2026-03-03,Email/SMS,Flow - Post Purchase Winback,Midwest,Mobile
CUST004502,2026-03-03,Meta Ads,Prospecting - Lookalike 1%,Midwest,Mobile
CUST004503,2026-03-03,Organic Search,(organic),West,Desktop
CUST004504,2026-03-04,Google Ads,Search - Nonbrand Skincare,South,Mobile
CUST004505,2026-03-04,Google Ads,Shopping - Bestsellers,Midwest,Desktop
CUST004506,2026-03-04,Organic Social,(organic social),Northeast,Mobile
CUST004507,2026-03-04,Organic Social,(organic social),South,Mobile
CUST004508,2026-03-04,Google Ads,PMax - Skincare Prospecting,South,Desktop
CUST004509,2026-03-04,Google Ads,Search - Nonbrand Skincare,Midwest,Mobile
CUST004510,2026-03-04,Meta Ads,Retargeting - Cart Abandon,Northeast,Desktop
CUST004511,2026-03-04,Meta Ads,Prospecting - Broad,West,Desktop
CUST004512,2026-03-04,Direct,(direct),Northeast,Desktop
CUST004513,2026-03-04,Meta Ads,Prospecting - Lookalike 1%,South,Mobile
CUST004514,2026-03-04,Meta Ads,Prospecting - Lookalike 1%,West,Desktop
CUST004515,2026-03-04,Google Ads,Search - Nonbrand Skincare,Northeast,Mobile
CUST004516,2026-03-04,Meta Ads,Retargeting - Cart Abandon,South,Desktop
CUST004517,2026-03-04,Direct,(direct),West,Mobile
CUST004518,2026-03-04,Meta Ads,Prospecting - Broad,Midwest,Desktop
CUST004519,2026-03-04,Organic Search,(organic),South,Desktop
CUST004520,2026-03-04,Meta Ads,Prospecting - Broad,Midwest,Mobile
CUST004521,2026-03-04,Google Ads,PMax - Skincare Prospecting,South,Mobile
CUST004522,2026-03-04,Google Ads,PMax - Skincare Prospecting,Midwest,Tablet
CUST004523,2026-03-04,Meta Ads,Retargeting - Cart Abandon,Midwest,Mobile
CUST004524,2026-03-04,Meta Ads,Prospecting - Broad,West,Mobile
CUST004525,2026-03-05,Google Ads,Search - Nonbrand Skincare,Northeast,Mobile
CUST004526,2026-03-05,Meta Ads,Retargeting - Engaged 30d,Northeast,Mobile
CUST004527,2026-03-05,Meta Ads,Retargeting - Cart Abandon,Northeast,Mobile
CUST004528,2026-03-05,Organic Social,(organic social),South,Desktop
CUST004529,2026-03-05,Organic Social,(organic social),Midwest,Desktop
CUST004530,2026-03-05,Organic Search,(organic),South,Mobile
CUST004531,2026-03-05,Meta Ads,Prospecting - Lookalike 1%,South,Mobile
CUST004532,2026-03-05,Meta Ads,Retargeting - Cart Abandon,Northeast,Desktop
CUST004533,2026-03-05,Organic Social,(organic social),South,Desktop
CUST004534,2026-03-05,Google Ads,PMax - Skincare Prospecting,Midwest,Desktop
CUST004535,2026-03-05,Google Ads,PMax - Skincare Prospecting,Northeast,Mobile
CUST004536,2026-03-05,Unattributed,(not set),South,Mobile
CUST004537,2026-03-05,Meta Ads,Prospecting - Broad,South,Mobile
CUST004538,2026-03-05,Organic Search,(organic),South,Desktop
CUST004539,2026-03-05,Direct,(direct),Midwest,Mobile
CUST004540,2026-03-05,Google Ads,PMax - Skincare Prospecting,Midwest,Mobile
CUST004541,2026-03-05,Google Ads,PMax - Skincare Prospecting,South,Mobile
CUST004542,2026-03-05,Meta Ads,Prospecting - Lookalike 1%,South,Mobile
CUST004543,2026-03-05,Meta Ads,Prospecting - Lookalike 1%,South,Mobile
CUST004544,2026-03-05,Organic Social,(organic social),South,Mobile
CUST004545,2026-03-05,Unattributed,(not set),West,Mobile
CUST004546,2026-03-05,Google Ads,Shopping - Bestsellers,Midwest,Desktop
CUST004547,2026-03-05,Google Ads,Shopping - Bestsellers,South,Mobile
CUST004548,2026-03-05,Google Ads,Search - Brand,Northeast,Mobile
CUST004549,2026-03-05,Direct,(direct),West,Mobile
CUST004550,2026-03-06,Organic Search,(organic),West,Mobile
CUST004551,2026-03-06,Unattributed,(not set),West,Mobile
CUST004552,2026-03-06,Direct,(direct),West,Desktop
CUST004553,2026-03-06,Direct,(direct),West,Desktop
CUST004554,2026-03-06,Meta Ads,Prospecting - Lookalike 1%,South,Desktop
CUST004555,2026-03-06,Organic Social,(organic social),South,Desktop
CUST004556,2026-03-06,Organic Social,(organic social),West,Mobile
CUST004557,2026-03-06,Organic Social,(organic social),South,Desktop
CUST004558,2026-03-06,Google Ads,Search - Nonbrand Skincare,South,Mobile
CUST004559,2026-03-06,Meta Ads,Prospecting - Lookalike 1%,Midwest,Desktop
CUST004560,2026-03-06,Organic Search,(organic),Northeast,Mobile
CUST004561,2026-03-06,Email/SMS,Flow - Welcome Series,Midwest,Tablet
CUST004562,2026-03-06,Meta Ads,Retargeting - Engaged 30d,Northeast,Desktop
CUST004563,2026-03-06,Organic Search,(organic),South,Mobile
CUST004564,2026-03-06,Organic Search,(organic),West,Tablet
CUST004565,2026-03-06,Google Ads,Shopping - Bestsellers,West,Mobile
CUST004566,2026-03-06,Meta Ads,Prospecting - Broad,South,Mobile
CUST004567,2026-03-06,Direct,(direct),South,Mobile
CUST004568,2026-03-06,Organic Search,(organic),West,Desktop
CUST004569,2026-03-06,Direct,(direct),West,Mobile
CUST004570,2026-03-06,Direct,(direct),Midwest,Mobile
CUST004571,2026-03-06,Organic Search,(organic),Midwest,Desktop
CUST004572,2026-03-06,Meta Ads,Prospecting - Broad,Midwest,Desktop
CUST004573,2026-03-06,Organic Social,(organic social),Midwest,Mobile
CUST004574,2026-03-06,Organic Search,(organic),South,Mobile
CUST004575,2026-03-06,Meta Ads,Prospecting - Lookalike 1%,Northeast,Desktop
CUST004576,2026-03-06,Unattributed,(not set),South,Mobile
CUST004577,2026-03-06,Meta Ads,Retargeting - Engaged 30d,South,Mobile
CUST004578,2026-03-07,Direct,(direct),West,Mobile
CUST004579,2026-03-07,Organic Social,(organic social),South,Desktop
CUST004580,2026-03-07,Google Ads,PMax - Skincare Prospecting,South,Desktop
CUST004581,2026-03-07,Organic Search,(organic),Northeast,Mobile
CUST004582,2026-03-07,Meta Ads,Retargeting - Engaged 30d,South,Mobile
CUST004583,2026-03-07,Organic Search,(organic),West,Mobile
CUST004584,2026-03-07,Google Ads,Shopping - Bestsellers,Northeast,Mobile
CUST004585,2026-03-07,Organic Search,(organic),Midwest,Mobile
CUST004586,2026-03-07,Organic Search,(organic),Midwest,Mobile
CUST004587,2026-03-07,Google Ads,PMax - Skincare Prospecting,West,Mobile
CUST004588,2026-03-07,Organic Social,(organic social),West,Mobile
CUST004589,2026-03-07,Google Ads,Search - Brand,West,Mobile
CUST004590,2026-03-07,Google Ads,Search - Nonbrand Skincare,Midwest,Mobile
CUST004591,2026-03-07,Organic Search,(organic),Midwest,Tablet
CUST004592,2026-03-07,Meta Ads,Retargeting - Cart Abandon,South,Mobile
CUST004593,2026-03-07,Google Ads,Search - Brand,West,Mobile
CUST004594,2026-03-07,Google Ads,Search - Nonbrand Skincare,West,Desktop
CUST004595,2026-03-07,Meta Ads,Prospecting - Broad,West,Mobile
CUST004596,2026-03-07,Organic Search,(organic),West,Desktop
CUST004597,2026-03-07,Organic Search,(organic),West,Mobile
CUST004598,2026-03-07,Google Ads,PMax - Skincare Prospecting,Northeast,Mobile
CUST004599,2026-03-07,Direct,(direct),West,Desktop
CUST004600,2026-03-07,Meta Ads,Retargeting - Cart Abandon,Northeast,Mobile
CUST004601,2026-03-07,Organic Search,(organic),West,Desktop
CUST004602,2026-03-07,Organic Search,(organic),West,Desktop
CUST004603,2026-03-07,Meta Ads,Retargeting - Cart Abandon,South,Mobile
CUST004604,2026-03-08,Meta Ads,Retargeting - Cart Abandon,Midwest,Desktop
CUST004605,2026-03-08,Meta Ads,Retargeting - Cart Abandon,West,Mobile
CUST004606,2026-03-08,Meta Ads,Prospecting - Lookalike 1%,West,Mobile
CUST004607,2026-03-08,Organic Social,(organic social),Northeast,Desktop
CUST004608,2026-03-08,Google Ads,Search - Nonbrand Skincare,South,Mobile
CUST004609,2026-03-08,Google Ads,Search - Brand,West,Mobile
CUST004610,2026-03-08,Meta Ads,Prospecting - Lookalike 1%,Northeast,Mobile
CUST004611,2026-03-08,Meta Ads,Prospecting - Broad,Northeast,Desktop
CUST004612,2026-03-08,Unattributed,(not set),West,Mobile
CUST004613,2026-03-08,Organic Search,(organic),West,Mobile
CUST004614,2026-03-08,Meta Ads,Retargeting - Engaged 30d,Northeast,Desktop
CUST004615,2026-03-08,Organic Search,(organic),South,Mobile
CUST004616,2026-03-08,Google Ads,PMax - Skincare Prospecting,Midwest,Mobile
CUST004617,2026-03-08,Meta Ads,Retargeting - Cart Abandon,South,Tablet
CUST004618,2026-03-08,Google Ads,Shopping - Bestsellers,Northeast,Mobile
CUST004619,2026-03-08,Organic Search,(organic),Midwest,Desktop
CUST004620,2026-03-08,Meta Ads,Prospecting - Lookalike 1%,West,Mobile
CUST004621,2026-03-08,Google Ads,PMax - Skincare Prospecting,Northeast,Mobile
CUST004622,2026-03-08,Email/SMS,Flow - Welcome Series,Midwest,Desktop
CUST004623,2026-03-08,Organic Search,(organic),Northeast,Mobile
CUST004624,2026-03-08,Google Ads,Search - Brand,Northeast,Mobile
CUST004625,2026-03-08,Organic Search,(organic),West,Mobile
CUST004626,2026-03-08,Organic Search,(organic),Midwest,Tablet
CUST004627,2026-03-08,Email/SMS,Flow - Abandoned Cart,South,Mobile
CUST004628,2026-03-08,Direct,(direct),South,Mobile
CUST004629,2026-03-08,Organic Search,(organic),Northeast,Mobile
CUST004630,2026-03-08,Organic Search,(organic),Midwest,Mobile
CUST004631,2026-03-08,Meta Ads,Prospecting - Broad,Midwest,Mobile
CUST004632,2026-03-08,Organic Search,(organic),Midwest,Mobile
CUST004633,2026-03-09,Organic Social,(organic social),South,Mobile
CUST004634,2026-03-09,Google Ads,Shopping - Bestsellers,Midwest,Mobile
CUST004635,2026-03-09,Organic Search,(organic),West,Tablet
CUST004636,2026-03-09,Meta Ads,Retargeting - Cart Abandon,West,Mobile
CUST004637,2026-03-09,Meta Ads,Retargeting - Engaged 30d,West,Desktop
CUST004638,2026-03-09,Unattributed,(not set),West,Mobile
CUST004639,2026-03-09,Google Ads,Search - Brand,West,Desktop
CUST004640,2026-03-09,Organic Search,(organic),West,Mobile
CUST004641,2026-03-09,Organic Search,(organic),West,Mobile
CUST004642,2026-03-09,Google Ads,PMax - Skincare Prospecting,Midwest,Mobile
CUST004643,2026-03-09,Meta Ads,Prospecting - Lookalike 1%,Midwest,Desktop
CUST004644,2026-03-09,Organic Social,(organic social),West,Desktop
CUST004645,2026-03-09,Meta Ads,Retargeting - Engaged 30d,Midwest,Mobile
CUST004646,2026-03-09,Organic Search,(organic),West,Desktop
CUST004647,2026-03-09,Direct,(direct),West,Mobile
CUST004648,2026-03-09,Meta Ads,Prospecting - Broad,Northeast,Desktop
CUST004649,2026-03-09,Organic Search,(organic),West,Desktop
CUST004650,2026-03-09,Direct,(direct),West,Mobile
CUST004651,2026-03-09,Organic Search,(organic),West,Mobile
CUST004652,2026-03-09,Direct,(direct),Northeast,Mobile
CUST004653,2026-03-09,Organic Search,(organic),South,Mobile
CUST004654,2026-03-09,Organic Search,(organic),West,Desktop
CUST004655,2026-03-09,Google Ads,Search - Nonbrand Skincare,West,Mobile
CUST004656,2026-03-09,Organic Search,(organic),West,Desktop
CUST004657,2026-03-09,Organic Social,(organic social),South,Desktop
CUST004658,2026-03-10,Google Ads,Search - Brand,West,Mobile
CUST004659,2026-03-10,Unattributed,(not set),West,Tablet
CUST004660,2026-03-10,Meta Ads,Prospecting - Lookalike 1%,South,Mobile
CUST004661,2026-03-10,Organic Search,(organic),South,Mobile
CUST004662,2026-03-10,Meta Ads,Retargeting - Engaged 30d,Northeast,Desktop
CUST004663,2026-03-10,Direct,(direct),Northeast,Desktop
CUST004664,2026-03-10,Google Ads,Search - Brand,Northeast,Mobile
CUST004665,2026-03-10,Google Ads,Search - Nonbrand Skincare,Northeast,Mobile
CUST004666,2026-03-10,Google Ads,PMax - Skincare Prospecting,Midwest,Mobile
CUST004667,2026-03-10,Google Ads,Search - Nonbrand Skincare,West,Desktop
CUST004668,2026-03-10,Google Ads,Shopping - Bestsellers,West,Mobile
CUST004669,2026-03-10,Organic Social,(organic social),Midwest,Desktop
CUST004670,2026-03-10,Meta Ads,Retargeting - Engaged 30d,Midwest,Mobile
CUST004671,2026-03-10,Direct,(direct),South,Mobile
CUST004672,2026-03-10,Meta Ads,Retargeting - Cart Abandon,West,Mobile
CUST004673,2026-03-10,Google Ads,Shopping - Bestsellers,South,Mobile
CUST004674,2026-03-10,Meta Ads,Retargeting - Engaged 30d,Northeast,Desktop
CUST004675,2026-03-10,Meta Ads,Retargeting - Cart Abandon,Midwest,Desktop
CUST004676,2026-03-11,Meta Ads,Prospecting - Broad,South,Desktop
CUST004677,2026-03-11,Google Ads,Shopping - Bestsellers,West,Desktop
CUST004678,2026-03-11,Meta Ads,Prospecting - Lookalike 1%,West,Mobile
CUST004679,2026-03-11,Meta Ads,Retargeting - Cart Abandon,West,Desktop
CUST004680,2026-03-11,Meta Ads,Retargeting - Engaged 30d,South,Desktop
CUST004681,2026-03-11,Meta Ads,Prospecting - Broad,South,Mobile
CUST004682,2026-03-11,Meta Ads,Prospecting - Broad,Midwest,Mobile
CUST004683,2026-03-11,Organic Social,(organic social),West,Mobile
CUST004684,2026-03-11,Meta Ads,Prospecting - Lookalike 1%,South,Mobile
CUST004685,2026-03-11,Unattributed,(not set),South,Desktop
CUST004686,2026-03-11,Meta Ads,Prospecting - Broad,Midwest,Mobile
CUST004687,2026-03-11,Organic Search,(organic),South,Desktop
CUST004688,2026-03-11,Meta Ads,Prospecting - Lookalike 1%,Midwest,Desktop
CUST004689,2026-03-11,Meta Ads,Retargeting - Engaged 30d,Midwest,Mobile
CUST004690,2026-03-11,Organic Search,(organic),West,Desktop
CUST004691,2026-03-11,Meta Ads,Retargeting - Engaged 30d,West,Mobile
CUST004692,2026-03-11,Email/SMS,Flow - Welcome Series,Midwest,Mobile
CUST004693,2026-03-11,Organic Search,(organic),West,Mobile
CUST004694,2026-03-11,Meta Ads,Prospecting - Lookalike 1%,South,Mobile
CUST004695,2026-03-11,Organic Search,(organic),Midwest,Mobile
CUST004696,2026-03-11,Google Ads,Search - Nonbrand Skincare,Midwest,Mobile
CUST004697,2026-03-11,Direct,(direct),Northeast,Desktop
CUST004698,2026-03-12,Google Ads,Search - Nonbrand Skincare,Northeast,Desktop
CUST004699,2026-03-12,Google Ads,PMax - Skincare Prospecting,South,Mobile
CUST004700,2026-03-12,Meta Ads,Prospecting - Broad,Northeast,Desktop
CUST004701,2026-03-12,Meta Ads,Retargeting - Engaged 30d,Northeast,Mobile
CUST004702,2026-03-12,Google Ads,Search - Brand,South,Mobile
CUST004703,2026-03-12,Organic Search,(organic),Northeast,Desktop
CUST004704,2026-03-12,Google Ads,PMax - Skincare Prospecting,West,Desktop
CUST004705,2026-03-12,Google Ads,Search - Nonbrand Skincare,South,Mobile
CUST004706,2026-03-12,Meta Ads,Retargeting - Engaged 30d,West,Mobile
CUST004707,2026-03-12,Meta Ads,Retargeting - Cart Abandon,Northeast,Mobile
CUST004708,2026-03-12,Meta Ads,Retargeting - Engaged 30d,West,Desktop
CUST004709,2026-03-12,Meta Ads,Prospecting - Lookalike 1%,West,Desktop
CUST004710,2026-03-12,Meta Ads,Prospecting - Lookalike 1%,Northeast,Tablet
CUST004711,2026-03-12,Google Ads,Search - Nonbrand Skincare,West,Desktop
CUST004712,2026-03-12,Organic Social,(organic social),Northeast,Desktop
CUST004713,2026-03-12,Meta Ads,Prospecting - Lookalike 1%,Midwest,Mobile
CUST004714,2026-03-12,Google Ads,Search - Brand,South,Mobile
CUST004715,2026-03-12,Direct,(direct),West,Desktop
CUST004716,2026-03-12,Organic Search,(organic),Midwest,Desktop
CUST004717,2026-03-12,Email/SMS,Flow - Welcome Series,Midwest,Mobile
CUST004718,2026-03-12,Unattributed,(not set),Midwest,Mobile
CUST004719,2026-03-12,Google Ads,PMax - Skincare Prospecting,South,Mobile
CUST004720,2026-03-12,Meta Ads,Prospecting - Broad,South,Mobile
CUST004721,2026-03-13,Google Ads,Shopping - Bestsellers,Northeast,Desktop
CUST004722,2026-03-13,Google Ads,Search - Brand,West,Mobile
CUST004723,2026-03-13,Meta Ads,Prospecting - Lookalike 1%,West,Mobile
CUST004724,2026-03-13,Google Ads,Search - Nonbrand Skincare,South,Mobile
CUST004725,2026-03-13,Organic Social,(organic social),Northeast,Desktop
CUST004726,2026-03-13,Meta Ads,Retargeting - Cart Abandon,Midwest,Mobile
CUST004727,2026-03-13,Google Ads,Search - Brand,West,Mobile
CUST004728,2026-03-13,Direct,(direct),West,Mobile
CUST004729,2026-03-13,Organic Search,(organic),South,Mobile
CUST004730,2026-03-13,Organic Social,(organic social),Northeast,Mobile
CUST004731,2026-03-13,Email/SMS,Flow - Welcome Series,Midwest,Mobile
CUST004732,2026-03-13,Meta Ads,Retargeting - Cart Abandon,Midwest,Desktop
CUST004733,2026-03-13,Organic Search,(organic),South,Mobile
CUST004734,2026-03-13,Google Ads,PMax - Skincare Prospecting,South,Mobile
CUST004735,2026-03-13,Direct,(direct),West,Mobile
CUST004736,2026-03-13,Direct,(direct),South,Mobile
CUST004737,2026-03-13,Organic Social,(organic social),West,Desktop
CUST004738,2026-03-13,Organic Search,(organic),Northeast,Tablet
CUST004739,2026-03-13,Google Ads,Search - Brand,West,Desktop
CUST004740,2026-03-13,Google Ads,Shopping - Bestsellers,South,Mobile
CUST004741,2026-03-13,Google Ads,Search - Nonbrand Skincare,South,Desktop
CUST004742,2026-03-13,Meta Ads,Prospecting - Lookalike 1%,Northeast,Mobile
CUST004743,2026-03-13,Google Ads,Search - Nonbrand Skincare,Northeast,Mobile
CUST004744,2026-03-13,Meta Ads,Prospecting - Broad,Midwest,Desktop
CUST004745,2026-03-13,Google Ads,Search - Brand,West,Mobile
CUST004746,2026-03-13,Google Ads,Shopping - Bestsellers,South,Mobile
CUST004747,2026-03-13,Organic Social,(organic social),West,Mobile
CUST004748,2026-03-13,Google Ads,Search - Nonbrand Skincare,Northeast,Desktop
CUST004749,2026-03-13,Meta Ads,Retargeting - Engaged 30d,Midwest,Mobile
CUST004750,2026-03-14,Google Ads,Search - Nonbrand Skincare,South,Mobile
CUST004751,2026-03-14,Organic Search,(organic),South,Desktop
CUST004752,2026-03-14,Google Ads,Search - Brand,South,Mobile
CUST004753,2026-03-14,Google Ads,Search - Nonbrand Skincare,South,Mobile
CUST004754,2026-03-14,Meta Ads,Prospecting - Broad,West,Mobile
CUST004755,2026-03-14,Google Ads,Search - Nonbrand Skincare,West,Desktop
CUST004756,2026-03-14,Google Ads,Search - Brand,Northeast,Mobile
CUST004757,2026-03-14,Google Ads,PMax - Skincare Prospecting,South,Desktop
CUST004758,2026-03-14,Organic Search,(organic),West,Desktop
CUST004759,2026-03-14,Direct,(direct),Midwest,Mobile
CUST004760,2026-03-14,Organic Social,(organic social),South,Mobile
CUST004761,2026-03-14,Organic Search,(organic),West,Desktop
CUST004762,2026-03-14,Direct,(direct),Northeast,Desktop
CUST004763,2026-03-14,Meta Ads,Prospecting - Lookalike 1%,South,Desktop
CUST004764,2026-03-14,Unattributed,(not set),South,Mobile
CUST004765,2026-03-14,Meta Ads,Prospecting - Broad,Northeast,Tablet
CUST004766,2026-03-14,Google Ads,PMax - Skincare Prospecting,Northeast,Tablet
CUST004767,2026-03-14,Organic Search,(organic),West,Tablet
CUST004768,2026-03-14,Organic Search,(organic),West,Mobile
CUST004769,2026-03-14,Meta Ads,Prospecting - Lookalike 1%,West,Mobile
CUST004770,2026-03-14,Google Ads,Shopping - Bestsellers,West,Mobile
CUST004771,2026-03-14,Google Ads,Search - Brand,West,Mobile
CUST004772,2026-03-14,Direct,(direct),South,Mobile
CUST004773,2026-03-14,Google Ads,Shopping - Bestsellers,West,Tablet
CUST004774,2026-03-14,Direct,(direct),Midwest,Mobile
CUST004775,2026-03-14,Google Ads,Search - Nonbrand Skincare,South,Mobile
CUST004776,2026-03-14,Google Ads,Shopping - Bestsellers,West,Mobile
CUST004777,2026-03-14,Organic Search,(organic),Midwest,Mobile
CUST004778,2026-03-14,Organic Social,(organic social),South,Mobile
CUST004779,2026-03-14,Direct,(direct),South,Mobile
CUST004780,2026-03-14,Organic Search,(organic),Northeast,Desktop
CUST004781,2026-03-15,Organic Social,(organic social),West,Mobile
CUST004782,2026-03-15,Meta Ads,Prospecting - Lookalike 1%,Northeast,Mobile
CUST004783,2026-03-15,Google Ads,Search - Brand,South,Mobile
CUST004784,2026-03-15,Meta Ads,Prospecting - Broad,South,Desktop
CUST004785,2026-03-15,Meta Ads,Retargeting - Cart Abandon,South,Mobile
CUST004786,2026-03-15,Organic Search,(organic),South,Desktop
CUST004787,2026-03-15,Meta Ads,Retargeting - Engaged 30d,South,Desktop
CUST004788,2026-03-15,Meta Ads,Retargeting - Engaged 30d,Midwest,Mobile
CUST004789,2026-03-15,Organic Search,(organic),South,Mobile
CUST004790,2026-03-15,Google Ads,Search - Brand,West,Desktop
CUST004791,2026-03-15,Direct,(direct),South,Mobile
CUST004792,2026-03-15,Organic Social,(organic social),South,Mobile
CUST004793,2026-03-15,Meta Ads,Retargeting - Cart Abandon,Midwest,Mobile
CUST004794,2026-03-15,Meta Ads,Retargeting - Engaged 30d,Midwest,Mobile
CUST004795,2026-03-15,Direct,(direct),Midwest,Mobile
CUST004796,2026-03-15,Organic Social,(organic social),Northeast,Mobile
CUST004797,2026-03-15,Organic Social,(organic social),South,Desktop
CUST004798,2026-03-15,Organic Search,(organic),West,Mobile
CUST004799,2026-03-15,Email/SMS,Campaign - Monthly Newsletter,Northeast,Mobile
CUST004800,2026-03-15,Organic Search,(organic),Midwest,Desktop
CUST004801,2026-03-15,Direct,(direct),West,Desktop
CUST004802,2026-03-15,Unattributed,(not set),Midwest,Desktop
CUST004803,2026-03-15,Meta Ads,Retargeting - Engaged 30d,West,Desktop
CUST004804,2026-03-15,Meta Ads,Retargeting - Engaged 30d,Northeast,Mobile
CUST004805,2026-03-15,Meta Ads,Prospecting - Lookalike 1%,South,Mobile
CUST004806,2026-03-15,Google Ads,PMax - Skincare Prospecting,West,Desktop
CUST004807,2026-03-15,Meta Ads,Prospecting - Broad,South,Desktop
CUST004808,2026-03-15,Google Ads,Search - Brand,West,Mobile
CUST004809,2026-03-15,Organic Social,(organic social),West,Mobile
CUST004810,2026-03-15,Meta Ads,Prospecting - Lookalike 1%,West,Tablet
CUST004811,2026-03-16,Meta Ads,Prospecting - Broad,West,Desktop
CUST004812,2026-03-16,Direct,(direct),Northeast,Mobile
CUST004813,2026-03-16,Google Ads,Shopping - Bestsellers,Northeast,Mobile
CUST004814,2026-03-16,Direct,(direct),West,Mobile
CUST004815,2026-03-16,Organic Social,(organic social),West,Mobile
CUST004816,2026-03-16,Meta Ads,Retargeting - Cart Abandon,Northeast,Mobile
CUST004817,2026-03-16,Meta Ads,Prospecting - Lookalike 1%,Midwest,Mobile
CUST004818,2026-03-16,Meta Ads,Retargeting - Cart Abandon,West,Mobile
CUST004819,2026-03-16,Google Ads,Shopping - Bestsellers,South,Mobile
CUST004820,2026-03-16,Organic Search,(organic),West,Mobile
CUST004821,2026-03-16,Organic Search,(organic),Midwest,Desktop
CUST004822,2026-03-16,Organic Search,(organic),South,Mobile
CUST004823,2026-03-16,Organic Search,(organic),West,Mobile
CUST004824,2026-03-16,Organic Search,(organic),Midwest,Desktop
CUST004825,2026-03-16,Unattributed,(not set),West,Desktop
CUST004826,2026-03-16,Google Ads,PMax - Skincare Prospecting,Northeast,Desktop
CUST004827,2026-03-16,Organic Social,(organic social),South,Mobile
CUST004828,2026-03-16,Meta Ads,Retargeting - Cart Abandon,Midwest,Desktop
CUST004829,2026-03-16,Direct,(direct),West,Desktop
CUST004830,2026-03-16,Google Ads,Search - Nonbrand Skincare,West,Mobile
CUST004831,2026-03-16,Organic Search,(organic),Midwest,Desktop
CUST004832,2026-03-16,Direct,(direct),South,Desktop
CUST004833,2026-03-16,Google Ads,Search - Nonbrand Skincare,South,Mobile
CUST004834,2026-03-16,Organic Social,(organic social),Midwest,Mobile
CUST004835,2026-03-16,Email/SMS,Flow - Welcome Series,West,Mobile
CUST004836,2026-03-16,Meta Ads,Retargeting - Cart Abandon,South,Mobile
CUST004837,2026-03-17,Meta Ads,Retargeting - Engaged 30d,Northeast,Mobile
CUST004838,2026-03-17,Unattributed,(not set),South,Desktop
CUST004839,2026-03-17,Organic Social,(organic social),West,Mobile
CUST004840,2026-03-17,Meta Ads,Retargeting - Cart Abandon,West,Mobile
CUST004841,2026-03-17,Meta Ads,Prospecting - Lookalike 1%,South,Mobile
CUST004842,2026-03-17,Organic Search,(organic),Northeast,Desktop
CUST004843,2026-03-17,Direct,(direct),Northeast,Tablet
CUST004844,2026-03-17,Google Ads,Shopping - Bestsellers,South,Mobile
CUST004845,2026-03-17,Google Ads,Shopping - Bestsellers,South,Mobile
CUST004846,2026-03-17,Meta Ads,Retargeting - Engaged 30d,West,Mobile
CUST004847,2026-03-17,Meta Ads,Retargeting - Engaged 30d,South,Desktop
CUST004848,2026-03-17,Unattributed,(not set),Northeast,Mobile
CUST004849,2026-03-17,Meta Ads,Prospecting - Broad,West,Mobile
CUST004850,2026-03-17,Meta Ads,Prospecting - Lookalike 1%,Northeast,Desktop
CUST004851,2026-03-17,Direct,(direct),South,Desktop
CUST004852,2026-03-17,Organic Search,(organic),South,Desktop
CUST004853,2026-03-17,Meta Ads,Retargeting - Engaged 30d,Northeast,Mobile
CUST004854,2026-03-17,Meta Ads,Retargeting - Cart Abandon,West,Desktop
CUST004855,2026-03-17,Google Ads,Search - Nonbrand Skincare,West,Mobile
CUST004856,2026-03-17,Organic Search,(organic),West,Desktop
CUST004857,2026-03-17,Email/SMS,Flow - Post Purchase Winback,Midwest,Mobile
CUST004858,2026-03-17,Meta Ads,Retargeting - Engaged 30d,Midwest,Mobile
CUST004859,2026-03-17,Meta Ads,Prospecting - Lookalike 1%,Northeast,Desktop
CUST004860,2026-03-17,Meta Ads,Retargeting - Cart Abandon,West,Mobile
CUST004861,2026-03-17,Google Ads,Shopping - Bestsellers,Northeast,Mobile
CUST004862,2026-03-17,Organic Search,(organic),South,Desktop
CUST004863,2026-03-17,Organic Search,(organic),Midwest,Mobile
CUST004864,2026-03-17,Direct,(direct),South,Desktop
CUST004865,2026-03-18,Direct,(direct),South,Desktop
CUST004866,2026-03-18,Direct,(direct),South,Desktop
CUST004867,2026-03-18,Google Ads,PMax - Skincare Prospecting,Midwest,Mobile
CUST004868,2026-03-18,Google Ads,Search - Nonbrand Skincare,South,Mobile
CUST004869,2026-03-18,Direct,(direct),South,Tablet
CUST004870,2026-03-18,Google Ads,Search - Nonbrand Skincare,South,Mobile
CUST004871,2026-03-18,Direct,(direct),West,Tablet
CUST004872,2026-03-18,Google Ads,PMax - Skincare Prospecting,South,Desktop
CUST004873,2026-03-18,Google Ads,Search - Brand,West,Mobile
CUST004874,2026-03-18,Google Ads,Search - Nonbrand Skincare,South,Tablet
CUST004875,2026-03-18,Unattributed,(not set),South,Desktop
CUST004876,2026-03-18,Email/SMS,Flow - Abandoned Cart,Midwest,Mobile
CUST004877,2026-03-18,Direct,(direct),Northeast,Mobile
CUST004878,2026-03-18,Organic Search,(organic),Midwest,Mobile
CUST004879,2026-03-18,Direct,(direct),Midwest,Desktop
CUST004880,2026-03-18,Meta Ads,Prospecting - Lookalike 1%,Midwest,Mobile
CUST004881,2026-03-18,Google Ads,Shopping - Bestsellers,Northeast,Mobile
CUST004882,2026-03-19,Organic Social,(organic social),West,Mobile
CUST004883,2026-03-19,Meta Ads,Retargeting - Cart Abandon,West,Mobile
CUST004884,2026-03-19,Unattributed,(not set),Northeast,Mobile
CUST004885,2026-03-19,Meta Ads,Prospecting - Broad,Northeast,Mobile
CUST004886,2026-03-19,Google Ads,Search - Nonbrand Skincare,Northeast,Mobile
CUST004887,2026-03-19,Meta Ads,Retargeting - Engaged 30d,South,Desktop
CUST004888,2026-03-19,Google Ads,Search - Nonbrand Skincare,Northeast,Desktop
CUST004889,2026-03-19,Google Ads,PMax - Skincare Prospecting,South,Mobile
CUST004890,2026-03-19,Meta Ads,Retargeting - Cart Abandon,Northeast,Mobile
CUST004891,2026-03-19,Meta Ads,Prospecting - Lookalike 1%,South,Mobile
CUST004892,2026-03-19,Meta Ads,Prospecting - Broad,Midwest,Mobile
CUST004893,2026-03-19,Meta Ads,Prospecting - Broad,West,Mobile
CUST004894,2026-03-19,Google Ads,Shopping - Bestsellers,West,Desktop
CUST004895,2026-03-19,Meta Ads,Retargeting - Engaged 30d,South,Mobile
CUST004896,2026-03-19,Direct,(direct),West,Mobile
CUST004897,2026-03-19,Organic Search,(organic),West,Desktop
CUST004898,2026-03-19,Organic Search,(organic),West,Desktop
CUST004899,2026-03-19,Organic Search,(organic),South,Desktop
CUST004900,2026-03-19,Organic Search,(organic),South,Desktop
CUST004901,2026-03-19,Google Ads,Search - Nonbrand Skincare,South,Mobile
CUST004902,2026-03-19,Organic Social,(organic social),Midwest,Mobile
CUST004903,2026-03-19,Organic Search,(organic),Midwest,Tablet
CUST004904,2026-03-19,Organic Search,(organic),Midwest,Desktop
CUST004905,2026-03-19,Direct,(direct),West,Mobile
CUST004906,2026-03-19,Organic Social,(organic social),Northeast,Desktop
CUST004907,2026-03-20,Organic Search,(organic),South,Mobile
CUST004908,2026-03-20,Direct,(direct),West,Mobile
CUST004909,2026-03-20,Google Ads,Search - Nonbrand Skincare,Northeast,Desktop
CUST004910,2026-03-20,Organic Social,(organic social),West,Tablet
CUST004911,2026-03-20,Meta Ads,Retargeting - Engaged 30d,West,Mobile
CUST004912,2026-03-20,Meta Ads,Prospecting - Lookalike 1%,Northeast,Tablet
CUST004913,2026-03-20,Direct,(direct),West,Desktop
CUST004914,2026-03-20,Google Ads,Search - Nonbrand Skincare,Midwest,Mobile
CUST004915,2026-03-20,Google Ads,PMax - Skincare Prospecting,South,Mobile
CUST004916,2026-03-20,Google Ads,Search - Brand,South,Mobile
CUST004917,2026-03-20,Direct,(direct),West,Mobile
CUST004918,2026-03-20,Meta Ads,Prospecting - Broad,South,Mobile
CUST004919,2026-03-20,Meta Ads,Prospecting - Lookalike 1%,Midwest,Mobile
CUST004920,2026-03-20,Organic Search,(organic),West,Mobile
CUST004921,2026-03-20,Google Ads,Search - Brand,West,Mobile
CUST004922,2026-03-20,Direct,(direct),Northeast,Mobile
CUST004923,2026-03-20,Organic Search,(organic),Midwest,Mobile
CUST004924,2026-03-20,Meta Ads,Prospecting - Lookalike 1%,South,Mobile
CUST004925,2026-03-20,Meta Ads,Retargeting - Engaged 30d,South,Mobile
CUST004926,2026-03-20,Organic Social,(organic social),Midwest,Mobile
CUST004927,2026-03-20,Organic Social,(organic social),South,Mobile
CUST004928,2026-03-20,Google Ads,Shopping - Bestsellers,Midwest,Mobile
CUST004929,2026-03-20,Meta Ads,Retargeting - Cart Abandon,Midwest,Mobile
CUST004930,2026-03-20,Organic Social,(organic social),South,Mobile
CUST004931,2026-03-20,Meta Ads,Prospecting - Lookalike 1%,West,Mobile
CUST004932,2026-03-20,Unattributed,(not set),South,Desktop
CUST004933,2026-03-21,Google Ads,Search - Nonbrand Skincare,West,Desktop
CUST004934,2026-03-21,Meta Ads,Retargeting - Engaged 30d,Midwest,Desktop
CUST004935,2026-03-21,Organic Search,(organic),Northeast,Mobile
CUST004936,2026-03-21,Email/SMS,Flow - Post Purchase Winback,South,Desktop
CUST004937,2026-03-21,Organic Search,(organic),West,Mobile
CUST004938,2026-03-21,Direct,(direct),Midwest,Mobile
CUST004939,2026-03-21,Google Ads,Shopping - Bestsellers,Northeast,Desktop
CUST004940,2026-03-21,Google Ads,Search - Brand,Midwest,Tablet
CUST004941,2026-03-21,Google Ads,Search - Nonbrand Skincare,Midwest,Desktop
CUST004942,2026-03-21,Google Ads,Shopping - Bestsellers,South,Mobile
CUST004943,2026-03-21,Direct,(direct),West,Mobile
CUST004944,2026-03-21,Organic Search,(organic),West,Mobile
CUST004945,2026-03-21,Google Ads,Shopping - Bestsellers,West,Mobile
CUST004946,2026-03-21,Meta Ads,Retargeting - Cart Abandon,West,Mobile
CUST004947,2026-03-21,Meta Ads,Prospecting - Lookalike 1%,Northeast,Desktop
CUST004948,2026-03-21,Meta Ads,Prospecting - Broad,South,Mobile
CUST004949,2026-03-21,Organic Search,(organic),West,Mobile
CUST004950,2026-03-21,Meta Ads,Retargeting - Cart Abandon,West,Desktop
CUST004951,2026-03-21,Organic Social,(organic social),Midwest,Mobile
CUST004952,2026-03-21,Google Ads,Search - Brand,West,Mobile
CUST004953,2026-03-21,Organic Search,(organic),West,Desktop
CUST004954,2026-03-21,Google Ads,PMax - Skincare Prospecting,Midwest,Mobile
CUST004955,2026-03-21,Google Ads,Shopping - Bestsellers,South,Mobile
CUST004956,2026-03-21,Organic Search,(organic),Midwest,Mobile
CUST004957,2026-03-21,Meta Ads,Prospecting - Lookalike 1%,South,Desktop
CUST004958,2026-03-21,Organic Search,(organic),West,Mobile
CUST004959,2026-03-21,Email/SMS,Flow - Post Purchase Winback,South,Desktop
CUST004960,2026-03-21,Google Ads,Search - Nonbrand Skincare,West,Mobile
CUST004961,2026-03-21,Organic Social,(organic social),Midwest,Desktop
CUST004962,2026-03-21,Organic Search,(organic),West,Desktop
CUST004963,2026-03-22,Meta Ads,Prospecting - Broad,South,Mobile
CUST004964,2026-03-22,Meta Ads,Prospecting - Broad,West,Mobile
CUST004965,2026-03-22,Organic Social,(organic social),Northeast,Mobile
CUST004966,2026-03-22,Direct,(direct),West,Mobile
CUST004967,2026-03-22,Meta Ads,Prospecting - Lookalike 1%,West,Tablet
CUST004968,2026-03-22,Meta Ads,Retargeting - Engaged 30d,Northeast,Desktop
CUST004969,2026-03-22,Organic Search,(organic),South,Mobile
CUST004970,2026-03-22,Google Ads,Search - Nonbrand Skincare,West,Mobile
CUST004971,2026-03-22,Google Ads,Search - Nonbrand Skincare,Northeast,Mobile
CUST004972,2026-03-22,Organic Search,(organic),Northeast,Mobile
CUST004973,2026-03-22,Google Ads,Search - Nonbrand Skincare,South,Desktop
CUST004974,2026-03-22,Meta Ads,Prospecting - Lookalike 1%,South,Mobile
CUST004975,2026-03-22,Organic Search,(organic),West,Mobile
CUST004976,2026-03-22,Meta Ads,Prospecting - Broad,Midwest,Mobile
CUST004977,2026-03-22,Unattributed,(not set),Midwest,Desktop
CUST004978,2026-03-22,Email/SMS,Flow - Abandoned Cart,South,Desktop
CUST004979,2026-03-22,Organic Social,(organic social),West,Mobile
CUST004980,2026-03-22,Google Ads,Search - Nonbrand Skincare,South,Mobile
CUST004981,2026-03-22,Organic Search,(organic),South,Mobile
CUST004982,2026-03-22,Direct,(direct),South,Tablet
CUST004983,2026-03-22,Google Ads,Search - Nonbrand Skincare,Midwest,Desktop
CUST004984,2026-03-22,Direct,(direct),West,Mobile
CUST004985,2026-03-22,Google Ads,Search - Nonbrand Skincare,West,Mobile
CUST004986,2026-03-22,Meta Ads,Prospecting - Broad,Northeast,Mobile
CUST004987,2026-03-22,Direct,(direct),South,Desktop
CUST004988,2026-03-23,Direct,(direct),South,Desktop
CUST004989,2026-03-23,Meta Ads,Prospecting - Lookalike 1%,West,Tablet
CUST004990,2026-03-23,Meta Ads,Retargeting - Cart Abandon,South,Desktop
CUST004991,2026-03-23,Meta Ads,Retargeting - Engaged 30d,Midwest,Mobile
CUST004992,2026-03-23,Meta Ads,Prospecting - Lookalike 1%,West,Desktop
CUST004993,2026-03-23,Organic Search,(organic),Northeast,Mobile
CUST004994,2026-03-23,Organic Search,(organic),West,Mobile
CUST004995,2026-03-23,Organic Search,(organic),South,Mobile
CUST004996,2026-03-23,Google Ads,PMax - Skincare Prospecting,Midwest,Tablet
CUST004997,2026-03-23,Meta Ads,Prospecting - Lookalike 1%,Midwest,Mobile
CUST004998,2026-03-23,Google Ads,Search - Nonbrand Skincare,Midwest,Mobile
CUST004999,2026-03-23,Meta Ads,Prospecting - Broad,South,Mobile
CUST005000,2026-03-23,Google Ads,Search - Brand,Northeast,Mobile
CUST005001,2026-03-23,Meta Ads,Retargeting - Engaged 30d,Midwest,Mobile
CUST005002,2026-03-23,Google Ads,Search - Brand,Midwest,Mobile
CUST005003,2026-03-23,Meta Ads,Retargeting - Cart Abandon,South,Mobile
CUST005004,2026-03-23,Google Ads,PMax - Skincare Prospecting,West,Mobile
CUST005005,2026-03-23,Organic Social,(organic social),Midwest,Mobile
CUST005006,2026-03-23,Organic Search,(organic),South,Mobile
CUST005007,2026-03-23,Organic Search,(organic),Northeast,Mobile
CUST005008,2026-03-24,Direct,(direct),Northeast,Mobile
CUST005009,2026-03-24,Email/SMS,Flow - Welcome Series,South,Mobile
CUST005010,2026-03-24,Meta Ads,Retargeting - Cart Abandon,West,Mobile
CUST005011,2026-03-24,Organic Search,(organic),Midwest,Desktop
CUST005012,2026-03-24,Google Ads,Search - Nonbrand Skincare,Northeast,Desktop
CUST005013,2026-03-24,Google Ads,Search - Nonbrand Skincare,South,Mobile
CUST005014,2026-03-24,Google Ads,Shopping - Bestsellers,South,Mobile
CUST005015,2026-03-24,Meta Ads,Retargeting - Engaged 30d,South,Mobile
CUST005016,2026-03-24,Google Ads,PMax - Skincare Prospecting,Northeast,Mobile
CUST005017,2026-03-24,Meta Ads,Prospecting - Broad,West,Mobile
CUST005018,2026-03-24,Organic Search,(organic),Northeast,Desktop
CUST005019,2026-03-24,Meta Ads,Retargeting - Engaged 30d,West,Mobile
CUST005020,2026-03-24,Google Ads,Shopping - Bestsellers,South,Mobile
CUST005021,2026-03-24,Direct,(direct),Midwest,Mobile
CUST005022,2026-03-24,Organic Search,(organic),West,Desktop
CUST005023,2026-03-24,Organic Search,(organic),Northeast,Desktop
CUST005024,2026-03-24,Unattributed,(not set),Midwest,Mobile
CUST005025,2026-03-24,Organic Search,(organic),South,Desktop
CUST005026,2026-03-24,Organic Social,(organic social),Northeast,Mobile
CUST005027,2026-03-24,Meta Ads,Prospecting - Lookalike 1%,West,Mobile
CUST005028,2026-03-24,Google Ads,Search - Nonbrand Skincare,Northeast,Mobile
CUST005029,2026-03-24,Organic Search,(organic),South,Mobile
CUST005030,2026-03-24,Meta Ads,Prospecting - Lookalike 1%,Midwest,Mobile
CUST005031,2026-03-24,Meta Ads,Prospecting - Lookalike 1%,West,Mobile
CUST005032,2026-03-25,Organic Search,(organic),West,Desktop
CUST005033,2026-03-25,Google Ads,Search - Nonbrand Skincare,South,Mobile
CUST005034,2026-03-25,Google Ads,PMax - Skincare Prospecting,Midwest,Desktop
CUST005035,2026-03-25,Google Ads,Search - Nonbrand Skincare,West,Desktop
CUST005036,2026-03-25,Unattributed,(not set),Midwest,Desktop
CUST005037,2026-03-25,Meta Ads,Retargeting - Engaged 30d,Northeast,Tablet
CUST005038,2026-03-25,Google Ads,Search - Brand,Midwest,Mobile
CUST005039,2026-03-25,Meta Ads,Retargeting - Engaged 30d,South,Mobile
CUST005040,2026-03-25,Unattributed,(not set),West,Mobile
CUST005041,2026-03-25,Organic Social,(organic social),Midwest,Mobile
CUST005042,2026-03-25,Meta Ads,Retargeting - Cart Abandon,South,Tablet
CUST005043,2026-03-25,Organic Search,(organic),West,Desktop
CUST005044,2026-03-25,Meta Ads,Prospecting - Broad,South,Mobile
CUST005045,2026-03-25,Meta Ads,Prospecting - Lookalike 1%,Midwest,Mobile
CUST005046,2026-03-25,Google Ads,Shopping - Bestsellers,Northeast,Desktop
CUST005047,2026-03-25,Google Ads,Search - Nonbrand Skincare,West,Mobile
CUST005048,2026-03-25,Meta Ads,Prospecting - Broad,West,Mobile
CUST005049,2026-03-25,Google Ads,Search - Brand,Midwest,Mobile
CUST005050,2026-03-25,Organic Social,(organic social),Northeast,Desktop
CUST005051,2026-03-25,Unattributed,(not set),Northeast,Mobile
CUST005052,2026-03-25,Meta Ads,Retargeting - Cart Abandon,South,Desktop
CUST005053,2026-03-25,Meta Ads,Retargeting - Engaged 30d,Northeast,Mobile
CUST005054,2026-03-25,Email/SMS,Flow - Welcome Series,West,Mobile
CUST005055,2026-03-25,Meta Ads,Prospecting - Broad,West,Mobile
CUST005056,2026-03-25,Meta Ads,Prospecting - Lookalike 1%,South,Desktop
CUST005057,2026-03-26,Unattributed,(not set),West,Mobile
CUST005058,2026-03-26,Google Ads,Search - Brand,West,Mobile
CUST005059,2026-03-26,Unattributed,(not set),South,Mobile
CUST005060,2026-03-26,Meta Ads,Prospecting - Broad,Northeast,Mobile
CUST005061,2026-03-26,Direct,(direct),West,Desktop
CUST005062,2026-03-26,Google Ads,Search - Brand,Midwest,Desktop
CUST005063,2026-03-26,Email/SMS,Flow - Post Purchase Winback,Midwest,Mobile
CUST005064,2026-03-26,Meta Ads,Retargeting - Engaged 30d,Midwest,Mobile
CUST005065,2026-03-26,Organic Search,(organic),Northeast,Desktop
CUST005066,2026-03-26,Meta Ads,Retargeting - Cart Abandon,South,Mobile
CUST005067,2026-03-26,Google Ads,Search - Nonbrand Skincare,South,Desktop
CUST005068,2026-03-26,Google Ads,Search - Nonbrand Skincare,Midwest,Desktop
CUST005069,2026-03-26,Organic Search,(organic),South,Desktop
CUST005070,2026-03-26,Organic Social,(organic social),Northeast,Desktop
CUST005071,2026-03-26,Google Ads,Search - Nonbrand Skincare,South,Mobile
CUST005072,2026-03-26,Direct,(direct),West,Mobile
CUST005073,2026-03-26,Meta Ads,Prospecting - Lookalike 1%,Northeast,Desktop
CUST005074,2026-03-26,Google Ads,Search - Brand,Midwest,Mobile
CUST005075,2026-03-26,Google Ads,Shopping - Bestsellers,Northeast,Mobile
CUST005076,2026-03-26,Meta Ads,Prospecting - Broad,South,Mobile
CUST005077,2026-03-26,Google Ads,Search - Nonbrand Skincare,Midwest,Mobile
CUST005078,2026-03-26,Organic Search,(organic),South,Desktop
CUST005079,2026-03-26,Organic Search,(organic),Northeast,Mobile
CUST005080,2026-03-26,Meta Ads,Retargeting - Engaged 30d,West,Desktop
CUST005081,2026-03-26,Meta Ads,Retargeting - Cart Abandon,West,Mobile
CUST005082,2026-03-26,Direct,(direct),Northeast,Mobile
CUST005083,2026-03-27,Google Ads,Search - Nonbrand Skincare,Northeast,Desktop
CUST005084,2026-03-27,Organic Search,(organic),South,Mobile
CUST005085,2026-03-27,Organic Social,(organic social),Midwest,Mobile
CUST005086,2026-03-27,Meta Ads,Retargeting - Cart Abandon,South,Mobile
CUST005087,2026-03-27,Organic Social,(organic social),West,Desktop
CUST005088,2026-03-27,Organic Search,(organic),South,Mobile
CUST005089,2026-03-27,Meta Ads,Retargeting - Engaged 30d,West,Mobile
CUST005090,2026-03-27,Meta Ads,Retargeting - Cart Abandon,Midwest,Mobile
CUST005091,2026-03-27,Organic Social,(organic social),West,Mobile
CUST005092,2026-03-27,Direct,(direct),West,Mobile
CUST005093,2026-03-27,Direct,(direct),West,Mobile
CUST005094,2026-03-27,Organic Search,(organic),South,Mobile
CUST005095,2026-03-27,Direct,(direct),South,Desktop
CUST005096,2026-03-27,Meta Ads,Prospecting - Broad,West,Mobile
CUST005097,2026-03-27,Meta Ads,Prospecting - Broad,Northeast,Mobile
CUST005098,2026-03-27,Meta Ads,Retargeting - Engaged 30d,South,Desktop
CUST005099,2026-03-27,Meta Ads,Prospecting - Broad,West,Mobile
CUST005100,2026-03-27,Google Ads,PMax - Skincare Prospecting,Midwest,Mobile
CUST005101,2026-03-27,Meta Ads,Prospecting - Lookalike 1%,Northeast,Mobile
CUST005102,2026-03-27,Google Ads,Shopping - Bestsellers,Midwest,Desktop
CUST005103,2026-03-27,Unattributed,(not set),Midwest,Mobile
CUST005104,2026-03-27,Meta Ads,Prospecting - Broad,West,Desktop
CUST005105,2026-03-27,Organic Search,(organic),West,Desktop
CUST005106,2026-03-27,Organic Search,(organic),South,Tablet
CUST005107,2026-03-27,Google Ads,Search - Nonbrand Skincare,Midwest,Mobile
CUST005108,2026-03-27,Google Ads,Search - Brand,West,Mobile
CUST005109,2026-03-27,Meta Ads,Retargeting - Cart Abandon,Midwest,Tablet
CUST005110,2026-03-28,Meta Ads,Retargeting - Cart Abandon,West,Mobile
CUST005111,2026-03-28,Unattributed,(not set),Northeast,Mobile
CUST005112,2026-03-28,Google Ads,Search - Nonbrand Skincare,South,Desktop
CUST005113,2026-03-28,Google Ads,Search - Brand,South,Tablet
CUST005114,2026-03-28,Organic Search,(organic),South,Desktop
CUST005115,2026-03-28,Meta Ads,Prospecting - Broad,West,Mobile
CUST005116,2026-03-28,Meta Ads,Prospecting - Lookalike 1%,Midwest,Desktop
CUST005117,2026-03-28,Meta Ads,Prospecting - Lookalike 1%,Midwest,Mobile
CUST005118,2026-03-28,Direct,(direct),Northeast,Mobile
CUST005119,2026-03-28,Meta Ads,Prospecting - Broad,South,Mobile
CUST005120,2026-03-28,Direct,(direct),West,Mobile
CUST005121,2026-03-28,Google Ads,Shopping - Bestsellers,South,Mobile
CUST005122,2026-03-28,Meta Ads,Retargeting - Cart Abandon,Midwest,Desktop
CUST005123,2026-03-28,Meta Ads,Prospecting - Broad,South,Mobile
CUST005124,2026-03-28,Meta Ads,Retargeting - Engaged 30d,South,Mobile
CUST005125,2026-03-28,Organic Social,(organic social),South,Desktop
CUST005126,2026-03-28,Direct,(direct),Midwest,Desktop
CUST005127,2026-03-28,Google Ads,Search - Nonbrand Skincare,Northeast,Mobile
CUST005128,2026-03-28,Google Ads,Shopping - Bestsellers,South,Mobile
CUST005129,2026-03-28,Organic Search,(organic),West,Mobile
CUST005130,2026-03-28,Meta Ads,Prospecting - Lookalike 1%,Midwest,Mobile
CUST005131,2026-03-28,Google Ads,Shopping - Bestsellers,West,Desktop
CUST005132,2026-03-28,Direct,(direct),South,Desktop
CUST005133,2026-03-28,Organic Search,(organic),Midwest,Mobile
CUST005134,2026-03-28,Meta Ads,Prospecting - Lookalike 1%,Midwest,Tablet
CUST005135,2026-03-28,Meta Ads,Retargeting - Engaged 30d,Midwest,Desktop
CUST005136,2026-03-28,Direct,(direct),South,Mobile
CUST005137,2026-03-28,Meta Ads,Retargeting - Cart Abandon,West,Mobile
CUST005138,2026-03-28,Unattributed,(not set),South,Desktop
CUST005139,2026-03-28,Meta Ads,Prospecting - Broad,Midwest,Desktop
CUST005140,2026-03-28,Organic Search,(organic),South,Desktop
CUST005141,2026-03-28,Meta Ads,Retargeting - Engaged 30d,Northeast,Desktop
CUST005142,2026-03-28,Google Ads,Search - Brand,West,Mobile
CUST005143,2026-03-29,Organic Social,(organic social),Northeast,Mobile
CUST005144,2026-03-29,Meta Ads,Prospecting - Lookalike 1%,Midwest,Mobile
CUST005145,2026-03-29,Google Ads,PMax - Skincare Prospecting,Midwest,Mobile
CUST005146,2026-03-29,Organic Search,(organic),Midwest,Mobile
CUST005147,2026-03-29,Google Ads,PMax - Skincare Prospecting,Midwest,Desktop
CUST005148,2026-03-29,Google Ads,Search - Brand,Northeast,Desktop
CUST005149,2026-03-29,Meta Ads,Retargeting - Engaged 30d,Midwest,Desktop
CUST005150,2026-03-29,Google Ads,Shopping - Bestsellers,Midwest,Desktop
CUST005151,2026-03-29,Direct,(direct),South,Desktop
CUST005152,2026-03-29,Google Ads,PMax - Skincare Prospecting,Midwest,Tablet
CUST005153,2026-03-29,Meta Ads,Prospecting - Lookalike 1%,Midwest,Desktop
CUST005154,2026-03-29,Google Ads,Shopping - Bestsellers,South,Mobile
CUST005155,2026-03-29,Organic Search,(organic),Northeast,Desktop
CUST005156,2026-03-29,Google Ads,PMax - Skincare Prospecting,Midwest,Desktop
CUST005157,2026-03-29,Google Ads,PMax - Skincare Prospecting,Northeast,Mobile
CUST005158,2026-03-29,Organic Search,(organic),Northeast,Mobile
CUST005159,2026-03-29,Organic Social,(organic social),West,Desktop
CUST005160,2026-03-29,Meta Ads,Retargeting - Cart Abandon,West,Mobile
CUST005161,2026-03-29,Google Ads,Search - Nonbrand Skincare,Northeast,Mobile
CUST005162,2026-03-29,Meta Ads,Prospecting - Lookalike 1%,West,Mobile
CUST005163,2026-03-29,Organic Social,(organic social),South,Mobile
CUST005164,2026-03-29,Meta Ads,Prospecting - Lookalike 1%,West,Mobile
CUST005165,2026-03-29,Meta Ads,Prospecting - Broad,Midwest,Mobile
CUST005166,2026-03-29,Meta Ads,Retargeting - Engaged 30d,South,Tablet
CUST005167,2026-03-29,Meta Ads,Prospecting - Lookalike 1%,Midwest,Mobile
CUST005168,2026-03-29,Google Ads,Search - Nonbrand Skincare,South,Desktop
CUST005169,2026-03-29,Direct,(direct),Midwest,Mobile
CUST005170,2026-03-30,Unattributed,(not set),South,Mobile
CUST005171,2026-03-30,Meta Ads,Retargeting - Engaged 30d,West,Mobile
CUST005172,2026-03-30,Organic Social,(organic social),Northeast,Desktop
CUST005173,2026-03-30,Unattributed,(not set),South,Desktop
CUST005174,2026-03-30,Organic Search,(organic),Midwest,Mobile
CUST005175,2026-03-30,Google Ads,Search - Nonbrand Skincare,West,Mobile
CUST005176,2026-03-30,Organic Search,(organic),West,Mobile
CUST005177,2026-03-30,Google Ads,PMax - Skincare Prospecting,West,Mobile
CUST005178,2026-03-30,Google Ads,Search - Nonbrand Skincare,Midwest,Mobile
CUST005179,2026-03-30,Meta Ads,Retargeting - Engaged 30d,West,Mobile
CUST005180,2026-03-30,Google Ads,Search - Nonbrand Skincare,Midwest,Desktop
CUST005181,2026-03-30,Google Ads,PMax - Skincare Prospecting,West,Desktop
CUST005182,2026-03-30,Google Ads,Search - Brand,West,Desktop
CUST005183,2026-03-30,Meta Ads,Prospecting - Lookalike 1%,South,Mobile
CUST005184,2026-03-30,Direct,(direct),South,Mobile
CUST005185,2026-03-30,Organic Social,(organic social),West,Desktop
CUST005186,2026-03-30,Organic Social,(organic social),Northeast,Tablet
CUST005187,2026-03-30,Google Ads,Search - Nonbrand Skincare,West,Mobile
CUST005188,2026-03-30,Direct,(direct),Northeast,Mobile
CUST005189,2026-03-30,Direct,(direct),Northeast,Mobile
CUST005190,2026-03-30,Google Ads,Shopping - Bestsellers,West,Desktop
CUST005191,2026-03-31,Meta Ads,Retargeting - Engaged 30d,Northeast,Mobile
CUST005192,2026-03-31,Organic Search,(organic),Midwest,Tablet
CUST005193,2026-03-31,Google Ads,Search - Nonbrand Skincare,Midwest,Mobile
CUST005194,2026-03-31,Meta Ads,Retargeting - Cart Abandon,South,Desktop
CUST005195,2026-03-31,Direct,(direct),Northeast,Desktop
CUST005196,2026-03-31,Email/SMS,Flow - Abandoned Cart,Midwest,Mobile
CUST005197,2026-03-31,Direct,(direct),South,Mobile
CUST005198,2026-03-31,Google Ads,Shopping - Bestsellers,South,Mobile
CUST005199,2026-03-31,Organic Social,(organic social),South,Desktop
CUST005200,2026-03-31,Google Ads,Search - Brand,Northeast,Desktop
CUST005201,2026-03-31,Google Ads,Search - Nonbrand Skincare,Northeast,Mobile
CUST005202,2026-03-31,Meta Ads,Retargeting - Engaged 30d,Northeast,Desktop
CUST005203,2026-03-31,Organic Search,(organic),Northeast,Mobile
CUST005204,2026-03-31,Google Ads,Search - Nonbrand Skincare,Northeast,Desktop
CUST005205,2026-03-31,Organic Search,(organic),South,Mobile
CUST005206,2026-03-31,Google Ads,Search - Nonbrand Skincare,West,Tablet
CUST005207,2026-03-31,Google Ads,Search - Brand,Midwest,Desktop
CUST005208,2026-03-31,Organic Search,(organic),West,Mobile
CUST005209,2026-03-31,Google Ads,PMax - Skincare Prospecting,Midwest,Desktop
CUST005210,2026-03-31,Google Ads,PMax - Skincare Prospecting,Midwest,Desktop
CUST005211,2026-04-01,Google Ads,Search - Nonbrand Skincare,West,Mobile
CUST005212,2026-04-01,Meta Ads,Prospecting - Lookalike 1%,West,Desktop
CUST005213,2026-04-01,Organic Social,(organic social),South,Mobile
CUST005214,2026-04-01,Organic Search,(organic),Northeast,Desktop
CUST005215,2026-04-01,Meta Ads,Prospecting - Broad,Northeast,Mobile
CUST005216,2026-04-01,Unattributed,(not set),South,Desktop
CUST005217,2026-04-01,Google Ads,Shopping - Bestsellers,Midwest,Desktop
CUST005218,2026-04-01,Unattributed,(not set),Northeast,Mobile
CUST005219,2026-04-01,Direct,(direct),Northeast,Desktop
CUST005220,2026-04-01,Organic Search,(organic),Midwest,Desktop
CUST005221,2026-04-01,Google Ads,Search - Brand,South,Desktop
CUST005222,2026-04-01,Meta Ads,Retargeting - Engaged 30d,Midwest,Mobile
CUST005223,2026-04-01,Google Ads,Search - Nonbrand Skincare,West,Mobile
CUST005224,2026-04-01,Meta Ads,Prospecting - Broad,Northeast,Desktop
CUST005225,2026-04-01,Meta Ads,Retargeting - Engaged 30d,South,Mobile
CUST005226,2026-04-01,Direct,(direct),Midwest,Desktop
CUST005227,2026-04-01,Google Ads,Search - Brand,South,Desktop
CUST005228,2026-04-01,Google Ads,PMax - Skincare Prospecting,West,Mobile
CUST005229,2026-04-01,Organic Search,(organic),West,Mobile
CUST005230,2026-04-01,Meta Ads,Prospecting - Lookalike 1%,West,Desktop
CUST005231,2026-04-01,Organic Search,(organic),West,Mobile
CUST005232,2026-04-01,Google Ads,PMax - Skincare Prospecting,South,Mobile
CUST005233,2026-04-01,Organic Social,(organic social),Midwest,Mobile
CUST005234,2026-04-01,Google Ads,Search - Nonbrand Skincare,West,Mobile
CUST005235,2026-04-01,Google Ads,PMax - Skincare Prospecting,South,Desktop
CUST005236,2026-04-01,Meta Ads,Prospecting - Lookalike 1%,West,Desktop
CUST005237,2026-04-01,Google Ads,Search - Nonbrand Skincare,South,Mobile
CUST005238,2026-04-01,Email/SMS,Campaign - Monthly Newsletter,South,Desktop
CUST005239,2026-04-02,Meta Ads,Retargeting - Cart Abandon,Midwest,Desktop
CUST005240,2026-04-02,Unattributed,(not set),Midwest,Desktop
CUST005241,2026-04-02,Google Ads,PMax - Skincare Prospecting,Midwest,Desktop
CUST005242,2026-04-02,Google Ads,Search - Nonbrand Skincare,Midwest,Mobile
CUST005243,2026-04-02,Google Ads,Search - Nonbrand Skincare,West,Desktop
CUST005244,2026-04-02,Email/SMS,Flow - Abandoned Cart,Northeast,Mobile
CUST005245,2026-04-02,Organic Search,(organic),South,Desktop
CUST005246,2026-04-02,Email/SMS,Flow - Post Purchase Winback,South,Mobile
CUST005247,2026-04-02,Google Ads,PMax - Skincare Prospecting,West,Mobile
CUST005248,2026-04-02,Meta Ads,Retargeting - Engaged 30d,Midwest,Mobile
CUST005249,2026-04-02,Organic Search,(organic),Midwest,Mobile
CUST005250,2026-04-02,Organic Search,(organic),South,Tablet
CUST005251,2026-04-02,Google Ads,Shopping - Bestsellers,West,Desktop
CUST005252,2026-04-02,Organic Search,(organic),Midwest,Mobile
CUST005253,2026-04-02,Google Ads,Search - Brand,West,Desktop
CUST005254,2026-04-02,Google Ads,Search - Nonbrand Skincare,West,Tablet
CUST005255,2026-04-02,Organic Social,(organic social),South,Desktop
CUST005256,2026-04-02,Organic Search,(organic),West,Desktop
CUST005257,2026-04-02,Email/SMS,Flow - Welcome Series,Midwest,Desktop
CUST005258,2026-04-02,Meta Ads,Retargeting - Cart Abandon,Northeast,Desktop
CUST005259,2026-04-02,Direct,(direct),West,Mobile
CUST005260,2026-04-02,Organic Search,(organic),Midwest,Mobile
CUST005261,2026-04-02,Google Ads,PMax - Skincare Prospecting,West,Desktop
CUST005262,2026-04-02,Unattributed,(not set),West,Desktop
CUST005263,2026-04-02,Organic Search,(organic),Midwest,Mobile
CUST005264,2026-04-02,Google Ads,Search - Nonbrand Skincare,Northeast,Mobile
CUST005265,2026-04-03,Google Ads,Shopping - Bestsellers,South,Mobile
CUST005266,2026-04-03,Meta Ads,Retargeting - Cart Abandon,Northeast,Mobile
CUST005267,2026-04-03,Direct,(direct),West,Mobile
CUST005268,2026-04-03,Google Ads,Search - Brand,South,Tablet
CUST005269,2026-04-03,Organic Search,(organic),Midwest,Desktop
CUST005270,2026-04-03,Meta Ads,Retargeting - Engaged 30d,South,Mobile
CUST005271,2026-04-03,Meta Ads,Retargeting - Cart Abandon,West,Mobile
CUST005272,2026-04-03,Direct,(direct),South,Mobile
CUST005273,2026-04-03,Organic Social,(organic social),Midwest,Desktop
CUST005274,2026-04-03,Organic Social,(organic social),South,Mobile
CUST005275,2026-04-03,Google Ads,Search - Nonbrand Skincare,West,Mobile
CUST005276,2026-04-03,Meta Ads,Prospecting - Broad,South,Mobile
CUST005277,2026-04-03,Direct,(direct),Northeast,Desktop
CUST005278,2026-04-03,Meta Ads,Prospecting - Lookalike 1%,Midwest,Mobile
CUST005279,2026-04-03,Direct,(direct),South,Desktop
CUST005280,2026-04-03,Direct,(direct),South,Mobile
CUST005281,2026-04-03,Meta Ads,Prospecting - Lookalike 1%,West,Mobile
CUST005282,2026-04-03,Google Ads,Search - Nonbrand Skincare,Midwest,Desktop
CUST005283,2026-04-03,Google Ads,Search - Brand,Midwest,Desktop
CUST005284,2026-04-03,Organic Social,(organic social),Midwest,Mobile
CUST005285,2026-04-03,Google Ads,Search - Brand,Northeast,Mobile
CUST005286,2026-04-03,Email/SMS,Flow - Post Purchase Winback,South,Mobile
CUST005287,2026-04-03,Organic Search,(organic),West,Mobile
CUST005288,2026-04-03,Meta Ads,Retargeting - Engaged 30d,South,Mobile
CUST005289,2026-04-03,Direct,(direct),Midwest,Desktop
CUST005290,2026-04-03,Meta Ads,Retargeting - Engaged 30d,South,Mobile
CUST005291,2026-04-04,Meta Ads,Prospecting - Lookalike 1%,Northeast,Mobile
CUST005292,2026-04-04,Google Ads,Search - Brand,Midwest,Desktop
CUST005293,2026-04-04,Meta Ads,Retargeting - Cart Abandon,West,Mobile
CUST005294,2026-04-04,Meta Ads,Prospecting - Lookalike 1%,West,Mobile
CUST005295,2026-04-04,Meta Ads,Retargeting - Cart Abandon,West,Desktop
CUST005296,2026-04-04,Organic Search,(organic),Midwest,Mobile
CUST005297,2026-04-04,Unattributed,(not set),South,Mobile
CUST005298,2026-04-04,Meta Ads,Retargeting - Cart Abandon,West,Desktop
CUST005299,2026-04-04,Organic Social,(organic social),West,Mobile
CUST005300,2026-04-04,Google Ads,Search - Brand,Midwest,Mobile
CUST005301,2026-04-04,Google Ads,Shopping - Bestsellers,South,Mobile
CUST005302,2026-04-04,Unattributed,(not set),South,Desktop
CUST005303,2026-04-04,Google Ads,Search - Nonbrand Skincare,West,Desktop
CUST005304,2026-04-04,Organic Search,(organic),Northeast,Mobile
CUST005305,2026-04-04,Direct,(direct),West,Desktop
CUST005306,2026-04-04,Google Ads,Search - Nonbrand Skincare,Midwest,Mobile
CUST005307,2026-04-04,Meta Ads,Prospecting - Broad,Midwest,Desktop
CUST005308,2026-04-04,Organic Search,(organic),South,Mobile
CUST005309,2026-04-04,Organic Search,(organic),Midwest,Desktop
CUST005310,2026-04-04,Google Ads,Shopping - Bestsellers,South,Desktop
CUST005311,2026-04-04,Google Ads,PMax - Skincare Prospecting,Northeast,Desktop
CUST005312,2026-04-04,Direct,(direct),Northeast,Mobile
CUST005313,2026-04-04,Meta Ads,Retargeting - Engaged 30d,Midwest,Desktop
CUST005314,2026-04-04,Meta Ads,Retargeting - Engaged 30d,Northeast,Desktop
CUST005315,2026-04-04,Google Ads,PMax - Skincare Prospecting,West,Mobile
CUST005316,2026-04-04,Meta Ads,Prospecting - Lookalike 1%,South,Desktop
CUST005317,2026-04-04,Google Ads,Search - Brand,Northeast,Mobile
CUST005318,2026-04-04,Direct,(direct),West,Mobile
CUST005319,2026-04-04,Google Ads,PMax - Skincare Prospecting,West,Mobile
CUST005320,2026-04-04,Meta Ads,Prospecting - Lookalike 1%,Midwest,Mobile
CUST005321,2026-04-04,Organic Social,(organic social),South,Tablet
CUST005322,2026-04-05,Direct,(direct),Midwest,Mobile
CUST005323,2026-04-05,Organic Search,(organic),Northeast,Mobile
CUST005324,2026-04-05,Meta Ads,Retargeting - Cart Abandon,West,Mobile
CUST005325,2026-04-05,Meta Ads,Prospecting - Lookalike 1%,Midwest,Mobile
CUST005326,2026-04-05,Meta Ads,Prospecting - Lookalike 1%,South,Mobile
CUST005327,2026-04-05,Google Ads,Search - Brand,Northeast,Mobile
CUST005328,2026-04-05,Meta Ads,Prospecting - Lookalike 1%,South,Mobile
CUST005329,2026-04-05,Meta Ads,Retargeting - Cart Abandon,Midwest,Desktop
CUST005330,2026-04-05,Google Ads,Search - Brand,South,Mobile
CUST005331,2026-04-05,Google Ads,Shopping - Bestsellers,Midwest,Tablet
CUST005332,2026-04-05,Meta Ads,Retargeting - Cart Abandon,Midwest,Mobile
CUST005333,2026-04-05,Meta Ads,Retargeting - Engaged 30d,Northeast,Mobile
CUST005334,2026-04-05,Google Ads,Search - Brand,South,Tablet
CUST005335,2026-04-05,Google Ads,Search - Nonbrand Skincare,West,Mobile
CUST005336,2026-04-05,Google Ads,Search - Nonbrand Skincare,Northeast,Mobile
CUST005337,2026-04-05,Meta Ads,Retargeting - Engaged 30d,West,Mobile
CUST005338,2026-04-05,Organic Search,(organic),Midwest,Desktop
CUST005339,2026-04-05,Meta Ads,Prospecting - Lookalike 1%,South,Mobile
CUST005340,2026-04-05,Email/SMS,Flow - Abandoned Cart,South,Mobile
CUST005341,2026-04-06,Organic Search,(organic),South,Mobile
CUST005342,2026-04-06,Meta Ads,Prospecting - Broad,West,Mobile
CUST005343,2026-04-06,Meta Ads,Retargeting - Engaged 30d,West,Desktop
CUST005344,2026-04-06,Google Ads,Shopping - Bestsellers,West,Mobile
CUST005345,2026-04-06,Organic Search,(organic),Midwest,Desktop
CUST005346,2026-04-06,Organic Social,(organic social),South,Mobile
CUST005347,2026-04-06,Meta Ads,Prospecting - Lookalike 1%,South,Desktop
CUST005348,2026-04-06,Google Ads,Search - Brand,South,Mobile
CUST005349,2026-04-06,Meta Ads,Prospecting - Broad,Northeast,Mobile
CUST005350,2026-04-06,Unattributed,(not set),South,Desktop
CUST005351,2026-04-06,Organic Social,(organic social),Northeast,Mobile
CUST005352,2026-04-06,Meta Ads,Retargeting - Cart Abandon,South,Mobile
CUST005353,2026-04-06,Meta Ads,Prospecting - Lookalike 1%,Northeast,Mobile
CUST005354,2026-04-06,Direct,(direct),South,Mobile
CUST005355,2026-04-06,Direct,(direct),Midwest,Mobile
CUST005356,2026-04-06,Google Ads,PMax - Skincare Prospecting,West,Mobile
CUST005357,2026-04-06,Organic Social,(organic social),South,Mobile
CUST005358,2026-04-06,Meta Ads,Retargeting - Engaged 30d,West,Mobile
CUST005359,2026-04-06,Meta Ads,Retargeting - Engaged 30d,West,Mobile
CUST005360,2026-04-06,Google Ads,Search - Nonbrand Skincare,West,Desktop
CUST005361,2026-04-06,Organic Social,(organic social),Northeast,Desktop
CUST005362,2026-04-06,Organic Social,(organic social),Midwest,Mobile
CUST005363,2026-04-06,Meta Ads,Prospecting - Lookalike 1%,Midwest,Mobile
CUST005364,2026-04-06,Organic Search,(organic),Midwest,Desktop
CUST005365,2026-04-06,Google Ads,Shopping - Bestsellers,South,Mobile
CUST005366,2026-04-06,Direct,(direct),Midwest,Mobile
CUST005367,2026-04-06,Meta Ads,Prospecting - Lookalike 1%,Midwest,Mobile
CUST005368,2026-04-06,Google Ads,Search - Brand,Midwest,Mobile
CUST005369,2026-04-07,Direct,(direct),West,Mobile
CUST005370,2026-04-07,Organic Social,(organic social),West,Desktop
CUST005371,2026-04-07,Organic Search,(organic),West,Mobile
CUST005372,2026-04-07,Google Ads,Shopping - Bestsellers,South,Mobile
CUST005373,2026-04-07,Direct,(direct),Midwest,Mobile
CUST005374,2026-04-07,Organic Search,(organic),Midwest,Mobile
CUST005375,2026-04-07,Google Ads,Search - Nonbrand Skincare,Midwest,Mobile
CUST005376,2026-04-07,Organic Search,(organic),South,Mobile
CUST005377,2026-04-07,Organic Search,(organic),West,Desktop
CUST005378,2026-04-07,Email/SMS,Campaign - Monthly Newsletter,South,Mobile
CUST005379,2026-04-07,Google Ads,Search - Brand,West,Desktop
CUST005380,2026-04-07,Organic Search,(organic),Northeast,Desktop
CUST005381,2026-04-07,Organic Search,(organic),West,Mobile
CUST005382,2026-04-07,Meta Ads,Retargeting - Cart Abandon,South,Desktop
CUST005383,2026-04-07,Organic Search,(organic),South,Mobile
CUST005384,2026-04-07,Organic Search,(organic),South,Mobile
CUST005385,2026-04-07,Google Ads,Search - Brand,South,Mobile
CUST005386,2026-04-07,Google Ads,Search - Nonbrand Skincare,South,Desktop
CUST005387,2026-04-07,Google Ads,Search - Brand,South,Mobile
CUST005388,2026-04-07,Google Ads,Search - Nonbrand Skincare,South,Mobile
CUST005389,2026-04-07,Unattributed,(not set),West,Desktop
CUST005390,2026-04-07,Organic Search,(organic),South,Tablet
CUST005391,2026-04-08,Google Ads,PMax - Skincare Prospecting,West,Mobile
CUST005392,2026-04-08,Meta Ads,Retargeting - Engaged 30d,Midwest,Mobile
CUST005393,2026-04-08,Direct,(direct),South,Mobile
CUST005394,2026-04-08,Meta Ads,Prospecting - Lookalike 1%,Midwest,Mobile
CUST005395,2026-04-08,Google Ads,Search - Nonbrand Skincare,Northeast,Mobile
CUST005396,2026-04-08,Meta Ads,Prospecting - Lookalike 1%,South,Mobile
CUST005397,2026-04-08,Direct,(direct),Northeast,Mobile
CUST005398,2026-04-08,Google Ads,Search - Brand,West,Mobile
CUST005399,2026-04-08,Google Ads,Search - Nonbrand Skincare,Northeast,Mobile
CUST005400,2026-04-08,Organic Search,(organic),Midwest,Mobile
CUST005401,2026-04-08,Organic Search,(organic),West,Mobile
CUST005402,2026-04-08,Direct,(direct),West,Mobile
CUST005403,2026-04-08,Direct,(direct),Northeast,Mobile
CUST005404,2026-04-08,Meta Ads,Prospecting - Broad,Midwest,Mobile
CUST005405,2026-04-08,Organic Search,(organic),Northeast,Desktop
CUST005406,2026-04-08,Organic Search,(organic),Midwest,Mobile
CUST005407,2026-04-08,Organic Search,(organic),Midwest,Mobile
CUST005408,2026-04-08,Google Ads,PMax - Skincare Prospecting,South,Mobile
CUST005409,2026-04-08,Direct,(direct),Northeast,Mobile
CUST005410,2026-04-08,Organic Search,(organic),Midwest,Mobile
CUST005411,2026-04-08,Organic Search,(organic),Northeast,Desktop
CUST005412,2026-04-08,Meta Ads,Retargeting - Engaged 30d,West,Mobile
CUST005413,2026-04-08,Google Ads,PMax - Skincare Prospecting,Midwest,Desktop
CUST005414,2026-04-08,Email/SMS,Flow - Post Purchase Winback,South,Desktop
CUST005415,2026-04-08,Google Ads,Search - Brand,Midwest,Mobile
CUST005416,2026-04-09,Meta Ads,Prospecting - Broad,West,Tablet
CUST005417,2026-04-09,Meta Ads,Prospecting - Broad,South,Mobile
CUST005418,2026-04-09,Organic Search,(organic),West,Desktop
CUST005419,2026-04-09,Organic Search,(organic),West,Mobile
CUST005420,2026-04-09,Organic Social,(organic social),South,Mobile
CUST005421,2026-04-09,Organic Social,(organic social),West,Mobile
CUST005422,2026-04-09,Meta Ads,Retargeting - Engaged 30d,Midwest,Mobile
CUST005423,2026-04-09,Meta Ads,Retargeting - Engaged 30d,West,Desktop
CUST005424,2026-04-09,Meta Ads,Prospecting - Lookalike 1%,Northeast,Mobile
CUST005425,2026-04-09,Meta Ads,Retargeting - Cart Abandon,South,Mobile
CUST005426,2026-04-09,Google Ads,Search - Brand,West,Desktop
CUST005427,2026-04-09,Direct,(direct),South,Desktop
CUST005428,2026-04-09,Google Ads,Search - Brand,South,Mobile
CUST005429,2026-04-09,Google Ads,Search - Brand,Northeast,Desktop
CUST005430,2026-04-09,Organic Search,(organic),South,Desktop
CUST005431,2026-04-09,Google Ads,Search - Nonbrand Skincare,South,Mobile
CUST005432,2026-04-09,Organic Search,(organic),West,Mobile
CUST005433,2026-04-09,Google Ads,PMax - Skincare Prospecting,West,Desktop
CUST005434,2026-04-09,Organic Social,(organic social),Midwest,Mobile
CUST005435,2026-04-09,Meta Ads,Retargeting - Cart Abandon,Midwest,Mobile
CUST005436,2026-04-09,Google Ads,Shopping - Bestsellers,South,Mobile
CUST005437,2026-04-09,Google Ads,PMax - Skincare Prospecting,West,Desktop
CUST005438,2026-04-09,Google Ads,PMax - Skincare Prospecting,West,Mobile
CUST005439,2026-04-09,Meta Ads,Retargeting - Engaged 30d,Northeast,Desktop
CUST005440,2026-04-09,Organic Search,(organic),Midwest,Tablet
CUST005441,2026-04-09,Meta Ads,Retargeting - Cart Abandon,West,Mobile
CUST005442,2026-04-09,Organic Social,(organic social),South,Mobile
CUST005443,2026-04-09,Email/SMS,Flow - Post Purchase Winback,West,Desktop
CUST005444,2026-04-09,Meta Ads,Prospecting - Broad,West,Mobile
CUST005445,2026-04-09,Email/SMS,Flow - Post Purchase Winback,West,Tablet
CUST005446,2026-04-10,Unattributed,(not set),Midwest,Desktop
CUST005447,2026-04-10,Organic Social,(organic social),West,Mobile
CUST005448,2026-04-10,Organic Search,(organic),Midwest,Mobile
CUST005449,2026-04-10,Unattributed,(not set),Northeast,Mobile
CUST005450,2026-04-10,Meta Ads,Prospecting - Broad,South,Desktop
CUST005451,2026-04-10,Google Ads,PMax - Skincare Prospecting,Midwest,Mobile
CUST005452,2026-04-10,Google Ads,Shopping - Bestsellers,Northeast,Mobile
CUST005453,2026-04-10,Meta Ads,Prospecting - Broad,Northeast,Mobile
CUST005454,2026-04-10,Meta Ads,Prospecting - Lookalike 1%,Northeast,Mobile
CUST005455,2026-04-10,Organic Search,(organic),Northeast,Mobile
CUST005456,2026-04-10,Organic Search,(organic),Northeast,Mobile
CUST005457,2026-04-10,Google Ads,Search - Brand,Northeast,Mobile
CUST005458,2026-04-10,Direct,(direct),South,Mobile
CUST005459,2026-04-10,Meta Ads,Retargeting - Engaged 30d,West,Mobile
CUST005460,2026-04-10,Meta Ads,Prospecting - Broad,Midwest,Desktop
CUST005461,2026-04-10,Direct,(direct),West,Desktop
CUST005462,2026-04-10,Google Ads,Search - Nonbrand Skincare,South,Mobile
CUST005463,2026-04-10,Meta Ads,Retargeting - Engaged 30d,South,Mobile
CUST005464,2026-04-10,Meta Ads,Retargeting - Cart Abandon,West,Mobile
CUST005465,2026-04-10,Email/SMS,Flow - Abandoned Cart,Midwest,Desktop
CUST005466,2026-04-10,Google Ads,Search - Nonbrand Skincare,West,Mobile
CUST005467,2026-04-10,Meta Ads,Retargeting - Cart Abandon,South,Mobile
CUST005468,2026-04-10,Google Ads,PMax - Skincare Prospecting,Northeast,Mobile
CUST005469,2026-04-10,Meta Ads,Prospecting - Lookalike 1%,South,Mobile
CUST005470,2026-04-10,Direct,(direct),West,Mobile
CUST005471,2026-04-10,Organic Social,(organic social),South,Desktop
CUST005472,2026-04-10,Direct,(direct),Midwest,Tablet
CUST005473,2026-04-10,Google Ads,Search - Nonbrand Skincare,Midwest,Desktop
CUST005474,2026-04-10,Unattributed,(not set),West,Desktop
CUST005475,2026-04-11,Organic Search,(organic),West,Mobile
CUST005476,2026-04-11,Unattributed,(not set),Northeast,Desktop
CUST005477,2026-04-11,Organic Search,(organic),South,Mobile
CUST005478,2026-04-11,Organic Search,(organic),West,Mobile
CUST005479,2026-04-11,Meta Ads,Retargeting - Cart Abandon,Midwest,Mobile
CUST005480,2026-04-11,Direct,(direct),Midwest,Mobile
CUST005481,2026-04-11,Meta Ads,Prospecting - Broad,South,Desktop
CUST005482,2026-04-11,Organic Social,(organic social),South,Mobile
CUST005483,2026-04-11,Direct,(direct),Northeast,Mobile
CUST005484,2026-04-11,Direct,(direct),South,Desktop
CUST005485,2026-04-11,Organic Search,(organic),South,Mobile
CUST005486,2026-04-11,Google Ads,Search - Brand,Midwest,Desktop
CUST005487,2026-04-11,Meta Ads,Prospecting - Broad,South,Mobile
CUST005488,2026-04-11,Organic Social,(organic social),South,Desktop
CUST005489,2026-04-11,Organic Social,(organic social),West,Desktop
CUST005490,2026-04-11,Unattributed,(not set),West,Desktop
CUST005491,2026-04-11,Email/SMS,Flow - Abandoned Cart,West,Mobile
CUST005492,2026-04-11,Direct,(direct),South,Desktop
CUST005493,2026-04-11,Organic Search,(organic),South,Mobile
CUST005494,2026-04-11,Organic Search,(organic),Northeast,Desktop
CUST005495,2026-04-11,Direct,(direct),South,Desktop
CUST005496,2026-04-11,Meta Ads,Prospecting - Lookalike 1%,Midwest,Mobile
CUST005497,2026-04-11,Google Ads,Shopping - Bestsellers,Midwest,Mobile
CUST005498,2026-04-11,Google Ads,Search - Nonbrand Skincare,Midwest,Mobile
CUST005499,2026-04-11,Google Ads,Search - Brand,South,Mobile
CUST005500,2026-04-11,Google Ads,Search - Brand,West,Desktop
CUST005501,2026-04-11,Meta Ads,Prospecting - Lookalike 1%,West,Mobile
CUST005502,2026-04-12,Meta Ads,Prospecting - Broad,South,Desktop
CUST005503,2026-04-12,Google Ads,Search - Nonbrand Skincare,South,Desktop
CUST005504,2026-04-12,Google Ads,PMax - Skincare Prospecting,Midwest,Desktop
CUST005505,2026-04-12,Organic Social,(organic social),West,Tablet
CUST005506,2026-04-12,Google Ads,PMax - Skincare Prospecting,Midwest,Mobile
CUST005507,2026-04-12,Meta Ads,Prospecting - Broad,West,Mobile
CUST005508,2026-04-12,Meta Ads,Retargeting - Cart Abandon,Midwest,Desktop
CUST005509,2026-04-12,Meta Ads,Retargeting - Engaged 30d,Northeast,Desktop
CUST005510,2026-04-12,Meta Ads,Prospecting - Lookalike 1%,South,Desktop
CUST005511,2026-04-12,Meta Ads,Retargeting - Cart Abandon,Midwest,Mobile
CUST005512,2026-04-12,Organic Search,(organic),Midwest,Desktop
CUST005513,2026-04-12,Organic Search,(organic),West,Desktop
CUST005514,2026-04-12,Meta Ads,Retargeting - Engaged 30d,West,Mobile
CUST005515,2026-04-12,Google Ads,Search - Nonbrand Skincare,Northeast,Mobile
CUST005516,2026-04-12,Meta Ads,Retargeting - Engaged 30d,Midwest,Mobile
CUST005517,2026-04-12,Meta Ads,Retargeting - Engaged 30d,Midwest,Mobile
CUST005518,2026-04-12,Google Ads,PMax - Skincare Prospecting,West,Desktop
CUST005519,2026-04-12,Google Ads,Search - Nonbrand Skincare,Midwest,Mobile
CUST005520,2026-04-12,Organic Social,(organic social),Northeast,Mobile
CUST005521,2026-04-12,Direct,(direct),West,Desktop
CUST005522,2026-04-12,Direct,(direct),Northeast,Mobile
CUST005523,2026-04-12,Meta Ads,Retargeting - Cart Abandon,Northeast,Mobile
CUST005524,2026-04-12,Organic Social,(organic social),West,Mobile
CUST005525,2026-04-12,Organic Social,(organic social),West,Tablet
CUST005526,2026-04-12,Meta Ads,Prospecting - Broad,Midwest,Mobile
CUST005527,2026-04-12,Google Ads,Search - Nonbrand Skincare,Midwest,Mobile
CUST005528,2026-04-12,Organic Social,(organic social),West,Mobile
CUST005529,2026-04-12,Meta Ads,Prospecting - Broad,South,Desktop
CUST005530,2026-04-12,Meta Ads,Prospecting - Broad,Northeast,Desktop
CUST005531,2026-04-12,Unattributed,(not set),West,Desktop
CUST005532,2026-04-12,Google Ads,Shopping - Bestsellers,West,Mobile
CUST005533,2026-04-13,Meta Ads,Prospecting - Broad,South,Mobile
CUST005534,2026-04-13,Direct,(direct),West,Desktop
CUST005535,2026-04-13,Google Ads,Shopping - Bestsellers,West,Mobile
CUST005536,2026-04-13,Meta Ads,Prospecting - Broad,South,Desktop
CUST005537,2026-04-13,Meta Ads,Prospecting - Broad,South,Mobile
CUST005538,2026-04-13,Meta Ads,Prospecting - Lookalike 1%,South,Desktop
CUST005539,2026-04-13,Meta Ads,Retargeting - Engaged 30d,South,Mobile
CUST005540,2026-04-13,Meta Ads,Retargeting - Engaged 30d,West,Desktop
CUST005541,2026-04-13,Organic Search,(organic),West,Mobile
CUST005542,2026-04-13,Google Ads,Search - Nonbrand Skincare,Midwest,Mobile
CUST005543,2026-04-13,Meta Ads,Retargeting - Engaged 30d,Northeast,Desktop
CUST005544,2026-04-13,Unattributed,(not set),South,Mobile
CUST005545,2026-04-13,Meta Ads,Prospecting - Lookalike 1%,West,Tablet
CUST005546,2026-04-13,Meta Ads,Prospecting - Lookalike 1%,South,Tablet
CUST005547,2026-04-13,Google Ads,Search - Brand,South,Mobile
CUST005548,2026-04-13,Organic Social,(organic social),Northeast,Mobile
CUST005549,2026-04-13,Organic Social,(organic social),Northeast,Desktop
CUST005550,2026-04-13,Meta Ads,Prospecting - Lookalike 1%,West,Mobile
CUST005551,2026-04-13,Direct,(direct),Midwest,Mobile
CUST005552,2026-04-13,Organic Social,(organic social),Northeast,Desktop
CUST005553,2026-04-13,Direct,(direct),West,Desktop
CUST005554,2026-04-13,Direct,(direct),West,Desktop
CUST005555,2026-04-13,Organic Search,(organic),Northeast,Mobile
CUST005556,2026-04-13,Organic Search,(organic),South,Desktop
CUST005557,2026-04-14,Meta Ads,Retargeting - Engaged 30d,West,Mobile
CUST005558,2026-04-14,Meta Ads,Retargeting - Engaged 30d,Northeast,Desktop
CUST005559,2026-04-14,Meta Ads,Prospecting - Broad,Midwest,Mobile
CUST005560,2026-04-14,Meta Ads,Prospecting - Broad,South,Mobile
CUST005561,2026-04-14,Google Ads,PMax - Skincare Prospecting,South,Mobile
CUST005562,2026-04-14,Organic Search,(organic),Northeast,Desktop
CUST005563,2026-04-14,Organic Social,(organic social),South,Tablet
CUST005564,2026-04-14,Meta Ads,Retargeting - Cart Abandon,Midwest,Mobile
CUST005565,2026-04-14,Organic Social,(organic social),Midwest,Desktop
CUST005566,2026-04-14,Google Ads,Search - Brand,West,Mobile
CUST005567,2026-04-14,Meta Ads,Prospecting - Lookalike 1%,South,Mobile
CUST005568,2026-04-14,Unattributed,(not set),Northeast,Mobile
CUST005569,2026-04-14,Email/SMS,Flow - Welcome Series,West,Mobile
CUST005570,2026-04-14,Google Ads,Shopping - Bestsellers,West,Mobile
CUST005571,2026-04-14,Google Ads,Search - Nonbrand Skincare,South,Desktop
CUST005572,2026-04-14,Email/SMS,Flow - Welcome Series,Northeast,Desktop
CUST005573,2026-04-14,Google Ads,Shopping - Bestsellers,West,Desktop
CUST005574,2026-04-14,Meta Ads,Retargeting - Cart Abandon,West,Mobile
CUST005575,2026-04-14,Organic Social,(organic social),West,Mobile
CUST005576,2026-04-14,Meta Ads,Prospecting - Broad,South,Mobile
CUST005577,2026-04-14,Meta Ads,Prospecting - Broad,West,Mobile
CUST005578,2026-04-14,Unattributed,(not set),Midwest,Mobile
CUST005579,2026-04-14,Organic Search,(organic),Midwest,Mobile
CUST005580,2026-04-14,Direct,(direct),South,Mobile
CUST005581,2026-04-14,Organic Search,(organic),Northeast,Mobile
CUST005582,2026-04-14,Unattributed,(not set),South,Desktop
CUST005583,2026-04-14,Google Ads,PMax - Skincare Prospecting,West,Mobile
CUST005584,2026-04-14,Unattributed,(not set),West,Mobile
CUST005585,2026-04-14,Google Ads,Search - Brand,West,Mobile
CUST005586,2026-04-15,Meta Ads,Retargeting - Engaged 30d,Northeast,Mobile
CUST005587,2026-04-15,Organic Social,(organic social),West,Tablet
CUST005588,2026-04-15,Organic Search,(organic),Midwest,Desktop
CUST005589,2026-04-15,Google Ads,Search - Nonbrand Skincare,Midwest,Desktop
CUST005590,2026-04-15,Organic Search,(organic),South,Mobile
CUST005591,2026-04-15,Organic Search,(organic),South,Mobile
CUST005592,2026-04-15,Meta Ads,Prospecting - Lookalike 1%,Midwest,Desktop
CUST005593,2026-04-15,Meta Ads,Retargeting - Cart Abandon,West,Mobile
CUST005594,2026-04-15,Organic Search,(organic),Midwest,Desktop
CUST005595,2026-04-15,Google Ads,PMax - Skincare Prospecting,Midwest,Desktop
CUST005596,2026-04-15,Meta Ads,Retargeting - Engaged 30d,South,Mobile
CUST005597,2026-04-15,Organic Search,(organic),Midwest,Mobile
CUST005598,2026-04-15,Google Ads,Search - Brand,South,Tablet
CUST005599,2026-04-15,Google Ads,PMax - Skincare Prospecting,West,Mobile
CUST005600,2026-04-15,Meta Ads,Prospecting - Broad,South,Tablet
CUST005601,2026-04-15,Meta Ads,Prospecting - Broad,Midwest,Desktop
CUST005602,2026-04-15,Organic Search,(organic),South,Mobile
CUST005603,2026-04-15,Direct,(direct),West,Desktop
CUST005604,2026-04-15,Organic Search,(organic),South,Mobile
CUST005605,2026-04-15,Meta Ads,Retargeting - Engaged 30d,Northeast,Desktop
CUST005606,2026-04-15,Organic Social,(organic social),West,Mobile
CUST005607,2026-04-15,Meta Ads,Prospecting - Broad,West,Mobile
CUST005608,2026-04-15,Organic Social,(organic social),South,Desktop
CUST005609,2026-04-15,Meta Ads,Retargeting - Cart Abandon,South,Mobile
CUST005610,2026-04-15,Organic Search,(organic),South,Desktop
CUST005611,2026-04-15,Organic Search,(organic),Midwest,Mobile
CUST005612,2026-04-15,Unattributed,(not set),South,Mobile
CUST005613,2026-04-15,Google Ads,PMax - Skincare Prospecting,South,Mobile
CUST005614,2026-04-15,Meta Ads,Retargeting - Cart Abandon,West,Desktop
CUST005615,2026-04-16,Meta Ads,Prospecting - Broad,South,Tablet
CUST005616,2026-04-16,Organic Social,(organic social),Midwest,Desktop
CUST005617,2026-04-16,Meta Ads,Retargeting - Engaged 30d,Northeast,Mobile
CUST005618,2026-04-16,Meta Ads,Prospecting - Broad,Northeast,Mobile
CUST005619,2026-04-16,Meta Ads,Retargeting - Engaged 30d,Midwest,Desktop
CUST005620,2026-04-16,Google Ads,Search - Nonbrand Skincare,West,Mobile
CUST005621,2026-04-16,Google Ads,Search - Brand,Northeast,Desktop
CUST005622,2026-04-16,Direct,(direct),Midwest,Mobile
CUST005623,2026-04-16,Unattributed,(not set),Midwest,Mobile
CUST005624,2026-04-16,Google Ads,Shopping - Bestsellers,South,Desktop
CUST005625,2026-04-16,Organic Search,(organic),Midwest,Mobile
CUST005626,2026-04-16,Direct,(direct),Northeast,Desktop
CUST005627,2026-04-16,Meta Ads,Retargeting - Engaged 30d,South,Mobile
CUST005628,2026-04-16,Google Ads,PMax - Skincare Prospecting,West,Mobile
CUST005629,2026-04-16,Unattributed,(not set),Northeast,Mobile
CUST005630,2026-04-16,Google Ads,PMax - Skincare Prospecting,West,Desktop
CUST005631,2026-04-16,Organic Search,(organic),West,Mobile
CUST005632,2026-04-16,Google Ads,Search - Brand,Northeast,Mobile
CUST005633,2026-04-16,Google Ads,Shopping - Bestsellers,South,Desktop
CUST005634,2026-04-16,Meta Ads,Retargeting - Engaged 30d,South,Mobile
CUST005635,2026-04-16,Google Ads,Search - Nonbrand Skincare,Northeast,Desktop
CUST005636,2026-04-16,Meta Ads,Retargeting - Cart Abandon,South,Desktop
CUST005637,2026-04-16,Meta Ads,Retargeting - Engaged 30d,West,Desktop
CUST005638,2026-04-16,Email/SMS,Flow - Post Purchase Winback,South,Desktop
CUST005639,2026-04-16,Google Ads,Search - Brand,Northeast,Mobile
CUST005640,2026-04-16,Organic Social,(organic social),West,Mobile
CUST005641,2026-04-16,Direct,(direct),West,Tablet
CUST005642,2026-04-17,Meta Ads,Prospecting - Lookalike 1%,West,Mobile
CUST005643,2026-04-17,Organic Social,(organic social),Northeast,Mobile
CUST005644,2026-04-17,Google Ads,Shopping - Bestsellers,Midwest,Mobile
CUST005645,2026-04-17,Google Ads,Search - Brand,South,Mobile
CUST005646,2026-04-17,Unattributed,(not set),West,Desktop
CUST005647,2026-04-17,Organic Search,(organic),Northeast,Desktop
CUST005648,2026-04-17,Unattributed,(not set),South,Mobile
CUST005649,2026-04-17,Organic Social,(organic social),Midwest,Mobile
CUST005650,2026-04-17,Meta Ads,Retargeting - Cart Abandon,Northeast,Mobile
CUST005651,2026-04-17,Google Ads,Shopping - Bestsellers,West,Desktop
CUST005652,2026-04-17,Organic Search,(organic),Midwest,Mobile
CUST005653,2026-04-17,Meta Ads,Prospecting - Lookalike 1%,Northeast,Desktop
CUST005654,2026-04-17,Organic Search,(organic),South,Desktop
CUST005655,2026-04-17,Google Ads,Search - Brand,West,Mobile
CUST005656,2026-04-17,Unattributed,(not set),West,Desktop
CUST005657,2026-04-17,Direct,(direct),West,Desktop
CUST005658,2026-04-17,Google Ads,Search - Nonbrand Skincare,Midwest,Mobile
CUST005659,2026-04-17,Google Ads,PMax - Skincare Prospecting,Midwest,Desktop
CUST005660,2026-04-17,Organic Search,(organic),Northeast,Mobile
CUST005661,2026-04-17,Google Ads,Search - Brand,South,Tablet
CUST005662,2026-04-17,Google Ads,Shopping - Bestsellers,West,Mobile
CUST005663,2026-04-17,Unattributed,(not set),West,Mobile
CUST005664,2026-04-17,Meta Ads,Retargeting - Engaged 30d,West,Mobile
CUST005665,2026-04-17,Meta Ads,Prospecting - Lookalike 1%,Midwest,Desktop
CUST005666,2026-04-17,Meta Ads,Prospecting - Lookalike 1%,West,Mobile
CUST005667,2026-04-17,Organic Social,(organic social),West,Mobile
CUST005668,2026-04-18,Direct,(direct),Northeast,Mobile
CUST005669,2026-04-18,Direct,(direct),Midwest,Desktop
CUST005670,2026-04-18,Meta Ads,Prospecting - Broad,West,Mobile
CUST005671,2026-04-18,Google Ads,Shopping - Bestsellers,West,Tablet
CUST005672,2026-04-18,Organic Social,(organic social),West,Mobile
CUST005673,2026-04-18,Direct,(direct),Midwest,Mobile
CUST005674,2026-04-18,Organic Search,(organic),West,Mobile
CUST005675,2026-04-18,Meta Ads,Retargeting - Engaged 30d,West,Mobile
CUST005676,2026-04-18,Google Ads,PMax - Skincare Prospecting,West,Mobile
CUST005677,2026-04-18,Organic Search,(organic),South,Desktop
CUST005678,2026-04-18,Organic Search,(organic),West,Mobile
CUST005679,2026-04-18,Google Ads,PMax - Skincare Prospecting,Northeast,Desktop
CUST005680,2026-04-18,Meta Ads,Prospecting - Broad,Northeast,Mobile
CUST005681,2026-04-18,Google Ads,PMax - Skincare Prospecting,Northeast,Desktop
CUST005682,2026-04-18,Direct,(direct),Midwest,Mobile
CUST005683,2026-04-18,Meta Ads,Prospecting - Broad,West,Mobile
CUST005684,2026-04-18,Direct,(direct),Midwest,Tablet
CUST005685,2026-04-18,Organic Search,(organic),Midwest,Mobile
CUST005686,2026-04-18,Meta Ads,Prospecting - Broad,Midwest,Mobile
CUST005687,2026-04-18,Organic Search,(organic),Midwest,Mobile
CUST005688,2026-04-18,Meta Ads,Retargeting - Engaged 30d,West,Mobile
CUST005689,2026-04-18,Organic Search,(organic),West,Mobile
CUST005690,2026-04-18,Meta Ads,Prospecting - Lookalike 1%,Midwest,Mobile
CUST005691,2026-04-18,Direct,(direct),Midwest,Desktop
CUST005692,2026-04-18,Meta Ads,Prospecting - Broad,Northeast,Desktop
CUST005693,2026-04-18,Direct,(direct),Northeast,Mobile
CUST005694,2026-04-18,Organic Search,(organic),West,Mobile
CUST005695,2026-04-18,Organic Search,(organic),South,Desktop
CUST005696,2026-04-18,Google Ads,PMax - Skincare Prospecting,Northeast,Mobile
CUST005697,2026-04-19,Meta Ads,Retargeting - Cart Abandon,Midwest,Mobile
CUST005698,2026-04-19,Meta Ads,Retargeting - Cart Abandon,Midwest,Desktop
CUST005699,2026-04-19,Google Ads,PMax - Skincare Prospecting,Northeast,Mobile
CUST005700,2026-04-19,Meta Ads,Retargeting - Engaged 30d,West,Mobile
CUST005701,2026-04-19,Email/SMS,Flow - Abandoned Cart,South,Desktop
CUST005702,2026-04-19,Unattributed,(not set),West,Mobile
CUST005703,2026-04-19,Organic Social,(organic social),Midwest,Mobile
CUST005704,2026-04-19,Organic Social,(organic social),West,Mobile
CUST005705,2026-04-19,Meta Ads,Retargeting - Cart Abandon,West,Mobile
CUST005706,2026-04-19,Meta Ads,Prospecting - Lookalike 1%,Northeast,Mobile
CUST005707,2026-04-19,Direct,(direct),Northeast,Mobile
CUST005708,2026-04-19,Meta Ads,Retargeting - Engaged 30d,Midwest,Mobile
CUST005709,2026-04-19,Meta Ads,Prospecting - Broad,South,Mobile
CUST005710,2026-04-19,Organic Social,(organic social),West,Mobile
CUST005711,2026-04-19,Google Ads,Shopping - Bestsellers,Northeast,Mobile
CUST005712,2026-04-19,Meta Ads,Prospecting - Lookalike 1%,Northeast,Desktop
CUST005713,2026-04-19,Meta Ads,Prospecting - Lookalike 1%,South,Mobile
CUST005714,2026-04-19,Meta Ads,Retargeting - Cart Abandon,West,Desktop
CUST005715,2026-04-19,Direct,(direct),Northeast,Desktop
CUST005716,2026-04-19,Google Ads,PMax - Skincare Prospecting,Northeast,Mobile
CUST005717,2026-04-19,Meta Ads,Retargeting - Engaged 30d,West,Tablet
CUST005718,2026-04-19,Meta Ads,Retargeting - Cart Abandon,Midwest,Desktop
CUST005719,2026-04-19,Meta Ads,Prospecting - Lookalike 1%,South,Mobile
CUST005720,2026-04-19,Google Ads,Search - Brand,South,Mobile
CUST005721,2026-04-19,Unattributed,(not set),South,Desktop
CUST005722,2026-04-19,Meta Ads,Retargeting - Engaged 30d,West,Mobile
CUST005723,2026-04-19,Organic Search,(organic),South,Desktop
CUST005724,2026-04-20,Meta Ads,Prospecting - Broad,South,Mobile
CUST005725,2026-04-20,Meta Ads,Prospecting - Broad,West,Mobile
CUST005726,2026-04-20,Direct,(direct),South,Mobile
CUST005727,2026-04-20,Organic Search,(organic),South,Tablet
CUST005728,2026-04-20,Meta Ads,Retargeting - Engaged 30d,Midwest,Mobile
CUST005729,2026-04-20,Google Ads,Search - Brand,South,Desktop
CUST005730,2026-04-20,Google Ads,PMax - Skincare Prospecting,West,Mobile
CUST005731,2026-04-20,Organic Search,(organic),West,Mobile
CUST005732,2026-04-20,Google Ads,PMax - Skincare Prospecting,West,Desktop
CUST005733,2026-04-20,Meta Ads,Prospecting - Lookalike 1%,South,Mobile
CUST005734,2026-04-20,Organic Search,(organic),South,Mobile
CUST005735,2026-04-20,Google Ads,Shopping - Bestsellers,West,Mobile
CUST005736,2026-04-20,Meta Ads,Prospecting - Lookalike 1%,Northeast,Mobile
CUST005737,2026-04-20,Google Ads,PMax - Skincare Prospecting,Northeast,Mobile
CUST005738,2026-04-20,Unattributed,(not set),West,Desktop
CUST005739,2026-04-20,Meta Ads,Retargeting - Cart Abandon,Midwest,Desktop
CUST005740,2026-04-20,Meta Ads,Retargeting - Cart Abandon,West,Mobile
CUST005741,2026-04-20,Google Ads,Search - Nonbrand Skincare,West,Desktop
CUST005742,2026-04-20,Email/SMS,Flow - Post Purchase Winback,West,Desktop
CUST005743,2026-04-20,Google Ads,Search - Nonbrand Skincare,South,Mobile
CUST005744,2026-04-20,Meta Ads,Prospecting - Lookalike 1%,Northeast,Desktop
CUST005745,2026-04-20,Google Ads,Search - Nonbrand Skincare,Midwest,Tablet
CUST005746,2026-04-20,Meta Ads,Prospecting - Broad,Midwest,Mobile
CUST005747,2026-04-20,Meta Ads,Retargeting - Cart Abandon,West,Mobile
CUST005748,2026-04-20,Meta Ads,Prospecting - Broad,Northeast,Mobile
CUST005749,2026-04-20,Google Ads,Shopping - Bestsellers,Midwest,Desktop
CUST005750,2026-04-21,Google Ads,Search - Nonbrand Skincare,Northeast,Mobile
CUST005751,2026-04-21,Meta Ads,Retargeting - Engaged 30d,South,Desktop
CUST005752,2026-04-21,Google Ads,Shopping - Bestsellers,Northeast,Mobile
CUST005753,2026-04-21,Organic Search,(organic),South,Desktop
CUST005754,2026-04-21,Organic Search,(organic),Northeast,Mobile
CUST005755,2026-04-21,Direct,(direct),Midwest,Desktop
CUST005756,2026-04-21,Meta Ads,Retargeting - Engaged 30d,Northeast,Mobile
CUST005757,2026-04-21,Organic Search,(organic),South,Tablet
CUST005758,2026-04-21,Google Ads,Search - Nonbrand Skincare,South,Mobile
CUST005759,2026-04-21,Meta Ads,Retargeting - Cart Abandon,South,Desktop
CUST005760,2026-04-21,Unattributed,(not set),West,Desktop
CUST005761,2026-04-21,Organic Social,(organic social),Midwest,Mobile
CUST005762,2026-04-21,Meta Ads,Retargeting - Engaged 30d,South,Desktop
CUST005763,2026-04-21,Meta Ads,Prospecting - Lookalike 1%,South,Mobile
CUST005764,2026-04-21,Meta Ads,Retargeting - Engaged 30d,South,Desktop
CUST005765,2026-04-21,Organic Search,(organic),West,Mobile
CUST005766,2026-04-21,Meta Ads,Retargeting - Engaged 30d,West,Mobile
CUST005767,2026-04-21,Google Ads,PMax - Skincare Prospecting,Northeast,Desktop
CUST005768,2026-04-21,Google Ads,Search - Nonbrand Skincare,Northeast,Desktop
CUST005769,2026-04-21,Organic Search,(organic),West,Mobile
CUST005770,2026-04-21,Organic Search,(organic),South,Desktop
CUST005771,2026-04-21,Meta Ads,Prospecting - Lookalike 1%,West,Mobile
CUST005772,2026-04-21,Organic Search,(organic),West,Mobile
CUST005773,2026-04-22,Google Ads,Shopping - Bestsellers,South,Mobile
CUST005774,2026-04-22,Unattributed,(not set),Northeast,Tablet
CUST005775,2026-04-22,Meta Ads,Prospecting - Broad,Northeast,Desktop
CUST005776,2026-04-22,Google Ads,Shopping - Bestsellers,Midwest,Desktop
CUST005777,2026-04-22,Meta Ads,Prospecting - Broad,Northeast,Mobile
CUST005778,2026-04-22,Meta Ads,Retargeting - Cart Abandon,Midwest,Desktop
CUST005779,2026-04-22,Google Ads,Search - Brand,West,Mobile
CUST005780,2026-04-22,Direct,(direct),Midwest,Desktop
CUST005781,2026-04-22,Google Ads,Shopping - Bestsellers,South,Desktop
CUST005782,2026-04-22,Unattributed,(not set),Northeast,Mobile
CUST005783,2026-04-22,Google Ads,PMax - Skincare Prospecting,South,Mobile
CUST005784,2026-04-22,Unattributed,(not set),Midwest,Mobile
CUST005785,2026-04-22,Meta Ads,Prospecting - Lookalike 1%,Midwest,Mobile
CUST005786,2026-04-22,Meta Ads,Prospecting - Broad,Northeast,Desktop
CUST005787,2026-04-22,Direct,(direct),Northeast,Mobile
CUST005788,2026-04-22,Direct,(direct),West,Mobile
CUST005789,2026-04-22,Google Ads,PMax - Skincare Prospecting,Northeast,Mobile
CUST005790,2026-04-22,Email/SMS,Flow - Post Purchase Winback,Midwest,Desktop
CUST005791,2026-04-22,Organic Search,(organic),South,Mobile
CUST005792,2026-04-22,Organic Social,(organic social),West,Mobile
CUST005793,2026-04-23,Google Ads,Search - Nonbrand Skincare,Northeast,Desktop
CUST005794,2026-04-23,Google Ads,Shopping - Bestsellers,West,Mobile
CUST005795,2026-04-23,Organic Search,(organic),West,Mobile
CUST005796,2026-04-23,Google Ads,Search - Brand,West,Mobile
CUST005797,2026-04-23,Google Ads,PMax - Skincare Prospecting,South,Tablet
CUST005798,2026-04-23,Meta Ads,Retargeting - Engaged 30d,West,Mobile
CUST005799,2026-04-23,Google Ads,Search - Brand,Northeast,Mobile
CUST005800,2026-04-23,Organic Search,(organic),Northeast,Tablet
CUST005801,2026-04-23,Organic Search,(organic),Midwest,Mobile
CUST005802,2026-04-23,Meta Ads,Retargeting - Engaged 30d,South,Desktop
CUST005803,2026-04-23,Google Ads,Search - Brand,Northeast,Desktop
CUST005804,2026-04-23,Meta Ads,Prospecting - Broad,Northeast,Mobile
CUST005805,2026-04-23,Meta Ads,Prospecting - Lookalike 1%,West,Mobile
CUST005806,2026-04-23,Unattributed,(not set),Midwest,Mobile
CUST005807,2026-04-23,Organic Social,(organic social),Northeast,Tablet
CUST005808,2026-04-23,Meta Ads,Retargeting - Cart Abandon,Northeast,Mobile
CUST005809,2026-04-23,Organic Search,(organic),Northeast,Mobile
CUST005810,2026-04-23,Direct,(direct),Midwest,Mobile
CUST005811,2026-04-23,Organic Search,(organic),Northeast,Mobile
CUST005812,2026-04-23,Unattributed,(not set),South,Mobile
CUST005813,2026-04-23,Meta Ads,Prospecting - Lookalike 1%,South,Mobile
CUST005814,2026-04-23,Organic Search,(organic),Midwest,Mobile
CUST005815,2026-04-23,Meta Ads,Prospecting - Broad,Midwest,Mobile
CUST005816,2026-04-23,Google Ads,Shopping - Bestsellers,Northeast,Mobile
CUST005817,2026-04-23,Email/SMS,Campaign - Monthly Newsletter,West,Desktop
CUST005818,2026-04-23,Google Ads,Search - Brand,Northeast,Tablet
CUST005819,2026-04-24,Meta Ads,Prospecting - Lookalike 1%,South,Mobile
CUST005820,2026-04-24,Organic Social,(organic social),West,Mobile
CUST005821,2026-04-24,Google Ads,Shopping - Bestsellers,Northeast,Mobile
CUST005822,2026-04-24,Organic Social,(organic social),West,Mobile
CUST005823,2026-04-24,Organic Search,(organic),West,Desktop
CUST005824,2026-04-24,Meta Ads,Retargeting - Cart Abandon,South,Mobile
CUST005825,2026-04-24,Organic Search,(organic),South,Desktop
CUST005826,2026-04-24,Google Ads,Shopping - Bestsellers,West,Mobile
CUST005827,2026-04-24,Google Ads,Search - Brand,Midwest,Mobile
CUST005828,2026-04-24,Meta Ads,Retargeting - Engaged 30d,Midwest,Mobile
CUST005829,2026-04-24,Organic Search,(organic),Midwest,Desktop
CUST005830,2026-04-24,Google Ads,Search - Brand,South,Mobile
CUST005831,2026-04-24,Google Ads,Search - Nonbrand Skincare,South,Mobile
CUST005832,2026-04-24,Google Ads,Search - Brand,South,Mobile
CUST005833,2026-04-24,Meta Ads,Prospecting - Lookalike 1%,South,Desktop
CUST005834,2026-04-24,Organic Search,(organic),Midwest,Desktop
CUST005835,2026-04-24,Organic Social,(organic social),West,Mobile
CUST005836,2026-04-24,Direct,(direct),South,Mobile
CUST005837,2026-04-24,Organic Social,(organic social),West,Mobile
CUST005838,2026-04-24,Organic Search,(organic),West,Mobile
CUST005839,2026-04-24,Organic Search,(organic),South,Desktop
CUST005840,2026-04-24,Unattributed,(not set),Midwest,Mobile
CUST005841,2026-04-24,Organic Social,(organic social),South,Mobile
CUST005842,2026-04-24,Google Ads,Search - Nonbrand Skincare,Northeast,Tablet
CUST005843,2026-04-24,Google Ads,Search - Nonbrand Skincare,South,Desktop
CUST005844,2026-04-24,Meta Ads,Prospecting - Broad,West,Desktop
CUST005845,2026-04-24,Meta Ads,Prospecting - Broad,West,Mobile
CUST005846,2026-04-24,Meta Ads,Retargeting - Engaged 30d,South,Desktop
CUST005847,2026-04-24,Google Ads,Search - Nonbrand Skincare,South,Mobile
CUST005848,2026-04-24,Google Ads,Search - Nonbrand Skincare,West,Mobile
CUST005849,2026-04-24,Google Ads,PMax - Skincare Prospecting,South,Desktop
CUST005850,2026-04-25,Organic Search,(organic),West,Desktop
CUST005851,2026-04-25,Organic Social,(organic social),Midwest,Desktop
CUST005852,2026-04-25,Meta Ads,Prospecting - Lookalike 1%,West,Desktop
CUST005853,2026-04-25,Google Ads,Search - Brand,Midwest,Mobile
CUST005854,2026-04-25,Meta Ads,Prospecting - Broad,Northeast,Mobile
CUST005855,2026-04-25,Google Ads,Search - Brand,West,Desktop
CUST005856,2026-04-25,Meta Ads,Retargeting - Cart Abandon,South,Mobile
CUST005857,2026-04-25,Meta Ads,Prospecting - Broad,South,Mobile
CUST005858,2026-04-25,Google Ads,PMax - Skincare Prospecting,West,Mobile
CUST005859,2026-04-25,Meta Ads,Retargeting - Engaged 30d,South,Mobile
CUST005860,2026-04-25,Direct,(direct),South,Mobile
CUST005861,2026-04-25,Meta Ads,Prospecting - Broad,South,Desktop
CUST005862,2026-04-25,Organic Social,(organic social),Midwest,Mobile
CUST005863,2026-04-25,Organic Social,(organic social),South,Desktop
CUST005864,2026-04-25,Meta Ads,Retargeting - Engaged 30d,Northeast,Mobile
CUST005865,2026-04-25,Meta Ads,Retargeting - Cart Abandon,West,Mobile
CUST005866,2026-04-25,Organic Search,(organic),South,Desktop
CUST005867,2026-04-25,Meta Ads,Prospecting - Broad,South,Mobile
CUST005868,2026-04-25,Organic Social,(organic social),West,Mobile
CUST005869,2026-04-25,Organic Social,(organic social),Northeast,Desktop
CUST005870,2026-04-25,Meta Ads,Retargeting - Cart Abandon,South,Mobile
CUST005871,2026-04-25,Meta Ads,Prospecting - Lookalike 1%,West,Mobile
CUST005872,2026-04-25,Google Ads,Search - Brand,Northeast,Desktop
CUST005873,2026-04-25,Organic Search,(organic),Northeast,Mobile
CUST005874,2026-04-25,Google Ads,Search - Brand,South,Mobile
CUST005875,2026-04-25,Organic Social,(organic social),South,Mobile
CUST005876,2026-04-25,Meta Ads,Prospecting - Broad,Midwest,Mobile
CUST005877,2026-04-25,Organic Search,(organic),Midwest,Mobile
CUST005878,2026-04-25,Direct,(direct),West,Desktop
CUST005879,2026-04-25,Google Ads,Shopping - Bestsellers,Northeast,Mobile
CUST005880,2026-04-25,Organic Social,(organic social),West,Desktop
CUST005881,2026-04-25,Meta Ads,Prospecting - Broad,Northeast,Mobile
CUST005882,2026-04-25,Google Ads,Search - Nonbrand Skincare,Northeast,Tablet
CUST005883,2026-04-25,Google Ads,Search - Brand,West,Desktop
CUST005884,2026-04-25,Meta Ads,Prospecting - Broad,Northeast,Mobile
CUST005885,2026-04-26,Organic Search,(organic),Midwest,Desktop
CUST005886,2026-04-26,Organic Search,(organic),West,Mobile
CUST005887,2026-04-26,Meta Ads,Prospecting - Broad,West,Mobile
CUST005888,2026-04-26,Organic Social,(organic social),South,Mobile
CUST005889,2026-04-26,Unattributed,(not set),South,Mobile
CUST005890,2026-04-26,Meta Ads,Prospecting - Lookalike 1%,Midwest,Mobile
CUST005891,2026-04-26,Meta Ads,Prospecting - Broad,South,Mobile
CUST005892,2026-04-26,Meta Ads,Retargeting - Engaged 30d,West,Mobile
CUST005893,2026-04-26,Meta Ads,Retargeting - Cart Abandon,South,Desktop
CUST005894,2026-04-26,Meta Ads,Retargeting - Engaged 30d,Northeast,Desktop
CUST005895,2026-04-26,Email/SMS,Flow - Welcome Series,Midwest,Mobile
CUST005896,2026-04-26,Google Ads,PMax - Skincare Prospecting,Midwest,Mobile
CUST005897,2026-04-26,Unattributed,(not set),Northeast,Mobile
CUST005898,2026-04-26,Organic Social,(organic social),West,Mobile
CUST005899,2026-04-26,Email/SMS,Flow - Welcome Series,Northeast,Mobile
CUST005900,2026-04-26,Organic Search,(organic),South,Desktop
CUST005901,2026-04-26,Google Ads,Shopping - Bestsellers,West,Mobile
CUST005902,2026-04-26,Google Ads,Search - Nonbrand Skincare,West,Mobile
CUST005903,2026-04-26,Meta Ads,Prospecting - Broad,Northeast,Desktop
CUST005904,2026-04-26,Google Ads,Shopping - Bestsellers,Northeast,Mobile
CUST005905,2026-04-26,Google Ads,Shopping - Bestsellers,Midwest,Tablet
CUST005906,2026-04-26,Google Ads,Search - Nonbrand Skincare,West,Mobile
CUST005907,2026-04-26,Organic Social,(organic social),Northeast,Mobile
CUST005908,2026-04-26,Google Ads,Search - Nonbrand Skincare,South,Mobile
CUST005909,2026-04-26,Organic Search,(organic),West,Desktop
CUST005910,2026-04-27,Unattributed,(not set),Midwest,Mobile
CUST005911,2026-04-27,Google Ads,PMax - Skincare Prospecting,Northeast,Mobile
CUST005912,2026-04-27,Meta Ads,Retargeting - Cart Abandon,West,Desktop
CUST005913,2026-04-27,Email/SMS,Flow - Post Purchase Winback,West,Mobile
CUST005914,2026-04-27,Organic Search,(organic),South,Mobile
CUST005915,2026-04-27,Direct,(direct),West,Mobile
CUST005916,2026-04-27,Meta Ads,Retargeting - Cart Abandon,Midwest,Desktop
CUST005917,2026-04-27,Organic Search,(organic),South,Desktop
CUST005918,2026-04-27,Meta Ads,Prospecting - Lookalike 1%,Northeast,Mobile
CUST005919,2026-04-27,Google Ads,Shopping - Bestsellers,Northeast,Desktop
CUST005920,2026-04-27,Google Ads,Search - Nonbrand Skincare,Midwest,Mobile
CUST005921,2026-04-27,Direct,(direct),West,Mobile
CUST005922,2026-04-27,Direct,(direct),South,Mobile
CUST005923,2026-04-27,Meta Ads,Retargeting - Engaged 30d,South,Mobile
CUST005924,2026-04-27,Unattributed,(not set),West,Mobile
CUST005925,2026-04-27,Google Ads,Search - Brand,Midwest,Mobile
CUST005926,2026-04-27,Meta Ads,Retargeting - Engaged 30d,South,Mobile
CUST005927,2026-04-27,Organic Social,(organic social),Midwest,Desktop
CUST005928,2026-04-27,Google Ads,Search - Nonbrand Skincare,Midwest,Desktop
CUST005929,2026-04-27,Organic Search,(organic),Midwest,Mobile
CUST005930,2026-04-27,Google Ads,Search - Brand,South,Mobile
CUST005931,2026-04-27,Meta Ads,Prospecting - Lookalike 1%,South,Mobile
CUST005932,2026-04-27,Organic Search,(organic),Midwest,Mobile
CUST005933,2026-04-27,Google Ads,Shopping - Bestsellers,South,Tablet
CUST005934,2026-04-27,Organic Search,(organic),West,Mobile
CUST005935,2026-04-27,Meta Ads,Retargeting - Engaged 30d,West,Mobile
CUST005936,2026-04-27,Meta Ads,Prospecting - Broad,Northeast,Mobile
CUST005937,2026-04-28,Direct,(direct),Midwest,Mobile
CUST005938,2026-04-28,Direct,(direct),Northeast,Desktop
CUST005939,2026-04-28,Meta Ads,Prospecting - Lookalike 1%,West,Tablet
CUST005940,2026-04-28,Meta Ads,Prospecting - Lookalike 1%,South,Mobile
CUST005941,2026-04-28,Direct,(direct),South,Desktop
CUST005942,2026-04-28,Meta Ads,Retargeting - Cart Abandon,Midwest,Mobile
CUST005943,2026-04-28,Meta Ads,Retargeting - Engaged 30d,South,Desktop
CUST005944,2026-04-28,Organic Social,(organic social),Midwest,Desktop
CUST005945,2026-04-28,Direct,(direct),West,Desktop
CUST005946,2026-04-28,Meta Ads,Prospecting - Lookalike 1%,West,Desktop
CUST005947,2026-04-28,Organic Search,(organic),West,Mobile
CUST005948,2026-04-28,Meta Ads,Prospecting - Lookalike 1%,Northeast,Tablet
CUST005949,2026-04-28,Direct,(direct),West,Desktop
CUST005950,2026-04-28,Direct,(direct),West,Desktop
CUST005951,2026-04-28,Google Ads,Search - Brand,West,Mobile
CUST005952,2026-04-28,Unattributed,(not set),South,Desktop
CUST005953,2026-04-28,Meta Ads,Retargeting - Cart Abandon,South,Mobile
CUST005954,2026-04-28,Meta Ads,Prospecting - Lookalike 1%,South,Desktop
CUST005955,2026-04-28,Google Ads,Search - Nonbrand Skincare,South,Desktop
CUST005956,2026-04-28,Meta Ads,Prospecting - Broad,South,Desktop
CUST005957,2026-04-28,Meta Ads,Retargeting - Engaged 30d,West,Mobile
CUST005958,2026-04-28,Organic Search,(organic),West,Desktop
CUST005959,2026-04-28,Meta Ads,Retargeting - Engaged 30d,West,Mobile
CUST005960,2026-04-28,Organic Search,(organic),West,Mobile
CUST005961,2026-04-29,Meta Ads,Prospecting - Broad,West,Mobile
CUST005962,2026-04-29,Google Ads,Shopping - Bestsellers,West,Desktop
CUST005963,2026-04-29,Google Ads,Shopping - Bestsellers,Midwest,Desktop
CUST005964,2026-04-29,Google Ads,PMax - Skincare Prospecting,West,Mobile
CUST005965,2026-04-29,Email/SMS,Flow - Abandoned Cart,West,Mobile
CUST005966,2026-04-29,Google Ads,Search - Nonbrand Skincare,West,Mobile
CUST005967,2026-04-29,Google Ads,Shopping - Bestsellers,South,Desktop
CUST005968,2026-04-29,Meta Ads,Prospecting - Lookalike 1%,Northeast,Mobile
CUST005969,2026-04-29,Unattributed,(not set),Northeast,Desktop
CUST005970,2026-04-29,Unattributed,(not set),West,Mobile
CUST005971,2026-04-29,Organic Social,(organic social),South,Mobile
CUST005972,2026-04-29,Meta Ads,Prospecting - Lookalike 1%,South,Mobile
CUST005973,2026-04-29,Google Ads,Search - Nonbrand Skincare,South,Mobile
CUST005974,2026-04-29,Direct,(direct),Northeast,Mobile
CUST005975,2026-04-29,Organic Search,(organic),West,Mobile
CUST005976,2026-04-29,Direct,(direct),Midwest,Desktop
CUST005977,2026-04-29,Meta Ads,Prospecting - Lookalike 1%,West,Desktop
CUST005978,2026-04-29,Direct,(direct),South,Tablet
CUST005979,2026-04-29,Google Ads,Search - Nonbrand Skincare,South,Mobile
CUST005980,2026-04-29,Meta Ads,Prospecting - Broad,Northeast,Mobile
CUST005981,2026-04-29,Google Ads,Search - Nonbrand Skincare,West,Desktop
CUST005982,2026-04-29,Google Ads,Shopping - Bestsellers,Northeast,Mobile
CUST005983,2026-04-29,Meta Ads,Prospecting - Broad,West,Mobile
CUST005984,2026-04-29,Email/SMS,Flow - Abandoned Cart,West,Mobile
CUST005985,2026-04-29,Unattributed,(not set),Midwest,Tablet
CUST005986,2026-04-30,Organic Search,(organic),West,Desktop
CUST005987,2026-04-30,Organic Social,(organic social),Midwest,Mobile
CUST005988,2026-04-30,Meta Ads,Prospecting - Lookalike 1%,South,Mobile
CUST005989,2026-04-30,Meta Ads,Retargeting - Engaged 30d,West,Desktop
CUST005990,2026-04-30,Unattributed,(not set),Midwest,Mobile
CUST005991,2026-04-30,Meta Ads,Prospecting - Broad,Midwest,Desktop
CUST005992,2026-04-30,Unattributed,(not set),Northeast,Mobile
CUST005993,2026-04-30,Google Ads,PMax - Skincare Prospecting,Northeast,Mobile
CUST005994,2026-04-30,Meta Ads,Prospecting - Lookalike 1%,West,Mobile
CUST005995,2026-04-30,Google Ads,Search - Nonbrand Skincare,Midwest,Mobile
CUST005996,2026-04-30,Google Ads,Search - Nonbrand Skincare,West,Mobile
CUST005997,2026-04-30,Organic Search,(organic),West,Mobile
CUST005998,2026-04-30,Organic Social,(organic social),Midwest,Mobile
CUST005999,2026-04-30,Organic Search,(organic),West,Mobile
CUST006000,2026-04-30,Meta Ads,Prospecting - Broad,Northeast,Desktop
CUST006001,2026-04-30,Google Ads,Search - Nonbrand Skincare,South,Mobile
CUST006002,2026-04-30,Meta Ads,Prospecting - Lookalike 1%,South,Mobile
CUST006003,2026-04-30,Unattributed,(not set),Northeast,Desktop
CUST006004,2026-04-30,Google Ads,Search - Nonbrand Skincare,West,Mobile
CUST006005,2026-04-30,Organic Search,(organic),West,Mobile
CUST006006,2026-04-30,Organic Search,(organic),Midwest,Mobile
CUST006007,2026-04-30,Organic Social,(organic social),West,Mobile
CUST006008,2026-04-30,Direct,(direct),West,Desktop
CUST006009,2026-04-30,Meta Ads,Retargeting - Engaged 30d,West,Mobile
CUST006010,2026-05-01,Email/SMS,Flow - Abandoned Cart,South,Tablet
CUST006011,2026-05-01,Google Ads,Shopping - Bestsellers,Midwest,Mobile
CUST006012,2026-05-01,Google Ads,Shopping - Bestsellers,West,Mobile
CUST006013,2026-05-01,Organic Social,(organic social),Northeast,Tablet
CUST006014,2026-05-01,Meta Ads,Prospecting - Broad,West,Mobile
CUST006015,2026-05-01,Organic Search,(organic),West,Mobile
CUST006016,2026-05-01,Meta Ads,Prospecting - Broad,South,Desktop
CUST006017,2026-05-01,Meta Ads,Retargeting - Engaged 30d,South,Mobile
CUST006018,2026-05-01,Meta Ads,Retargeting - Engaged 30d,West,Mobile
CUST006019,2026-05-01,Google Ads,Search - Nonbrand Skincare,West,Mobile
CUST006020,2026-05-01,Google Ads,Shopping - Bestsellers,West,Mobile
CUST006021,2026-05-01,Google Ads,Shopping - Bestsellers,West,Desktop
CUST006022,2026-05-01,Direct,(direct),West,Desktop
CUST006023,2026-05-01,Google Ads,Search - Brand,Midwest,Desktop
CUST006024,2026-05-01,Google Ads,Search - Nonbrand Skincare,West,Tablet
CUST006025,2026-05-01,Google Ads,PMax - Skincare Prospecting,West,Desktop
CUST006026,2026-05-01,Organic Search,(organic),Northeast,Mobile
CUST006027,2026-05-01,Google Ads,Shopping - Bestsellers,Midwest,Desktop
CUST006028,2026-05-01,Meta Ads,Prospecting - Lookalike 1%,West,Desktop
CUST006029,2026-05-01,Meta Ads,Retargeting - Engaged 30d,West,Mobile
CUST006030,2026-05-01,Google Ads,Search - Brand,West,Mobile
CUST006031,2026-05-01,Meta Ads,Retargeting - Cart Abandon,Northeast,Mobile
CUST006032,2026-05-01,Google Ads,PMax - Skincare Prospecting,South,Mobile
CUST006033,2026-05-02,Organic Search,(organic),Midwest,Mobile
CUST006034,2026-05-02,Direct,(direct),Northeast,Mobile
CUST006035,2026-05-02,Organic Social,(organic social),Northeast,Desktop
CUST006036,2026-05-02,Organic Search,(organic),Northeast,Desktop
CUST006037,2026-05-02,Google Ads,Search - Brand,Northeast,Mobile
CUST006038,2026-05-02,Organic Social,(organic social),Northeast,Mobile
CUST006039,2026-05-02,Organic Search,(organic),West,Desktop
CUST006040,2026-05-02,Google Ads,Search - Nonbrand Skincare,West,Desktop
CUST006041,2026-05-02,Google Ads,PMax - Skincare Prospecting,South,Desktop
CUST006042,2026-05-02,Google Ads,PMax - Skincare Prospecting,West,Desktop
CUST006043,2026-05-02,Google Ads,PMax - Skincare Prospecting,West,Mobile
CUST006044,2026-05-02,Organic Search,(organic),South,Desktop
CUST006045,2026-05-02,Organic Search,(organic),Northeast,Mobile
CUST006046,2026-05-02,Meta Ads,Retargeting - Cart Abandon,West,Desktop
CUST006047,2026-05-02,Google Ads,Search - Nonbrand Skincare,West,Desktop
CUST006048,2026-05-02,Meta Ads,Retargeting - Engaged 30d,South,Mobile
CUST006049,2026-05-02,Organic Search,(organic),West,Mobile
CUST006050,2026-05-02,Google Ads,Search - Brand,West,Mobile
CUST006051,2026-05-02,Organic Search,(organic),South,Desktop
CUST006052,2026-05-02,Google Ads,PMax - Skincare Prospecting,Northeast,Mobile
CUST006053,2026-05-02,Google Ads,PMax - Skincare Prospecting,South,Desktop
CUST006054,2026-05-02,Organic Social,(organic social),West,Desktop
CUST006055,2026-05-02,Direct,(direct),South,Mobile
CUST006056,2026-05-02,Meta Ads,Prospecting - Broad,South,Desktop
CUST006057,2026-05-03,Direct,(direct),Northeast,Mobile
CUST006058,2026-05-03,Meta Ads,Retargeting - Cart Abandon,South,Mobile
CUST006059,2026-05-03,Unattributed,(not set),West,Desktop
CUST006060,2026-05-03,Direct,(direct),Northeast,Desktop
CUST006061,2026-05-03,Google Ads,Search - Brand,Northeast,Mobile
CUST006062,2026-05-03,Meta Ads,Prospecting - Broad,South,Desktop
CUST006063,2026-05-03,Google Ads,Search - Brand,Midwest,Mobile
CUST006064,2026-05-03,Meta Ads,Prospecting - Broad,South,Mobile
CUST006065,2026-05-03,Meta Ads,Retargeting - Engaged 30d,West,Tablet
CUST006066,2026-05-03,Organic Search,(organic),Northeast,Mobile
CUST006067,2026-05-03,Meta Ads,Prospecting - Broad,West,Mobile
CUST006068,2026-05-03,Email/SMS,Flow - Welcome Series,Midwest,Mobile
CUST006069,2026-05-03,Unattributed,(not set),South,Mobile
CUST006070,2026-05-03,Google Ads,Search - Nonbrand Skincare,Northeast,Desktop
CUST006071,2026-05-03,Direct,(direct),South,Mobile
CUST006072,2026-05-03,Organic Search,(organic),South,Mobile
CUST006073,2026-05-03,Google Ads,Search - Brand,Midwest,Desktop
CUST006074,2026-05-03,Organic Social,(organic social),South,Desktop
CUST006075,2026-05-03,Google Ads,Shopping - Bestsellers,Northeast,Mobile
CUST006076,2026-05-03,Meta Ads,Prospecting - Broad,Midwest,Mobile
CUST006077,2026-05-03,Organic Social,(organic social),Northeast,Mobile
CUST006078,2026-05-03,Organic Search,(organic),Midwest,Desktop
CUST006079,2026-05-03,Organic Search,(organic),Northeast,Mobile
CUST006080,2026-05-03,Google Ads,Shopping - Bestsellers,South,Desktop
CUST006081,2026-05-04,Meta Ads,Prospecting - Lookalike 1%,West,Mobile
CUST006082,2026-05-04,Organic Search,(organic),Midwest,Mobile
CUST006083,2026-05-04,Email/SMS,Flow - Welcome Series,South,Desktop
CUST006084,2026-05-04,Google Ads,Search - Nonbrand Skincare,West,Desktop
CUST006085,2026-05-04,Google Ads,PMax - Skincare Prospecting,West,Mobile
CUST006086,2026-05-04,Direct,(direct),South,Desktop
CUST006087,2026-05-04,Organic Search,(organic),South,Mobile
CUST006088,2026-05-04,Organic Social,(organic social),Northeast,Desktop
CUST006089,2026-05-04,Organic Social,(organic social),Midwest,Mobile
CUST006090,2026-05-04,Meta Ads,Retargeting - Engaged 30d,South,Tablet
CUST006091,2026-05-04,Meta Ads,Retargeting - Cart Abandon,South,Desktop
CUST006092,2026-05-04,Meta Ads,Retargeting - Cart Abandon,Northeast,Desktop
CUST006093,2026-05-04,Organic Search,(organic),Midwest,Mobile
CUST006094,2026-05-04,Meta Ads,Prospecting - Broad,Midwest,Mobile
CUST006095,2026-05-04,Google Ads,PMax - Skincare Prospecting,South,Mobile
CUST006096,2026-05-04,Meta Ads,Retargeting - Engaged 30d,South,Mobile
CUST006097,2026-05-04,Direct,(direct),Northeast,Mobile
CUST006098,2026-05-04,Meta Ads,Prospecting - Broad,South,Mobile
CUST006099,2026-05-04,Unattributed,(not set),South,Mobile
CUST006100,2026-05-04,Meta Ads,Prospecting - Lookalike 1%,Northeast,Tablet
CUST006101,2026-05-04,Organic Search,(organic),Midwest,Mobile
CUST006102,2026-05-04,Google Ads,Search - Brand,Northeast,Mobile
CUST006103,2026-05-04,Meta Ads,Retargeting - Cart Abandon,South,Desktop
CUST006104,2026-05-04,Organic Search,(organic),Midwest,Mobile
CUST006105,2026-05-05,Meta Ads,Retargeting - Cart Abandon,Midwest,Tablet
CUST006106,2026-05-05,Meta Ads,Retargeting - Cart Abandon,South,Mobile
CUST006107,2026-05-05,Google Ads,PMax - Skincare Prospecting,Northeast,Mobile
CUST006108,2026-05-05,Organic Search,(organic),South,Mobile
CUST006109,2026-05-05,Organic Search,(organic),West,Tablet
CUST006110,2026-05-05,Organic Social,(organic social),Midwest,Mobile
CUST006111,2026-05-05,Google Ads,PMax - Skincare Prospecting,South,Mobile
CUST006112,2026-05-05,Google Ads,Search - Brand,West,Mobile
CUST006113,2026-05-05,Direct,(direct),South,Mobile
CUST006114,2026-05-05,Google Ads,PMax - Skincare Prospecting,South,Mobile
CUST006115,2026-05-05,Meta Ads,Retargeting - Cart Abandon,Midwest,Desktop
CUST006116,2026-05-05,Meta Ads,Prospecting - Lookalike 1%,South,Mobile
CUST006117,2026-05-05,Meta Ads,Retargeting - Engaged 30d,West,Mobile
CUST006118,2026-05-05,Google Ads,Search - Nonbrand Skincare,South,Desktop
CUST006119,2026-05-05,Direct,(direct),Midwest,Desktop
CUST006120,2026-05-05,Organic Search,(organic),West,Mobile
CUST006121,2026-05-05,Google Ads,Shopping - Bestsellers,West,Desktop
CUST006122,2026-05-05,Meta Ads,Prospecting - Broad,West,Mobile
CUST006123,2026-05-05,Google Ads,PMax - Skincare Prospecting,South,Desktop
CUST006124,2026-05-05,Google Ads,Search - Nonbrand Skincare,West,Desktop
CUST006125,2026-05-05,Meta Ads,Prospecting - Lookalike 1%,Northeast,Desktop
CUST006126,2026-05-05,Direct,(direct),West,Mobile
CUST006127,2026-05-05,Organic Social,(organic social),West,Mobile
CUST006128,2026-05-06,Google Ads,Shopping - Bestsellers,West,Mobile
CUST006129,2026-05-06,Meta Ads,Retargeting - Cart Abandon,Midwest,Mobile
CUST006130,2026-05-06,Meta Ads,Prospecting - Broad,Midwest,Mobile
CUST006131,2026-05-06,Meta Ads,Retargeting - Cart Abandon,Northeast,Mobile
CUST006132,2026-05-06,Direct,(direct),Northeast,Mobile
CUST006133,2026-05-06,Meta Ads,Prospecting - Lookalike 1%,Midwest,Mobile
CUST006134,2026-05-06,Organic Social,(organic social),Midwest,Mobile
CUST006135,2026-05-06,Google Ads,Shopping - Bestsellers,South,Tablet
CUST006136,2026-05-06,Meta Ads,Prospecting - Broad,Midwest,Desktop
CUST006137,2026-05-06,Meta Ads,Prospecting - Lookalike 1%,Northeast,Mobile
CUST006138,2026-05-06,Google Ads,PMax - Skincare Prospecting,South,Desktop
CUST006139,2026-05-06,Google Ads,PMax - Skincare Prospecting,West,Mobile
CUST006140,2026-05-06,Google Ads,Shopping - Bestsellers,Midwest,Tablet
CUST006141,2026-05-06,Email/SMS,Flow - Welcome Series,South,Mobile
CUST006142,2026-05-06,Google Ads,Search - Brand,South,Mobile
CUST006143,2026-05-06,Google Ads,Search - Brand,West,Mobile
CUST006144,2026-05-06,Google Ads,Search - Nonbrand Skincare,Midwest,Desktop
CUST006145,2026-05-06,Organic Search,(organic),South,Desktop
CUST006146,2026-05-06,Organic Search,(organic),West,Mobile
CUST006147,2026-05-06,Google Ads,Search - Nonbrand Skincare,South,Mobile
CUST006148,2026-05-06,Meta Ads,Prospecting - Broad,South,Tablet
CUST006149,2026-05-06,Unattributed,(not set),West,Mobile
CUST006150,2026-05-06,Google Ads,Search - Brand,Northeast,Mobile
CUST006151,2026-05-06,Meta Ads,Prospecting - Lookalike 1%,West,Mobile
CUST006152,2026-05-07,Meta Ads,Retargeting - Cart Abandon,West,Mobile
CUST006153,2026-05-07,Organic Search,(organic),West,Tablet
CUST006154,2026-05-07,Direct,(direct),Midwest,Mobile
CUST006155,2026-05-07,Organic Social,(organic social),West,Mobile
CUST006156,2026-05-07,Meta Ads,Prospecting - Lookalike 1%,Midwest,Desktop
CUST006157,2026-05-07,Meta Ads,Retargeting - Cart Abandon,Midwest,Mobile
CUST006158,2026-05-07,Google Ads,Search - Nonbrand Skincare,South,Mobile
CUST006159,2026-05-07,Meta Ads,Retargeting - Cart Abandon,Northeast,Desktop
CUST006160,2026-05-07,Direct,(direct),Northeast,Mobile
CUST006161,2026-05-07,Google Ads,PMax - Skincare Prospecting,Northeast,Mobile
CUST006162,2026-05-07,Organic Search,(organic),Northeast,Mobile
CUST006163,2026-05-07,Google Ads,Shopping - Bestsellers,Northeast,Mobile
CUST006164,2026-05-07,Organic Search,(organic),Midwest,Mobile
CUST006165,2026-05-07,Organic Social,(organic social),West,Tablet
CUST006166,2026-05-07,Unattributed,(not set),South,Mobile
CUST006167,2026-05-07,Meta Ads,Prospecting - Broad,Northeast,Mobile
CUST006168,2026-05-07,Google Ads,Shopping - Bestsellers,Northeast,Mobile
CUST006169,2026-05-07,Meta Ads,Prospecting - Broad,Northeast,Mobile
CUST006170,2026-05-07,Google Ads,Shopping - Bestsellers,West,Desktop
CUST006171,2026-05-07,Meta Ads,Retargeting - Engaged 30d,Midwest,Mobile
CUST006172,2026-05-07,Direct,(direct),West,Desktop
CUST006173,2026-05-07,Meta Ads,Prospecting - Broad,South,Mobile
CUST006174,2026-05-07,Google Ads,PMax - Skincare Prospecting,West,Desktop
CUST006175,2026-05-07,Google Ads,Search - Brand,West,Mobile
CUST006176,2026-05-07,Organic Social,(organic social),West,Desktop
CUST006177,2026-05-07,Organic Search,(organic),Northeast,Desktop
CUST006178,2026-05-07,Email/SMS,Campaign - Monthly Newsletter,West,Mobile
CUST006179,2026-05-08,Direct,(direct),West,Desktop
CUST006180,2026-05-08,Meta Ads,Prospecting - Lookalike 1%,Northeast,Mobile
CUST006181,2026-05-08,Google Ads,Search - Brand,South,Mobile
CUST006182,2026-05-08,Google Ads,Search - Nonbrand Skincare,South,Desktop
CUST006183,2026-05-08,Meta Ads,Prospecting - Broad,Northeast,Desktop
CUST006184,2026-05-08,Meta Ads,Retargeting - Engaged 30d,Northeast,Tablet
CUST006185,2026-05-08,Google Ads,PMax - Skincare Prospecting,Midwest,Mobile
CUST006186,2026-05-08,Meta Ads,Retargeting - Engaged 30d,Northeast,Mobile
CUST006187,2026-05-08,Organic Search,(organic),Midwest,Desktop
CUST006188,2026-05-08,Google Ads,Search - Nonbrand Skincare,Midwest,Mobile
CUST006189,2026-05-08,Organic Search,(organic),South,Mobile
CUST006190,2026-05-08,Direct,(direct),Midwest,Mobile
CUST006191,2026-05-08,Google Ads,PMax - Skincare Prospecting,West,Desktop
CUST006192,2026-05-08,Meta Ads,Retargeting - Engaged 30d,South,Mobile
CUST006193,2026-05-08,Meta Ads,Prospecting - Broad,West,Mobile
CUST006194,2026-05-08,Meta Ads,Prospecting - Broad,Midwest,Desktop
CUST006195,2026-05-08,Google Ads,Search - Nonbrand Skincare,South,Desktop
CUST006196,2026-05-08,Direct,(direct),South,Mobile
CUST006197,2026-05-08,Google Ads,Search - Nonbrand Skincare,Northeast,Desktop
CUST006198,2026-05-08,Direct,(direct),Midwest,Mobile
CUST006199,2026-05-08,Organic Search,(organic),Midwest,Mobile
CUST006200,2026-05-08,Google Ads,Search - Brand,West,Mobile
CUST006201,2026-05-08,Google Ads,Search - Brand,South,Desktop
CUST006202,2026-05-08,Meta Ads,Prospecting - Broad,South,Mobile
CUST006203,2026-05-08,Meta Ads,Retargeting - Engaged 30d,South,Desktop
CUST006204,2026-05-08,Unattributed,(not set),West,Mobile
CUST006205,2026-05-08,Organic Search,(organic),West,Desktop
CUST006206,2026-05-08,Meta Ads,Prospecting - Lookalike 1%,Midwest,Mobile
CUST006207,2026-05-09,Organic Social,(organic social),West,Desktop
CUST006208,2026-05-09,Organic Social,(organic social),Northeast,Mobile
CUST006209,2026-05-09,Google Ads,Search - Brand,Midwest,Mobile
CUST006210,2026-05-09,Meta Ads,Prospecting - Lookalike 1%,South,Mobile
CUST006211,2026-05-09,Direct,(direct),West,Mobile
CUST006212,2026-05-09,Meta Ads,Retargeting - Cart Abandon,West,Desktop
CUST006213,2026-05-09,Unattributed,(not set),South,Desktop
CUST006214,2026-05-09,Organic Social,(organic social),West,Desktop
CUST006215,2026-05-09,Google Ads,PMax - Skincare Prospecting,Midwest,Desktop
CUST006216,2026-05-09,Unattributed,(not set),Midwest,Tablet
CUST006217,2026-05-09,Organic Social,(organic social),South,Desktop
CUST006218,2026-05-09,Direct,(direct),Midwest,Mobile
CUST006219,2026-05-09,Organic Social,(organic social),Midwest,Mobile
CUST006220,2026-05-09,Meta Ads,Retargeting - Cart Abandon,West,Mobile
CUST006221,2026-05-09,Meta Ads,Retargeting - Cart Abandon,West,Desktop
CUST006222,2026-05-09,Direct,(direct),South,Mobile
CUST006223,2026-05-09,Organic Search,(organic),South,Desktop
CUST006224,2026-05-09,Google Ads,Search - Brand,South,Mobile
CUST006225,2026-05-09,Organic Search,(organic),West,Mobile
CUST006226,2026-05-09,Google Ads,PMax - Skincare Prospecting,South,Desktop
CUST006227,2026-05-09,Google Ads,Search - Nonbrand Skincare,South,Desktop
CUST006228,2026-05-09,Organic Social,(organic social),Northeast,Mobile
CUST006229,2026-05-09,Google Ads,Shopping - Bestsellers,Northeast,Mobile
CUST006230,2026-05-09,Meta Ads,Prospecting - Lookalike 1%,Northeast,Mobile
CUST006231,2026-05-09,Google Ads,Search - Brand,Northeast,Mobile
CUST006232,2026-05-09,Google Ads,Search - Nonbrand Skincare,South,Mobile
CUST006233,2026-05-09,Organic Search,(organic),South,Mobile
CUST006234,2026-05-09,Google Ads,Shopping - Bestsellers,Northeast,Tablet
CUST006235,2026-05-09,Google Ads,Search - Nonbrand Skincare,South,Mobile
CUST006236,2026-05-09,Organic Search,(organic),West,Desktop
CUST006237,2026-05-09,Organic Search,(organic),West,Desktop
CUST006238,2026-05-09,Direct,(direct),West,Desktop
CUST006239,2026-05-10,Unattributed,(not set),South,Mobile
CUST006240,2026-05-10,Google Ads,Search - Nonbrand Skincare,West,Mobile
CUST006241,2026-05-10,Organic Social,(organic social),West,Desktop
CUST006242,2026-05-10,Meta Ads,Prospecting - Lookalike 1%,Midwest,Desktop
CUST006243,2026-05-10,Meta Ads,Prospecting - Lookalike 1%,Northeast,Mobile
CUST006244,2026-05-10,Direct,(direct),West,Mobile
CUST006245,2026-05-10,Meta Ads,Retargeting - Cart Abandon,Midwest,Mobile
CUST006246,2026-05-10,Meta Ads,Retargeting - Cart Abandon,Midwest,Desktop
CUST006247,2026-05-10,Organic Social,(organic social),West,Mobile
CUST006248,2026-05-10,Google Ads,PMax - Skincare Prospecting,West,Desktop
CUST006249,2026-05-10,Meta Ads,Prospecting - Broad,South,Mobile
CUST006250,2026-05-10,Meta Ads,Retargeting - Cart Abandon,South,Mobile
CUST006251,2026-05-10,Direct,(direct),Northeast,Tablet
CUST006252,2026-05-10,Organic Social,(organic social),West,Desktop
CUST006253,2026-05-10,Meta Ads,Retargeting - Engaged 30d,South,Mobile
CUST006254,2026-05-10,Organic Social,(organic social),South,Mobile
CUST006255,2026-05-10,Meta Ads,Prospecting - Broad,South,Mobile
CUST006256,2026-05-10,Organic Search,(organic),Midwest,Mobile
CUST006257,2026-05-10,Meta Ads,Prospecting - Broad,Midwest,Desktop
CUST006258,2026-05-10,Organic Social,(organic social),West,Mobile
CUST006259,2026-05-10,Google Ads,PMax - Skincare Prospecting,West,Desktop
CUST006260,2026-05-10,Meta Ads,Prospecting - Broad,West,Desktop
CUST006261,2026-05-10,Google Ads,Search - Nonbrand Skincare,West,Desktop
CUST006262,2026-05-10,Meta Ads,Retargeting - Engaged 30d,West,Mobile
CUST006263,2026-05-10,Google Ads,Search - Nonbrand Skincare,South,Mobile
CUST006264,2026-05-10,Google Ads,Search - Nonbrand Skincare,Midwest,Mobile
CUST006265,2026-05-11,Meta Ads,Prospecting - Broad,South,Tablet
CUST006266,2026-05-11,Organic Social,(organic social),Northeast,Desktop
CUST006267,2026-05-11,Google Ads,Search - Nonbrand Skincare,South,Mobile
CUST006268,2026-05-11,Organic Search,(organic),Midwest,Desktop
CUST006269,2026-05-11,Google Ads,Shopping - Bestsellers,Midwest,Mobile
CUST006270,2026-05-11,Google Ads,Search - Brand,Northeast,Mobile
CUST006271,2026-05-11,Google Ads,Search - Brand,West,Mobile
CUST006272,2026-05-11,Google Ads,Shopping - Bestsellers,West,Mobile
CUST006273,2026-05-11,Google Ads,Shopping - Bestsellers,South,Mobile
CUST006274,2026-05-11,Email/SMS,Campaign - Monthly Newsletter,Midwest,Mobile
CUST006275,2026-05-11,Organic Search,(organic),West,Desktop
CUST006276,2026-05-11,Meta Ads,Prospecting - Lookalike 1%,West,Desktop
CUST006277,2026-05-11,Organic Social,(organic social),South,Mobile
CUST006278,2026-05-11,Google Ads,Search - Nonbrand Skincare,South,Desktop
CUST006279,2026-05-11,Google Ads,PMax - Skincare Prospecting,Midwest,Desktop
CUST006280,2026-05-11,Organic Social,(organic social),West,Desktop
CUST006281,2026-05-11,Google Ads,Search - Nonbrand Skincare,Midwest,Tablet
CUST006282,2026-05-11,Direct,(direct),Midwest,Mobile
CUST006283,2026-05-12,Organic Search,(organic),Midwest,Desktop
CUST006284,2026-05-12,Organic Search,(organic),South,Mobile
CUST006285,2026-05-12,Meta Ads,Prospecting - Lookalike 1%,South,Mobile
CUST006286,2026-05-12,Google Ads,PMax - Skincare Prospecting,West,Desktop
CUST006287,2026-05-12,Organic Search,(organic),Midwest,Mobile
CUST006288,2026-05-12,Google Ads,Search - Nonbrand Skincare,West,Mobile
CUST006289,2026-05-12,Meta Ads,Retargeting - Engaged 30d,West,Desktop
CUST006290,2026-05-12,Organic Search,(organic),West,Mobile
CUST006291,2026-05-12,Direct,(direct),South,Mobile
CUST006292,2026-05-12,Google Ads,Shopping - Bestsellers,Midwest,Mobile
CUST006293,2026-05-12,Google Ads,Shopping - Bestsellers,South,Mobile
CUST006294,2026-05-12,Organic Social,(organic social),South,Mobile
CUST006295,2026-05-12,Meta Ads,Prospecting - Broad,Northeast,Mobile
CUST006296,2026-05-12,Unattributed,(not set),Northeast,Desktop
CUST006297,2026-05-12,Organic Social,(organic social),South,Mobile
CUST006298,2026-05-12,Google Ads,PMax - Skincare Prospecting,West,Mobile
CUST006299,2026-05-12,Google Ads,Search - Nonbrand Skincare,South,Desktop
CUST006300,2026-05-12,Meta Ads,Prospecting - Lookalike 1%,South,Mobile
CUST006301,2026-05-12,Google Ads,Search - Nonbrand Skincare,South,Mobile
CUST006302,2026-05-12,Organic Search,(organic),Midwest,Mobile
CUST006303,2026-05-12,Organic Social,(organic social),Midwest,Desktop
CUST006304,2026-05-12,Direct,(direct),South,Mobile
CUST006305,2026-05-12,Meta Ads,Prospecting - Broad,Midwest,Mobile
CUST006306,2026-05-12,Google Ads,Search - Brand,Midwest,Desktop
CUST006307,2026-05-12,Google Ads,Search - Brand,Northeast,Mobile
CUST006308,2026-05-13,Google Ads,Shopping - Bestsellers,West,Mobile
CUST006309,2026-05-13,Google Ads,Shopping - Bestsellers,Midwest,Mobile
CUST006310,2026-05-13,Direct,(direct),West,Mobile
CUST006311,2026-05-13,Meta Ads,Prospecting - Lookalike 1%,Northeast,Mobile
CUST006312,2026-05-13,Organic Social,(organic social),West,Desktop
CUST006313,2026-05-13,Meta Ads,Prospecting - Broad,South,Desktop
CUST006314,2026-05-13,Google Ads,Search - Brand,West,Mobile
CUST006315,2026-05-13,Direct,(direct),West,Tablet
CUST006316,2026-05-13,Google Ads,Shopping - Bestsellers,Midwest,Mobile
CUST006317,2026-05-13,Google Ads,Search - Brand,West,Desktop
CUST006318,2026-05-13,Google Ads,Search - Nonbrand Skincare,Northeast,Mobile
CUST006319,2026-05-13,Meta Ads,Prospecting - Broad,Midwest,Desktop
CUST006320,2026-05-13,Meta Ads,Prospecting - Broad,West,Desktop
CUST006321,2026-05-13,Google Ads,Shopping - Bestsellers,South,Mobile
CUST006322,2026-05-13,Organic Search,(organic),Midwest,Mobile
CUST006323,2026-05-13,Organic Social,(organic social),South,Mobile
CUST006324,2026-05-13,Organic Search,(organic),South,Mobile
CUST006325,2026-05-13,Meta Ads,Retargeting - Cart Abandon,Midwest,Mobile
CUST006326,2026-05-13,Organic Social,(organic social),Midwest,Mobile
CUST006327,2026-05-13,Google Ads,Search - Brand,South,Mobile
CUST006328,2026-05-13,Direct,(direct),South,Mobile
CUST006329,2026-05-13,Meta Ads,Retargeting - Cart Abandon,West,Desktop
CUST006330,2026-05-13,Unattributed,(not set),Northeast,Mobile
CUST006331,2026-05-13,Meta Ads,Prospecting - Broad,Midwest,Desktop
CUST006332,2026-05-13,Google Ads,Search - Nonbrand Skincare,West,Desktop
CUST006333,2026-05-13,Organic Search,(organic),Midwest,Mobile
CUST006334,2026-05-14,Google Ads,Search - Nonbrand Skincare,West,Mobile
CUST006335,2026-05-14,Google Ads,Search - Brand,West,Mobile
CUST006336,2026-05-14,Google Ads,Search - Brand,Northeast,Mobile
CUST006337,2026-05-14,Organic Search,(organic),Midwest,Mobile
CUST006338,2026-05-14,Meta Ads,Prospecting - Broad,Northeast,Desktop
CUST006339,2026-05-14,Google Ads,Search - Brand,Midwest,Mobile
CUST006340,2026-05-14,Email/SMS,Flow - Abandoned Cart,South,Mobile
CUST006341,2026-05-14,Google Ads,PMax - Skincare Prospecting,South,Desktop
CUST006342,2026-05-14,Google Ads,Shopping - Bestsellers,West,Mobile
CUST006343,2026-05-14,Meta Ads,Retargeting - Cart Abandon,Northeast,Tablet
CUST006344,2026-05-14,Google Ads,Search - Brand,Northeast,Desktop
CUST006345,2026-05-14,Google Ads,Shopping - Bestsellers,Northeast,Desktop
CUST006346,2026-05-14,Meta Ads,Prospecting - Lookalike 1%,Midwest,Mobile
CUST006347,2026-05-14,Direct,(direct),South,Mobile
CUST006348,2026-05-14,Google Ads,Shopping - Bestsellers,Midwest,Mobile
CUST006349,2026-05-14,Meta Ads,Retargeting - Engaged 30d,West,Desktop
CUST006350,2026-05-14,Email/SMS,Flow - Post Purchase Winback,Midwest,Mobile
CUST006351,2026-05-14,Meta Ads,Retargeting - Cart Abandon,South,Mobile
CUST006352,2026-05-14,Meta Ads,Retargeting - Cart Abandon,Northeast,Mobile
CUST006353,2026-05-14,Organic Search,(organic),West,Mobile
CUST006354,2026-05-14,Organic Search,(organic),Northeast,Mobile
CUST006355,2026-05-14,Organic Search,(organic),Northeast,Desktop
CUST006356,2026-05-15,Direct,(direct),West,Mobile
CUST006357,2026-05-15,Organic Social,(organic social),Northeast,Mobile
CUST006358,2026-05-15,Meta Ads,Retargeting - Engaged 30d,Midwest,Tablet
CUST006359,2026-05-15,Google Ads,Shopping - Bestsellers,South,Desktop
CUST006360,2026-05-15,Organic Search,(organic),West,Desktop
CUST006361,2026-05-15,Meta Ads,Retargeting - Engaged 30d,South,Desktop
CUST006362,2026-05-15,Organic Search,(organic),Midwest,Mobile
CUST006363,2026-05-15,Meta Ads,Retargeting - Engaged 30d,South,Mobile
CUST006364,2026-05-15,Google Ads,Search - Brand,South,Mobile
CUST006365,2026-05-15,Organic Search,(organic),South,Desktop
CUST006366,2026-05-15,Google Ads,Search - Brand,West,Mobile
CUST006367,2026-05-15,Google Ads,PMax - Skincare Prospecting,Midwest,Mobile
CUST006368,2026-05-15,Google Ads,Search - Nonbrand Skincare,South,Mobile
CUST006369,2026-05-15,Google Ads,PMax - Skincare Prospecting,South,Mobile
CUST006370,2026-05-15,Direct,(direct),South,Mobile
CUST006371,2026-05-15,Organic Search,(organic),Midwest,Mobile
CUST006372,2026-05-15,Unattributed,(not set),West,Mobile
CUST006373,2026-05-15,Meta Ads,Retargeting - Engaged 30d,Northeast,Desktop
CUST006374,2026-05-15,Meta Ads,Retargeting - Cart Abandon,Midwest,Mobile
CUST006375,2026-05-15,Unattributed,(not set),South,Desktop
CUST006376,2026-05-15,Meta Ads,Prospecting - Broad,Northeast,Desktop
CUST006377,2026-05-15,Organic Social,(organic social),South,Mobile
CUST006378,2026-05-15,Meta Ads,Retargeting - Engaged 30d,Midwest,Mobile
CUST006379,2026-05-15,Organic Search,(organic),West,Desktop
CUST006380,2026-05-15,Organic Search,(organic),West,Desktop
CUST006381,2026-05-15,Google Ads,PMax - Skincare Prospecting,West,Desktop
CUST006382,2026-05-15,Meta Ads,Prospecting - Lookalike 1%,Midwest,Mobile
CUST006383,2026-05-16,Google Ads,Shopping - Bestsellers,West,Desktop
CUST006384,2026-05-16,Organic Search,(organic),West,Mobile
CUST006385,2026-05-16,Meta Ads,Retargeting - Cart Abandon,South,Desktop
CUST006386,2026-05-16,Organic Social,(organic social),South,Desktop
CUST006387,2026-05-16,Meta Ads,Prospecting - Lookalike 1%,Northeast,Mobile
CUST006388,2026-05-16,Meta Ads,Prospecting - Broad,West,Desktop
CUST006389,2026-05-16,Organic Search,(organic),Midwest,Desktop
CUST006390,2026-05-16,Unattributed,(not set),South,Mobile
CUST006391,2026-05-16,Meta Ads,Prospecting - Broad,Midwest,Mobile
CUST006392,2026-05-16,Organic Search,(organic),Northeast,Desktop
CUST006393,2026-05-16,Organic Search,(organic),Northeast,Mobile
CUST006394,2026-05-16,Unattributed,(not set),Midwest,Mobile
CUST006395,2026-05-16,Organic Social,(organic social),Midwest,Desktop
CUST006396,2026-05-16,Meta Ads,Prospecting - Broad,South,Mobile
CUST006397,2026-05-16,Organic Social,(organic social),West,Mobile
CUST006398,2026-05-16,Meta Ads,Prospecting - Lookalike 1%,West,Mobile
CUST006399,2026-05-16,Organic Search,(organic),Northeast,Mobile
CUST006400,2026-05-16,Organic Search,(organic),Midwest,Desktop
CUST006401,2026-05-16,Direct,(direct),West,Mobile
CUST006402,2026-05-16,Organic Search,(organic),South,Mobile
CUST006403,2026-05-17,Meta Ads,Retargeting - Cart Abandon,Midwest,Mobile
CUST006404,2026-05-17,Direct,(direct),South,Mobile
CUST006405,2026-05-17,Google Ads,Shopping - Bestsellers,Northeast,Mobile
CUST006406,2026-05-17,Unattributed,(not set),West,Desktop
CUST006407,2026-05-17,Meta Ads,Prospecting - Broad,South,Mobile
CUST006408,2026-05-17,Meta Ads,Retargeting - Engaged 30d,South,Desktop
CUST006409,2026-05-17,Meta Ads,Prospecting - Broad,Northeast,Mobile
CUST006410,2026-05-17,Google Ads,Search - Nonbrand Skincare,South,Mobile
CUST006411,2026-05-17,Organic Social,(organic social),West,Mobile
CUST006412,2026-05-17,Organic Search,(organic),South,Mobile
CUST006413,2026-05-17,Meta Ads,Prospecting - Broad,South,Desktop
CUST006414,2026-05-17,Google Ads,PMax - Skincare Prospecting,West,Mobile
CUST006415,2026-05-17,Google Ads,PMax - Skincare Prospecting,West,Mobile
CUST006416,2026-05-17,Organic Social,(organic social),West,Desktop
CUST006417,2026-05-17,Organic Social,(organic social),South,Mobile
CUST006418,2026-05-17,Unattributed,(not set),Midwest,Desktop
CUST006419,2026-05-17,Google Ads,PMax - Skincare Prospecting,South,Mobile
CUST006420,2026-05-17,Meta Ads,Prospecting - Broad,Northeast,Desktop
CUST006421,2026-05-17,Direct,(direct),Northeast,Mobile
CUST006422,2026-05-17,Google Ads,Search - Brand,Northeast,Desktop
CUST006423,2026-05-17,Organic Social,(organic social),Midwest,Mobile
CUST006424,2026-05-17,Google Ads,Shopping - Bestsellers,Northeast,Mobile
CUST006425,2026-05-17,Meta Ads,Retargeting - Engaged 30d,Midwest,Desktop
CUST006426,2026-05-17,Meta Ads,Retargeting - Engaged 30d,West,Mobile
CUST006427,2026-05-18,Google Ads,PMax - Skincare Prospecting,Northeast,Mobile
CUST006428,2026-05-18,Meta Ads,Prospecting - Broad,South,Desktop
CUST006429,2026-05-18,Direct,(direct),West,Mobile
CUST006430,2026-05-18,Organic Search,(organic),South,Mobile
CUST006431,2026-05-18,Organic Search,(organic),South,Mobile
CUST006432,2026-05-18,Meta Ads,Retargeting - Cart Abandon,South,Desktop
CUST006433,2026-05-18,Unattributed,(not set),South,Mobile
CUST006434,2026-05-18,Google Ads,Shopping - Bestsellers,Northeast,Desktop
CUST006435,2026-05-18,Google Ads,Search - Brand,West,Mobile
CUST006436,2026-05-18,Organic Search,(organic),West,Mobile
CUST006437,2026-05-18,Direct,(direct),West,Mobile
CUST006438,2026-05-18,Unattributed,(not set),Midwest,Desktop
CUST006439,2026-05-18,Organic Search,(organic),Midwest,Mobile
CUST006440,2026-05-18,Organic Search,(organic),Northeast,Desktop
CUST006441,2026-05-18,Organic Search,(organic),Midwest,Mobile
CUST006442,2026-05-18,Meta Ads,Retargeting - Engaged 30d,Northeast,Desktop
CUST006443,2026-05-18,Direct,(direct),South,Mobile
CUST006444,2026-05-18,Organic Search,(organic),West,Mobile
CUST006445,2026-05-18,Meta Ads,Prospecting - Broad,West,Mobile
CUST006446,2026-05-18,Meta Ads,Retargeting - Engaged 30d,Midwest,Desktop
CUST006447,2026-05-18,Meta Ads,Prospecting - Lookalike 1%,South,Desktop
CUST006448,2026-05-19,Google Ads,Shopping - Bestsellers,Northeast,Desktop
CUST006449,2026-05-19,Direct,(direct),South,Mobile
CUST006450,2026-05-19,Google Ads,Shopping - Bestsellers,Midwest,Mobile
CUST006451,2026-05-19,Google Ads,Shopping - Bestsellers,South,Desktop
CUST006452,2026-05-19,Organic Social,(organic social),West,Mobile
CUST006453,2026-05-19,Meta Ads,Prospecting - Lookalike 1%,West,Desktop
CUST006454,2026-05-19,Meta Ads,Retargeting - Cart Abandon,South,Mobile
CUST006455,2026-05-19,Organic Search,(organic),Midwest,Desktop
CUST006456,2026-05-19,Organic Social,(organic social),Midwest,Desktop
CUST006457,2026-05-19,Unattributed,(not set),South,Mobile
CUST006458,2026-05-19,Google Ads,Shopping - Bestsellers,Midwest,Mobile
CUST006459,2026-05-19,Google Ads,PMax - Skincare Prospecting,Northeast,Mobile
CUST006460,2026-05-19,Google Ads,Search - Brand,West,Desktop
CUST006461,2026-05-19,Google Ads,Search - Brand,Midwest,Mobile
CUST006462,2026-05-19,Meta Ads,Prospecting - Broad,Northeast,Desktop
CUST006463,2026-05-19,Google Ads,Search - Brand,South,Mobile
CUST006464,2026-05-19,Google Ads,Search - Brand,West,Desktop
CUST006465,2026-05-19,Google Ads,Search - Brand,Northeast,Desktop
CUST006466,2026-05-19,Organic Search,(organic),West,Desktop
CUST006467,2026-05-19,Organic Social,(organic social),West,Desktop
CUST006468,2026-05-19,Meta Ads,Retargeting - Engaged 30d,South,Mobile
CUST006469,2026-05-19,Google Ads,Shopping - Bestsellers,South,Desktop
CUST006470,2026-05-19,Direct,(direct),Midwest,Mobile
CUST006471,2026-05-20,Google Ads,Search - Brand,South,Desktop
CUST006472,2026-05-20,Google Ads,Search - Nonbrand Skincare,South,Mobile
CUST006473,2026-05-20,Organic Search,(organic),Northeast,Mobile
CUST006474,2026-05-20,Google Ads,Search - Nonbrand Skincare,Midwest,Desktop
CUST006475,2026-05-20,Meta Ads,Retargeting - Engaged 30d,Northeast,Mobile
CUST006476,2026-05-20,Google Ads,Shopping - Bestsellers,South,Desktop
CUST006477,2026-05-20,Meta Ads,Prospecting - Broad,Midwest,Desktop
CUST006478,2026-05-20,Organic Search,(organic),Northeast,Desktop
CUST006479,2026-05-20,Organic Search,(organic),South,Mobile
CUST006480,2026-05-20,Meta Ads,Retargeting - Cart Abandon,South,Mobile
CUST006481,2026-05-20,Organic Search,(organic),West,Mobile
CUST006482,2026-05-20,Google Ads,Search - Brand,Midwest,Desktop
CUST006483,2026-05-20,Google Ads,PMax - Skincare Prospecting,South,Desktop
CUST006484,2026-05-20,Meta Ads,Retargeting - Cart Abandon,South,Mobile
CUST006485,2026-05-20,Meta Ads,Prospecting - Lookalike 1%,South,Mobile
CUST006486,2026-05-20,Meta Ads,Retargeting - Engaged 30d,South,Desktop
CUST006487,2026-05-20,Google Ads,Shopping - Bestsellers,Northeast,Tablet
CUST006488,2026-05-20,Google Ads,PMax - Skincare Prospecting,Northeast,Mobile
CUST006489,2026-05-20,Meta Ads,Retargeting - Cart Abandon,South,Mobile
CUST006490,2026-05-20,Google Ads,PMax - Skincare Prospecting,West,Mobile
CUST006491,2026-05-20,Meta Ads,Prospecting - Broad,West,Desktop
CUST006492,2026-05-20,Organic Search,(organic),Midwest,Desktop
CUST006493,2026-05-20,Organic Social,(organic social),South,Tablet
CUST006494,2026-05-20,Google Ads,Search - Brand,West,Mobile
CUST006495,2026-05-20,Organic Social,(organic social),Northeast,Desktop
CUST006496,2026-05-20,Meta Ads,Retargeting - Cart Abandon,Northeast,Mobile
CUST006497,2026-05-20,Direct,(direct),Midwest,Mobile
CUST006498,2026-05-20,Meta Ads,Retargeting - Cart Abandon,Midwest,Mobile
CUST006499,2026-05-21,Email/SMS,Flow - Welcome Series,South,Mobile
CUST006500,2026-05-21,Organic Search,(organic),South,Mobile
CUST006501,2026-05-21,Organic Social,(organic social),West,Mobile
CUST006502,2026-05-21,Google Ads,Search - Nonbrand Skincare,Northeast,Mobile
CUST006503,2026-05-21,Google Ads,PMax - Skincare Prospecting,West,Mobile
CUST006504,2026-05-21,Direct,(direct),Midwest,Desktop
CUST006505,2026-05-21,Unattributed,(not set),South,Mobile
CUST006506,2026-05-21,Meta Ads,Retargeting - Cart Abandon,Midwest,Tablet
CUST006507,2026-05-21,Google Ads,Search - Brand,West,Mobile
CUST006508,2026-05-21,Organic Search,(organic),Midwest,Mobile
CUST006509,2026-05-21,Organic Search,(organic),South,Desktop
CUST006510,2026-05-21,Google Ads,Search - Nonbrand Skincare,Northeast,Mobile
CUST006511,2026-05-21,Email/SMS,Flow - Post Purchase Winback,South,Desktop
CUST006512,2026-05-21,Organic Social,(organic social),South,Tablet
CUST006513,2026-05-21,Meta Ads,Prospecting - Lookalike 1%,South,Desktop
CUST006514,2026-05-21,Google Ads,Search - Brand,Northeast,Mobile
CUST006515,2026-05-21,Organic Search,(organic),South,Desktop
CUST006516,2026-05-21,Direct,(direct),Northeast,Tablet
CUST006517,2026-05-21,Organic Social,(organic social),South,Mobile
CUST006518,2026-05-21,Meta Ads,Prospecting - Broad,West,Desktop
CUST006519,2026-05-21,Google Ads,Shopping - Bestsellers,Northeast,Mobile
CUST006520,2026-05-21,Google Ads,PMax - Skincare Prospecting,Midwest,Desktop
CUST006521,2026-05-21,Meta Ads,Prospecting - Lookalike 1%,West,Desktop
CUST006522,2026-05-21,Organic Search,(organic),South,Mobile
CUST006523,2026-05-21,Organic Social,(organic social),Northeast,Mobile
CUST006524,2026-05-21,Direct,(direct),West,Mobile
CUST006525,2026-05-21,Direct,(direct),West,Mobile
CUST006526,2026-05-21,Google Ads,Shopping - Bestsellers,West,Mobile
CUST006527,2026-05-21,Meta Ads,Retargeting - Cart Abandon,West,Mobile
CUST006528,2026-05-22,Organic Social,(organic social),West,Mobile
CUST006529,2026-05-22,Meta Ads,Retargeting - Engaged 30d,South,Desktop
CUST006530,2026-05-22,Google Ads,Search - Brand,South,Mobile
CUST006531,2026-05-22,Direct,(direct),West,Desktop
CUST006532,2026-05-22,Google Ads,Search - Brand,West,Mobile
CUST006533,2026-05-22,Meta Ads,Retargeting - Engaged 30d,West,Mobile
CUST006534,2026-05-22,Meta Ads,Prospecting - Broad,West,Tablet
CUST006535,2026-05-22,Meta Ads,Prospecting - Lookalike 1%,Midwest,Mobile
CUST006536,2026-05-22,Google Ads,Search - Nonbrand Skincare,West,Mobile
CUST006537,2026-05-22,Meta Ads,Prospecting - Broad,Midwest,Desktop
CUST006538,2026-05-22,Organic Search,(organic),West,Desktop
CUST006539,2026-05-22,Meta Ads,Retargeting - Engaged 30d,Midwest,Desktop
CUST006540,2026-05-22,Organic Social,(organic social),Midwest,Tablet
CUST006541,2026-05-22,Organic Search,(organic),Northeast,Mobile
CUST006542,2026-05-22,Meta Ads,Prospecting - Broad,West,Mobile
CUST006543,2026-05-22,Meta Ads,Retargeting - Cart Abandon,South,Mobile
CUST006544,2026-05-22,Direct,(direct),Midwest,Desktop
CUST006545,2026-05-22,Direct,(direct),Northeast,Tablet
CUST006546,2026-05-22,Meta Ads,Prospecting - Broad,South,Desktop
CUST006547,2026-05-22,Email/SMS,Flow - Welcome Series,Midwest,Desktop
CUST006548,2026-05-22,Google Ads,Shopping - Bestsellers,West,Desktop
CUST006549,2026-05-23,Meta Ads,Retargeting - Engaged 30d,South,Mobile
CUST006550,2026-05-23,Google Ads,Search - Nonbrand Skincare,West,Mobile
CUST006551,2026-05-23,Email/SMS,Campaign - Monthly Newsletter,South,Mobile
CUST006552,2026-05-23,Direct,(direct),South,Tablet
CUST006553,2026-05-23,Meta Ads,Prospecting - Broad,Midwest,Mobile
CUST006554,2026-05-23,Meta Ads,Retargeting - Cart Abandon,West,Mobile
CUST006555,2026-05-23,Organic Search,(organic),South,Desktop
CUST006556,2026-05-23,Organic Social,(organic social),Midwest,Mobile
CUST006557,2026-05-23,Organic Social,(organic social),South,Mobile
CUST006558,2026-05-23,Meta Ads,Retargeting - Cart Abandon,Northeast,Mobile
CUST006559,2026-05-23,Organic Search,(organic),West,Mobile
CUST006560,2026-05-23,Email/SMS,Campaign - Monthly Newsletter,West,Mobile
CUST006561,2026-05-23,Organic Search,(organic),South,Mobile
CUST006562,2026-05-23,Meta Ads,Retargeting - Cart Abandon,South,Mobile
CUST006563,2026-05-23,Google Ads,Shopping - Bestsellers,South,Mobile
CUST006564,2026-05-23,Meta Ads,Retargeting - Cart Abandon,Northeast,Mobile
CUST006565,2026-05-23,Google Ads,Search - Brand,West,Desktop
CUST006566,2026-05-23,Organic Search,(organic),South,Mobile
CUST006567,2026-05-23,Google Ads,PMax - Skincare Prospecting,West,Desktop
CUST006568,2026-05-23,Organic Search,(organic),Northeast,Mobile
CUST006569,2026-05-23,Google Ads,PMax - Skincare Prospecting,South,Mobile
CUST006570,2026-05-23,Meta Ads,Prospecting - Broad,West,Mobile
CUST006571,2026-05-23,Meta Ads,Retargeting - Cart Abandon,South,Mobile
CUST006572,2026-05-23,Organic Search,(organic),South,Mobile
CUST006573,2026-05-23,Organic Search,(organic),South,Desktop
CUST006574,2026-05-23,Organic Search,(organic),Midwest,Desktop
CUST006575,2026-05-24,Meta Ads,Prospecting - Lookalike 1%,West,Mobile
CUST006576,2026-05-24,Organic Search,(organic),West,Mobile
CUST006577,2026-05-24,Google Ads,Shopping - Bestsellers,West,Desktop
CUST006578,2026-05-24,Meta Ads,Prospecting - Lookalike 1%,South,Mobile
CUST006579,2026-05-24,Meta Ads,Prospecting - Lookalike 1%,West,Desktop
CUST006580,2026-05-24,Organic Social,(organic social),Northeast,Mobile
CUST006581,2026-05-24,Organic Social,(organic social),West,Mobile
CUST006582,2026-05-24,Meta Ads,Prospecting - Broad,Northeast,Mobile
CUST006583,2026-05-24,Meta Ads,Prospecting - Lookalike 1%,West,Desktop
CUST006584,2026-05-24,Direct,(direct),South,Mobile
CUST006585,2026-05-24,Google Ads,Shopping - Bestsellers,Midwest,Desktop
CUST006586,2026-05-24,Email/SMS,Flow - Abandoned Cart,Midwest,Desktop
CUST006587,2026-05-24,Meta Ads,Retargeting - Cart Abandon,West,Mobile
CUST006588,2026-05-24,Meta Ads,Prospecting - Broad,West,Mobile
CUST006589,2026-05-24,Organic Search,(organic),South,Mobile
CUST006590,2026-05-24,Meta Ads,Prospecting - Broad,West,Desktop
CUST006591,2026-05-24,Google Ads,Search - Brand,West,Mobile
CUST006592,2026-05-24,Direct,(direct),South,Mobile
CUST006593,2026-05-24,Google Ads,PMax - Skincare Prospecting,Northeast,Mobile
CUST006594,2026-05-24,Meta Ads,Prospecting - Lookalike 1%,Northeast,Desktop
CUST006595,2026-05-24,Meta Ads,Prospecting - Broad,West,Desktop
CUST006596,2026-05-24,Meta Ads,Prospecting - Lookalike 1%,South,Desktop
CUST006597,2026-05-24,Organic Social,(organic social),Northeast,Mobile
CUST006598,2026-05-24,Organic Social,(organic social),West,Desktop
CUST006599,2026-05-24,Meta Ads,Retargeting - Cart Abandon,West,Desktop
CUST006600,2026-05-24,Organic Search,(organic),Midwest,Mobile
CUST006601,2026-05-24,Direct,(direct),Midwest,Desktop
CUST006602,2026-05-24,Organic Search,(organic),South,Desktop
CUST006603,2026-05-25,Organic Social,(organic social),West,Mobile
CUST006604,2026-05-25,Google Ads,Shopping - Bestsellers,Northeast,Desktop
CUST006605,2026-05-25,Google Ads,Search - Nonbrand Skincare,Northeast,Mobile
CUST006606,2026-05-25,Email/SMS,Flow - Welcome Series,West,Desktop
CUST006607,2026-05-25,Google Ads,Search - Brand,Northeast,Mobile
CUST006608,2026-05-25,Meta Ads,Prospecting - Broad,West,Desktop
CUST006609,2026-05-25,Meta Ads,Prospecting - Broad,Northeast,Mobile
CUST006610,2026-05-25,Meta Ads,Prospecting - Broad,Northeast,Mobile
CUST006611,2026-05-25,Unattributed,(not set),Midwest,Mobile
CUST006612,2026-05-25,Organic Search,(organic),Midwest,Mobile
CUST006613,2026-05-25,Organic Search,(organic),Midwest,Mobile
CUST006614,2026-05-25,Organic Search,(organic),Midwest,Mobile
CUST006615,2026-05-25,Meta Ads,Prospecting - Broad,West,Mobile
CUST006616,2026-05-25,Meta Ads,Retargeting - Engaged 30d,South,Desktop
CUST006617,2026-05-25,Google Ads,Search - Nonbrand Skincare,Northeast,Mobile
CUST006618,2026-05-25,Google Ads,Search - Brand,Northeast,Mobile
CUST006619,2026-05-25,Organic Social,(organic social),Midwest,Mobile
CUST006620,2026-05-25,Organic Social,(organic social),Northeast,Mobile
CUST006621,2026-05-25,Direct,(direct),South,Mobile
CUST006622,2026-05-25,Organic Search,(organic),Northeast,Mobile
CUST006623,2026-05-25,Meta Ads,Prospecting - Broad,South,Mobile
CUST006624,2026-05-25,Meta Ads,Prospecting - Lookalike 1%,South,Mobile
CUST006625,2026-05-25,Organic Social,(organic social),South,Mobile
CUST006626,2026-05-25,Organic Social,(organic social),Midwest,Mobile
CUST006627,2026-05-25,Direct,(direct),Northeast,Mobile
CUST006628,2026-05-26,Google Ads,PMax - Skincare Prospecting,Northeast,Mobile
CUST006629,2026-05-26,Google Ads,Search - Nonbrand Skincare,Midwest,Mobile
CUST006630,2026-05-26,Google Ads,Shopping - Bestsellers,South,Mobile
CUST006631,2026-05-26,Organic Social,(organic social),Midwest,Mobile
CUST006632,2026-05-26,Email/SMS,Campaign - Monthly Newsletter,South,Desktop
CUST006633,2026-05-26,Google Ads,PMax - Skincare Prospecting,Midwest,Mobile
CUST006634,2026-05-26,Email/SMS,Flow - Post Purchase Winback,South,Mobile
CUST006635,2026-05-26,Organic Search,(organic),West,Mobile
CUST006636,2026-05-26,Google Ads,Search - Brand,South,Desktop
CUST006637,2026-05-26,Organic Social,(organic social),South,Desktop
CUST006638,2026-05-26,Meta Ads,Prospecting - Broad,Midwest,Mobile
CUST006639,2026-05-26,Organic Search,(organic),West,Mobile
CUST006640,2026-05-26,Meta Ads,Retargeting - Engaged 30d,South,Desktop
CUST006641,2026-05-26,Meta Ads,Prospecting - Broad,South,Mobile
CUST006642,2026-05-26,Unattributed,(not set),West,Mobile
CUST006643,2026-05-26,Meta Ads,Retargeting - Engaged 30d,Northeast,Mobile
CUST006644,2026-05-26,Meta Ads,Retargeting - Cart Abandon,Northeast,Mobile
CUST006645,2026-05-27,Google Ads,Shopping - Bestsellers,South,Mobile
CUST006646,2026-05-27,Google Ads,PMax - Skincare Prospecting,Northeast,Desktop
CUST006647,2026-05-27,Unattributed,(not set),West,Mobile
CUST006648,2026-05-27,Meta Ads,Prospecting - Lookalike 1%,Northeast,Mobile
CUST006649,2026-05-27,Email/SMS,Campaign - Monthly Newsletter,Northeast,Mobile
CUST006650,2026-05-27,Meta Ads,Retargeting - Engaged 30d,West,Mobile
CUST006651,2026-05-27,Google Ads,PMax - Skincare Prospecting,West,Desktop
CUST006652,2026-05-27,Google Ads,Search - Brand,Northeast,Mobile
CUST006653,2026-05-27,Google Ads,Search - Nonbrand Skincare,Northeast,Mobile
CUST006654,2026-05-27,Direct,(direct),Midwest,Tablet
CUST006655,2026-05-27,Meta Ads,Retargeting - Cart Abandon,West,Mobile
CUST006656,2026-05-27,Organic Search,(organic),West,Mobile
CUST006657,2026-05-27,Organic Social,(organic social),Northeast,Desktop
CUST006658,2026-05-27,Meta Ads,Prospecting - Lookalike 1%,West,Desktop
CUST006659,2026-05-27,Google Ads,Search - Nonbrand Skincare,South,Desktop
CUST006660,2026-05-27,Meta Ads,Prospecting - Broad,South,Mobile
CUST006661,2026-05-27,Meta Ads,Prospecting - Lookalike 1%,West,Mobile
CUST006662,2026-05-27,Organic Social,(organic social),West,Mobile
CUST006663,2026-05-27,Meta Ads,Retargeting - Engaged 30d,West,Mobile
CUST006664,2026-05-27,Google Ads,PMax - Skincare Prospecting,West,Desktop
CUST006665,2026-05-27,Meta Ads,Retargeting - Cart Abandon,Northeast,Desktop
CUST006666,2026-05-27,Google Ads,Shopping - Bestsellers,Midwest,Mobile
CUST006667,2026-05-27,Google Ads,Search - Nonbrand Skincare,Midwest,Desktop
CUST006668,2026-05-28,Meta Ads,Retargeting - Engaged 30d,West,Mobile
CUST006669,2026-05-28,Meta Ads,Prospecting - Broad,South,Mobile
CUST006670,2026-05-28,Email/SMS,Flow - Abandoned Cart,Midwest,Mobile
CUST006671,2026-05-28,Organic Social,(organic social),South,Mobile
CUST006672,2026-05-28,Organic Search,(organic),West,Desktop
CUST006673,2026-05-28,Organic Social,(organic social),West,Mobile
CUST006674,2026-05-28,Google Ads,Search - Brand,West,Mobile
CUST006675,2026-05-28,Organic Social,(organic social),West,Mobile
CUST006676,2026-05-28,Organic Search,(organic),Northeast,Desktop
CUST006677,2026-05-28,Organic Search,(organic),Midwest,Desktop
CUST006678,2026-05-28,Google Ads,Search - Brand,West,Desktop
CUST006679,2026-05-28,Google Ads,Search - Brand,West,Desktop
CUST006680,2026-05-28,Direct,(direct),South,Mobile
CUST006681,2026-05-28,Google Ads,Search - Nonbrand Skincare,South,Tablet
CUST006682,2026-05-28,Meta Ads,Retargeting - Engaged 30d,Midwest,Mobile
CUST006683,2026-05-28,Meta Ads,Retargeting - Cart Abandon,South,Mobile
CUST006684,2026-05-28,Organic Search,(organic),West,Desktop
CUST006685,2026-05-28,Meta Ads,Prospecting - Broad,Northeast,Desktop
CUST006686,2026-05-28,Organic Search,(organic),West,Mobile
CUST006687,2026-05-28,Organic Search,(organic),Midwest,Mobile
CUST006688,2026-05-28,Meta Ads,Retargeting - Engaged 30d,Midwest,Desktop
CUST006689,2026-05-28,Google Ads,Search - Brand,West,Mobile
CUST006690,2026-05-28,Meta Ads,Prospecting - Broad,Northeast,Mobile
CUST006691,2026-05-28,Direct,(direct),South,Mobile
CUST006692,2026-05-28,Google Ads,PMax - Skincare Prospecting,Northeast,Desktop
CUST006693,2026-05-29,Direct,(direct),Northeast,Mobile
CUST006694,2026-05-29,Google Ads,Search - Brand,West,Desktop
CUST006695,2026-05-29,Meta Ads,Retargeting - Cart Abandon,Midwest,Mobile
CUST006696,2026-05-29,Meta Ads,Prospecting - Lookalike 1%,Midwest,Desktop
CUST006697,2026-05-29,Meta Ads,Retargeting - Engaged 30d,South,Desktop
CUST006698,2026-05-29,Meta Ads,Prospecting - Broad,West,Mobile
CUST006699,2026-05-29,Meta Ads,Retargeting - Cart Abandon,South,Mobile
CUST006700,2026-05-29,Google Ads,Shopping - Bestsellers,West,Mobile
CUST006701,2026-05-29,Google Ads,Search - Brand,South,Mobile
CUST006702,2026-05-29,Direct,(direct),Midwest,Mobile
CUST006703,2026-05-29,Unattributed,(not set),South,Desktop
CUST006704,2026-05-29,Google Ads,Search - Brand,South,Mobile
CUST006705,2026-05-29,Google Ads,Search - Nonbrand Skincare,Midwest,Desktop
CUST006706,2026-05-29,Unattributed,(not set),West,Mobile
CUST006707,2026-05-29,Google Ads,Search - Nonbrand Skincare,West,Mobile
CUST006708,2026-05-29,Direct,(direct),West,Mobile
CUST006709,2026-05-29,Direct,(direct),West,Mobile
CUST006710,2026-05-29,Direct,(direct),South,Mobile
CUST006711,2026-05-29,Direct,(direct),Midwest,Mobile
CUST006712,2026-05-29,Organic Search,(organic),Northeast,Desktop
CUST006713,2026-05-29,Organic Search,(organic),Northeast,Mobile
CUST006714,2026-05-29,Organic Search,(organic),Northeast,Mobile
CUST006715,2026-05-29,Meta Ads,Retargeting - Engaged 30d,Northeast,Mobile
CUST006716,2026-05-29,Meta Ads,Retargeting - Engaged 30d,West,Mobile
CUST006717,2026-05-29,Meta Ads,Prospecting - Lookalike 1%,West,Desktop
CUST006718,2026-05-29,Unattributed,(not set),West,Mobile
CUST006719,2026-05-29,Meta Ads,Retargeting - Engaged 30d,Northeast,Mobile
CUST006720,2026-05-29,Meta Ads,Prospecting - Broad,South,Desktop
CUST006721,2026-05-29,Direct,(direct),West,Mobile
CUST006722,2026-05-30,Meta Ads,Retargeting - Engaged 30d,Northeast,Desktop
CUST006723,2026-05-30,Organic Social,(organic social),West,Desktop
CUST006724,2026-05-30,Organic Social,(organic social),West,Mobile
CUST006725,2026-05-30,Google Ads,Shopping - Bestsellers,South,Mobile
CUST006726,2026-05-30,Meta Ads,Retargeting - Engaged 30d,South,Tablet
CUST006727,2026-05-30,Organic Search,(organic),South,Mobile
CUST006728,2026-05-30,Meta Ads,Prospecting - Lookalike 1%,South,Desktop
CUST006729,2026-05-30,Organic Social,(organic social),South,Desktop
CUST006730,2026-05-30,Direct,(direct),Northeast,Mobile
CUST006731,2026-05-30,Organic Social,(organic social),Midwest,Mobile
CUST006732,2026-05-30,Organic Social,(organic social),Northeast,Mobile
CUST006733,2026-05-30,Google Ads,Search - Brand,South,Desktop
CUST006734,2026-05-30,Organic Social,(organic social),Midwest,Desktop
CUST006735,2026-05-30,Organic Social,(organic social),Northeast,Mobile
CUST006736,2026-05-30,Google Ads,Shopping - Bestsellers,Northeast,Mobile
CUST006737,2026-05-30,Google Ads,Search - Nonbrand Skincare,Midwest,Desktop
CUST006738,2026-05-30,Google Ads,Shopping - Bestsellers,West,Desktop
CUST006739,2026-05-30,Email/SMS,Flow - Abandoned Cart,West,Desktop
CUST006740,2026-05-30,Google Ads,PMax - Skincare Prospecting,West,Mobile
CUST006741,2026-05-30,Organic Search,(organic),South,Mobile
CUST006742,2026-05-30,Google Ads,Search - Brand,Midwest,Mobile
CUST006743,2026-05-30,Organic Social,(organic social),South,Mobile
CUST006744,2026-05-30,Organic Social,(organic social),West,Mobile
CUST006745,2026-05-30,Meta Ads,Prospecting - Lookalike 1%,South,Mobile
CUST006746,2026-05-30,Organic Search,(organic),South,Mobile
CUST006747,2026-05-30,Direct,(direct),West,Desktop
CUST006748,2026-05-30,Google Ads,PMax - Skincare Prospecting,South,Desktop
CUST006749,2026-05-30,Google Ads,Search - Brand,Midwest,Mobile
CUST006750,2026-05-31,Organic Search,(organic),West,Mobile
CUST006751,2026-05-31,Google Ads,Search - Brand,West,Mobile
CUST006752,2026-05-31,Organic Search,(organic),Northeast,Mobile
CUST006753,2026-05-31,Google Ads,Search - Nonbrand Skincare,West,Desktop
CUST006754,2026-05-31,Organic Social,(organic social),West,Mobile
CUST006755,2026-05-31,Direct,(direct),West,Desktop
CUST006756,2026-05-31,Google Ads,Shopping - Bestsellers,South,Desktop
CUST006757,2026-05-31,Meta Ads,Prospecting - Lookalike 1%,South,Mobile
CUST006758,2026-05-31,Organic Search,(organic),South,Desktop
CUST006759,2026-05-31,Organic Search,(organic),Northeast,Desktop
CUST006760,2026-05-31,Meta Ads,Retargeting - Cart Abandon,Midwest,Mobile
CUST006761,2026-05-31,Meta Ads,Retargeting - Engaged 30d,Midwest,Mobile
CUST006762,2026-05-31,Google Ads,Search - Brand,South,Mobile
CUST006763,2026-05-31,Google Ads,Search - Brand,West,Desktop
CUST006764,2026-05-31,Direct,(direct),West,Desktop
CUST006765,2026-05-31,Google Ads,Search - Brand,Northeast,Desktop
CUST006766,2026-05-31,Meta Ads,Retargeting - Cart Abandon,Northeast,Mobile
CUST006767,2026-05-31,Google Ads,Search - Nonbrand Skincare,South,Mobile
CUST006768,2026-05-31,Meta Ads,Retargeting - Cart Abandon,West,Desktop
CUST006769,2026-05-31,Google Ads,Shopping - Bestsellers,West,Mobile
CUST006770,2026-05-31,Google Ads,Search - Brand,Northeast,Mobile
CUST006771,2026-05-31,Meta Ads,Prospecting - Lookalike 1%,West,Mobile
CUST006772,2026-05-31,Google Ads,Shopping - Bestsellers,South,Mobile
CUST006773,2026-05-31,Direct,(direct),Northeast,Mobile
CUST006774,2026-05-31,Direct,(direct),South,Mobile
CUST006775,2026-05-31,Organic Social,(organic social),South,Desktop
CUST006776,2026-05-31,Google Ads,PMax - Skincare Prospecting,West,Desktop
CUST006777,2026-05-31,Google Ads,Search - Nonbrand Skincare,Northeast,Mobile
CUST006778,2026-05-31,Meta Ads,Prospecting - Lookalike 1%,South,Mobile
CUST006779,2026-06-01,Google Ads,Shopping - Bestsellers,West,Desktop
CUST006780,2026-06-01,Direct,(direct),Midwest,Desktop
CUST006781,2026-06-01,Organic Search,(organic),West,Mobile
CUST006782,2026-06-01,Google Ads,Search - Nonbrand Skincare,Northeast,Mobile
CUST006783,2026-06-01,Organic Search,(organic),South,Desktop
CUST006784,2026-06-01,Google Ads,Search - Nonbrand Skincare,West,Desktop
CUST006785,2026-06-01,Google Ads,Search - Nonbrand Skincare,West,Mobile
CUST006786,2026-06-01,Meta Ads,Retargeting - Cart Abandon,Midwest,Mobile
CUST006787,2026-06-01,Google Ads,Shopping - Bestsellers,Midwest,Desktop
CUST006788,2026-06-01,Google Ads,Shopping - Bestsellers,Midwest,Mobile
CUST006789,2026-06-01,Meta Ads,Retargeting - Engaged 30d,West,Desktop
CUST006790,2026-06-01,Meta Ads,Prospecting - Lookalike 1%,Midwest,Mobile
CUST006791,2026-06-01,Direct,(direct),West,Mobile
CUST006792,2026-06-01,Google Ads,PMax - Skincare Prospecting,Midwest,Mobile
CUST006793,2026-06-01,Organic Search,(organic),South,Mobile
CUST006794,2026-06-01,Google Ads,Search - Nonbrand Skincare,Northeast,Desktop
CUST006795,2026-06-02,Meta Ads,Retargeting - Cart Abandon,West,Mobile
CUST006796,2026-06-02,Google Ads,Shopping - Bestsellers,Midwest,Mobile
CUST006797,2026-06-02,Google Ads,Shopping - Bestsellers,South,Mobile
CUST006798,2026-06-02,Google Ads,Search - Brand,South,Mobile
CUST006799,2026-06-02,Google Ads,Shopping - Bestsellers,South,Mobile
CUST006800,2026-06-02,Meta Ads,Prospecting - Broad,Midwest,Mobile
CUST006801,2026-06-02,Organic Search,(organic),Northeast,Mobile
CUST006802,2026-06-02,Meta Ads,Prospecting - Lookalike 1%,Northeast,Desktop
CUST006803,2026-06-02,Meta Ads,Retargeting - Engaged 30d,South,Mobile
CUST006804,2026-06-02,Google Ads,Shopping - Bestsellers,South,Tablet
CUST006805,2026-06-02,Organic Search,(organic),West,Mobile
CUST006806,2026-06-02,Meta Ads,Retargeting - Engaged 30d,West,Mobile
CUST006807,2026-06-02,Direct,(direct),Midwest,Mobile
CUST006808,2026-06-02,Meta Ads,Prospecting - Broad,South,Mobile
CUST006809,2026-06-02,Organic Search,(organic),Midwest,Desktop
CUST006810,2026-06-02,Organic Search,(organic),Northeast,Mobile
CUST006811,2026-06-02,Google Ads,Search - Brand,South,Mobile
CUST006812,2026-06-02,Organic Social,(organic social),West,Mobile
CUST006813,2026-06-02,Direct,(direct),West,Mobile
CUST006814,2026-06-02,Google Ads,Search - Nonbrand Skincare,Northeast,Mobile
CUST006815,2026-06-02,Meta Ads,Retargeting - Cart Abandon,Northeast,Desktop
CUST006816,2026-06-02,Organic Social,(organic social),West,Mobile
CUST006817,2026-06-02,Organic Social,(organic social),Northeast,Mobile
CUST006818,2026-06-03,Unattributed,(not set),Midwest,Desktop
CUST006819,2026-06-03,Google Ads,Shopping - Bestsellers,West,Mobile
CUST006820,2026-06-03,Organic Search,(organic),Northeast,Desktop
CUST006821,2026-06-03,Organic Search,(organic),Midwest,Mobile
CUST006822,2026-06-03,Google Ads,Search - Nonbrand Skincare,Midwest,Mobile
CUST006823,2026-06-03,Google Ads,Search - Brand,Midwest,Mobile
CUST006824,2026-06-03,Email/SMS,Flow - Abandoned Cart,South,Mobile
CUST006825,2026-06-03,Meta Ads,Retargeting - Engaged 30d,West,Desktop
CUST006826,2026-06-03,Organic Search,(organic),West,Mobile
CUST006827,2026-06-03,Meta Ads,Retargeting - Engaged 30d,Midwest,Tablet
CUST006828,2026-06-03,Meta Ads,Prospecting - Broad,West,Mobile
CUST006829,2026-06-03,Google Ads,Shopping - Bestsellers,South,Mobile
CUST006830,2026-06-03,Google Ads,Shopping - Bestsellers,Northeast,Desktop
CUST006831,2026-06-03,Organic Search,(organic),South,Mobile
CUST006832,2026-06-03,Organic Search,(organic),West,Desktop
CUST006833,2026-06-03,Organic Search,(organic),West,Desktop
CUST006834,2026-06-03,Direct,(direct),South,Tablet
CUST006835,2026-06-03,Meta Ads,Retargeting - Cart Abandon,South,Mobile
CUST006836,2026-06-04,Meta Ads,Prospecting - Broad,Midwest,Desktop
CUST006837,2026-06-04,Meta Ads,Retargeting - Cart Abandon,Northeast,Desktop
CUST006838,2026-06-04,Organic Search,(organic),Northeast,Desktop
CUST006839,2026-06-04,Meta Ads,Retargeting - Engaged 30d,South,Mobile
CUST006840,2026-06-04,Google Ads,PMax - Skincare Prospecting,South,Desktop
CUST006841,2026-06-04,Direct,(direct),West,Mobile
CUST006842,2026-06-04,Meta Ads,Prospecting - Broad,Northeast,Mobile
CUST006843,2026-06-04,Google Ads,Shopping - Bestsellers,South,Desktop
CUST006844,2026-06-04,Google Ads,Search - Nonbrand Skincare,Northeast,Tablet
CUST006845,2026-06-04,Meta Ads,Retargeting - Cart Abandon,West,Mobile
CUST006846,2026-06-04,Direct,(direct),West,Mobile
CUST006847,2026-06-04,Google Ads,Shopping - Bestsellers,South,Mobile
CUST006848,2026-06-04,Organic Social,(organic social),West,Desktop
CUST006849,2026-06-04,Google Ads,Shopping - Bestsellers,South,Mobile
CUST006850,2026-06-04,Meta Ads,Retargeting - Cart Abandon,Northeast,Mobile
CUST006851,2026-06-04,Meta Ads,Retargeting - Cart Abandon,Midwest,Desktop
CUST006852,2026-06-04,Google Ads,Search - Brand,South,Tablet
CUST006853,2026-06-04,Meta Ads,Prospecting - Lookalike 1%,South,Desktop
CUST006854,2026-06-04,Organic Search,(organic),South,Desktop
CUST006855,2026-06-04,Organic Search,(organic),Midwest,Desktop
CUST006856,2026-06-04,Google Ads,Shopping - Bestsellers,Midwest,Mobile
CUST006857,2026-06-04,Organic Search,(organic),West,Desktop
CUST006858,2026-06-04,Email/SMS,Flow - Welcome Series,South,Desktop
CUST006859,2026-06-04,Meta Ads,Prospecting - Broad,Northeast,Desktop
CUST006860,2026-06-05,Meta Ads,Prospecting - Broad,Northeast,Mobile
CUST006861,2026-06-05,Google Ads,PMax - Skincare Prospecting,South,Mobile
CUST006862,2026-06-05,Meta Ads,Prospecting - Broad,South,Mobile
CUST006863,2026-06-05,Organic Search,(organic),Northeast,Tablet
CUST006864,2026-06-05,Google Ads,Shopping - Bestsellers,West,Mobile
CUST006865,2026-06-05,Organic Search,(organic),Midwest,Mobile
CUST006866,2026-06-05,Unattributed,(not set),Midwest,Mobile
CUST006867,2026-06-05,Organic Social,(organic social),West,Desktop
CUST006868,2026-06-05,Organic Search,(organic),South,Mobile
CUST006869,2026-06-05,Google Ads,PMax - Skincare Prospecting,South,Mobile
CUST006870,2026-06-05,Meta Ads,Prospecting - Lookalike 1%,West,Desktop
CUST006871,2026-06-05,Google Ads,Search - Nonbrand Skincare,West,Mobile
CUST006872,2026-06-05,Unattributed,(not set),Northeast,Mobile
CUST006873,2026-06-05,Meta Ads,Prospecting - Lookalike 1%,South,Mobile
CUST006874,2026-06-05,Organic Search,(organic),South,Desktop
CUST006875,2026-06-05,Direct,(direct),West,Mobile
CUST006876,2026-06-05,Organic Search,(organic),Midwest,Mobile
CUST006877,2026-06-05,Email/SMS,Flow - Welcome Series,West,Desktop
CUST006878,2026-06-05,Google Ads,Search - Nonbrand Skincare,Northeast,Mobile
CUST006879,2026-06-05,Meta Ads,Prospecting - Lookalike 1%,Midwest,Desktop
CUST006880,2026-06-05,Unattributed,(not set),West,Desktop
CUST006881,2026-06-05,Google Ads,PMax - Skincare Prospecting,West,Mobile
CUST006882,2026-06-05,Google Ads,Shopping - Bestsellers,Northeast,Mobile
CUST006883,2026-06-06,Organic Search,(organic),Northeast,Mobile
CUST006884,2026-06-06,Direct,(direct),West,Tablet
CUST006885,2026-06-06,Meta Ads,Retargeting - Cart Abandon,Midwest,Mobile
CUST006886,2026-06-06,Google Ads,Shopping - Bestsellers,South,Mobile
CUST006887,2026-06-06,Meta Ads,Retargeting - Cart Abandon,Northeast,Mobile
CUST006888,2026-06-06,Direct,(direct),West,Desktop
CUST006889,2026-06-06,Google Ads,PMax - Skincare Prospecting,South,Mobile
CUST006890,2026-06-06,Meta Ads,Prospecting - Lookalike 1%,South,Desktop
CUST006891,2026-06-06,Google Ads,PMax - Skincare Prospecting,Northeast,Desktop
CUST006892,2026-06-06,Google Ads,Shopping - Bestsellers,South,Mobile
CUST006893,2026-06-06,Meta Ads,Retargeting - Cart Abandon,Midwest,Mobile
CUST006894,2026-06-06,Meta Ads,Retargeting - Cart Abandon,South,Desktop
CUST006895,2026-06-06,Organic Social,(organic social),West,Mobile
CUST006896,2026-06-06,Direct,(direct),West,Mobile
CUST006897,2026-06-06,Google Ads,Search - Nonbrand Skincare,South,Mobile
CUST006898,2026-06-06,Google Ads,Shopping - Bestsellers,South,Desktop
CUST006899,2026-06-06,Google Ads,PMax - Skincare Prospecting,West,Desktop
CUST006900,2026-06-06,Organic Search,(organic),West,Desktop
CUST006901,2026-06-06,Meta Ads,Retargeting - Engaged 30d,Midwest,Desktop
CUST006902,2026-06-06,Google Ads,Search - Nonbrand Skincare,Midwest,Desktop
CUST006903,2026-06-06,Meta Ads,Retargeting - Cart Abandon,West,Mobile
CUST006904,2026-06-06,Organic Search,(organic),West,Desktop
CUST006905,2026-06-06,Organic Search,(organic),South,Tablet
CUST006906,2026-06-06,Google Ads,Search - Brand,Northeast,Mobile
CUST006907,2026-06-06,Meta Ads,Retargeting - Cart Abandon,Midwest,Desktop
CUST006908,2026-06-06,Organic Search,(organic),Northeast,Mobile
CUST006909,2026-06-07,Meta Ads,Prospecting - Lookalike 1%,South,Desktop
CUST006910,2026-06-07,Organic Search,(organic),Northeast,Mobile
CUST006911,2026-06-07,Meta Ads,Retargeting - Cart Abandon,West,Mobile
CUST006912,2026-06-07,Meta Ads,Retargeting - Cart Abandon,West,Desktop
CUST006913,2026-06-07,Google Ads,Shopping - Bestsellers,Northeast,Mobile
CUST006914,2026-06-07,Meta Ads,Retargeting - Cart Abandon,South,Mobile
CUST006915,2026-06-07,Organic Search,(organic),South,Mobile
CUST006916,2026-06-07,Google Ads,Shopping - Bestsellers,Midwest,Desktop
CUST006917,2026-06-07,Organic Search,(organic),West,Desktop
CUST006918,2026-06-07,Google Ads,PMax - Skincare Prospecting,Midwest,Mobile
CUST006919,2026-06-07,Direct,(direct),South,Desktop
CUST006920,2026-06-07,Meta Ads,Retargeting - Engaged 30d,Midwest,Mobile
CUST006921,2026-06-07,Meta Ads,Prospecting - Lookalike 1%,West,Tablet
CUST006922,2026-06-07,Organic Social,(organic social),South,Mobile
CUST006923,2026-06-07,Google Ads,PMax - Skincare Prospecting,South,Mobile
CUST006924,2026-06-07,Meta Ads,Prospecting - Broad,Midwest,Mobile
CUST006925,2026-06-07,Email/SMS,Flow - Post Purchase Winback,West,Desktop
CUST006926,2026-06-07,Google Ads,PMax - Skincare Prospecting,Midwest,Desktop
CUST006927,2026-06-07,Meta Ads,Retargeting - Cart Abandon,West,Mobile
CUST006928,2026-06-07,Unattributed,(not set),West,Mobile
CUST006929,2026-06-07,Meta Ads,Prospecting - Lookalike 1%,West,Mobile
CUST006930,2026-06-07,Google Ads,Shopping - Bestsellers,Midwest,Desktop
CUST006931,2026-06-07,Meta Ads,Prospecting - Lookalike 1%,Midwest,Desktop
CUST006932,2026-06-07,Direct,(direct),West,Desktop
CUST006933,2026-06-07,Organic Search,(organic),South,Desktop
CUST006934,2026-06-07,Unattributed,(not set),Northeast,Mobile
CUST006935,2026-06-07,Meta Ads,Retargeting - Cart Abandon,Northeast,Mobile
CUST006936,2026-06-07,Google Ads,PMax - Skincare Prospecting,West,Mobile
CUST006937,2026-06-08,Organic Search,(organic),West,Mobile
CUST006938,2026-06-08,Direct,(direct),West,Mobile
CUST006939,2026-06-08,Organic Search,(organic),Northeast,Mobile
CUST006940,2026-06-08,Google Ads,PMax - Skincare Prospecting,Midwest,Mobile
CUST006941,2026-06-08,Organic Social,(organic social),South,Mobile
CUST006942,2026-06-08,Google Ads,Shopping - Bestsellers,West,Mobile
CUST006943,2026-06-08,Email/SMS,Flow - Abandoned Cart,Midwest,Mobile
CUST006944,2026-06-08,Google Ads,PMax - Skincare Prospecting,South,Desktop
CUST006945,2026-06-08,Email/SMS,Campaign - Monthly Newsletter,Northeast,Desktop
CUST006946,2026-06-08,Meta Ads,Prospecting - Broad,West,Mobile
CUST006947,2026-06-08,Google Ads,Shopping - Bestsellers,West,Desktop
CUST006948,2026-06-08,Meta Ads,Prospecting - Broad,West,Mobile
CUST006949,2026-06-08,Direct,(direct),South,Desktop
CUST006950,2026-06-08,Google Ads,PMax - Skincare Prospecting,West,Desktop
CUST006951,2026-06-08,Direct,(direct),Midwest,Desktop
CUST006952,2026-06-08,Organic Search,(organic),Northeast,Mobile
CUST006953,2026-06-08,Google Ads,Search - Nonbrand Skincare,Northeast,Desktop
CUST006954,2026-06-08,Google Ads,Search - Nonbrand Skincare,South,Mobile
CUST006955,2026-06-09,Organic Social,(organic social),West,Desktop
CUST006956,2026-06-09,Direct,(direct),South,Mobile
CUST006957,2026-06-09,Organic Search,(organic),Midwest,Mobile
CUST006958,2026-06-09,Organic Search,(organic),South,Mobile
CUST006959,2026-06-09,Direct,(direct),Midwest,Desktop
CUST006960,2026-06-09,Organic Social,(organic social),Northeast,Desktop
CUST006961,2026-06-09,Organic Search,(organic),West,Mobile
CUST006962,2026-06-09,Meta Ads,Prospecting - Lookalike 1%,South,Tablet
CUST006963,2026-06-09,Unattributed,(not set),Midwest,Desktop
CUST006964,2026-06-09,Google Ads,PMax - Skincare Prospecting,Midwest,Mobile
CUST006965,2026-06-09,Organic Search,(organic),Midwest,Mobile
CUST006966,2026-06-09,Direct,(direct),Northeast,Mobile
CUST006967,2026-06-09,Meta Ads,Retargeting - Cart Abandon,Northeast,Mobile
CUST006968,2026-06-09,Organic Search,(organic),Northeast,Mobile
CUST006969,2026-06-09,Google Ads,Shopping - Bestsellers,Midwest,Desktop
CUST006970,2026-06-09,Organic Social,(organic social),Midwest,Desktop
CUST006971,2026-06-09,Email/SMS,Flow - Abandoned Cart,South,Mobile
CUST006972,2026-06-09,Organic Search,(organic),West,Mobile
CUST006973,2026-06-09,Organic Search,(organic),West,Mobile
CUST006974,2026-06-09,Google Ads,Search - Brand,Midwest,Desktop
CUST006975,2026-06-09,Organic Search,(organic),Northeast,Mobile
CUST006976,2026-06-10,Meta Ads,Prospecting - Broad,Midwest,Mobile
CUST006977,2026-06-10,Unattributed,(not set),Northeast,Desktop
CUST006978,2026-06-10,Meta Ads,Retargeting - Cart Abandon,South,Tablet
CUST006979,2026-06-10,Meta Ads,Retargeting - Engaged 30d,South,Desktop
CUST006980,2026-06-10,Google Ads,Shopping - Bestsellers,Midwest,Mobile
CUST006981,2026-06-10,Organic Search,(organic),South,Mobile
CUST006982,2026-06-10,Organic Social,(organic social),West,Desktop
CUST006983,2026-06-10,Google Ads,Search - Brand,West,Mobile
CUST006984,2026-06-10,Organic Search,(organic),Midwest,Desktop
CUST006985,2026-06-10,Organic Search,(organic),South,Tablet
CUST006986,2026-06-10,Google Ads,Shopping - Bestsellers,West,Mobile
CUST006987,2026-06-10,Google Ads,PMax - Skincare Prospecting,South,Desktop
CUST006988,2026-06-10,Google Ads,Shopping - Bestsellers,West,Mobile
CUST006989,2026-06-10,Organic Search,(organic),West,Mobile
CUST006990,2026-06-10,Google Ads,Shopping - Bestsellers,South,Mobile
CUST006991,2026-06-10,Google Ads,PMax - Skincare Prospecting,South,Mobile
CUST006992,2026-06-10,Google Ads,PMax - Skincare Prospecting,Northeast,Mobile
CUST006993,2026-06-10,Meta Ads,Retargeting - Cart Abandon,West,Desktop
CUST006994,2026-06-10,Direct,(direct),South,Mobile
CUST006995,2026-06-10,Unattributed,(not set),Midwest,Desktop
CUST006996,2026-06-11,Meta Ads,Retargeting - Engaged 30d,Northeast,Mobile
CUST006997,2026-06-11,Meta Ads,Prospecting - Lookalike 1%,Northeast,Mobile
CUST006998,2026-06-11,Google Ads,Search - Nonbrand Skincare,Northeast,Mobile
CUST006999,2026-06-11,Google Ads,Shopping - Bestsellers,South,Mobile
CUST007000,2026-06-11,Google Ads,PMax - Skincare Prospecting,South,Mobile
CUST007001,2026-06-11,Unattributed,(not set),South,Mobile
CUST007002,2026-06-11,Meta Ads,Prospecting - Lookalike 1%,Northeast,Desktop
CUST007003,2026-06-11,Google Ads,Search - Brand,West,Mobile
CUST007004,2026-06-11,Meta Ads,Prospecting - Broad,West,Mobile
CUST007005,2026-06-11,Organic Search,(organic),South,Mobile
CUST007006,2026-06-11,Direct,(direct),West,Desktop
CUST007007,2026-06-11,Direct,(direct),Northeast,Mobile
CUST007008,2026-06-11,Google Ads,Shopping - Bestsellers,South,Desktop
CUST007009,2026-06-11,Email/SMS,Flow - Abandoned Cart,West,Mobile
CUST007010,2026-06-11,Meta Ads,Retargeting - Cart Abandon,Midwest,Mobile
CUST007011,2026-06-11,Google Ads,Search - Brand,West,Mobile
CUST007012,2026-06-11,Google Ads,Search - Nonbrand Skincare,Northeast,Mobile
CUST007013,2026-06-11,Meta Ads,Retargeting - Cart Abandon,Midwest,Mobile
CUST007014,2026-06-11,Meta Ads,Retargeting - Cart Abandon,Midwest,Mobile
CUST007015,2026-06-11,Meta Ads,Prospecting - Lookalike 1%,West,Mobile
CUST007016,2026-06-11,Meta Ads,Retargeting - Cart Abandon,West,Mobile
CUST007017,2026-06-11,Organic Social,(organic social),South,Mobile
CUST007018,2026-06-11,Organic Search,(organic),Northeast,Mobile
CUST007019,2026-06-12,Meta Ads,Retargeting - Engaged 30d,West,Tablet
CUST007020,2026-06-12,Google Ads,PMax - Skincare Prospecting,South,Mobile
CUST007021,2026-06-12,Direct,(direct),Midwest,Tablet
CUST007022,2026-06-12,Google Ads,Search - Nonbrand Skincare,South,Mobile
CUST007023,2026-06-12,Google Ads,Search - Nonbrand Skincare,South,Mobile
CUST007024,2026-06-12,Organic Search,(organic),Northeast,Desktop
CUST007025,2026-06-12,Organic Search,(organic),West,Desktop
CUST007026,2026-06-12,Unattributed,(not set),Midwest,Mobile
CUST007027,2026-06-12,Meta Ads,Retargeting - Engaged 30d,West,Desktop
CUST007028,2026-06-12,Meta Ads,Prospecting - Lookalike 1%,South,Mobile
CUST007029,2026-06-12,Google Ads,Search - Brand,Northeast,Mobile
CUST007030,2026-06-12,Organic Search,(organic),South,Mobile
CUST007031,2026-06-12,Google Ads,PMax - Skincare Prospecting,West,Desktop
CUST007032,2026-06-12,Organic Search,(organic),South,Mobile
CUST007033,2026-06-12,Organic Search,(organic),South,Mobile
CUST007034,2026-06-12,Google Ads,Search - Brand,Midwest,Desktop
CUST007035,2026-06-12,Meta Ads,Prospecting - Broad,Northeast,Desktop
CUST007036,2026-06-12,Direct,(direct),Northeast,Mobile
CUST007037,2026-06-13,Direct,(direct),Midwest,Desktop
CUST007038,2026-06-13,Organic Search,(organic),West,Mobile
CUST007039,2026-06-13,Meta Ads,Retargeting - Cart Abandon,South,Mobile
CUST007040,2026-06-13,Organic Search,(organic),Northeast,Mobile
CUST007041,2026-06-13,Meta Ads,Prospecting - Lookalike 1%,Northeast,Mobile
CUST007042,2026-06-13,Google Ads,Search - Brand,Midwest,Desktop
CUST007043,2026-06-13,Organic Search,(organic),West,Desktop
CUST007044,2026-06-13,Organic Search,(organic),South,Mobile
CUST007045,2026-06-13,Google Ads,PMax - Skincare Prospecting,Midwest,Desktop
CUST007046,2026-06-13,Organic Search,(organic),Northeast,Mobile
CUST007047,2026-06-13,Meta Ads,Retargeting - Engaged 30d,West,Mobile
CUST007048,2026-06-13,Direct,(direct),West,Mobile
CUST007049,2026-06-13,Meta Ads,Prospecting - Broad,South,Mobile
CUST007050,2026-06-13,Meta Ads,Prospecting - Lookalike 1%,Northeast,Mobile
CUST007051,2026-06-13,Direct,(direct),West,Mobile
CUST007052,2026-06-13,Organic Search,(organic),West,Mobile
CUST007053,2026-06-13,Google Ads,PMax - Skincare Prospecting,West,Desktop
CUST007054,2026-06-13,Meta Ads,Retargeting - Engaged 30d,West,Mobile
CUST007055,2026-06-13,Google Ads,Search - Brand,West,Mobile
CUST007056,2026-06-13,Google Ads,Shopping - Bestsellers,West,Mobile
CUST007057,2026-06-14,Google Ads,Shopping - Bestsellers,West,Mobile
CUST007058,2026-06-14,Meta Ads,Prospecting - Lookalike 1%,Midwest,Mobile
CUST007059,2026-06-14,Google Ads,PMax - Skincare Prospecting,West,Tablet
CUST007060,2026-06-14,Meta Ads,Prospecting - Broad,West,Mobile
CUST007061,2026-06-14,Email/SMS,Flow - Welcome Series,South,Mobile
CUST007062,2026-06-14,Direct,(direct),West,Desktop
CUST007063,2026-06-14,Meta Ads,Retargeting - Cart Abandon,West,Mobile
CUST007064,2026-06-14,Google Ads,Shopping - Bestsellers,West,Desktop
CUST007065,2026-06-14,Meta Ads,Prospecting - Lookalike 1%,Northeast,Mobile
CUST007066,2026-06-14,Organic Search,(organic),South,Mobile
CUST007067,2026-06-14,Google Ads,Search - Nonbrand Skincare,West,Mobile
CUST007068,2026-06-14,Organic Search,(organic),South,Mobile
CUST007069,2026-06-14,Organic Search,(organic),West,Desktop
CUST007070,2026-06-14,Google Ads,Shopping - Bestsellers,West,Desktop
CUST007071,2026-06-14,Organic Social,(organic social),West,Desktop
CUST007072,2026-06-14,Direct,(direct),South,Desktop
CUST007073,2026-06-14,Meta Ads,Retargeting - Engaged 30d,Midwest,Desktop
CUST007074,2026-06-14,Organic Social,(organic social),South,Mobile
CUST007075,2026-06-14,Organic Social,(organic social),West,Tablet
CUST007076,2026-06-14,Meta Ads,Prospecting - Lookalike 1%,Northeast,Desktop
CUST007077,2026-06-14,Google Ads,Shopping - Bestsellers,South,Tablet
CUST007078,2026-06-14,Email/SMS,Flow - Post Purchase Winback,South,Desktop
CUST007079,2026-06-14,Direct,(direct),Midwest,Desktop
CUST007080,2026-06-14,Organic Social,(organic social),West,Desktop
CUST007081,2026-06-15,Meta Ads,Retargeting - Cart Abandon,Northeast,Mobile
CUST007082,2026-06-15,Meta Ads,Retargeting - Cart Abandon,Northeast,Mobile
CUST007083,2026-06-15,Meta Ads,Prospecting - Lookalike 1%,West,Mobile
CUST007084,2026-06-15,Organic Social,(organic social),South,Mobile
CUST007085,2026-06-15,Organic Social,(organic social),South,Mobile
CUST007086,2026-06-15,Google Ads,Shopping - Bestsellers,Northeast,Mobile
CUST007087,2026-06-15,Google Ads,Search - Brand,Northeast,Mobile
CUST007088,2026-06-15,Meta Ads,Prospecting - Broad,Northeast,Mobile
CUST007089,2026-06-15,Direct,(direct),West,Mobile
CUST007090,2026-06-15,Meta Ads,Prospecting - Broad,West,Mobile
CUST007091,2026-06-15,Organic Search,(organic),Northeast,Desktop
CUST007092,2026-06-15,Organic Search,(organic),South,Mobile
CUST007093,2026-06-15,Meta Ads,Prospecting - Broad,South,Mobile
CUST007094,2026-06-15,Organic Search,(organic),Northeast,Desktop
CUST007095,2026-06-15,Organic Search,(organic),South,Mobile
CUST007096,2026-06-15,Meta Ads,Retargeting - Cart Abandon,Midwest,Desktop
CUST007097,2026-06-15,Meta Ads,Retargeting - Engaged 30d,South,Mobile
CUST007098,2026-06-15,Organic Search,(organic),Northeast,Mobile
CUST007099,2026-06-15,Google Ads,Search - Brand,Northeast,Desktop
CUST007100,2026-06-15,Organic Search,(organic),South,Mobile
CUST007101,2026-06-15,Meta Ads,Prospecting - Broad,South,Mobile
CUST007102,2026-06-16,Google Ads,Search - Brand,Northeast,Desktop
CUST007103,2026-06-16,Organic Search,(organic),West,Mobile
CUST007104,2026-06-16,Unattributed,(not set),South,Mobile
CUST007105,2026-06-16,Meta Ads,Retargeting - Engaged 30d,West,Mobile
CUST007106,2026-06-16,Meta Ads,Retargeting - Cart Abandon,Northeast,Mobile
CUST007107,2026-06-16,Meta Ads,Retargeting - Engaged 30d,Northeast,Mobile
CUST007108,2026-06-16,Organic Search,(organic),South,Desktop
CUST007109,2026-06-16,Google Ads,Search - Nonbrand Skincare,West,Tablet
CUST007110,2026-06-16,Meta Ads,Prospecting - Broad,South,Mobile
CUST007111,2026-06-16,Direct,(direct),West,Mobile
CUST007112,2026-06-16,Google Ads,Search - Brand,West,Mobile
CUST007113,2026-06-16,Meta Ads,Prospecting - Broad,South,Mobile
CUST007114,2026-06-16,Organic Search,(organic),West,Desktop
CUST007115,2026-06-16,Organic Search,(organic),West,Mobile
CUST007116,2026-06-16,Meta Ads,Prospecting - Broad,West,Mobile
CUST007117,2026-06-16,Organic Search,(organic),West,Mobile
CUST007118,2026-06-16,Organic Social,(organic social),Midwest,Mobile
CUST007119,2026-06-16,Unattributed,(not set),Midwest,Desktop
CUST007120,2026-06-16,Direct,(direct),Midwest,Desktop
CUST007121,2026-06-16,Meta Ads,Prospecting - Broad,West,Desktop
CUST007122,2026-06-16,Google Ads,Search - Brand,South,Desktop
CUST007123,2026-06-16,Organic Search,(organic),Midwest,Desktop
CUST007124,2026-06-16,Organic Social,(organic social),West,Desktop
CUST007125,2026-06-17,Google Ads,Shopping - Bestsellers,West,Mobile
CUST007126,2026-06-17,Meta Ads,Retargeting - Engaged 30d,Midwest,Mobile
CUST007127,2026-06-17,Direct,(direct),South,Mobile
CUST007128,2026-06-17,Meta Ads,Retargeting - Cart Abandon,Midwest,Desktop
CUST007129,2026-06-17,Organic Social,(organic social),West,Tablet
CUST007130,2026-06-17,Organic Search,(organic),West,Tablet
CUST007131,2026-06-17,Google Ads,Search - Brand,Midwest,Mobile
CUST007132,2026-06-17,Google Ads,Shopping - Bestsellers,West,Mobile
CUST007133,2026-06-17,Meta Ads,Prospecting - Lookalike 1%,West,Mobile
CUST007134,2026-06-17,Google Ads,Search - Brand,West,Desktop
CUST007135,2026-06-17,Google Ads,Search - Brand,Midwest,Mobile
CUST007136,2026-06-17,Google Ads,PMax - Skincare Prospecting,Northeast,Mobile
CUST007137,2026-06-17,Meta Ads,Prospecting - Lookalike 1%,Northeast,Desktop
CUST007138,2026-06-17,Email/SMS,Campaign - Monthly Newsletter,South,Mobile
CUST007139,2026-06-17,Meta Ads,Retargeting - Cart Abandon,West,Mobile
CUST007140,2026-06-17,Meta Ads,Retargeting - Cart Abandon,Midwest,Mobile
CUST007141,2026-06-17,Meta Ads,Prospecting - Broad,South,Desktop
CUST007142,2026-06-17,Google Ads,Shopping - Bestsellers,West,Mobile
CUST007143,2026-06-17,Organic Search,(organic),West,Desktop
CUST007144,2026-06-17,Google Ads,Search - Brand,Northeast,Mobile
CUST007145,2026-06-17,Meta Ads,Retargeting - Engaged 30d,Midwest,Tablet
CUST007146,2026-06-17,Google Ads,Search - Brand,South,Mobile
CUST007147,2026-06-17,Organic Search,(organic),West,Mobile
CUST007148,2026-06-18,Meta Ads,Retargeting - Cart Abandon,Midwest,Desktop
CUST007149,2026-06-18,Meta Ads,Prospecting - Broad,West,Desktop
CUST007150,2026-06-18,Organic Search,(organic),West,Mobile
CUST007151,2026-06-18,Organic Search,(organic),Midwest,Mobile
CUST007152,2026-06-18,Google Ads,Search - Brand,South,Mobile
CUST007153,2026-06-18,Google Ads,Shopping - Bestsellers,South,Desktop
CUST007154,2026-06-18,Meta Ads,Prospecting - Lookalike 1%,South,Desktop
CUST007155,2026-06-18,Meta Ads,Prospecting - Broad,West,Mobile
CUST007156,2026-06-18,Meta Ads,Prospecting - Broad,Midwest,Desktop
CUST007157,2026-06-18,Google Ads,Shopping - Bestsellers,South,Mobile
CUST007158,2026-06-18,Organic Search,(organic),South,Mobile
CUST007159,2026-06-18,Meta Ads,Retargeting - Engaged 30d,South,Desktop
CUST007160,2026-06-18,Google Ads,Search - Brand,West,Desktop
CUST007161,2026-06-18,Meta Ads,Prospecting - Broad,West,Desktop
CUST007162,2026-06-18,Meta Ads,Prospecting - Lookalike 1%,South,Desktop
CUST007163,2026-06-18,Organic Search,(organic),West,Desktop
CUST007164,2026-06-18,Organic Search,(organic),Midwest,Desktop
CUST007165,2026-06-18,Google Ads,PMax - Skincare Prospecting,West,Mobile
CUST007166,2026-06-18,Meta Ads,Prospecting - Broad,Northeast,Desktop
CUST007167,2026-06-18,Organic Search,(organic),Northeast,Mobile
CUST007168,2026-06-18,Google Ads,Search - Nonbrand Skincare,West,Mobile
CUST007169,2026-06-18,Organic Social,(organic social),South,Desktop
CUST007170,2026-06-18,Meta Ads,Prospecting - Broad,West,Mobile
CUST007171,2026-06-18,Direct,(direct),West,Mobile
CUST007172,2026-06-19,Meta Ads,Retargeting - Cart Abandon,South,Mobile
CUST007173,2026-06-19,Google Ads,PMax - Skincare Prospecting,Midwest,Desktop
CUST007174,2026-06-19,Meta Ads,Prospecting - Broad,South,Mobile
CUST007175,2026-06-19,Meta Ads,Prospecting - Broad,South,Mobile
CUST007176,2026-06-19,Meta Ads,Retargeting - Engaged 30d,West,Mobile
CUST007177,2026-06-19,Direct,(direct),South,Mobile
CUST007178,2026-06-19,Meta Ads,Prospecting - Broad,Northeast,Desktop
CUST007179,2026-06-19,Email/SMS,Flow - Post Purchase Winback,Northeast,Desktop
CUST007180,2026-06-19,Email/SMS,Flow - Abandoned Cart,Midwest,Mobile
CUST007181,2026-06-19,Google Ads,Search - Brand,Northeast,Mobile
CUST007182,2026-06-19,Meta Ads,Retargeting - Engaged 30d,Northeast,Mobile
CUST007183,2026-06-19,Unattributed,(not set),West,Mobile
CUST007184,2026-06-19,Organic Social,(organic social),Northeast,Mobile
CUST007185,2026-06-19,Meta Ads,Retargeting - Engaged 30d,Midwest,Mobile
CUST007186,2026-06-19,Organic Search,(organic),West,Tablet
CUST007187,2026-06-19,Google Ads,Shopping - Bestsellers,Northeast,Desktop
CUST007188,2026-06-19,Google Ads,Search - Nonbrand Skincare,Midwest,Mobile
CUST007189,2026-06-19,Meta Ads,Prospecting - Broad,South,Mobile
CUST007190,2026-06-19,Meta Ads,Retargeting - Cart Abandon,Midwest,Mobile
CUST007191,2026-06-19,Meta Ads,Retargeting - Engaged 30d,South,Mobile
CUST007192,2026-06-20,Direct,(direct),West,Desktop
CUST007193,2026-06-20,Direct,(direct),West,Desktop
CUST007194,2026-06-20,Google Ads,PMax - Skincare Prospecting,Northeast,Desktop
CUST007195,2026-06-20,Direct,(direct),Northeast,Desktop
CUST007196,2026-06-20,Organic Search,(organic),West,Desktop
CUST007197,2026-06-20,Organic Search,(organic),Midwest,Mobile
CUST007198,2026-06-20,Organic Social,(organic social),West,Mobile
CUST007199,2026-06-20,Meta Ads,Retargeting - Engaged 30d,South,Desktop
CUST007200,2026-06-20,Meta Ads,Retargeting - Engaged 30d,West,Mobile
CUST007201,2026-06-20,Google Ads,Shopping - Bestsellers,West,Desktop
CUST007202,2026-06-20,Google Ads,Search - Brand,West,Mobile
CUST007203,2026-06-20,Organic Search,(organic),Northeast,Mobile
CUST007204,2026-06-20,Google Ads,PMax - Skincare Prospecting,West,Mobile
CUST007205,2026-06-20,Meta Ads,Prospecting - Lookalike 1%,South,Tablet
CUST007206,2026-06-20,Direct,(direct),West,Desktop
CUST007207,2026-06-20,Organic Search,(organic),Northeast,Mobile
CUST007208,2026-06-20,Meta Ads,Retargeting - Cart Abandon,South,Mobile
CUST007209,2026-06-20,Meta Ads,Retargeting - Cart Abandon,South,Desktop
CUST007210,2026-06-20,Google Ads,Search - Nonbrand Skincare,Midwest,Mobile
CUST007211,2026-06-20,Meta Ads,Retargeting - Cart Abandon,Midwest,Desktop
CUST007212,2026-06-20,Meta Ads,Retargeting - Cart Abandon,Midwest,Desktop
CUST007213,2026-06-20,Google Ads,Search - Brand,West,Mobile
CUST007214,2026-06-20,Google Ads,Search - Nonbrand Skincare,West,Mobile
CUST007215,2026-06-21,Meta Ads,Retargeting - Cart Abandon,South,Desktop
CUST007216,2026-06-21,Meta Ads,Prospecting - Broad,Midwest,Desktop
CUST007217,2026-06-21,Meta Ads,Prospecting - Lookalike 1%,South,Mobile
CUST007218,2026-06-21,Google Ads,Search - Nonbrand Skincare,South,Desktop
CUST007219,2026-06-21,Organic Search,(organic),South,Desktop
CUST007220,2026-06-21,Meta Ads,Retargeting - Cart Abandon,South,Mobile
CUST007221,2026-06-21,Google Ads,Search - Nonbrand Skincare,South,Mobile
CUST007222,2026-06-21,Organic Search,(organic),Northeast,Desktop
CUST007223,2026-06-21,Google Ads,Search - Brand,Midwest,Tablet
CUST007224,2026-06-21,Organic Search,(organic),Northeast,Tablet
CUST007225,2026-06-21,Google Ads,PMax - Skincare Prospecting,South,Mobile
CUST007226,2026-06-21,Google Ads,Search - Brand,West,Desktop
CUST007227,2026-06-21,Google Ads,Shopping - Bestsellers,South,Mobile
CUST007228,2026-06-21,Meta Ads,Prospecting - Lookalike 1%,South,Desktop
CUST007229,2026-06-21,Google Ads,Shopping - Bestsellers,South,Desktop
CUST007230,2026-06-21,Organic Search,(organic),West,Desktop
CUST007231,2026-06-21,Google Ads,PMax - Skincare Prospecting,Midwest,Mobile
CUST007232,2026-06-21,Google Ads,Search - Brand,Midwest,Desktop
CUST007233,2026-06-21,Organic Search,(organic),Northeast,Desktop
CUST007234,2026-06-21,Organic Search,(organic),South,Desktop
CUST007235,2026-06-21,Meta Ads,Prospecting - Lookalike 1%,West,Mobile
CUST007236,2026-06-21,Meta Ads,Prospecting - Broad,Midwest,Mobile
CUST007237,2026-06-21,Organic Search,(organic),South,Mobile
CUST007238,2026-06-21,Google Ads,Search - Brand,South,Desktop
CUST007239,2026-06-22,Direct,(direct),South,Desktop
CUST007240,2026-06-22,Organic Search,(organic),Northeast,Mobile
CUST007241,2026-06-22,Unattributed,(not set),South,Desktop
CUST007242,2026-06-22,Organic Search,(organic),West,Mobile
CUST007243,2026-06-22,Google Ads,Search - Brand,West,Desktop
CUST007244,2026-06-22,Google Ads,PMax - Skincare Prospecting,Midwest,Mobile
CUST007245,2026-06-22,Google Ads,PMax - Skincare Prospecting,West,Mobile
CUST007246,2026-06-22,Direct,(direct),Midwest,Desktop
CUST007247,2026-06-22,Google Ads,Shopping - Bestsellers,Northeast,Desktop
CUST007248,2026-06-22,Organic Search,(organic),Northeast,Desktop
CUST007249,2026-06-22,Meta Ads,Retargeting - Cart Abandon,West,Mobile
CUST007250,2026-06-22,Organic Search,(organic),South,Mobile
CUST007251,2026-06-22,Google Ads,PMax - Skincare Prospecting,South,Desktop
CUST007252,2026-06-22,Meta Ads,Prospecting - Broad,South,Mobile
CUST007253,2026-06-22,Google Ads,Search - Nonbrand Skincare,Midwest,Mobile
CUST007254,2026-06-22,Meta Ads,Retargeting - Cart Abandon,Midwest,Desktop
CUST007255,2026-06-22,Organic Social,(organic social),Midwest,Desktop
CUST007256,2026-06-22,Direct,(direct),South,Mobile
CUST007257,2026-06-22,Google Ads,Search - Brand,West,Mobile
CUST007258,2026-06-22,Organic Search,(organic),Midwest,Mobile
CUST007259,2026-06-23,Meta Ads,Prospecting - Broad,South,Mobile
CUST007260,2026-06-23,Unattributed,(not set),Midwest,Mobile
CUST007261,2026-06-23,Direct,(direct),Midwest,Mobile
CUST007262,2026-06-23,Meta Ads,Retargeting - Cart Abandon,South,Desktop
CUST007263,2026-06-23,Meta Ads,Retargeting - Cart Abandon,Northeast,Desktop
CUST007264,2026-06-23,Google Ads,Search - Brand,Midwest,Mobile
CUST007265,2026-06-23,Meta Ads,Retargeting - Engaged 30d,Midwest,Desktop
CUST007266,2026-06-23,Meta Ads,Retargeting - Cart Abandon,South,Mobile
CUST007267,2026-06-23,Meta Ads,Prospecting - Lookalike 1%,Northeast,Tablet
CUST007268,2026-06-23,Google Ads,PMax - Skincare Prospecting,Midwest,Tablet
CUST007269,2026-06-23,Meta Ads,Prospecting - Lookalike 1%,West,Desktop
CUST007270,2026-06-23,Organic Social,(organic social),Northeast,Mobile
CUST007271,2026-06-23,Organic Search,(organic),South,Desktop
CUST007272,2026-06-23,Meta Ads,Retargeting - Engaged 30d,Midwest,Mobile
CUST007273,2026-06-23,Organic Search,(organic),South,Desktop
CUST007274,2026-06-23,Organic Social,(organic social),West,Mobile
CUST007275,2026-06-23,Organic Social,(organic social),Northeast,Mobile
CUST007276,2026-06-23,Google Ads,Search - Brand,Northeast,Desktop
CUST007277,2026-06-23,Google Ads,PMax - Skincare Prospecting,South,Desktop
CUST007278,2026-06-23,Organic Social,(organic social),Northeast,Desktop
CUST007279,2026-06-23,Google Ads,Shopping - Bestsellers,South,Desktop
CUST007280,2026-06-23,Google Ads,Search - Brand,West,Mobile
CUST007281,2026-06-23,Meta Ads,Retargeting - Cart Abandon,West,Mobile
CUST007282,2026-06-24,Organic Social,(organic social),Northeast,Desktop
CUST007283,2026-06-24,Meta Ads,Prospecting - Broad,West,Desktop
CUST007284,2026-06-24,Direct,(direct),Northeast,Mobile
CUST007285,2026-06-24,Google Ads,PMax - Skincare Prospecting,West,Desktop
CUST007286,2026-06-24,Meta Ads,Retargeting - Engaged 30d,Midwest,Mobile
CUST007287,2026-06-24,Google Ads,Search - Nonbrand Skincare,West,Mobile
CUST007288,2026-06-24,Google Ads,Search - Nonbrand Skincare,Midwest,Desktop
CUST007289,2026-06-24,Unattributed,(not set),Midwest,Mobile
CUST007290,2026-06-24,Organic Social,(organic social),South,Mobile
CUST007291,2026-06-24,Organic Search,(organic),West,Desktop
CUST007292,2026-06-24,Organic Search,(organic),South,Mobile
CUST007293,2026-06-24,Google Ads,PMax - Skincare Prospecting,West,Mobile
CUST007294,2026-06-24,Organic Search,(organic),West,Mobile
CUST007295,2026-06-24,Google Ads,PMax - Skincare Prospecting,West,Desktop
CUST007296,2026-06-24,Organic Search,(organic),South,Mobile
CUST007297,2026-06-24,Meta Ads,Retargeting - Cart Abandon,Northeast,Desktop
CUST007298,2026-06-24,Google Ads,Search - Nonbrand Skincare,West,Mobile
CUST007299,2026-06-24,Organic Search,(organic),South,Desktop
CUST007300,2026-06-24,Meta Ads,Prospecting - Broad,Midwest,Mobile
CUST007301,2026-06-24,Meta Ads,Prospecting - Broad,West,Desktop
CUST007302,2026-06-25,Meta Ads,Prospecting - Broad,South,Desktop
CUST007303,2026-06-25,Organic Social,(organic social),Northeast,Mobile
CUST007304,2026-06-25,Meta Ads,Retargeting - Cart Abandon,West,Mobile
CUST007305,2026-06-25,Google Ads,Shopping - Bestsellers,South,Mobile
CUST007306,2026-06-25,Meta Ads,Prospecting - Lookalike 1%,South,Tablet
CUST007307,2026-06-25,Meta Ads,Retargeting - Cart Abandon,Northeast,Desktop
CUST007308,2026-06-25,Organic Search,(organic),Midwest,Mobile
CUST007309,2026-06-25,Organic Social,(organic social),Midwest,Mobile
CUST007310,2026-06-25,Meta Ads,Retargeting - Cart Abandon,Northeast,Mobile
CUST007311,2026-06-25,Organic Social,(organic social),West,Mobile
CUST007312,2026-06-25,Google Ads,Search - Nonbrand Skincare,South,Mobile
CUST007313,2026-06-25,Meta Ads,Retargeting - Engaged 30d,West,Mobile
CUST007314,2026-06-25,Google Ads,Search - Nonbrand Skincare,South,Mobile
CUST007315,2026-06-25,Google Ads,Search - Brand,West,Mobile
CUST007316,2026-06-25,Meta Ads,Prospecting - Lookalike 1%,South,Desktop
CUST007317,2026-06-25,Direct,(direct),Northeast,Mobile
CUST007318,2026-06-25,Organic Social,(organic social),West,Mobile
CUST007319,2026-06-25,Google Ads,Search - Nonbrand Skincare,South,Desktop
CUST007320,2026-06-25,Google Ads,Shopping - Bestsellers,West,Mobile
CUST007321,2026-06-26,Google Ads,Shopping - Bestsellers,South,Mobile
CUST007322,2026-06-26,Unattributed,(not set),Midwest,Desktop
CUST007323,2026-06-26,Organic Search,(organic),West,Mobile
CUST007324,2026-06-26,Google Ads,Search - Brand,Midwest,Mobile
CUST007325,2026-06-26,Unattributed,(not set),West,Desktop
CUST007326,2026-06-26,Google Ads,Search - Nonbrand Skincare,Midwest,Mobile
CUST007327,2026-06-26,Google Ads,Search - Brand,South,Desktop
CUST007328,2026-06-26,Direct,(direct),Midwest,Desktop
CUST007329,2026-06-26,Email/SMS,Campaign - Monthly Newsletter,Midwest,Desktop
CUST007330,2026-06-26,Direct,(direct),Northeast,Mobile
CUST007331,2026-06-26,Meta Ads,Prospecting - Lookalike 1%,Northeast,Mobile
CUST007332,2026-06-26,Organic Social,(organic social),Midwest,Mobile
CUST007333,2026-06-26,Meta Ads,Prospecting - Lookalike 1%,West,Mobile
CUST007334,2026-06-26,Google Ads,Search - Nonbrand Skincare,South,Desktop
CUST007335,2026-06-26,Google Ads,PMax - Skincare Prospecting,Midwest,Mobile
CUST007336,2026-06-26,Meta Ads,Retargeting - Cart Abandon,South,Mobile
CUST007337,2026-06-26,Google Ads,Shopping - Bestsellers,Midwest,Desktop
CUST007338,2026-06-26,Google Ads,Search - Nonbrand Skincare,Midwest,Desktop
CUST007339,2026-06-26,Organic Search,(organic),West,Mobile
CUST007340,2026-06-26,Organic Social,(organic social),West,Mobile
CUST007341,2026-06-26,Google Ads,Search - Nonbrand Skincare,South,Mobile
CUST007342,2026-06-26,Organic Search,(organic),West,Mobile
CUST007343,2026-06-26,Meta Ads,Prospecting - Lookalike 1%,South,Mobile
CUST007344,2026-06-27,Organic Search,(organic),West,Desktop
CUST007345,2026-06-27,Organic Social,(organic social),Northeast,Mobile
CUST007346,2026-06-27,Google Ads,Search - Nonbrand Skincare,South,Mobile
CUST007347,2026-06-27,Organic Search,(organic),South,Mobile
CUST007348,2026-06-27,Organic Search,(organic),West,Mobile
CUST007349,2026-06-27,Organic Search,(organic),Midwest,Desktop
CUST007350,2026-06-27,Meta Ads,Retargeting - Engaged 30d,South,Mobile
CUST007351,2026-06-27,Organic Social,(organic social),South,Mobile
CUST007352,2026-06-27,Meta Ads,Prospecting - Lookalike 1%,South,Mobile
CUST007353,2026-06-27,Google Ads,PMax - Skincare Prospecting,West,Desktop
CUST007354,2026-06-27,Google Ads,PMax - Skincare Prospecting,West,Desktop
CUST007355,2026-06-27,Unattributed,(not set),Midwest,Desktop
CUST007356,2026-06-27,Meta Ads,Retargeting - Engaged 30d,Northeast,Mobile
CUST007357,2026-06-27,Google Ads,Search - Brand,West,Mobile
CUST007358,2026-06-27,Organic Search,(organic),West,Mobile
CUST007359,2026-06-27,Google Ads,PMax - Skincare Prospecting,South,Desktop
CUST007360,2026-06-27,Google Ads,Shopping - Bestsellers,West,Desktop
CUST007361,2026-06-27,Google Ads,PMax - Skincare Prospecting,Midwest,Mobile
CUST007362,2026-06-27,Organic Social,(organic social),Northeast,Desktop
CUST007363,2026-06-27,Meta Ads,Prospecting - Broad,Northeast,Desktop
CUST007364,2026-06-27,Google Ads,PMax - Skincare Prospecting,South,Desktop
CUST007365,2026-06-27,Google Ads,Search - Nonbrand Skincare,West,Desktop
CUST007366,2026-06-27,Meta Ads,Prospecting - Broad,Northeast,Mobile
CUST007367,2026-06-28,Meta Ads,Prospecting - Broad,West,Desktop
CUST007368,2026-06-28,Google Ads,Search - Brand,Northeast,Mobile
CUST007369,2026-06-28,Direct,(direct),Midwest,Mobile
CUST007370,2026-06-28,Google Ads,Search - Brand,Midwest,Mobile
CUST007371,2026-06-28,Meta Ads,Prospecting - Broad,Midwest,Mobile
CUST007372,2026-06-28,Meta Ads,Retargeting - Engaged 30d,South,Desktop
CUST007373,2026-06-28,Meta Ads,Prospecting - Lookalike 1%,Northeast,Mobile
CUST007374,2026-06-28,Google Ads,Search - Nonbrand Skincare,Midwest,Mobile
CUST007375,2026-06-28,Meta Ads,Prospecting - Lookalike 1%,Northeast,Mobile
CUST007376,2026-06-28,Organic Social,(organic social),West,Mobile
CUST007377,2026-06-28,Organic Search,(organic),Northeast,Mobile
CUST007378,2026-06-28,Organic Search,(organic),South,Desktop
CUST007379,2026-06-28,Organic Search,(organic),West,Mobile
CUST007380,2026-06-28,Meta Ads,Retargeting - Engaged 30d,West,Desktop
CUST007381,2026-06-28,Meta Ads,Prospecting - Broad,Midwest,Desktop
CUST007382,2026-06-28,Meta Ads,Retargeting - Engaged 30d,South,Desktop
CUST007383,2026-06-28,Organic Search,(organic),West,Desktop
CUST007384,2026-06-28,Direct,(direct),West,Mobile
CUST007385,2026-06-28,Meta Ads,Prospecting - Lookalike 1%,South,Mobile
CUST007386,2026-06-28,Meta Ads,Retargeting - Engaged 30d,South,Mobile
CUST007387,2026-06-28,Meta Ads,Prospecting - Broad,West,Desktop
CUST007388,2026-06-28,Meta Ads,Retargeting - Cart Abandon,Midwest,Mobile
CUST007389,2026-06-28,Google Ads,PMax - Skincare Prospecting,Northeast,Mobile
CUST007390,2026-06-28,Organic Search,(organic),South,Mobile
CUST007391,2026-06-28,Organic Search,(organic),Northeast,Tablet
CUST007392,2026-06-29,Meta Ads,Retargeting - Cart Abandon,Northeast,Mobile
CUST007393,2026-06-29,Organic Search,(organic),Midwest,Mobile
CUST007394,2026-06-29,Direct,(direct),Midwest,Mobile
CUST007395,2026-06-29,Google Ads,Shopping - Bestsellers,Midwest,Desktop
CUST007396,2026-06-29,Google Ads,PMax - Skincare Prospecting,South,Mobile
CUST007397,2026-06-29,Meta Ads,Retargeting - Cart Abandon,Northeast,Mobile
CUST007398,2026-06-29,Organic Search,(organic),South,Mobile
CUST007399,2026-06-29,Google Ads,PMax - Skincare Prospecting,Midwest,Mobile
CUST007400,2026-06-29,Email/SMS,Campaign - Monthly Newsletter,South,Tablet
CUST007401,2026-06-29,Organic Search,(organic),South,Mobile
CUST007402,2026-06-29,Meta Ads,Prospecting - Broad,Northeast,Tablet
CUST007403,2026-06-29,Direct,(direct),South,Mobile
CUST007404,2026-06-29,Direct,(direct),South,Mobile
CUST007405,2026-06-29,Organic Search,(organic),West,Mobile
CUST007406,2026-06-29,Google Ads,Search - Brand,Midwest,Mobile
CUST007407,2026-06-29,Meta Ads,Prospecting - Lookalike 1%,Northeast,Mobile
CUST007408,2026-06-29,Meta Ads,Prospecting - Lookalike 1%,South,Desktop
CUST007409,2026-06-29,Google Ads,Shopping - Bestsellers,Northeast,Mobile
CUST007410,2026-06-29,Google Ads,Shopping - Bestsellers,South,Desktop
CUST007411,2026-06-29,Meta Ads,Prospecting - Broad,Midwest,Mobile
CUST007412,2026-06-30,Meta Ads,Prospecting - Broad,West,Desktop
CUST007413,2026-06-30,Meta Ads,Prospecting - Lookalike 1%,Midwest,Tablet
CUST007414,2026-06-30,Email/SMS,Flow - Welcome Series,South,Desktop
CUST007415,2026-06-30,Google Ads,Search - Nonbrand Skincare,Northeast,Desktop
CUST007416,2026-06-30,Meta Ads,Retargeting - Engaged 30d,South,Desktop
CUST007417,2026-06-30,Organic Social,(organic social),South,Mobile
CUST007418,2026-06-30,Meta Ads,Prospecting - Lookalike 1%,West,Desktop
CUST007419,2026-06-30,Organic Search,(organic),Midwest,Mobile
CUST007420,2026-06-30,Google Ads,Search - Brand,Midwest,Mobile
CUST007421,2026-06-30,Google Ads,Shopping - Bestsellers,Midwest,Desktop
CUST007422,2026-06-30,Meta Ads,Retargeting - Cart Abandon,West,Desktop
CUST007423,2026-06-30,Organic Search,(organic),South,Desktop
CUST007424,2026-06-30,Google Ads,PMax - Skincare Prospecting,Northeast,Desktop
CUST007425,2026-06-30,Organic Search,(organic),Northeast,Desktop
CUST007426,2026-06-30,Organic Social,(organic social),West,Mobile
CUST007427,2026-06-30,Google Ads,Shopping - Bestsellers,South,Mobile
CUST007428,2026-06-30,Direct,(direct),West,Mobile
CUST007429,2026-06-30,Google Ads,Shopping - Bestsellers,Midwest,Mobile
CUST007430,2026-06-30,Direct,(direct),South,Mobile
CUST007431,2026-06-30,Google Ads,Shopping - Bestsellers,Midwest,Desktop
CUST007432,2026-06-30,Google Ads,Search - Nonbrand Skincare,West,Tablet
CUST007433,2026-07-01,Direct,(direct),West,Desktop
CUST007434,2026-07-01,Meta Ads,Prospecting - Lookalike 1%,South,Mobile
CUST007435,2026-07-01,Meta Ads,Retargeting - Cart Abandon,West,Mobile
CUST007436,2026-07-01,Google Ads,Shopping - Bestsellers,Northeast,Mobile
CUST007437,2026-07-01,Unattributed,(not set),Midwest,Mobile
CUST007438,2026-07-01,Google Ads,Search - Brand,West,Mobile
CUST007439,2026-07-01,Organic Social,(organic social),Northeast,Mobile
CUST007440,2026-07-01,Google Ads,Search - Brand,West,Mobile
CUST007441,2026-07-01,Organic Social,(organic social),Northeast,Desktop
CUST007442,2026-07-01,Organic Search,(organic),South,Mobile
CUST007443,2026-07-01,Meta Ads,Prospecting - Broad,West,Desktop
CUST007444,2026-07-01,Google Ads,PMax - Skincare Prospecting,Midwest,Mobile
CUST007445,2026-07-01,Unattributed,(not set),Midwest,Mobile
CUST007446,2026-07-01,Meta Ads,Prospecting - Lookalike 1%,South,Desktop
CUST007447,2026-07-01,Google Ads,Search - Nonbrand Skincare,West,Mobile
CUST007448,2026-07-01,Organic Search,(organic),South,Desktop
CUST007449,2026-07-01,Google Ads,Shopping - Bestsellers,West,Desktop
CUST007450,2026-07-01,Organic Social,(organic social),Midwest,Desktop
CUST007451,2026-07-01,Google Ads,Search - Brand,South,Mobile
CUST007452,2026-07-01,Meta Ads,Retargeting - Engaged 30d,South,Mobile
CUST007453,2026-07-01,Organic Search,(organic),Northeast,Desktop
CUST007454,2026-07-01,Organic Search,(organic),Midwest,Mobile
CUST007455,2026-07-01,Google Ads,Shopping - Bestsellers,South,Mobile
CUST007456,2026-07-02,Organic Search,(organic),Northeast,Desktop
CUST007457,2026-07-02,Meta Ads,Retargeting - Engaged 30d,West,Desktop
CUST007458,2026-07-02,Organic Search,(organic),Midwest,Mobile
CUST007459,2026-07-02,Organic Search,(organic),West,Mobile
CUST007460,2026-07-02,Organic Search,(organic),South,Mobile
CUST007461,2026-07-02,Google Ads,Shopping - Bestsellers,West,Mobile
CUST007462,2026-07-02,Google Ads,Search - Brand,South,Mobile
CUST007463,2026-07-02,Meta Ads,Prospecting - Lookalike 1%,South,Mobile
CUST007464,2026-07-02,Direct,(direct),Northeast,Desktop
CUST007465,2026-07-02,Organic Social,(organic social),Northeast,Mobile
CUST007466,2026-07-02,Google Ads,PMax - Skincare Prospecting,South,Desktop
CUST007467,2026-07-02,Google Ads,Search - Nonbrand Skincare,South,Mobile
CUST007468,2026-07-02,Meta Ads,Retargeting - Engaged 30d,Midwest,Desktop
CUST007469,2026-07-02,Meta Ads,Retargeting - Engaged 30d,Midwest,Mobile
CUST007470,2026-07-02,Meta Ads,Prospecting - Lookalike 1%,Midwest,Mobile
CUST007471,2026-07-02,Google Ads,Search - Nonbrand Skincare,Midwest,Desktop
CUST007472,2026-07-02,Direct,(direct),Northeast,Desktop
CUST007473,2026-07-02,Google Ads,Search - Nonbrand Skincare,Midwest,Tablet
CUST007474,2026-07-02,Meta Ads,Retargeting - Engaged 30d,Northeast,Mobile
CUST007475,2026-07-02,Google Ads,Shopping - Bestsellers,Midwest,Mobile
CUST007476,2026-07-02,Google Ads,Search - Nonbrand Skincare,Midwest,Mobile
CUST007477,2026-07-03,Google Ads,Shopping - Bestsellers,Midwest,Mobile
CUST007478,2026-07-03,Meta Ads,Retargeting - Cart Abandon,West,Mobile
CUST007479,2026-07-03,Google Ads,PMax - Skincare Prospecting,South,Mobile
CUST007480,2026-07-03,Meta Ads,Prospecting - Lookalike 1%,Northeast,Mobile
CUST007481,2026-07-03,Meta Ads,Prospecting - Lookalike 1%,Northeast,Mobile
CUST007482,2026-07-03,Meta Ads,Retargeting - Engaged 30d,Northeast,Mobile
CUST007483,2026-07-03,Organic Search,(organic),West,Desktop
CUST007484,2026-07-03,Meta Ads,Retargeting - Engaged 30d,Midwest,Mobile
CUST007485,2026-07-03,Meta Ads,Retargeting - Cart Abandon,South,Mobile
CUST007486,2026-07-03,Direct,(direct),Northeast,Mobile
CUST007487,2026-07-03,Google Ads,Shopping - Bestsellers,Midwest,Mobile
CUST007488,2026-07-03,Google Ads,Search - Brand,West,Mobile
CUST007489,2026-07-03,Google Ads,Search - Nonbrand Skincare,Northeast,Tablet
CUST007490,2026-07-03,Google Ads,Search - Brand,South,Mobile
CUST007491,2026-07-03,Google Ads,Shopping - Bestsellers,West,Mobile
CUST007492,2026-07-03,Google Ads,PMax - Skincare Prospecting,West,Mobile
CUST007493,2026-07-03,Meta Ads,Prospecting - Broad,South,Mobile
CUST007494,2026-07-03,Direct,(direct),Midwest,Mobile
CUST007495,2026-07-03,Email/SMS,Campaign - Monthly Newsletter,Midwest,Mobile
CUST007496,2026-07-03,Meta Ads,Retargeting - Engaged 30d,West,Tablet
CUST007497,2026-07-03,Google Ads,Shopping - Bestsellers,South,Desktop
CUST007498,2026-07-03,Google Ads,PMax - Skincare Prospecting,West,Desktop
CUST007499,2026-07-03,Organic Search,(organic),Northeast,Desktop
CUST007500,2026-07-03,Meta Ads,Prospecting - Lookalike 1%,West,Desktop
CUST007501,2026-07-03,Meta Ads,Prospecting - Broad,West,Desktop
CUST007502,2026-07-04,Google Ads,Search - Brand,South,Mobile
CUST007503,2026-07-04,Meta Ads,Retargeting - Cart Abandon,South,Desktop
CUST007504,2026-07-04,Direct,(direct),Northeast,Mobile
CUST007505,2026-07-04,Google Ads,Search - Brand,West,Desktop
CUST007506,2026-07-04,Google Ads,PMax - Skincare Prospecting,West,Desktop
CUST007507,2026-07-04,Organic Search,(organic),South,Mobile
CUST007508,2026-07-04,Meta Ads,Retargeting - Engaged 30d,Northeast,Mobile
CUST007509,2026-07-04,Meta Ads,Retargeting - Cart Abandon,South,Mobile
CUST007510,2026-07-04,Unattributed,(not set),South,Mobile
CUST007511,2026-07-04,Organic Search,(organic),West,Desktop
CUST007512,2026-07-04,Organic Search,(organic),Northeast,Mobile
CUST007513,2026-07-04,Meta Ads,Retargeting - Engaged 30d,West,Mobile
CUST007514,2026-07-04,Unattributed,(not set),West,Mobile
CUST007515,2026-07-04,Google Ads,Search - Brand,West,Desktop
CUST007516,2026-07-04,Meta Ads,Retargeting - Cart Abandon,Midwest,Mobile
CUST007517,2026-07-04,Organic Search,(organic),Northeast,Desktop
CUST007518,2026-07-04,Google Ads,Search - Brand,Northeast,Mobile
CUST007519,2026-07-04,Email/SMS,Flow - Abandoned Cart,South,Tablet
CUST007520,2026-07-04,Google Ads,Shopping - Bestsellers,Midwest,Desktop
CUST007521,2026-07-04,Google Ads,Search - Brand,South,Mobile
CUST007522,2026-07-04,Meta Ads,Prospecting - Lookalike 1%,West,Desktop
CUST007523,2026-07-04,Meta Ads,Prospecting - Broad,Midwest,Mobile
CUST007524,2026-07-04,Direct,(direct),Midwest,Mobile
CUST007525,2026-07-04,Meta Ads,Retargeting - Engaged 30d,Northeast,Desktop
CUST007526,2026-07-04,Meta Ads,Retargeting - Engaged 30d,Northeast,Desktop
CUST007527,2026-07-05,Meta Ads,Prospecting - Broad,West,Mobile
CUST007528,2026-07-05,Organic Social,(organic social),West,Desktop
CUST007529,2026-07-05,Google Ads,PMax - Skincare Prospecting,Northeast,Mobile
CUST007530,2026-07-05,Direct,(direct),Northeast,Mobile
CUST007531,2026-07-05,Direct,(direct),West,Desktop
CUST007532,2026-07-05,Google Ads,PMax - Skincare Prospecting,West,Desktop
CUST007533,2026-07-05,Google Ads,Search - Nonbrand Skincare,Northeast,Mobile
CUST007534,2026-07-05,Meta Ads,Prospecting - Lookalike 1%,West,Mobile
CUST007535,2026-07-05,Meta Ads,Prospecting - Lookalike 1%,Northeast,Desktop
CUST007536,2026-07-05,Meta Ads,Retargeting - Cart Abandon,Midwest,Mobile
CUST007537,2026-07-05,Direct,(direct),West,Mobile
CUST007538,2026-07-05,Organic Search,(organic),Midwest,Mobile
CUST007539,2026-07-05,Google Ads,Search - Brand,Northeast,Mobile
CUST007540,2026-07-05,Google Ads,PMax - Skincare Prospecting,West,Desktop
CUST007541,2026-07-05,Organic Search,(organic),Midwest,Mobile
CUST007542,2026-07-05,Meta Ads,Retargeting - Cart Abandon,Midwest,Mobile
CUST007543,2026-07-05,Meta Ads,Prospecting - Lookalike 1%,Midwest,Desktop
CUST007544,2026-07-05,Organic Social,(organic social),Northeast,Desktop
CUST007545,2026-07-05,Organic Social,(organic social),West,Mobile
CUST007546,2026-07-05,Organic Search,(organic),Northeast,Desktop
CUST007547,2026-07-05,Google Ads,PMax - Skincare Prospecting,Midwest,Mobile
CUST007548,2026-07-05,Unattributed,(not set),Midwest,Mobile
CUST007549,2026-07-05,Organic Search,(organic),South,Desktop
CUST007550,2026-07-05,Organic Search,(organic),West,Mobile
CUST007551,2026-07-05,Meta Ads,Prospecting - Lookalike 1%,Northeast,Mobile
CUST007552,2026-07-05,Meta Ads,Prospecting - Lookalike 1%,South,Mobile
CUST007553,2026-07-06,Unattributed,(not set),West,Desktop
CUST007554,2026-07-06,Organic Search,(organic),South,Mobile
CUST007555,2026-07-06,Meta Ads,Retargeting - Cart Abandon,South,Desktop
CUST007556,2026-07-06,Direct,(direct),Midwest,Mobile
CUST007557,2026-07-06,Organic Social,(organic social),Northeast,Mobile
CUST007558,2026-07-06,Meta Ads,Retargeting - Cart Abandon,Northeast,Mobile
CUST007559,2026-07-06,Direct,(direct),South,Mobile
CUST007560,2026-07-06,Meta Ads,Prospecting - Lookalike 1%,South,Mobile
CUST007561,2026-07-06,Organic Search,(organic),West,Mobile
CUST007562,2026-07-06,Organic Social,(organic social),West,Mobile
CUST007563,2026-07-06,Direct,(direct),West,Mobile
CUST007564,2026-07-06,Google Ads,PMax - Skincare Prospecting,West,Mobile
CUST007565,2026-07-06,Organic Social,(organic social),Midwest,Mobile
CUST007566,2026-07-06,Organic Social,(organic social),West,Desktop
CUST007567,2026-07-06,Organic Search,(organic),South,Mobile
CUST007568,2026-07-06,Direct,(direct),Midwest,Tablet
CUST007569,2026-07-06,Organic Search,(organic),Northeast,Mobile
CUST007570,2026-07-07,Meta Ads,Retargeting - Cart Abandon,Northeast,Tablet
CUST007571,2026-07-07,Meta Ads,Retargeting - Cart Abandon,Midwest,Desktop
CUST007572,2026-07-07,Google Ads,Search - Brand,South,Mobile
CUST007573,2026-07-07,Meta Ads,Retargeting - Engaged 30d,Midwest,Mobile
CUST007574,2026-07-07,Meta Ads,Retargeting - Engaged 30d,South,Mobile
CUST007575,2026-07-07,Google Ads,Shopping - Bestsellers,West,Desktop
CUST007576,2026-07-07,Meta Ads,Retargeting - Engaged 30d,Midwest,Mobile
CUST007577,2026-07-07,Direct,(direct),Midwest,Mobile
CUST007578,2026-07-07,Meta Ads,Retargeting - Engaged 30d,South,Mobile
CUST007579,2026-07-07,Organic Search,(organic),West,Desktop
CUST007580,2026-07-07,Organic Search,(organic),Midwest,Mobile
CUST007581,2026-07-07,Google Ads,Search - Brand,West,Mobile
CUST007582,2026-07-07,Meta Ads,Prospecting - Broad,West,Mobile
CUST007583,2026-07-07,Meta Ads,Prospecting - Lookalike 1%,Midwest,Mobile
CUST007584,2026-07-07,Google Ads,Search - Brand,Midwest,Mobile
CUST007585,2026-07-07,Google Ads,Search - Nonbrand Skincare,Midwest,Mobile
CUST007586,2026-07-07,Organic Social,(organic social),Midwest,Mobile
CUST007587,2026-07-07,Organic Search,(organic),South,Mobile
CUST007588,2026-07-07,Meta Ads,Retargeting - Engaged 30d,West,Desktop
CUST007589,2026-07-08,Meta Ads,Retargeting - Cart Abandon,South,Mobile
CUST007590,2026-07-08,Organic Social,(organic social),South,Mobile
CUST007591,2026-07-08,Direct,(direct),South,Tablet
CUST007592,2026-07-08,Organic Search,(organic),Northeast,Mobile
CUST007593,2026-07-08,Organic Search,(organic),South,Mobile
CUST007594,2026-07-08,Organic Search,(organic),Northeast,Desktop
CUST007595,2026-07-08,Organic Search,(organic),South,Mobile
CUST007596,2026-07-08,Google Ads,Shopping - Bestsellers,Midwest,Mobile
CUST007597,2026-07-08,Google Ads,Search - Nonbrand Skincare,West,Desktop
CUST007598,2026-07-08,Google Ads,Search - Brand,Northeast,Mobile
CUST007599,2026-07-08,Email/SMS,Flow - Welcome Series,South,Mobile
CUST007600,2026-07-08,Organic Social,(organic social),Midwest,Mobile
CUST007601,2026-07-08,Meta Ads,Prospecting - Lookalike 1%,South,Desktop
CUST007602,2026-07-08,Google Ads,Search - Nonbrand Skincare,West,Mobile
CUST007603,2026-07-08,Meta Ads,Retargeting - Engaged 30d,West,Mobile
CUST007604,2026-07-08,Google Ads,Search - Brand,South,Desktop
CUST007605,2026-07-08,Google Ads,PMax - Skincare Prospecting,Midwest,Mobile
CUST007606,2026-07-08,Organic Search,(organic),West,Desktop
CUST007607,2026-07-08,Google Ads,Search - Nonbrand Skincare,West,Desktop
CUST007608,2026-07-08,Meta Ads,Retargeting - Engaged 30d,Northeast,Mobile
CUST007609,2026-07-08,Organic Search,(organic),South,Desktop
CUST007610,2026-07-08,Meta Ads,Prospecting - Broad,West,Mobile
CUST007611,2026-07-09,Direct,(direct),Midwest,Mobile
CUST007612,2026-07-09,Unattributed,(not set),South,Mobile
CUST007613,2026-07-09,Google Ads,Shopping - Bestsellers,South,Desktop
CUST007614,2026-07-09,Meta Ads,Prospecting - Lookalike 1%,Midwest,Tablet
CUST007615,2026-07-09,Meta Ads,Retargeting - Cart Abandon,South,Mobile
CUST007616,2026-07-09,Google Ads,Search - Nonbrand Skincare,Northeast,Mobile
CUST007617,2026-07-09,Google Ads,Search - Brand,South,Mobile
CUST007618,2026-07-09,Meta Ads,Prospecting - Lookalike 1%,Midwest,Mobile
CUST007619,2026-07-09,Google Ads,Search - Nonbrand Skincare,West,Desktop
CUST007620,2026-07-09,Meta Ads,Retargeting - Cart Abandon,Midwest,Desktop
CUST007621,2026-07-09,Google Ads,Shopping - Bestsellers,Midwest,Tablet
CUST007622,2026-07-09,Organic Search,(organic),South,Desktop
CUST007623,2026-07-09,Email/SMS,Campaign - Monthly Newsletter,West,Desktop
CUST007624,2026-07-09,Unattributed,(not set),South,Mobile
CUST007625,2026-07-09,Google Ads,Shopping - Bestsellers,Midwest,Mobile
CUST007626,2026-07-09,Google Ads,PMax - Skincare Prospecting,South,Mobile
CUST007627,2026-07-09,Google Ads,Shopping - Bestsellers,West,Mobile
CUST007628,2026-07-09,Organic Social,(organic social),Midwest,Mobile
CUST007629,2026-07-09,Meta Ads,Retargeting - Cart Abandon,Midwest,Mobile
CUST007630,2026-07-09,Email/SMS,Flow - Welcome Series,Midwest,Mobile
CUST007631,2026-07-09,Meta Ads,Prospecting - Broad,South,Mobile
CUST007632,2026-07-10,Meta Ads,Prospecting - Broad,West,Tablet
CUST007633,2026-07-10,Meta Ads,Prospecting - Lookalike 1%,Midwest,Desktop
CUST007634,2026-07-10,Email/SMS,Flow - Welcome Series,Midwest,Mobile
CUST007635,2026-07-10,Direct,(direct),West,Tablet
CUST007636,2026-07-10,Meta Ads,Retargeting - Engaged 30d,Midwest,Mobile
CUST007637,2026-07-10,Google Ads,Shopping - Bestsellers,South,Mobile
CUST007638,2026-07-10,Google Ads,Shopping - Bestsellers,West,Mobile
CUST007639,2026-07-10,Meta Ads,Prospecting - Lookalike 1%,South,Mobile
CUST007640,2026-07-10,Organic Social,(organic social),West,Mobile
CUST007641,2026-07-10,Meta Ads,Prospecting - Broad,Northeast,Tablet
CUST007642,2026-07-10,Google Ads,Shopping - Bestsellers,West,Mobile
CUST007643,2026-07-10,Google Ads,Search - Nonbrand Skincare,Midwest,Desktop
CUST007644,2026-07-10,Organic Search,(organic),West,Mobile
CUST007645,2026-07-10,Google Ads,Shopping - Bestsellers,South,Desktop
CUST007646,2026-07-10,Organic Social,(organic social),South,Mobile
CUST007647,2026-07-10,Organic Search,(organic),West,Mobile
CUST007648,2026-07-10,Organic Social,(organic social),Midwest,Desktop
CUST007649,2026-07-10,Organic Search,(organic),Northeast,Desktop
CUST007650,2026-07-10,Direct,(direct),West,Mobile
CUST007651,2026-07-10,Organic Search,(organic),West,Mobile
CUST007652,2026-07-11,Meta Ads,Prospecting - Broad,South,Mobile
CUST007653,2026-07-11,Google Ads,Search - Nonbrand Skincare,South,Mobile
CUST007654,2026-07-11,Google Ads,PMax - Skincare Prospecting,Northeast,Mobile
CUST007655,2026-07-11,Meta Ads,Retargeting - Cart Abandon,Midwest,Desktop
CUST007656,2026-07-11,Google Ads,Search - Nonbrand Skincare,Midwest,Mobile
CUST007657,2026-07-11,Meta Ads,Retargeting - Cart Abandon,Midwest,Mobile
CUST007658,2026-07-11,Organic Search,(organic),South,Mobile
CUST007659,2026-07-11,Google Ads,Search - Brand,South,Mobile
CUST007660,2026-07-11,Direct,(direct),West,Mobile
CUST007661,2026-07-11,Unattributed,(not set),West,Desktop
CUST007662,2026-07-11,Organic Search,(organic),Northeast,Mobile
CUST007663,2026-07-11,Organic Search,(organic),West,Desktop
CUST007664,2026-07-11,Meta Ads,Retargeting - Cart Abandon,Midwest,Mobile
CUST007665,2026-07-11,Direct,(direct),South,Mobile
CUST007666,2026-07-11,Google Ads,Search - Brand,West,Mobile
CUST007667,2026-07-11,Google Ads,Search - Nonbrand Skincare,West,Desktop
CUST007668,2026-07-11,Google Ads,Shopping - Bestsellers,Northeast,Desktop
CUST007669,2026-07-11,Google Ads,PMax - Skincare Prospecting,South,Mobile
CUST007670,2026-07-11,Google Ads,Search - Brand,West,Mobile
CUST007671,2026-07-12,Meta Ads,Prospecting - Broad,South,Mobile
CUST007672,2026-07-12,Google Ads,PMax - Skincare Prospecting,Midwest,Mobile
CUST007673,2026-07-12,Organic Search,(organic),Midwest,Mobile
CUST007674,2026-07-12,Direct,(direct),Northeast,Desktop
CUST007675,2026-07-12,Organic Search,(organic),West,Desktop
CUST007676,2026-07-12,Meta Ads,Retargeting - Cart Abandon,Northeast,Desktop
CUST007677,2026-07-12,Meta Ads,Retargeting - Engaged 30d,Midwest,Mobile
CUST007678,2026-07-12,Meta Ads,Prospecting - Broad,West,Desktop
CUST007679,2026-07-12,Email/SMS,Flow - Welcome Series,Northeast,Tablet
CUST007680,2026-07-12,Meta Ads,Retargeting - Cart Abandon,West,Mobile
CUST007681,2026-07-12,Meta Ads,Retargeting - Cart Abandon,West,Desktop
CUST007682,2026-07-12,Direct,(direct),Northeast,Tablet
CUST007683,2026-07-12,Meta Ads,Retargeting - Engaged 30d,Midwest,Mobile
CUST007684,2026-07-12,Organic Search,(organic),South,Mobile
CUST007685,2026-07-12,Meta Ads,Prospecting - Lookalike 1%,Midwest,Mobile
CUST007686,2026-07-12,Google Ads,Search - Nonbrand Skincare,South,Mobile
CUST007687,2026-07-12,Google Ads,PMax - Skincare Prospecting,Midwest,Mobile
CUST007688,2026-07-12,Google Ads,Search - Nonbrand Skincare,Midwest,Tablet
CUST007689,2026-07-12,Meta Ads,Prospecting - Lookalike 1%,West,Mobile
CUST007690,2026-07-12,Meta Ads,Retargeting - Cart Abandon,Midwest,Mobile
CUST007691,2026-07-12,Google Ads,Search - Brand,Midwest,Mobile
CUST007692,2026-07-12,Meta Ads,Retargeting - Cart Abandon,West,Desktop
CUST007693,2026-07-12,Organic Search,(organic),Northeast,Desktop
CUST007694,2026-07-12,Organic Social,(organic social),Midwest,Desktop
CUST007695,2026-07-12,Organic Social,(organic social),West,Mobile
CUST007696,2026-07-12,Google Ads,PMax - Skincare Prospecting,Northeast,Desktop
CUST007697,2026-07-12,Organic Search,(organic),Northeast,Desktop
CUST007698,2026-07-13,Google Ads,Shopping - Bestsellers,Northeast,Mobile
CUST007699,2026-07-13,Google Ads,Search - Brand,West,Desktop
CUST007700,2026-07-13,Organic Search,(organic),Midwest,Mobile
CUST007701,2026-07-13,Organic Search,(organic),Northeast,Desktop
CUST007702,2026-07-13,Google Ads,Shopping - Bestsellers,Northeast,Mobile
CUST007703,2026-07-13,Meta Ads,Prospecting - Lookalike 1%,Midwest,Mobile
CUST007704,2026-07-13,Meta Ads,Retargeting - Engaged 30d,Midwest,Mobile
CUST007705,2026-07-13,Organic Search,(organic),Midwest,Desktop
CUST007706,2026-07-13,Google Ads,Shopping - Bestsellers,West,Mobile
CUST007707,2026-07-13,Organic Search,(organic),South,Mobile
CUST007708,2026-07-13,Meta Ads,Prospecting - Broad,South,Mobile
CUST007709,2026-07-13,Google Ads,Shopping - Bestsellers,South,Mobile
CUST007710,2026-07-13,Google Ads,Shopping - Bestsellers,Northeast,Desktop
CUST007711,2026-07-13,Google Ads,Search - Nonbrand Skincare,West,Mobile
CUST007712,2026-07-13,Google Ads,Shopping - Bestsellers,West,Mobile
CUST007713,2026-07-13,Organic Search,(organic),Northeast,Mobile
CUST007714,2026-07-13,Organic Search,(organic),South,Mobile
CUST007715,2026-07-13,Organic Search,(organic),South,Mobile
CUST007716,2026-07-13,Meta Ads,Prospecting - Broad,South,Desktop
CUST007717,2026-07-13,Meta Ads,Prospecting - Broad,Midwest,Desktop
CUST007718,2026-07-13,Google Ads,Shopping - Bestsellers,West,Mobile
CUST007719,2026-07-13,Organic Search,(organic),South,Mobile
CUST007720,2026-07-14,Google Ads,Search - Brand,South,Mobile
CUST007721,2026-07-14,Organic Search,(organic),South,Desktop
CUST007722,2026-07-14,Google Ads,Search - Nonbrand Skincare,West,Tablet
CUST007723,2026-07-14,Google Ads,Search - Nonbrand Skincare,South,Mobile
CUST007724,2026-07-14,Organic Social,(organic social),West,Desktop
CUST007725,2026-07-14,Direct,(direct),West,Mobile
CUST007726,2026-07-14,Meta Ads,Retargeting - Cart Abandon,West,Mobile
CUST007727,2026-07-14,Google Ads,PMax - Skincare Prospecting,South,Mobile
CUST007728,2026-07-14,Google Ads,PMax - Skincare Prospecting,West,Mobile
CUST007729,2026-07-14,Google Ads,Search - Nonbrand Skincare,South,Mobile
CUST007730,2026-07-14,Organic Search,(organic),South,Mobile
CUST007731,2026-07-14,Direct,(direct),Midwest,Desktop
CUST007732,2026-07-14,Organic Social,(organic social),West,Mobile
CUST007733,2026-07-14,Organic Social,(organic social),West,Desktop
CUST007734,2026-07-14,Organic Social,(organic social),West,Mobile
CUST007735,2026-07-14,Organic Search,(organic),South,Mobile
CUST007736,2026-07-14,Meta Ads,Prospecting - Lookalike 1%,West,Mobile
CUST007737,2026-07-14,Organic Social,(organic social),South,Mobile
CUST007738,2026-07-14,Meta Ads,Retargeting - Engaged 30d,South,Mobile
CUST007739,2026-07-14,Organic Social,(organic social),Midwest,Mobile
CUST007740,2026-07-14,Meta Ads,Prospecting - Broad,Midwest,Desktop
CUST007741,2026-07-14,Organic Search,(organic),Midwest,Mobile
CUST007742,2026-07-15,Organic Social,(organic social),South,Mobile
CUST007743,2026-07-15,Meta Ads,Retargeting - Engaged 30d,South,Mobile
CUST007744,2026-07-15,Google Ads,Search - Nonbrand Skincare,South,Desktop
CUST007745,2026-07-15,Google Ads,PMax - Skincare Prospecting,South,Tablet
CUST007746,2026-07-15,Organic Search,(organic),West,Mobile
CUST007747,2026-07-15,Meta Ads,Prospecting - Lookalike 1%,South,Mobile
CUST007748,2026-07-15,Google Ads,Shopping - Bestsellers,Northeast,Mobile
CUST007749,2026-07-15,Meta Ads,Retargeting - Engaged 30d,West,Mobile
CUST007750,2026-07-15,Google Ads,Shopping - Bestsellers,Midwest,Mobile
CUST007751,2026-07-15,Organic Search,(organic),West,Mobile
CUST007752,2026-07-15,Meta Ads,Retargeting - Engaged 30d,South,Mobile
CUST007753,2026-07-15,Google Ads,Search - Brand,Northeast,Mobile
CUST007754,2026-07-15,Meta Ads,Retargeting - Engaged 30d,Midwest,Desktop
CUST007755,2026-07-15,Google Ads,Search - Brand,Midwest,Desktop
CUST007756,2026-07-15,Organic Search,(organic),Northeast,Mobile
CUST007757,2026-07-15,Email/SMS,Flow - Abandoned Cart,South,Mobile
CUST007758,2026-07-15,Direct,(direct),West,Desktop
CUST007759,2026-07-15,Direct,(direct),Northeast,Mobile
CUST007760,2026-07-15,Email/SMS,Flow - Abandoned Cart,South,Mobile
CUST007761,2026-07-16,Direct,(direct),South,Desktop
CUST007762,2026-07-16,Meta Ads,Retargeting - Engaged 30d,West,Mobile
CUST007763,2026-07-16,Direct,(direct),Midwest,Mobile
CUST007764,2026-07-16,Meta Ads,Retargeting - Cart Abandon,West,Desktop
CUST007765,2026-07-16,Google Ads,PMax - Skincare Prospecting,West,Desktop
CUST007766,2026-07-16,Meta Ads,Retargeting - Cart Abandon,South,Mobile
CUST007767,2026-07-16,Direct,(direct),South,Mobile
CUST007768,2026-07-16,Organic Search,(organic),Northeast,Mobile
CUST007769,2026-07-16,Organic Search,(organic),Midwest,Mobile
CUST007770,2026-07-16,Organic Social,(organic social),Northeast,Mobile
CUST007771,2026-07-16,Organic Search,(organic),West,Mobile
CUST007772,2026-07-16,Google Ads,Search - Brand,South,Desktop
CUST007773,2026-07-16,Google Ads,Search - Brand,West,Desktop
CUST007774,2026-07-16,Meta Ads,Prospecting - Lookalike 1%,West,Desktop
CUST007775,2026-07-16,Meta Ads,Prospecting - Broad,West,Mobile
CUST007776,2026-07-17,Meta Ads,Retargeting - Engaged 30d,South,Desktop
CUST007777,2026-07-17,Google Ads,PMax - Skincare Prospecting,West,Desktop
CUST007778,2026-07-17,Google Ads,Search - Nonbrand Skincare,Northeast,Mobile
CUST007779,2026-07-17,Google Ads,Search - Nonbrand Skincare,Northeast,Mobile
CUST007780,2026-07-17,Organic Social,(organic social),Midwest,Tablet
CUST007781,2026-07-17,Meta Ads,Retargeting - Engaged 30d,West,Mobile
CUST007782,2026-07-17,Organic Search,(organic),Midwest,Mobile
CUST007783,2026-07-17,Organic Search,(organic),Northeast,Mobile
CUST007784,2026-07-17,Organic Search,(organic),West,Mobile
CUST007785,2026-07-17,Meta Ads,Prospecting - Lookalike 1%,West,Mobile
CUST007786,2026-07-17,Direct,(direct),South,Mobile
CUST007787,2026-07-17,Google Ads,Search - Nonbrand Skincare,Northeast,Mobile
CUST007788,2026-07-17,Meta Ads,Retargeting - Engaged 30d,West,Mobile
CUST007789,2026-07-17,Meta Ads,Retargeting - Cart Abandon,South,Desktop
CUST007790,2026-07-17,Organic Social,(organic social),Midwest,Tablet
CUST007791,2026-07-17,Meta Ads,Prospecting - Lookalike 1%,West,Mobile
CUST007792,2026-07-17,Meta Ads,Retargeting - Engaged 30d,Northeast,Desktop
CUST007793,2026-07-17,Google Ads,Search - Nonbrand Skincare,Northeast,Desktop
CUST007794,2026-07-17,Meta Ads,Retargeting - Engaged 30d,West,Desktop
CUST007795,2026-07-17,Google Ads,PMax - Skincare Prospecting,South,Mobile
CUST007796,2026-07-17,Google Ads,Search - Brand,South,Tablet
CUST007797,2026-07-17,Organic Social,(organic social),Midwest,Mobile
CUST007798,2026-07-17,Google Ads,PMax - Skincare Prospecting,West,Desktop
CUST007799,2026-07-17,Organic Search,(organic),South,Mobile
CUST007800,2026-07-18,Google Ads,Search - Brand,Northeast,Desktop
CUST007801,2026-07-18,Google Ads,Shopping - Bestsellers,Northeast,Mobile
CUST007802,2026-07-18,Direct,(direct),South,Desktop
CUST007803,2026-07-18,Organic Search,(organic),West,Desktop
CUST007804,2026-07-18,Google Ads,Shopping - Bestsellers,Northeast,Mobile
CUST007805,2026-07-18,Google Ads,Shopping - Bestsellers,West,Desktop
CUST007806,2026-07-18,Google Ads,Shopping - Bestsellers,Midwest,Desktop
CUST007807,2026-07-18,Email/SMS,Flow - Abandoned Cart,Northeast,Desktop
CUST007808,2026-07-18,Meta Ads,Retargeting - Cart Abandon,Midwest,Mobile
CUST007809,2026-07-18,Meta Ads,Retargeting - Cart Abandon,West,Desktop
CUST007810,2026-07-18,Google Ads,Search - Brand,Northeast,Desktop
CUST007811,2026-07-18,Google Ads,Search - Brand,Northeast,Desktop
CUST007812,2026-07-18,Organic Social,(organic social),West,Desktop
CUST007813,2026-07-18,Organic Search,(organic),Northeast,Desktop
CUST007814,2026-07-18,Meta Ads,Prospecting - Broad,Midwest,Mobile
CUST007815,2026-07-18,Direct,(direct),West,Desktop
CUST007816,2026-07-18,Meta Ads,Prospecting - Broad,Midwest,Mobile
CUST007817,2026-07-18,Organic Search,(organic),West,Tablet
CUST007818,2026-07-18,Organic Search,(organic),South,Mobile
CUST007819,2026-07-18,Google Ads,Shopping - Bestsellers,West,Mobile
CUST007820,2026-07-18,Google Ads,PMax - Skincare Prospecting,South,Desktop
CUST007821,2026-07-18,Meta Ads,Prospecting - Lookalike 1%,Northeast,Desktop
CUST007822,2026-07-18,Meta Ads,Retargeting - Engaged 30d,West,Desktop
CUST007823,2026-07-18,Organic Social,(organic social),South,Desktop
CUST007824,2026-07-18,Direct,(direct),West,Mobile
CUST007825,2026-07-18,Google Ads,Shopping - Bestsellers,Northeast,Mobile
CUST007826,2026-07-19,Email/SMS,Flow - Abandoned Cart,West,Desktop
CUST007827,2026-07-19,Meta Ads,Retargeting - Engaged 30d,West,Mobile
CUST007828,2026-07-19,Organic Search,(organic),South,Tablet
CUST007829,2026-07-19,Meta Ads,Prospecting - Lookalike 1%,West,Mobile
CUST007830,2026-07-19,Google Ads,Search - Brand,West,Mobile
CUST007831,2026-07-19,Organic Search,(organic),West,Mobile
CUST007832,2026-07-19,Google Ads,Search - Brand,Midwest,Mobile
CUST007833,2026-07-19,Organic Search,(organic),Northeast,Mobile
CUST007834,2026-07-19,Meta Ads,Retargeting - Cart Abandon,Midwest,Desktop
CUST007835,2026-07-19,Organic Search,(organic),West,Mobile
CUST007836,2026-07-19,Google Ads,Shopping - Bestsellers,South,Mobile
CUST007837,2026-07-19,Organic Social,(organic social),Northeast,Desktop
CUST007838,2026-07-19,Meta Ads,Prospecting - Lookalike 1%,Midwest,Desktop
CUST007839,2026-07-19,Direct,(direct),Midwest,Desktop
CUST007840,2026-07-19,Google Ads,Shopping - Bestsellers,West,Mobile
CUST007841,2026-07-19,Organic Search,(organic),West,Mobile
CUST007842,2026-07-19,Organic Search,(organic),South,Mobile
CUST007843,2026-07-19,Direct,(direct),Midwest,Desktop
CUST007844,2026-07-19,Meta Ads,Retargeting - Cart Abandon,South,Desktop
CUST007845,2026-07-19,Meta Ads,Prospecting - Lookalike 1%,Midwest,Mobile
CUST007846,2026-07-20,Google Ads,Search - Nonbrand Skincare,South,Mobile
CUST007847,2026-07-20,Organic Search,(organic),Northeast,Desktop
CUST007848,2026-07-20,Google Ads,Search - Brand,South,Tablet
CUST007849,2026-07-20,Organic Search,(organic),South,Desktop
CUST007850,2026-07-20,Organic Search,(organic),Northeast,Desktop
CUST007851,2026-07-20,Organic Search,(organic),South,Mobile
CUST007852,2026-07-20,Organic Search,(organic),South,Desktop
CUST007853,2026-07-20,Google Ads,Search - Brand,Midwest,Mobile
CUST007854,2026-07-20,Meta Ads,Retargeting - Cart Abandon,South,Mobile
CUST007855,2026-07-20,Google Ads,Shopping - Bestsellers,South,Desktop
CUST007856,2026-07-20,Meta Ads,Retargeting - Engaged 30d,South,Desktop
CUST007857,2026-07-20,Meta Ads,Prospecting - Broad,Midwest,Desktop
CUST007858,2026-07-20,Direct,(direct),West,Mobile
CUST007859,2026-07-20,Meta Ads,Retargeting - Cart Abandon,South,Mobile
CUST007860,2026-07-20,Google Ads,PMax - Skincare Prospecting,Northeast,Mobile
CUST007861,2026-07-21,Organic Social,(organic social),South,Desktop
CUST007862,2026-07-21,Meta Ads,Retargeting - Engaged 30d,West,Desktop
CUST007863,2026-07-21,Meta Ads,Retargeting - Engaged 30d,Midwest,Mobile
CUST007864,2026-07-21,Direct,(direct),Northeast,Desktop
CUST007865,2026-07-21,Google Ads,Search - Nonbrand Skincare,Northeast,Tablet
CUST007866,2026-07-21,Meta Ads,Retargeting - Cart Abandon,Midwest,Desktop
CUST007867,2026-07-21,Organic Search,(organic),South,Mobile
CUST007868,2026-07-21,Google Ads,Shopping - Bestsellers,West,Mobile
CUST007869,2026-07-21,Meta Ads,Retargeting - Cart Abandon,South,Mobile
CUST007870,2026-07-21,Google Ads,PMax - Skincare Prospecting,South,Mobile
CUST007871,2026-07-21,Meta Ads,Prospecting - Broad,West,Mobile
CUST007872,2026-07-21,Meta Ads,Retargeting - Engaged 30d,South,Mobile
CUST007873,2026-07-21,Organic Search,(organic),Northeast,Mobile
CUST007874,2026-07-21,Organic Social,(organic social),West,Tablet
CUST007875,2026-07-21,Organic Search,(organic),Northeast,Desktop
CUST007876,2026-07-21,Unattributed,(not set),South,Desktop
CUST007877,2026-07-21,Email/SMS,Flow - Post Purchase Winback,Northeast,Mobile
CUST007878,2026-07-21,Organic Search,(organic),South,Desktop
CUST007879,2026-07-21,Meta Ads,Retargeting - Cart Abandon,South,Mobile
CUST007880,2026-07-22,Google Ads,Search - Brand,South,Mobile
CUST007881,2026-07-22,Meta Ads,Prospecting - Broad,West,Mobile
CUST007882,2026-07-22,Direct,(direct),West,Mobile
CUST007883,2026-07-22,Meta Ads,Retargeting - Engaged 30d,Midwest,Tablet
CUST007884,2026-07-22,Direct,(direct),South,Desktop
CUST007885,2026-07-22,Organic Search,(organic),South,Desktop
CUST007886,2026-07-22,Google Ads,Shopping - Bestsellers,Midwest,Desktop
CUST007887,2026-07-22,Organic Search,(organic),South,Mobile
CUST007888,2026-07-22,Organic Search,(organic),Northeast,Mobile
CUST007889,2026-07-22,Unattributed,(not set),South,Desktop
CUST007890,2026-07-22,Organic Social,(organic social),West,Mobile
CUST007891,2026-07-22,Direct,(direct),South,Mobile
CUST007892,2026-07-22,Meta Ads,Prospecting - Lookalike 1%,West,Mobile
CUST007893,2026-07-22,Meta Ads,Prospecting - Lookalike 1%,Northeast,Desktop
CUST007894,2026-07-22,Google Ads,Search - Brand,Midwest,Mobile
CUST007895,2026-07-22,Organic Search,(organic),West,Mobile
CUST007896,2026-07-22,Unattributed,(not set),Northeast,Mobile
CUST007897,2026-07-22,Google Ads,Search - Nonbrand Skincare,South,Desktop
CUST007898,2026-07-22,Organic Social,(organic social),West,Desktop
CUST007899,2026-07-22,Unattributed,(not set),South,Desktop
CUST007900,2026-07-23,Google Ads,Search - Brand,Northeast,Mobile
CUST007901,2026-07-23,Meta Ads,Prospecting - Lookalike 1%,South,Mobile
CUST007902,2026-07-23,Google Ads,Shopping - Bestsellers,South,Mobile
CUST007903,2026-07-23,Organic Search,(organic),South,Tablet
CUST007904,2026-07-23,Organic Search,(organic),West,Tablet
CUST007905,2026-07-23,Meta Ads,Retargeting - Cart Abandon,West,Desktop
CUST007906,2026-07-23,Google Ads,Search - Nonbrand Skincare,West,Desktop
CUST007907,2026-07-23,Organic Search,(organic),Midwest,Tablet
CUST007908,2026-07-23,Google Ads,PMax - Skincare Prospecting,West,Mobile
CUST007909,2026-07-23,Google Ads,PMax - Skincare Prospecting,Northeast,Mobile
CUST007910,2026-07-23,Organic Search,(organic),West,Desktop
CUST007911,2026-07-23,Meta Ads,Prospecting - Lookalike 1%,West,Mobile
CUST007912,2026-07-23,Meta Ads,Prospecting - Lookalike 1%,West,Desktop
CUST007913,2026-07-23,Direct,(direct),Midwest,Mobile
CUST007914,2026-07-23,Organic Search,(organic),Midwest,Mobile
CUST007915,2026-07-23,Organic Search,(organic),Midwest,Mobile
CUST007916,2026-07-23,Google Ads,Shopping - Bestsellers,West,Mobile
CUST007917,2026-07-23,Meta Ads,Prospecting - Lookalike 1%,South,Desktop
CUST007918,2026-07-23,Meta Ads,Prospecting - Broad,Northeast,Tablet
CUST007919,2026-07-23,Meta Ads,Prospecting - Broad,South,Mobile
CUST007920,2026-07-24,Google Ads,Search - Brand,Midwest,Mobile
CUST007921,2026-07-24,Direct,(direct),Midwest,Mobile
CUST007922,2026-07-24,Meta Ads,Retargeting - Engaged 30d,South,Mobile
CUST007923,2026-07-24,Organic Search,(organic),Midwest,Desktop
CUST007924,2026-07-24,Meta Ads,Retargeting - Engaged 30d,South,Mobile
CUST007925,2026-07-24,Meta Ads,Prospecting - Broad,Northeast,Mobile
CUST007926,2026-07-24,Meta Ads,Prospecting - Lookalike 1%,West,Mobile
CUST007927,2026-07-24,Meta Ads,Retargeting - Engaged 30d,Midwest,Mobile
CUST007928,2026-07-24,Organic Social,(organic social),South,Desktop
CUST007929,2026-07-24,Email/SMS,Flow - Abandoned Cart,West,Desktop
CUST007930,2026-07-24,Organic Search,(organic),South,Mobile
CUST007931,2026-07-24,Meta Ads,Retargeting - Engaged 30d,Northeast,Tablet
CUST007932,2026-07-24,Meta Ads,Retargeting - Cart Abandon,South,Desktop
CUST007933,2026-07-24,Organic Search,(organic),Northeast,Desktop
CUST007934,2026-07-24,Google Ads,PMax - Skincare Prospecting,Northeast,Mobile
CUST007935,2026-07-24,Meta Ads,Retargeting - Engaged 30d,Midwest,Mobile
CUST007936,2026-07-24,Google Ads,Shopping - Bestsellers,South,Mobile
CUST007937,2026-07-24,Organic Social,(organic social),Northeast,Desktop
CUST007938,2026-07-24,Meta Ads,Prospecting - Broad,West,Desktop
CUST007939,2026-07-24,Meta Ads,Retargeting - Engaged 30d,Midwest,Mobile
CUST007940,2026-07-24,Google Ads,PMax - Skincare Prospecting,Northeast,Mobile
CUST007941,2026-07-24,Organic Search,(organic),West,Desktop
CUST007942,2026-07-24,Organic Search,(organic),Northeast,Desktop
CUST007943,2026-07-25,Organic Search,(organic),South,Mobile
CUST007944,2026-07-25,Google Ads,Search - Brand,West,Mobile
CUST007945,2026-07-25,Google Ads,PMax - Skincare Prospecting,South,Mobile
CUST007946,2026-07-25,Google Ads,Search - Brand,West,Mobile
CUST007947,2026-07-25,Meta Ads,Retargeting - Cart Abandon,Midwest,Desktop
CUST007948,2026-07-25,Organic Search,(organic),South,Mobile
CUST007949,2026-07-25,Google Ads,Search - Brand,West,Mobile
CUST007950,2026-07-25,Email/SMS,Flow - Abandoned Cart,South,Mobile
CUST007951,2026-07-25,Unattributed,(not set),West,Desktop
CUST007952,2026-07-25,Organic Search,(organic),Midwest,Mobile
CUST007953,2026-07-25,Organic Search,(organic),South,Mobile
CUST007954,2026-07-25,Direct,(direct),Midwest,Mobile
CUST007955,2026-07-25,Google Ads,Search - Brand,South,Mobile
CUST007956,2026-07-25,Google Ads,PMax - Skincare Prospecting,West,Mobile
CUST007957,2026-07-25,Unattributed,(not set),Northeast,Desktop
CUST007958,2026-07-25,Meta Ads,Prospecting - Broad,South,Desktop
CUST007959,2026-07-25,Meta Ads,Prospecting - Lookalike 1%,Midwest,Desktop
CUST007960,2026-07-25,Organic Search,(organic),South,Mobile
CUST007961,2026-07-25,Email/SMS,Flow - Post Purchase Winback,Midwest,Mobile
CUST007962,2026-07-25,Meta Ads,Retargeting - Engaged 30d,Northeast,Mobile
CUST007963,2026-07-25,Google Ads,Shopping - Bestsellers,Northeast,Mobile
CUST007964,2026-07-25,Google Ads,Search - Nonbrand Skincare,West,Desktop
CUST007965,2026-07-25,Meta Ads,Prospecting - Lookalike 1%,South,Mobile
CUST007966,2026-07-25,Google Ads,Shopping - Bestsellers,Midwest,Mobile
CUST007967,2026-07-25,Meta Ads,Retargeting - Cart Abandon,Northeast,Mobile
CUST007968,2026-07-25,Google Ads,Search - Nonbrand Skincare,South,Mobile
CUST007969,2026-07-25,Direct,(direct),Midwest,Desktop
CUST007970,2026-07-26,Meta Ads,Prospecting - Broad,West,Mobile
CUST007971,2026-07-26,Unattributed,(not set),South,Desktop
CUST007972,2026-07-26,Direct,(direct),South,Desktop
CUST007973,2026-07-26,Meta Ads,Retargeting - Cart Abandon,South,Desktop
CUST007974,2026-07-26,Email/SMS,Flow - Abandoned Cart,Northeast,Mobile
CUST007975,2026-07-26,Meta Ads,Prospecting - Lookalike 1%,West,Mobile
CUST007976,2026-07-26,Meta Ads,Retargeting - Engaged 30d,Northeast,Tablet
CUST007977,2026-07-26,Unattributed,(not set),Northeast,Desktop
CUST007978,2026-07-26,Google Ads,Shopping - Bestsellers,Northeast,Tablet
CUST007979,2026-07-26,Direct,(direct),South,Mobile
CUST007980,2026-07-26,Direct,(direct),West,Mobile
CUST007981,2026-07-26,Google Ads,PMax - Skincare Prospecting,South,Desktop
CUST007982,2026-07-26,Google Ads,PMax - Skincare Prospecting,South,Mobile
CUST007983,2026-07-26,Google Ads,Search - Nonbrand Skincare,South,Desktop
CUST007984,2026-07-26,Meta Ads,Prospecting - Broad,Midwest,Mobile
CUST007985,2026-07-26,Meta Ads,Prospecting - Lookalike 1%,Northeast,Desktop
CUST007986,2026-07-26,Google Ads,Shopping - Bestsellers,West,Mobile
CUST007987,2026-07-27,Organic Social,(organic social),South,Mobile
CUST007988,2026-07-27,Google Ads,Search - Brand,Northeast,Mobile
CUST007989,2026-07-27,Organic Search,(organic),Northeast,Mobile
CUST007990,2026-07-27,Google Ads,Shopping - Bestsellers,South,Mobile
CUST007991,2026-07-27,Meta Ads,Retargeting - Cart Abandon,West,Tablet
CUST007992,2026-07-27,Google Ads,Shopping - Bestsellers,West,Desktop
CUST007993,2026-07-27,Meta Ads,Retargeting - Cart Abandon,Midwest,Mobile
CUST007994,2026-07-27,Organic Search,(organic),West,Mobile
CUST007995,2026-07-27,Meta Ads,Retargeting - Cart Abandon,Northeast,Mobile
CUST007996,2026-07-27,Direct,(direct),Midwest,Mobile
CUST007997,2026-07-27,Meta Ads,Prospecting - Broad,South,Desktop
CUST007998,2026-07-27,Organic Search,(organic),West,Desktop
CUST007999,2026-07-27,Organic Social,(organic social),West,Mobile
CUST008000,2026-07-27,Meta Ads,Prospecting - Lookalike 1%,West,Desktop
CUST008001,2026-07-27,Direct,(direct),West,Mobile
CUST008002,2026-07-27,Google Ads,Search - Brand,Midwest,Mobile
CUST008003,2026-07-27,Meta Ads,Retargeting - Cart Abandon,West,Mobile
CUST008004,2026-07-27,Unattributed,(not set),West,Desktop
CUST008005,2026-07-28,Meta Ads,Prospecting - Broad,Midwest,Mobile
CUST008006,2026-07-28,Google Ads,PMax - Skincare Prospecting,Midwest,Desktop
CUST008007,2026-07-28,Organic Search,(organic),West,Desktop
CUST008008,2026-07-28,Meta Ads,Prospecting - Lookalike 1%,South,Desktop
CUST008009,2026-07-28,Meta Ads,Prospecting - Broad,West,Mobile
CUST008010,2026-07-28,Meta Ads,Prospecting - Broad,South,Mobile
CUST008011,2026-07-28,Direct,(direct),Midwest,Mobile
CUST008012,2026-07-28,Meta Ads,Retargeting - Cart Abandon,West,Mobile
CUST008013,2026-07-28,Meta Ads,Retargeting - Engaged 30d,Northeast,Mobile
CUST008014,2026-07-28,Organic Search,(organic),West,Mobile
CUST008015,2026-07-28,Google Ads,Shopping - Bestsellers,South,Desktop
CUST008016,2026-07-28,Organic Social,(organic social),Midwest,Desktop
CUST008017,2026-07-28,Organic Social,(organic social),Northeast,Mobile
CUST008018,2026-07-28,Meta Ads,Retargeting - Cart Abandon,Northeast,Mobile
CUST008019,2026-07-28,Organic Search,(organic),Northeast,Mobile
CUST008020,2026-07-28,Google Ads,Search - Nonbrand Skincare,Midwest,Mobile
CUST008021,2026-07-28,Google Ads,Shopping - Bestsellers,South,Tablet
CUST008022,2026-07-28,Email/SMS,Flow - Welcome Series,South,Tablet
CUST008023,2026-07-28,Direct,(direct),South,Mobile
CUST008024,2026-07-28,Direct,(direct),South,Mobile
CUST008025,2026-07-28,Direct,(direct),South,Mobile
CUST008026,2026-07-28,Google Ads,Search - Nonbrand Skincare,West,Mobile
CUST008027,2026-07-28,Meta Ads,Retargeting - Engaged 30d,Northeast,Desktop
CUST008028,2026-07-28,Meta Ads,Retargeting - Engaged 30d,West,Desktop
CUST008029,2026-07-28,Meta Ads,Prospecting - Broad,South,Mobile
CUST008030,2026-07-28,Meta Ads,Retargeting - Cart Abandon,Northeast,Mobile
CUST008031,2026-07-28,Unattributed,(not set),South,Mobile
CUST008032,2026-07-29,Google Ads,Shopping - Bestsellers,West,Desktop
CUST008033,2026-07-29,Meta Ads,Retargeting - Engaged 30d,South,Desktop
CUST008034,2026-07-29,Google Ads,Shopping - Bestsellers,South,Mobile
CUST008035,2026-07-29,Organic Search,(organic),South,Mobile
CUST008036,2026-07-29,Meta Ads,Prospecting - Broad,Midwest,Mobile
CUST008037,2026-07-29,Organic Search,(organic),South,Mobile
CUST008038,2026-07-29,Meta Ads,Prospecting - Lookalike 1%,South,Tablet
CUST008039,2026-07-29,Meta Ads,Prospecting - Lookalike 1%,Midwest,Mobile
CUST008040,2026-07-29,Google Ads,Search - Brand,South,Desktop
CUST008041,2026-07-29,Google Ads,Shopping - Bestsellers,Midwest,Desktop
CUST008042,2026-07-29,Organic Social,(organic social),Midwest,Mobile
CUST008043,2026-07-29,Unattributed,(not set),Northeast,Mobile
CUST008044,2026-07-29,Google Ads,Search - Brand,South,Mobile
CUST008045,2026-07-29,Meta Ads,Retargeting - Cart Abandon,West,Desktop
CUST008046,2026-07-29,Direct,(direct),Midwest,Mobile
CUST008047,2026-07-29,Organic Search,(organic),South,Mobile
CUST008048,2026-07-29,Organic Social,(organic social),Northeast,Mobile
CUST008049,2026-07-29,Organic Social,(organic social),Northeast,Mobile
CUST008050,2026-07-29,Email/SMS,Flow - Post Purchase Winback,South,Mobile
CUST008051,2026-07-29,Meta Ads,Prospecting - Broad,South,Desktop
CUST008052,2026-07-29,Direct,(direct),South,Mobile
CUST008053,2026-07-29,Organic Search,(organic),Midwest,Desktop
CUST008054,2026-07-29,Organic Search,(organic),South,Mobile
CUST008055,2026-07-29,Google Ads,Shopping - Bestsellers,West,Mobile
CUST008056,2026-07-30,Email/SMS,Campaign - Monthly Newsletter,South,Desktop
CUST008057,2026-07-30,Meta Ads,Prospecting - Lookalike 1%,West,Desktop
CUST008058,2026-07-30,Email/SMS,Flow - Abandoned Cart,West,Mobile
CUST008059,2026-07-30,Google Ads,Search - Nonbrand Skincare,West,Desktop
CUST008060,2026-07-30,Direct,(direct),West,Mobile
CUST008061,2026-07-30,Google Ads,Search - Nonbrand Skincare,Northeast,Mobile
CUST008062,2026-07-30,Google Ads,Search - Nonbrand Skincare,West,Tablet
CUST008063,2026-07-30,Organic Search,(organic),West,Mobile
CUST008064,2026-07-30,Meta Ads,Retargeting - Engaged 30d,Northeast,Mobile
CUST008065,2026-07-30,Google Ads,Search - Nonbrand Skincare,West,Mobile
CUST008066,2026-07-30,Organic Social,(organic social),South,Mobile
CUST008067,2026-07-30,Google Ads,Shopping - Bestsellers,West,Tablet
CUST008068,2026-07-30,Direct,(direct),South,Desktop
CUST008069,2026-07-30,Google Ads,PMax - Skincare Prospecting,West,Mobile
CUST008070,2026-07-30,Meta Ads,Retargeting - Cart Abandon,South,Desktop
CUST008071,2026-07-30,Meta Ads,Prospecting - Broad,West,Mobile
CUST008072,2026-07-30,Organic Search,(organic),Northeast,Mobile
CUST008073,2026-07-30,Organic Search,(organic),South,Desktop
CUST008074,2026-07-30,Email/SMS,Flow - Post Purchase Winback,Midwest,Mobile
CUST008075,2026-07-31,Google Ads,Search - Brand,Northeast,Desktop
CUST008076,2026-07-31,Meta Ads,Retargeting - Cart Abandon,South,Desktop
CUST008077,2026-07-31,Meta Ads,Retargeting - Engaged 30d,South,Desktop
CUST008078,2026-07-31,Meta Ads,Prospecting - Broad,West,Mobile
CUST008079,2026-07-31,Email/SMS,Flow - Welcome Series,South,Desktop
CUST008080,2026-07-31,Organic Search,(organic),West,Desktop
CUST008081,2026-07-31,Meta Ads,Retargeting - Engaged 30d,Northeast,Mobile
CUST008082,2026-07-31,Meta Ads,Prospecting - Broad,Midwest,Mobile
CUST008083,2026-07-31,Unattributed,(not set),Midwest,Mobile
CUST008084,2026-07-31,Organic Search,(organic),South,Mobile
CUST008085,2026-07-31,Organic Search,(organic),West,Desktop
CUST008086,2026-07-31,Google Ads,Search - Nonbrand Skincare,West,Mobile
CUST008087,2026-07-31,Unattributed,(not set),South,Mobile
CUST008088,2026-07-31,Meta Ads,Retargeting - Cart Abandon,South,Mobile
CUST008089,2026-07-31,Google Ads,PMax - Skincare Prospecting,South,Desktop
CUST008090,2026-07-31,Google Ads,Search - Nonbrand Skincare,Northeast,Mobile
CUST008091,2026-07-31,Organic Social,(organic social),Northeast,Mobile
CUST008092,2026-07-31,Meta Ads,Prospecting - Lookalike 1%,West,Mobile
CUST008093,2026-07-31,Google Ads,Search - Brand,Midwest,Tablet
CUST008094,2026-07-31,Meta Ads,Retargeting - Engaged 30d,South,Desktop
CUST008095,2026-07-31,Organic Search,(organic),Northeast,Mobile
CUST008096,2026-08-01,Meta Ads,Retargeting - Cart Abandon,South,Desktop
CUST008097,2026-08-01,Organic Search,(organic),Northeast,Mobile
CUST008098,2026-08-01,Google Ads,Search - Nonbrand Skincare,West,Tablet
CUST008099,2026-08-01,Google Ads,PMax - Skincare Prospecting,West,Desktop
CUST008100,2026-08-01,Organic Search,(organic),West,Mobile
CUST008101,2026-08-01,Organic Search,(organic),Midwest,Desktop
CUST008102,2026-08-01,Direct,(direct),Northeast,Mobile
CUST008103,2026-08-01,Google Ads,PMax - Skincare Prospecting,West,Tablet
CUST008104,2026-08-01,Meta Ads,Prospecting - Lookalike 1%,South,Mobile
CUST008105,2026-08-01,Organic Social,(organic social),South,Mobile
CUST008106,2026-08-01,Meta Ads,Retargeting - Engaged 30d,Northeast,Mobile
CUST008107,2026-08-01,Direct,(direct),Northeast,Mobile
CUST008108,2026-08-01,Meta Ads,Prospecting - Lookalike 1%,West,Desktop
CUST008109,2026-08-01,Meta Ads,Prospecting - Broad,Northeast,Mobile
CUST008110,2026-08-01,Google Ads,Search - Brand,South,Desktop
CUST008111,2026-08-01,Meta Ads,Prospecting - Lookalike 1%,West,Mobile
CUST008112,2026-08-01,Google Ads,Search - Nonbrand Skincare,West,Mobile
CUST008113,2026-08-01,Organic Search,(organic),Northeast,Mobile
CUST008114,2026-08-01,Organic Search,(organic),West,Desktop
CUST008115,2026-08-01,Meta Ads,Retargeting - Cart Abandon,West,Mobile
CUST008116,2026-08-01,Organic Social,(organic social),Northeast,Desktop
CUST008117,2026-08-02,Meta Ads,Prospecting - Broad,South,Desktop
CUST008118,2026-08-02,Google Ads,Search - Nonbrand Skincare,Midwest,Mobile
CUST008119,2026-08-02,Meta Ads,Prospecting - Lookalike 1%,South,Desktop
CUST008120,2026-08-02,Google Ads,Shopping - Bestsellers,Northeast,Desktop
CUST008121,2026-08-02,Google Ads,Search - Nonbrand Skincare,West,Desktop
CUST008122,2026-08-02,Email/SMS,Flow - Post Purchase Winback,Midwest,Desktop
CUST008123,2026-08-02,Google Ads,Shopping - Bestsellers,Midwest,Mobile
CUST008124,2026-08-02,Meta Ads,Retargeting - Engaged 30d,West,Mobile
CUST008125,2026-08-02,Unattributed,(not set),Midwest,Mobile
CUST008126,2026-08-02,Meta Ads,Retargeting - Cart Abandon,South,Mobile
CUST008127,2026-08-02,Organic Social,(organic social),West,Tablet
CUST008128,2026-08-02,Direct,(direct),South,Desktop
CUST008129,2026-08-02,Meta Ads,Prospecting - Lookalike 1%,West,Mobile
CUST008130,2026-08-02,Email/SMS,Flow - Abandoned Cart,South,Mobile
CUST008131,2026-08-02,Unattributed,(not set),South,Mobile
CUST008132,2026-08-02,Organic Search,(organic),Northeast,Mobile
CUST008133,2026-08-02,Meta Ads,Retargeting - Engaged 30d,Northeast,Mobile
CUST008134,2026-08-02,Meta Ads,Prospecting - Broad,West,Desktop
CUST008135,2026-08-02,Organic Social,(organic social),Northeast,Mobile
CUST008136,2026-08-02,Meta Ads,Retargeting - Engaged 30d,Midwest,Desktop
CUST008137,2026-08-02,Organic Search,(organic),South,Mobile
CUST008138,2026-08-02,Google Ads,Shopping - Bestsellers,West,Mobile
CUST008139,2026-08-02,Organic Search,(organic),South,Mobile
CUST008140,2026-08-02,Organic Search,(organic),South,Desktop
CUST008141,2026-08-03,Organic Search,(organic),South,Mobile
CUST008142,2026-08-03,Meta Ads,Retargeting - Engaged 30d,Midwest,Mobile
CUST008143,2026-08-03,Organic Social,(organic social),West,Mobile
CUST008144,2026-08-03,Meta Ads,Retargeting - Cart Abandon,West,Mobile
CUST008145,2026-08-03,Organic Search,(organic),West,Desktop
CUST008146,2026-08-03,Unattributed,(not set),South,Mobile
CUST008147,2026-08-03,Meta Ads,Retargeting - Cart Abandon,South,Mobile
CUST008148,2026-08-03,Google Ads,Search - Nonbrand Skincare,West,Mobile
CUST008149,2026-08-03,Direct,(direct),South,Mobile
CUST008150,2026-08-03,Organic Social,(organic social),Midwest,Mobile
CUST008151,2026-08-03,Organic Social,(organic social),West,Mobile
CUST008152,2026-08-03,Organic Search,(organic),South,Mobile
CUST008153,2026-08-03,Meta Ads,Retargeting - Cart Abandon,West,Mobile
CUST008154,2026-08-03,Meta Ads,Prospecting - Lookalike 1%,South,Mobile
CUST008155,2026-08-03,Unattributed,(not set),South,Mobile
CUST008156,2026-08-03,Meta Ads,Retargeting - Engaged 30d,Midwest,Desktop
CUST008157,2026-08-03,Organic Search,(organic),West,Desktop
CUST008158,2026-08-03,Direct,(direct),Northeast,Mobile
CUST008159,2026-08-04,Google Ads,Shopping - Bestsellers,West,Desktop
CUST008160,2026-08-04,Organic Search,(organic),Midwest,Mobile
CUST008161,2026-08-04,Meta Ads,Retargeting - Cart Abandon,Northeast,Mobile
CUST008162,2026-08-04,Organic Search,(organic),Northeast,Mobile
CUST008163,2026-08-04,Organic Search,(organic),West,Desktop
CUST008164,2026-08-04,Organic Social,(organic social),Midwest,Mobile
CUST008165,2026-08-04,Google Ads,Search - Brand,West,Mobile
CUST008166,2026-08-04,Meta Ads,Prospecting - Lookalike 1%,South,Desktop
CUST008167,2026-08-04,Direct,(direct),Northeast,Mobile
CUST008168,2026-08-04,Google Ads,Search - Brand,Midwest,Desktop
CUST008169,2026-08-04,Organic Search,(organic),West,Desktop
CUST008170,2026-08-04,Google Ads,Shopping - Bestsellers,West,Mobile
CUST008171,2026-08-04,Meta Ads,Prospecting - Broad,Midwest,Mobile
CUST008172,2026-08-04,Google Ads,Search - Nonbrand Skincare,Northeast,Mobile
CUST008173,2026-08-04,Meta Ads,Retargeting - Cart Abandon,South,Mobile
CUST008174,2026-08-04,Email/SMS,Flow - Welcome Series,Midwest,Mobile
CUST008175,2026-08-04,Unattributed,(not set),South,Mobile
CUST008176,2026-08-04,Google Ads,Search - Nonbrand Skincare,South,Tablet
CUST008177,2026-08-04,Meta Ads,Retargeting - Engaged 30d,West,Desktop
CUST008178,2026-08-04,Organic Social,(organic social),West,Desktop
CUST008179,2026-08-04,Organic Search,(organic),South,Desktop
CUST008180,2026-08-04,Direct,(direct),Midwest,Tablet
CUST008181,2026-08-04,Organic Social,(organic social),West,Mobile
CUST008182,2026-08-04,Google Ads,PMax - Skincare Prospecting,West,Desktop
CUST008183,2026-08-04,Organic Search,(organic),Midwest,Desktop
CUST008184,2026-08-04,Google Ads,Shopping - Bestsellers,South,Mobile
CUST008185,2026-08-05,Google Ads,Search - Brand,Midwest,Mobile
CUST008186,2026-08-05,Google Ads,PMax - Skincare Prospecting,Midwest,Mobile
CUST008187,2026-08-05,Meta Ads,Retargeting - Cart Abandon,Northeast,Desktop
CUST008188,2026-08-05,Meta Ads,Prospecting - Broad,West,Mobile
CUST008189,2026-08-05,Organic Search,(organic),South,Mobile
CUST008190,2026-08-05,Direct,(direct),West,Desktop
CUST008191,2026-08-05,Meta Ads,Prospecting - Lookalike 1%,Northeast,Mobile
CUST008192,2026-08-05,Meta Ads,Prospecting - Broad,Northeast,Desktop
CUST008193,2026-08-05,Direct,(direct),Midwest,Desktop
CUST008194,2026-08-05,Meta Ads,Prospecting - Lookalike 1%,West,Desktop
CUST008195,2026-08-05,Meta Ads,Prospecting - Lookalike 1%,South,Mobile
CUST008196,2026-08-05,Google Ads,Search - Brand,South,Desktop
CUST008197,2026-08-05,Direct,(direct),Midwest,Mobile
CUST008198,2026-08-05,Organic Social,(organic social),West,Mobile
CUST008199,2026-08-05,Organic Search,(organic),Northeast,Mobile
CUST008200,2026-08-05,Organic Search,(organic),South,Mobile
CUST008201,2026-08-05,Google Ads,Search - Nonbrand Skincare,South,Mobile
CUST008202,2026-08-05,Organic Social,(organic social),South,Mobile
CUST008203,2026-08-05,Organic Search,(organic),Midwest,Mobile
CUST008204,2026-08-05,Organic Social,(organic social),Northeast,Mobile
CUST008205,2026-08-05,Organic Search,(organic),South,Desktop
CUST008206,2026-08-06,Email/SMS,Campaign - Monthly Newsletter,West,Desktop
CUST008207,2026-08-06,Organic Social,(organic social),South,Tablet
CUST008208,2026-08-06,Organic Search,(organic),Northeast,Mobile
CUST008209,2026-08-06,Organic Search,(organic),West,Desktop
CUST008210,2026-08-06,Meta Ads,Prospecting - Lookalike 1%,South,Desktop
CUST008211,2026-08-06,Direct,(direct),Midwest,Tablet
CUST008212,2026-08-06,Direct,(direct),Midwest,Tablet
CUST008213,2026-08-06,Meta Ads,Prospecting - Lookalike 1%,West,Desktop
CUST008214,2026-08-06,Organic Search,(organic),Northeast,Mobile
CUST008215,2026-08-06,Google Ads,Search - Brand,West,Mobile
CUST008216,2026-08-06,Google Ads,Search - Nonbrand Skincare,Northeast,Mobile
CUST008217,2026-08-06,Organic Search,(organic),South,Mobile
CUST008218,2026-08-06,Google Ads,Shopping - Bestsellers,South,Tablet
CUST008219,2026-08-06,Direct,(direct),West,Desktop
CUST008220,2026-08-06,Organic Search,(organic),Midwest,Mobile
CUST008221,2026-08-06,Organic Search,(organic),West,Desktop
CUST008222,2026-08-06,Meta Ads,Retargeting - Engaged 30d,South,Mobile
CUST008223,2026-08-06,Google Ads,PMax - Skincare Prospecting,South,Tablet
CUST008224,2026-08-06,Organic Search,(organic),West,Mobile
CUST008225,2026-08-06,Organic Search,(organic),Midwest,Mobile
CUST008226,2026-08-06,Organic Search,(organic),West,Mobile
CUST008227,2026-08-06,Google Ads,Search - Nonbrand Skincare,Northeast,Mobile
CUST008228,2026-08-06,Organic Social,(organic social),Midwest,Mobile
CUST008229,2026-08-07,Meta Ads,Retargeting - Engaged 30d,Northeast,Mobile
CUST008230,2026-08-07,Organic Search,(organic),Midwest,Mobile
CUST008231,2026-08-07,Meta Ads,Prospecting - Broad,Midwest,Mobile
CUST008232,2026-08-07,Google Ads,Shopping - Bestsellers,South,Mobile
CUST008233,2026-08-07,Meta Ads,Retargeting - Engaged 30d,West,Desktop
CUST008234,2026-08-07,Meta Ads,Retargeting - Cart Abandon,Midwest,Mobile
CUST008235,2026-08-07,Unattributed,(not set),South,Mobile
CUST008236,2026-08-07,Meta Ads,Retargeting - Cart Abandon,West,Desktop
CUST008237,2026-08-07,Unattributed,(not set),South,Mobile
CUST008238,2026-08-07,Organic Search,(organic),West,Mobile
CUST008239,2026-08-07,Organic Social,(organic social),Midwest,Mobile
CUST008240,2026-08-07,Google Ads,Search - Nonbrand Skincare,South,Mobile
CUST008241,2026-08-07,Meta Ads,Prospecting - Lookalike 1%,West,Desktop
CUST008242,2026-08-07,Meta Ads,Prospecting - Broad,Northeast,Mobile
CUST008243,2026-08-07,Organic Search,(organic),South,Mobile
CUST008244,2026-08-07,Direct,(direct),West,Mobile
CUST008245,2026-08-08,Google Ads,Search - Nonbrand Skincare,Northeast,Mobile
CUST008246,2026-08-08,Google Ads,PMax - Skincare Prospecting,West,Mobile
CUST008247,2026-08-08,Google Ads,Search - Brand,Midwest,Desktop
CUST008248,2026-08-08,Google Ads,PMax - Skincare Prospecting,Midwest,Tablet
CUST008249,2026-08-08,Google Ads,PMax - Skincare Prospecting,Northeast,Desktop
CUST008250,2026-08-08,Meta Ads,Prospecting - Broad,Northeast,Desktop
CUST008251,2026-08-08,Organic Search,(organic),West,Desktop
CUST008252,2026-08-08,Organic Search,(organic),South,Mobile
CUST008253,2026-08-08,Organic Search,(organic),Midwest,Desktop
CUST008254,2026-08-08,Meta Ads,Prospecting - Lookalike 1%,Midwest,Mobile
CUST008255,2026-08-08,Google Ads,Search - Brand,West,Mobile
CUST008256,2026-08-08,Organic Search,(organic),South,Desktop
CUST008257,2026-08-08,Google Ads,PMax - Skincare Prospecting,South,Mobile
CUST008258,2026-08-08,Meta Ads,Retargeting - Cart Abandon,Midwest,Tablet
CUST008259,2026-08-08,Meta Ads,Prospecting - Lookalike 1%,West,Desktop
CUST008260,2026-08-08,Meta Ads,Retargeting - Engaged 30d,Northeast,Desktop
CUST008261,2026-08-08,Organic Search,(organic),West,Mobile
CUST008262,2026-08-08,Direct,(direct),South,Desktop
CUST008263,2026-08-09,Google Ads,Shopping - Bestsellers,West,Desktop
CUST008264,2026-08-09,Meta Ads,Retargeting - Cart Abandon,South,Mobile
CUST008265,2026-08-09,Google Ads,Search - Nonbrand Skincare,South,Mobile
CUST008266,2026-08-09,Google Ads,Shopping - Bestsellers,Northeast,Mobile
CUST008267,2026-08-09,Organic Search,(organic),Northeast,Desktop
CUST008268,2026-08-09,Meta Ads,Prospecting - Lookalike 1%,West,Mobile
CUST008269,2026-08-09,Google Ads,Shopping - Bestsellers,West,Desktop
CUST008270,2026-08-09,Organic Search,(organic),West,Desktop
CUST008271,2026-08-09,Direct,(direct),West,Mobile
CUST008272,2026-08-09,Meta Ads,Retargeting - Engaged 30d,Northeast,Mobile
CUST008273,2026-08-09,Organic Search,(organic),Midwest,Desktop
CUST008274,2026-08-09,Direct,(direct),Northeast,Desktop
CUST008275,2026-08-09,Organic Search,(organic),South,Mobile
CUST008276,2026-08-09,Organic Search,(organic),Northeast,Mobile
CUST008277,2026-08-09,Meta Ads,Prospecting - Broad,Midwest,Mobile
CUST008278,2026-08-09,Organic Search,(organic),Northeast,Mobile
CUST008279,2026-08-09,Google Ads,Search - Brand,West,Mobile
CUST008280,2026-08-09,Google Ads,Search - Brand,Northeast,Mobile
CUST008281,2026-08-09,Meta Ads,Prospecting - Lookalike 1%,Midwest,Desktop
CUST008282,2026-08-09,Google Ads,PMax - Skincare Prospecting,South,Mobile
CUST008283,2026-08-09,Meta Ads,Retargeting - Cart Abandon,West,Mobile
CUST008284,2026-08-09,Google Ads,PMax - Skincare Prospecting,South,Mobile
CUST008285,2026-08-09,Meta Ads,Retargeting - Engaged 30d,South,Mobile
CUST008286,2026-08-09,Organic Search,(organic),South,Mobile
CUST008287,2026-08-09,Meta Ads,Prospecting - Broad,West,Tablet
CUST008288,2026-08-10,Google Ads,Search - Nonbrand Skincare,Midwest,Tablet
CUST008289,2026-08-10,Organic Social,(organic social),West,Mobile
CUST008290,2026-08-10,Email/SMS,Flow - Welcome Series,South,Mobile
CUST008291,2026-08-10,Google Ads,Search - Nonbrand Skincare,South,Tablet
CUST008292,2026-08-10,Meta Ads,Prospecting - Lookalike 1%,South,Tablet
CUST008293,2026-08-10,Organic Social,(organic social),West,Mobile
CUST008294,2026-08-10,Email/SMS,Flow - Abandoned Cart,South,Mobile
CUST008295,2026-08-10,Organic Search,(organic),Northeast,Desktop
CUST008296,2026-08-10,Google Ads,Search - Brand,Midwest,Mobile
CUST008297,2026-08-10,Meta Ads,Prospecting - Lookalike 1%,West,Mobile
CUST008298,2026-08-10,Meta Ads,Retargeting - Cart Abandon,West,Desktop
CUST008299,2026-08-10,Google Ads,Search - Nonbrand Skincare,Northeast,Desktop
CUST008300,2026-08-10,Direct,(direct),South,Mobile
CUST008301,2026-08-10,Direct,(direct),Northeast,Desktop
CUST008302,2026-08-10,Organic Search,(organic),West,Mobile
CUST008303,2026-08-10,Organic Social,(organic social),Midwest,Desktop
CUST008304,2026-08-10,Meta Ads,Prospecting - Lookalike 1%,Midwest,Desktop
CUST008305,2026-08-10,Meta Ads,Retargeting - Cart Abandon,West,Mobile
CUST008306,2026-08-10,Organic Search,(organic),Northeast,Mobile
CUST008307,2026-08-10,Google Ads,PMax - Skincare Prospecting,West,Tablet
CUST008308,2026-08-11,Meta Ads,Retargeting - Cart Abandon,West,Desktop
CUST008309,2026-08-11,Meta Ads,Retargeting - Cart Abandon,South,Mobile
CUST008310,2026-08-11,Direct,(direct),Midwest,Mobile
CUST008311,2026-08-11,Organic Search,(organic),West,Desktop
CUST008312,2026-08-11,Organic Search,(organic),West,Desktop
CUST008313,2026-08-11,Email/SMS,Flow - Post Purchase Winback,West,Mobile
CUST008314,2026-08-11,Organic Search,(organic),West,Desktop
CUST008315,2026-08-11,Direct,(direct),West,Mobile
CUST008316,2026-08-11,Google Ads,Search - Nonbrand Skincare,Northeast,Mobile
CUST008317,2026-08-11,Direct,(direct),West,Mobile
CUST008318,2026-08-11,Organic Social,(organic social),West,Mobile
CUST008319,2026-08-11,Google Ads,Search - Nonbrand Skincare,West,Mobile
CUST008320,2026-08-11,Organic Search,(organic),South,Mobile
CUST008321,2026-08-11,Email/SMS,Flow - Welcome Series,Northeast,Desktop
CUST008322,2026-08-11,Meta Ads,Prospecting - Broad,Northeast,Mobile
CUST008323,2026-08-11,Meta Ads,Retargeting - Engaged 30d,Midwest,Mobile
CUST008324,2026-08-11,Meta Ads,Retargeting - Engaged 30d,South,Desktop
CUST008325,2026-08-11,Organic Search,(organic),West,Mobile
CUST008326,2026-08-11,Organic Search,(organic),South,Mobile
CUST008327,2026-08-11,Organic Search,(organic),West,Desktop
CUST008328,2026-08-11,Google Ads,Shopping - Bestsellers,South,Desktop
CUST008329,2026-08-11,Meta Ads,Prospecting - Broad,South,Mobile
CUST008330,2026-08-11,Google Ads,Shopping - Bestsellers,Midwest,Mobile
CUST008331,2026-08-11,Direct,(direct),Northeast,Mobile
CUST008332,2026-08-11,Organic Search,(organic),West,Desktop
CUST008333,2026-08-11,Google Ads,Search - Brand,Northeast,Mobile
CUST008334,2026-08-12,Google Ads,Search - Nonbrand Skincare,West,Mobile
CUST008335,2026-08-12,Meta Ads,Prospecting - Lookalike 1%,West,Mobile
CUST008336,2026-08-12,Organic Search,(organic),Midwest,Desktop
CUST008337,2026-08-12,Unattributed,(not set),Northeast,Mobile
CUST008338,2026-08-12,Direct,(direct),South,Mobile
CUST008339,2026-08-12,Meta Ads,Retargeting - Engaged 30d,Midwest,Mobile
CUST008340,2026-08-12,Meta Ads,Prospecting - Lookalike 1%,South,Mobile
CUST008341,2026-08-12,Organic Search,(organic),West,Desktop
CUST008342,2026-08-12,Meta Ads,Prospecting - Broad,Midwest,Desktop
CUST008343,2026-08-12,Google Ads,Search - Brand,South,Desktop
CUST008344,2026-08-12,Meta Ads,Retargeting - Cart Abandon,South,Desktop
CUST008345,2026-08-12,Organic Social,(organic social),Midwest,Mobile
CUST008346,2026-08-12,Google Ads,Search - Nonbrand Skincare,Northeast,Mobile
CUST008347,2026-08-12,Google Ads,Search - Nonbrand Skincare,Midwest,Mobile
CUST008348,2026-08-12,Email/SMS,Flow - Abandoned Cart,Northeast,Desktop
CUST008349,2026-08-12,Organic Search,(organic),South,Mobile
CUST008350,2026-08-12,Direct,(direct),West,Desktop
CUST008351,2026-08-12,Meta Ads,Prospecting - Broad,West,Mobile
CUST008352,2026-08-12,Direct,(direct),South,Desktop
CUST008353,2026-08-12,Email/SMS,Flow - Post Purchase Winback,South,Mobile
CUST008354,2026-08-12,Meta Ads,Prospecting - Lookalike 1%,Northeast,Mobile
CUST008355,2026-08-12,Google Ads,PMax - Skincare Prospecting,Northeast,Desktop
CUST008356,2026-08-13,Direct,(direct),Midwest,Mobile
CUST008357,2026-08-13,Unattributed,(not set),South,Mobile
CUST008358,2026-08-13,Google Ads,PMax - Skincare Prospecting,West,Mobile
CUST008359,2026-08-13,Google Ads,Shopping - Bestsellers,Northeast,Mobile
CUST008360,2026-08-13,Google Ads,Search - Nonbrand Skincare,West,Desktop
CUST008361,2026-08-13,Organic Social,(organic social),West,Desktop
CUST008362,2026-08-13,Meta Ads,Prospecting - Broad,West,Mobile
CUST008363,2026-08-13,Meta Ads,Prospecting - Broad,Northeast,Mobile
CUST008364,2026-08-13,Meta Ads,Retargeting - Engaged 30d,Midwest,Mobile
CUST008365,2026-08-13,Meta Ads,Retargeting - Cart Abandon,West,Mobile
CUST008366,2026-08-13,Organic Search,(organic),West,Mobile
CUST008367,2026-08-13,Google Ads,Search - Nonbrand Skincare,West,Desktop
CUST008368,2026-08-13,Unattributed,(not set),West,Mobile
CUST008369,2026-08-13,Organic Search,(organic),South,Mobile
CUST008370,2026-08-13,Google Ads,PMax - Skincare Prospecting,Northeast,Mobile
CUST008371,2026-08-13,Google Ads,Search - Brand,Northeast,Mobile
CUST008372,2026-08-13,Google Ads,Search - Brand,Northeast,Mobile
CUST008373,2026-08-13,Organic Search,(organic),Northeast,Mobile
CUST008374,2026-08-13,Meta Ads,Prospecting - Broad,Midwest,Desktop
CUST008375,2026-08-13,Meta Ads,Prospecting - Lookalike 1%,Midwest,Tablet
CUST008376,2026-08-14,Organic Social,(organic social),West,Mobile
CUST008377,2026-08-14,Unattributed,(not set),South,Desktop
CUST008378,2026-08-14,Google Ads,Shopping - Bestsellers,Midwest,Mobile
CUST008379,2026-08-14,Google Ads,PMax - Skincare Prospecting,South,Mobile
CUST008380,2026-08-14,Meta Ads,Prospecting - Broad,West,Mobile
CUST008381,2026-08-14,Google Ads,PMax - Skincare Prospecting,Midwest,Mobile
CUST008382,2026-08-14,Google Ads,PMax - Skincare Prospecting,West,Desktop
CUST008383,2026-08-14,Organic Search,(organic),South,Desktop
CUST008384,2026-08-14,Organic Search,(organic),South,Desktop
CUST008385,2026-08-14,Unattributed,(not set),West,Mobile
CUST008386,2026-08-14,Google Ads,Search - Brand,West,Mobile
CUST008387,2026-08-14,Google Ads,Shopping - Bestsellers,West,Mobile
CUST008388,2026-08-14,Google Ads,Shopping - Bestsellers,Midwest,Desktop
CUST008389,2026-08-14,Meta Ads,Prospecting - Broad,South,Mobile
CUST008390,2026-08-14,Organic Search,(organic),South,Tablet
CUST008391,2026-08-14,Google Ads,Search - Brand,Northeast,Mobile
CUST008392,2026-08-14,Organic Search,(organic),South,Desktop
CUST008393,2026-08-14,Google Ads,Shopping - Bestsellers,South,Mobile
CUST008394,2026-08-14,Google Ads,Search - Brand,West,Mobile
CUST008395,2026-08-14,Direct,(direct),West,Desktop
CUST008396,2026-08-14,Organic Search,(organic),West,Mobile
CUST008397,2026-08-14,Google Ads,PMax - Skincare Prospecting,Midwest,Desktop
CUST008398,2026-08-14,Meta Ads,Prospecting - Broad,South,Desktop
CUST008399,2026-08-14,Meta Ads,Retargeting - Engaged 30d,Midwest,Mobile
CUST008400,2026-08-14,Unattributed,(not set),West,Mobile
CUST008401,2026-08-15,Meta Ads,Prospecting - Broad,Midwest,Mobile
CUST008402,2026-08-15,Direct,(direct),South,Desktop
CUST008403,2026-08-15,Google Ads,Search - Brand,South,Desktop
CUST008404,2026-08-15,Meta Ads,Retargeting - Cart Abandon,Midwest,Mobile
CUST008405,2026-08-15,Organic Social,(organic social),West,Mobile
CUST008406,2026-08-15,Organic Search,(organic),West,Mobile
CUST008407,2026-08-15,Google Ads,Search - Brand,Midwest,Mobile
CUST008408,2026-08-15,Organic Social,(organic social),West,Mobile
CUST008409,2026-08-15,Google Ads,PMax - Skincare Prospecting,South,Tablet
CUST008410,2026-08-15,Unattributed,(not set),Midwest,Desktop
CUST008411,2026-08-15,Email/SMS,Flow - Abandoned Cart,West,Desktop
CUST008412,2026-08-15,Organic Search,(organic),South,Mobile
CUST008413,2026-08-15,Direct,(direct),South,Desktop
CUST008414,2026-08-15,Organic Search,(organic),South,Mobile
CUST008415,2026-08-15,Direct,(direct),Midwest,Mobile
CUST008416,2026-08-15,Meta Ads,Prospecting - Broad,Midwest,Mobile
CUST008417,2026-08-15,Meta Ads,Prospecting - Broad,Northeast,Mobile
CUST008418,2026-08-15,Google Ads,Search - Nonbrand Skincare,Midwest,Mobile
CUST008419,2026-08-15,Google Ads,Search - Brand,Midwest,Desktop
CUST008420,2026-08-15,Organic Social,(organic social),West,Desktop
CUST008421,2026-08-15,Organic Social,(organic social),West,Desktop
CUST008422,2026-08-15,Organic Search,(organic),Northeast,Desktop
CUST008423,2026-08-15,Organic Social,(organic social),South,Mobile
CUST008424,2026-08-16,Meta Ads,Prospecting - Lookalike 1%,West,Desktop
CUST008425,2026-08-16,Unattributed,(not set),South,Tablet
CUST008426,2026-08-16,Direct,(direct),West,Mobile
CUST008427,2026-08-16,Meta Ads,Retargeting - Cart Abandon,Northeast,Desktop
CUST008428,2026-08-16,Meta Ads,Retargeting - Cart Abandon,West,Desktop
CUST008429,2026-08-16,Organic Search,(organic),South,Desktop
CUST008430,2026-08-16,Organic Search,(organic),West,Desktop
CUST008431,2026-08-16,Meta Ads,Prospecting - Lookalike 1%,West,Mobile
CUST008432,2026-08-16,Google Ads,PMax - Skincare Prospecting,South,Mobile
CUST008433,2026-08-16,Meta Ads,Prospecting - Broad,West,Mobile
CUST008434,2026-08-16,Meta Ads,Prospecting - Broad,South,Desktop
CUST008435,2026-08-16,Google Ads,PMax - Skincare Prospecting,West,Mobile
CUST008436,2026-08-16,Google Ads,Shopping - Bestsellers,Midwest,Mobile
CUST008437,2026-08-16,Google Ads,PMax - Skincare Prospecting,West,Mobile
CUST008438,2026-08-16,Google Ads,Shopping - Bestsellers,South,Mobile
CUST008439,2026-08-16,Meta Ads,Prospecting - Lookalike 1%,South,Desktop
CUST008440,2026-08-16,Meta Ads,Prospecting - Broad,West,Mobile
CUST008441,2026-08-16,Google Ads,Shopping - Bestsellers,West,Desktop
CUST008442,2026-08-16,Google Ads,Search - Brand,Northeast,Mobile
CUST008443,2026-08-16,Meta Ads,Prospecting - Broad,Midwest,Tablet
CUST008444,2026-08-17,Google Ads,Shopping - Bestsellers,West,Mobile
CUST008445,2026-08-17,Google Ads,Search - Brand,West,Mobile
CUST008446,2026-08-17,Meta Ads,Retargeting - Engaged 30d,South,Mobile
CUST008447,2026-08-17,Meta Ads,Retargeting - Cart Abandon,West,Mobile
CUST008448,2026-08-17,Meta Ads,Retargeting - Cart Abandon,Northeast,Mobile
CUST008449,2026-08-17,Organic Search,(organic),South,Desktop
CUST008450,2026-08-17,Organic Search,(organic),South,Mobile
CUST008451,2026-08-17,Meta Ads,Retargeting - Cart Abandon,West,Desktop
CUST008452,2026-08-17,Google Ads,Search - Brand,Midwest,Mobile
CUST008453,2026-08-17,Unattributed,(not set),West,Mobile
CUST008454,2026-08-17,Meta Ads,Retargeting - Cart Abandon,Northeast,Mobile
CUST008455,2026-08-17,Meta Ads,Prospecting - Lookalike 1%,Midwest,Mobile
CUST008456,2026-08-18,Meta Ads,Retargeting - Engaged 30d,Midwest,Mobile
CUST008457,2026-08-18,Organic Search,(organic),Northeast,Mobile
CUST008458,2026-08-18,Unattributed,(not set),South,Mobile
CUST008459,2026-08-18,Organic Social,(organic social),South,Mobile
CUST008460,2026-08-18,Google Ads,Search - Nonbrand Skincare,South,Mobile
CUST008461,2026-08-18,Direct,(direct),West,Mobile
CUST008462,2026-08-18,Organic Search,(organic),West,Desktop
CUST008463,2026-08-18,Meta Ads,Prospecting - Broad,Northeast,Desktop
CUST008464,2026-08-18,Organic Search,(organic),Northeast,Desktop
CUST008465,2026-08-18,Google Ads,PMax - Skincare Prospecting,West,Desktop
CUST008466,2026-08-18,Meta Ads,Retargeting - Cart Abandon,Midwest,Mobile
CUST008467,2026-08-18,Organic Search,(organic),South,Mobile
CUST008468,2026-08-18,Organic Search,(organic),Midwest,Desktop
CUST008469,2026-08-18,Meta Ads,Retargeting - Engaged 30d,Northeast,Mobile
CUST008470,2026-08-18,Direct,(direct),South,Desktop
CUST008471,2026-08-18,Organic Search,(organic),West,Desktop
CUST008472,2026-08-18,Google Ads,Shopping - Bestsellers,West,Mobile
CUST008473,2026-08-18,Organic Search,(organic),West,Tablet
CUST008474,2026-08-18,Organic Search,(organic),South,Mobile
CUST008475,2026-08-19,Meta Ads,Prospecting - Lookalike 1%,Northeast,Desktop
CUST008476,2026-08-19,Direct,(direct),Northeast,Desktop
CUST008477,2026-08-19,Direct,(direct),South,Mobile
CUST008478,2026-08-19,Google Ads,Shopping - Bestsellers,South,Mobile
CUST008479,2026-08-19,Organic Search,(organic),Northeast,Mobile
CUST008480,2026-08-19,Organic Social,(organic social),West,Desktop
CUST008481,2026-08-19,Organic Search,(organic),Northeast,Desktop
CUST008482,2026-08-19,Meta Ads,Prospecting - Broad,Midwest,Mobile
CUST008483,2026-08-19,Meta Ads,Prospecting - Lookalike 1%,West,Desktop
CUST008484,2026-08-19,Meta Ads,Retargeting - Engaged 30d,West,Mobile
CUST008485,2026-08-19,Meta Ads,Retargeting - Engaged 30d,Midwest,Desktop
CUST008486,2026-08-19,Email/SMS,Flow - Welcome Series,South,Mobile
CUST008487,2026-08-19,Direct,(direct),West,Mobile
CUST008488,2026-08-19,Email/SMS,Flow - Abandoned Cart,West,Desktop
CUST008489,2026-08-19,Organic Search,(organic),Northeast,Mobile
CUST008490,2026-08-19,Google Ads,Search - Brand,West,Desktop
CUST008491,2026-08-19,Google Ads,PMax - Skincare Prospecting,Midwest,Tablet
CUST008492,2026-08-19,Meta Ads,Retargeting - Engaged 30d,West,Mobile
CUST008493,2026-08-19,Meta Ads,Prospecting - Broad,West,Desktop
CUST008494,2026-08-19,Meta Ads,Prospecting - Lookalike 1%,South,Mobile
CUST008495,2026-08-19,Email/SMS,Campaign - Monthly Newsletter,West,Mobile
CUST008496,2026-08-20,Google Ads,Shopping - Bestsellers,Midwest,Desktop
CUST008497,2026-08-20,Meta Ads,Retargeting - Cart Abandon,South,Mobile
CUST008498,2026-08-20,Organic Search,(organic),West,Mobile
CUST008499,2026-08-20,Meta Ads,Prospecting - Lookalike 1%,West,Mobile
CUST008500,2026-08-20,Unattributed,(not set),Midwest,Desktop
CUST008501,2026-08-20,Google Ads,Shopping - Bestsellers,Northeast,Desktop
CUST008502,2026-08-20,Meta Ads,Prospecting - Lookalike 1%,West,Desktop
CUST008503,2026-08-20,Organic Search,(organic),Northeast,Mobile
CUST008504,2026-08-20,Google Ads,PMax - Skincare Prospecting,West,Desktop
CUST008505,2026-08-20,Email/SMS,Flow - Post Purchase Winback,Northeast,Mobile
CUST008506,2026-08-20,Organic Search,(organic),Midwest,Desktop
CUST008507,2026-08-20,Meta Ads,Prospecting - Broad,South,Mobile
CUST008508,2026-08-20,Meta Ads,Prospecting - Broad,Midwest,Mobile
CUST008509,2026-08-20,Organic Search,(organic),Northeast,Desktop
CUST008510,2026-08-20,Email/SMS,Campaign - Monthly Newsletter,South,Desktop
CUST008511,2026-08-20,Organic Search,(organic),West,Mobile
CUST008512,2026-08-20,Meta Ads,Retargeting - Cart Abandon,West,Tablet
CUST008513,2026-08-20,Google Ads,Search - Brand,Northeast,Mobile
CUST008514,2026-08-20,Meta Ads,Prospecting - Broad,Northeast,Mobile
CUST008515,2026-08-20,Google Ads,Search - Brand,Northeast,Desktop
CUST008516,2026-08-20,Organic Social,(organic social),Northeast,Mobile
CUST008517,2026-08-21,Google Ads,Search - Brand,Northeast,Mobile
CUST008518,2026-08-21,Email/SMS,Campaign - Monthly Newsletter,South,Mobile
CUST008519,2026-08-21,Meta Ads,Prospecting - Broad,West,Desktop
CUST008520,2026-08-21,Meta Ads,Prospecting - Broad,South,Desktop
CUST008521,2026-08-21,Meta Ads,Prospecting - Lookalike 1%,West,Mobile
CUST008522,2026-08-21,Meta Ads,Prospecting - Lookalike 1%,Northeast,Mobile
CUST008523,2026-08-21,Organic Search,(organic),West,Mobile
CUST008524,2026-08-21,Meta Ads,Retargeting - Cart Abandon,Northeast,Desktop
CUST008525,2026-08-21,Google Ads,Search - Nonbrand Skincare,South,Mobile
CUST008526,2026-08-21,Email/SMS,Campaign - Monthly Newsletter,Northeast,Mobile
CUST008527,2026-08-21,Direct,(direct),West,Mobile
CUST008528,2026-08-21,Google Ads,Search - Brand,South,Mobile
CUST008529,2026-08-21,Direct,(direct),South,Desktop
CUST008530,2026-08-21,Meta Ads,Prospecting - Lookalike 1%,South,Mobile
CUST008531,2026-08-21,Meta Ads,Retargeting - Engaged 30d,West,Desktop
CUST008532,2026-08-21,Direct,(direct),South,Desktop
CUST008533,2026-08-21,Organic Search,(organic),Northeast,Mobile
CUST008534,2026-08-22,Google Ads,Search - Nonbrand Skincare,South,Mobile
CUST008535,2026-08-22,Direct,(direct),Midwest,Mobile
CUST008536,2026-08-22,Meta Ads,Prospecting - Broad,South,Mobile
CUST008537,2026-08-22,Direct,(direct),South,Tablet
CUST008538,2026-08-22,Direct,(direct),Midwest,Desktop
CUST008539,2026-08-22,Organic Social,(organic social),West,Tablet
CUST008540,2026-08-22,Google Ads,PMax - Skincare Prospecting,South,Mobile
CUST008541,2026-08-22,Direct,(direct),South,Mobile
CUST008542,2026-08-22,Meta Ads,Retargeting - Engaged 30d,West,Tablet
CUST008543,2026-08-22,Direct,(direct),South,Mobile
CUST008544,2026-08-22,Meta Ads,Retargeting - Engaged 30d,South,Mobile
CUST008545,2026-08-22,Organic Search,(organic),West,Desktop
CUST008546,2026-08-22,Organic Search,(organic),South,Mobile
CUST008547,2026-08-22,Organic Search,(organic),Northeast,Mobile
CUST008548,2026-08-22,Direct,(direct),Midwest,Desktop
CUST008549,2026-08-22,Meta Ads,Prospecting - Lookalike 1%,South,Tablet
CUST008550,2026-08-22,Google Ads,Search - Nonbrand Skincare,Midwest,Desktop
CUST008551,2026-08-22,Organic Search,(organic),Northeast,Mobile
CUST008552,2026-08-22,Unattributed,(not set),Northeast,Desktop
CUST008553,2026-08-22,Google Ads,PMax - Skincare Prospecting,West,Desktop
CUST008554,2026-08-22,Organic Social,(organic social),Midwest,Mobile
CUST008555,2026-08-22,Meta Ads,Retargeting - Cart Abandon,Northeast,Desktop
CUST008556,2026-08-22,Organic Search,(organic),West,Desktop
CUST008557,2026-08-22,Google Ads,PMax - Skincare Prospecting,South,Desktop
CUST008558,2026-08-22,Organic Search,(organic),Midwest,Mobile
CUST008559,2026-08-22,Meta Ads,Prospecting - Broad,Northeast,Desktop
CUST008560,2026-08-22,Google Ads,Shopping - Bestsellers,Midwest,Desktop
CUST008561,2026-08-22,Meta Ads,Prospecting - Lookalike 1%,South,Mobile
CUST008562,2026-08-23,Organic Social,(organic social),West,Mobile
CUST008563,2026-08-23,Google Ads,Shopping - Bestsellers,Midwest,Tablet
CUST008564,2026-08-23,Direct,(direct),Midwest,Mobile
CUST008565,2026-08-23,Organic Search,(organic),West,Mobile
CUST008566,2026-08-23,Google Ads,Search - Brand,West,Mobile
CUST008567,2026-08-23,Google Ads,PMax - Skincare Prospecting,South,Mobile
CUST008568,2026-08-23,Organic Search,(organic),West,Mobile
CUST008569,2026-08-23,Meta Ads,Prospecting - Lookalike 1%,South,Desktop
CUST008570,2026-08-23,Google Ads,Shopping - Bestsellers,Northeast,Desktop
CUST008571,2026-08-23,Google Ads,Shopping - Bestsellers,South,Mobile
CUST008572,2026-08-23,Email/SMS,Flow - Post Purchase Winback,West,Desktop
CUST008573,2026-08-23,Meta Ads,Retargeting - Cart Abandon,Northeast,Mobile
CUST008574,2026-08-23,Organic Social,(organic social),South,Mobile
CUST008575,2026-08-23,Google Ads,Shopping - Bestsellers,Midwest,Mobile
CUST008576,2026-08-23,Meta Ads,Retargeting - Engaged 30d,Northeast,Desktop
CUST008577,2026-08-23,Google Ads,Search - Nonbrand Skincare,West,Desktop
CUST008578,2026-08-23,Google Ads,Search - Nonbrand Skincare,South,Mobile
CUST008579,2026-08-23,Google Ads,PMax - Skincare Prospecting,Midwest,Mobile
CUST008580,2026-08-23,Organic Search,(organic),Midwest,Mobile
CUST008581,2026-08-23,Google Ads,Shopping - Bestsellers,West,Desktop
CUST008582,2026-08-23,Meta Ads,Prospecting - Lookalike 1%,Northeast,Mobile
CUST008583,2026-08-23,Organic Social,(organic social),South,Desktop
CUST008584,2026-08-24,Google Ads,Search - Nonbrand Skincare,Midwest,Desktop
CUST008585,2026-08-24,Meta Ads,Prospecting - Broad,South,Mobile
CUST008586,2026-08-24,Meta Ads,Prospecting - Lookalike 1%,West,Mobile
CUST008587,2026-08-24,Direct,(direct),West,Desktop
CUST008588,2026-08-24,Direct,(direct),West,Mobile
CUST008589,2026-08-24,Meta Ads,Prospecting - Lookalike 1%,West,Mobile
CUST008590,2026-08-24,Organic Social,(organic social),West,Desktop
CUST008591,2026-08-24,Meta Ads,Prospecting - Lookalike 1%,South,Mobile
CUST008592,2026-08-24,Organic Search,(organic),West,Mobile
CUST008593,2026-08-24,Meta Ads,Retargeting - Cart Abandon,Midwest,Mobile
CUST008594,2026-08-24,Meta Ads,Retargeting - Engaged 30d,West,Desktop
CUST008595,2026-08-24,Organic Social,(organic social),South,Mobile
CUST008596,2026-08-24,Google Ads,Shopping - Bestsellers,Midwest,Desktop
CUST008597,2026-08-24,Direct,(direct),South,Mobile
CUST008598,2026-08-24,Email/SMS,Flow - Post Purchase Winback,Midwest,Mobile
CUST008599,2026-08-24,Meta Ads,Retargeting - Engaged 30d,West,Mobile
CUST008600,2026-08-24,Google Ads,Search - Nonbrand Skincare,Midwest,Desktop
CUST008601,2026-08-24,Meta Ads,Retargeting - Cart Abandon,West,Desktop
CUST008602,2026-08-24,Organic Search,(organic),Northeast,Mobile
CUST008603,2026-08-24,Direct,(direct),Northeast,Mobile
CUST008604,2026-08-24,Unattributed,(not set),Midwest,Mobile
CUST008605,2026-08-24,Organic Search,(organic),West,Mobile
CUST008606,2026-08-24,Meta Ads,Retargeting - Engaged 30d,Midwest,Mobile
CUST008607,2026-08-25,Organic Search,(organic),South,Desktop
CUST008608,2026-08-25,Email/SMS,Flow - Abandoned Cart,South,Mobile
CUST008609,2026-08-25,Meta Ads,Prospecting - Lookalike 1%,Midwest,Mobile
CUST008610,2026-08-25,Unattributed,(not set),West,Mobile
CUST008611,2026-08-25,Google Ads,Search - Brand,West,Mobile
CUST008612,2026-08-25,Meta Ads,Retargeting - Cart Abandon,West,Desktop
CUST008613,2026-08-25,Organic Search,(organic),South,Desktop
CUST008614,2026-08-25,Google Ads,PMax - Skincare Prospecting,South,Mobile
CUST008615,2026-08-25,Direct,(direct),South,Mobile
CUST008616,2026-08-25,Meta Ads,Retargeting - Cart Abandon,South,Mobile
CUST008617,2026-08-25,Meta Ads,Prospecting - Lookalike 1%,South,Desktop
CUST008618,2026-08-25,Meta Ads,Retargeting - Engaged 30d,South,Mobile
CUST008619,2026-08-25,Meta Ads,Retargeting - Cart Abandon,Midwest,Mobile
CUST008620,2026-08-25,Meta Ads,Prospecting - Broad,West,Mobile
CUST008621,2026-08-25,Organic Search,(organic),South,Mobile
CUST008622,2026-08-26,Google Ads,Search - Brand,South,Mobile
CUST008623,2026-08-26,Organic Search,(organic),West,Mobile
CUST008624,2026-08-26,Meta Ads,Retargeting - Cart Abandon,West,Desktop
CUST008625,2026-08-26,Meta Ads,Prospecting - Lookalike 1%,West,Tablet
CUST008626,2026-08-26,Meta Ads,Prospecting - Broad,Northeast,Mobile
CUST008627,2026-08-26,Organic Search,(organic),Midwest,Desktop
CUST008628,2026-08-26,Meta Ads,Retargeting - Cart Abandon,South,Mobile
CUST008629,2026-08-26,Meta Ads,Retargeting - Cart Abandon,West,Mobile
CUST008630,2026-08-26,Meta Ads,Prospecting - Broad,Midwest,Desktop
CUST008631,2026-08-26,Organic Social,(organic social),South,Desktop
CUST008632,2026-08-26,Direct,(direct),West,Tablet
CUST008633,2026-08-26,Organic Search,(organic),Northeast,Mobile
CUST008634,2026-08-26,Organic Search,(organic),Midwest,Mobile
CUST008635,2026-08-26,Meta Ads,Retargeting - Engaged 30d,South,Mobile
CUST008636,2026-08-26,Google Ads,Search - Nonbrand Skincare,Northeast,Desktop
CUST008637,2026-08-26,Meta Ads,Prospecting - Broad,Northeast,Desktop
CUST008638,2026-08-26,Organic Search,(organic),South,Mobile
CUST008639,2026-08-26,Organic Search,(organic),West,Desktop
CUST008640,2026-08-26,Organic Social,(organic social),West,Desktop
CUST008641,2026-08-26,Unattributed,(not set),South,Mobile
CUST008642,2026-08-26,Google Ads,Search - Nonbrand Skincare,West,Desktop
CUST008643,2026-08-26,Organic Search,(organic),Northeast,Mobile
CUST008644,2026-08-26,Unattributed,(not set),Midwest,Mobile
CUST008645,2026-08-27,Google Ads,Search - Nonbrand Skincare,West,Desktop
CUST008646,2026-08-27,Organic Social,(organic social),West,Mobile
CUST008647,2026-08-27,Direct,(direct),Northeast,Desktop
CUST008648,2026-08-27,Meta Ads,Prospecting - Broad,Northeast,Mobile
CUST008649,2026-08-27,Meta Ads,Prospecting - Lookalike 1%,South,Mobile
CUST008650,2026-08-27,Google Ads,Search - Brand,Midwest,Mobile
CUST008651,2026-08-27,Organic Search,(organic),Northeast,Mobile
CUST008652,2026-08-27,Google Ads,Search - Brand,West,Desktop
CUST008653,2026-08-27,Direct,(direct),South,Mobile
CUST008654,2026-08-27,Google Ads,Search - Brand,South,Mobile
CUST008655,2026-08-27,Meta Ads,Prospecting - Broad,West,Mobile
CUST008656,2026-08-27,Organic Search,(organic),South,Mobile
CUST008657,2026-08-27,Organic Search,(organic),West,Mobile
CUST008658,2026-08-27,Google Ads,Search - Brand,West,Mobile
CUST008659,2026-08-27,Google Ads,PMax - Skincare Prospecting,Northeast,Desktop
CUST008660,2026-08-27,Direct,(direct),South,Mobile
CUST008661,2026-08-27,Google Ads,Search - Nonbrand Skincare,Northeast,Mobile
CUST008662,2026-08-27,Unattributed,(not set),West,Mobile
CUST008663,2026-08-27,Google Ads,PMax - Skincare Prospecting,West,Mobile
CUST008664,2026-08-27,Email/SMS,Flow - Post Purchase Winback,Northeast,Desktop
CUST008665,2026-08-27,Google Ads,Search - Nonbrand Skincare,South,Desktop
CUST008666,2026-08-27,Unattributed,(not set),Northeast,Desktop
CUST008667,2026-08-27,Meta Ads,Retargeting - Cart Abandon,Northeast,Mobile
CUST008668,2026-08-27,Direct,(direct),South,Mobile
CUST008669,2026-08-28,Unattributed,(not set),West,Mobile
CUST008670,2026-08-28,Meta Ads,Retargeting - Engaged 30d,Northeast,Mobile
CUST008671,2026-08-28,Meta Ads,Prospecting - Lookalike 1%,West,Mobile
CUST008672,2026-08-28,Google Ads,Search - Nonbrand Skincare,West,Mobile
CUST008673,2026-08-28,Google Ads,Shopping - Bestsellers,South,Desktop
CUST008674,2026-08-28,Google Ads,Search - Brand,West,Desktop
CUST008675,2026-08-28,Organic Social,(organic social),West,Mobile
CUST008676,2026-08-28,Meta Ads,Retargeting - Cart Abandon,Northeast,Mobile
CUST008677,2026-08-28,Direct,(direct),Midwest,Tablet
CUST008678,2026-08-28,Organic Search,(organic),South,Desktop
CUST008679,2026-08-28,Direct,(direct),West,Mobile
CUST008680,2026-08-28,Google Ads,Search - Brand,Northeast,Desktop
CUST008681,2026-08-28,Organic Search,(organic),Northeast,Mobile
CUST008682,2026-08-28,Organic Search,(organic),West,Mobile
CUST008683,2026-08-28,Meta Ads,Retargeting - Cart Abandon,South,Desktop
CUST008684,2026-08-28,Meta Ads,Retargeting - Cart Abandon,Midwest,Desktop
CUST008685,2026-08-28,Organic Social,(organic social),South,Desktop
CUST008686,2026-08-28,Google Ads,Shopping - Bestsellers,Northeast,Mobile
CUST008687,2026-08-28,Meta Ads,Prospecting - Lookalike 1%,South,Desktop
CUST008688,2026-08-28,Organic Search,(organic),Midwest,Mobile
CUST008689,2026-08-28,Google Ads,PMax - Skincare Prospecting,West,Mobile
CUST008690,2026-08-28,Meta Ads,Retargeting - Engaged 30d,Northeast,Mobile
CUST008691,2026-08-28,Meta Ads,Prospecting - Lookalike 1%,West,Mobile
CUST008692,2026-08-28,Meta Ads,Retargeting - Cart Abandon,South,Mobile
CUST008693,2026-08-28,Email/SMS,Campaign - Monthly Newsletter,South,Mobile
CUST008694,2026-08-28,Unattributed,(not set),South,Mobile
CUST008695,2026-08-29,Organic Search,(organic),South,Mobile
CUST008696,2026-08-29,Organic Search,(organic),South,Mobile
CUST008697,2026-08-29,Meta Ads,Retargeting - Cart Abandon,West,Mobile
CUST008698,2026-08-29,Google Ads,Search - Brand,Northeast,Mobile
CUST008699,2026-08-29,Meta Ads,Prospecting - Lookalike 1%,Midwest,Desktop
CUST008700,2026-08-29,Google Ads,Shopping - Bestsellers,Midwest,Desktop
CUST008701,2026-08-29,Google Ads,Search - Nonbrand Skincare,Midwest,Desktop
CUST008702,2026-08-29,Organic Search,(organic),Northeast,Mobile
CUST008703,2026-08-29,Email/SMS,Flow - Abandoned Cart,South,Mobile
CUST008704,2026-08-29,Direct,(direct),Midwest,Desktop
CUST008705,2026-08-29,Google Ads,PMax - Skincare Prospecting,West,Mobile
CUST008706,2026-08-29,Google Ads,PMax - Skincare Prospecting,Northeast,Mobile
CUST008707,2026-08-29,Meta Ads,Retargeting - Cart Abandon,South,Mobile
CUST008708,2026-08-29,Meta Ads,Retargeting - Engaged 30d,West,Desktop
CUST008709,2026-08-29,Organic Search,(organic),Northeast,Desktop
CUST008710,2026-08-29,Direct,(direct),Midwest,Desktop
CUST008711,2026-08-29,Google Ads,Shopping - Bestsellers,Northeast,Desktop
CUST008712,2026-08-29,Organic Search,(organic),Northeast,Desktop
CUST008713,2026-08-29,Unattributed,(not set),Midwest,Desktop
CUST008714,2026-08-29,Google Ads,Search - Brand,West,Mobile
CUST008715,2026-08-29,Meta Ads,Retargeting - Engaged 30d,South,Mobile
CUST008716,2026-08-29,Meta Ads,Prospecting - Broad,Midwest,Mobile
CUST008717,2026-08-30,Meta Ads,Prospecting - Lookalike 1%,South,Mobile
CUST008718,2026-08-30,Google Ads,Shopping - Bestsellers,Midwest,Mobile
CUST008719,2026-08-30,Google Ads,Search - Brand,West,Desktop
CUST008720,2026-08-30,Direct,(direct),Northeast,Desktop
CUST008721,2026-08-30,Google Ads,Shopping - Bestsellers,Northeast,Mobile
CUST008722,2026-08-30,Meta Ads,Retargeting - Cart Abandon,Northeast,Mobile
CUST008723,2026-08-30,Organic Search,(organic),South,Mobile
CUST008724,2026-08-30,Organic Social,(organic social),West,Mobile
CUST008725,2026-08-30,Organic Search,(organic),Northeast,Mobile
CUST008726,2026-08-30,Google Ads,Search - Nonbrand Skincare,West,Mobile
CUST008727,2026-08-30,Google Ads,PMax - Skincare Prospecting,West,Desktop
CUST008728,2026-08-30,Organic Social,(organic social),Northeast,Tablet
CUST008729,2026-08-30,Google Ads,Shopping - Bestsellers,Midwest,Mobile
CUST008730,2026-08-30,Organic Search,(organic),West,Mobile
CUST008731,2026-08-30,Meta Ads,Prospecting - Broad,West,Mobile
CUST008732,2026-08-30,Meta Ads,Prospecting - Lookalike 1%,South,Mobile
CUST008733,2026-08-30,Meta Ads,Prospecting - Lookalike 1%,West,Desktop
CUST008734,2026-08-30,Meta Ads,Retargeting - Cart Abandon,Midwest,Desktop
CUST008735,2026-08-30,Organic Social,(organic social),South,Mobile
CUST008736,2026-08-30,Direct,(direct),Northeast,Mobile
CUST008737,2026-08-30,Direct,(direct),Northeast,Mobile
CUST008738,2026-08-30,Unattributed,(not set),Northeast,Mobile
CUST008739,2026-08-30,Organic Search,(organic),Northeast,Mobile
CUST008740,2026-08-30,Direct,(direct),Northeast,Mobile
CUST008741,2026-08-30,Direct,(direct),West,Mobile
CUST008742,2026-08-30,Google Ads,Search - Nonbrand Skincare,West,Mobile
CUST008743,2026-08-30,Meta Ads,Prospecting - Lookalike 1%,West,Mobile
CUST008744,2026-08-31,Google Ads,Search - Nonbrand Skincare,Northeast,Mobile
CUST008745,2026-08-31,Direct,(direct),South,Mobile
CUST008746,2026-08-31,Meta Ads,Retargeting - Engaged 30d,Midwest,Mobile
CUST008747,2026-08-31,Organic Search,(organic),West,Desktop
CUST008748,2026-08-31,Organic Social,(organic social),South,Desktop
CUST008749,2026-08-31,Meta Ads,Retargeting - Cart Abandon,Northeast,Mobile
CUST008750,2026-08-31,Google Ads,Search - Brand,Northeast,Desktop
CUST008751,2026-08-31,Google Ads,PMax - Skincare Prospecting,Midwest,Desktop
CUST008752,2026-08-31,Meta Ads,Retargeting - Engaged 30d,Northeast,Desktop
CUST008753,2026-08-31,Meta Ads,Retargeting - Cart Abandon,West,Desktop
CUST008754,2026-08-31,Google Ads,Search - Brand,Midwest,Mobile
CUST008755,2026-08-31,Google Ads,Search - Nonbrand Skincare,Northeast,Mobile
CUST008756,2026-08-31,Google Ads,Search - Brand,South,Mobile
CUST008757,2026-08-31,Google Ads,Shopping - Bestsellers,West,Mobile
CUST008758,2026-08-31,Organic Social,(organic social),Midwest,Mobile
CUST008759,2026-09-01,Google Ads,Search - Nonbrand Skincare,South,Mobile
CUST008760,2026-09-01,Unattributed,(not set),Northeast,Tablet
CUST008761,2026-09-01,Google Ads,Shopping - Bestsellers,West,Desktop
CUST008762,2026-09-01,Meta Ads,Retargeting - Engaged 30d,Midwest,Desktop
CUST008763,2026-09-01,Organic Social,(organic social),Midwest,Desktop
CUST008764,2026-09-01,Meta Ads,Prospecting - Lookalike 1%,Midwest,Mobile
CUST008765,2026-09-01,Organic Search,(organic),West,Tablet
CUST008766,2026-09-01,Google Ads,Search - Brand,West,Desktop
CUST008767,2026-09-01,Google Ads,PMax - Skincare Prospecting,South,Desktop
CUST008768,2026-09-01,Google Ads,Search - Nonbrand Skincare,West,Mobile
CUST008769,2026-09-01,Organic Search,(organic),South,Mobile
CUST008770,2026-09-01,Direct,(direct),South,Desktop
CUST008771,2026-09-01,Meta Ads,Retargeting - Engaged 30d,South,Mobile
CUST008772,2026-09-01,Organic Search,(organic),West,Desktop
CUST008773,2026-09-01,Google Ads,Search - Nonbrand Skincare,South,Mobile
CUST008774,2026-09-01,Meta Ads,Prospecting - Broad,West,Mobile
CUST008775,2026-09-01,Google Ads,Search - Brand,West,Desktop
CUST008776,2026-09-01,Meta Ads,Prospecting - Broad,Northeast,Mobile
CUST008777,2026-09-01,Meta Ads,Prospecting - Broad,West,Mobile
CUST008778,2026-09-01,Meta Ads,Prospecting - Lookalike 1%,West,Desktop
CUST008779,2026-09-01,Organic Search,(organic),Northeast,Desktop
CUST008780,2026-09-01,Google Ads,PMax - Skincare Prospecting,Northeast,Mobile
CUST008781,2026-09-01,Meta Ads,Retargeting - Engaged 30d,South,Mobile
CUST008782,2026-09-01,Email/SMS,Flow - Welcome Series,West,Mobile
CUST008783,2026-09-02,Google Ads,Search - Nonbrand Skincare,South,Mobile
CUST008784,2026-09-02,Organic Search,(organic),West,Mobile
CUST008785,2026-09-02,Organic Search,(organic),South,Mobile
CUST008786,2026-09-02,Unattributed,(not set),Northeast,Mobile
CUST008787,2026-09-02,Organic Social,(organic social),Northeast,Mobile
CUST008788,2026-09-02,Google Ads,PMax - Skincare Prospecting,West,Mobile
CUST008789,2026-09-02,Organic Search,(organic),Northeast,Mobile
CUST008790,2026-09-02,Organic Social,(organic social),West,Desktop
CUST008791,2026-09-02,Google Ads,Search - Brand,Midwest,Desktop
CUST008792,2026-09-02,Meta Ads,Retargeting - Cart Abandon,West,Desktop
CUST008793,2026-09-02,Google Ads,Search - Brand,Midwest,Mobile
CUST008794,2026-09-02,Google Ads,Search - Nonbrand Skincare,South,Mobile
CUST008795,2026-09-02,Meta Ads,Prospecting - Broad,West,Desktop
CUST008796,2026-09-02,Google Ads,Search - Nonbrand Skincare,South,Desktop
CUST008797,2026-09-02,Meta Ads,Prospecting - Broad,West,Mobile
CUST008798,2026-09-02,Direct,(direct),West,Mobile
CUST008799,2026-09-02,Google Ads,PMax - Skincare Prospecting,South,Mobile
CUST008800,2026-09-02,Direct,(direct),West,Tablet
CUST008801,2026-09-02,Meta Ads,Prospecting - Broad,West,Mobile
CUST008802,2026-09-02,Meta Ads,Retargeting - Cart Abandon,Midwest,Mobile
CUST008803,2026-09-03,Meta Ads,Prospecting - Lookalike 1%,South,Mobile
CUST008804,2026-09-03,Meta Ads,Retargeting - Engaged 30d,West,Mobile
CUST008805,2026-09-03,Meta Ads,Prospecting - Broad,West,Mobile
CUST008806,2026-09-03,Organic Social,(organic social),Midwest,Desktop
CUST008807,2026-09-03,Google Ads,PMax - Skincare Prospecting,West,Mobile
CUST008808,2026-09-03,Google Ads,Shopping - Bestsellers,Midwest,Mobile
CUST008809,2026-09-03,Google Ads,Search - Brand,West,Desktop
CUST008810,2026-09-03,Email/SMS,Flow - Welcome Series,West,Mobile
CUST008811,2026-09-03,Meta Ads,Retargeting - Cart Abandon,West,Mobile
CUST008812,2026-09-03,Meta Ads,Retargeting - Cart Abandon,Northeast,Mobile
CUST008813,2026-09-03,Direct,(direct),South,Mobile
CUST008814,2026-09-03,Google Ads,PMax - Skincare Prospecting,South,Desktop
CUST008815,2026-09-03,Meta Ads,Retargeting - Cart Abandon,South,Mobile
CUST008816,2026-09-03,Organic Social,(organic social),Northeast,Mobile
CUST008817,2026-09-03,Meta Ads,Prospecting - Lookalike 1%,Midwest,Mobile
CUST008818,2026-09-03,Google Ads,Search - Nonbrand Skincare,West,Desktop
CUST008819,2026-09-03,Organic Search,(organic),South,Mobile
CUST008820,2026-09-03,Google Ads,Search - Brand,Midwest,Mobile
CUST008821,2026-09-03,Organic Search,(organic),West,Desktop
CUST008822,2026-09-03,Organic Search,(organic),Midwest,Mobile
CUST008823,2026-09-03,Organic Search,(organic),Northeast,Desktop
CUST008824,2026-09-03,Direct,(direct),West,Desktop
CUST008825,2026-09-03,Meta Ads,Prospecting - Broad,South,Mobile
CUST008826,2026-09-03,Google Ads,Shopping - Bestsellers,South,Tablet
CUST008827,2026-09-03,Meta Ads,Retargeting - Cart Abandon,South,Desktop
CUST008828,2026-09-03,Meta Ads,Prospecting - Broad,Midwest,Desktop
CUST008829,2026-09-03,Google Ads,PMax - Skincare Prospecting,South,Desktop
CUST008830,2026-09-04,Meta Ads,Retargeting - Engaged 30d,West,Desktop
CUST008831,2026-09-04,Organic Search,(organic),West,Mobile
CUST008832,2026-09-04,Meta Ads,Retargeting - Cart Abandon,West,Mobile
CUST008833,2026-09-04,Organic Search,(organic),West,Mobile
CUST008834,2026-09-04,Organic Social,(organic social),Midwest,Mobile
CUST008835,2026-09-04,Meta Ads,Prospecting - Broad,West,Desktop
CUST008836,2026-09-04,Meta Ads,Retargeting - Engaged 30d,South,Mobile
CUST008837,2026-09-04,Meta Ads,Retargeting - Engaged 30d,West,Mobile
CUST008838,2026-09-04,Meta Ads,Retargeting - Cart Abandon,South,Desktop
CUST008839,2026-09-04,Meta Ads,Retargeting - Cart Abandon,Midwest,Desktop
CUST008840,2026-09-04,Meta Ads,Prospecting - Broad,Midwest,Mobile
CUST008841,2026-09-04,Meta Ads,Prospecting - Broad,West,Mobile
CUST008842,2026-09-04,Google Ads,Shopping - Bestsellers,West,Mobile
CUST008843,2026-09-04,Google Ads,PMax - Skincare Prospecting,West,Desktop
CUST008844,2026-09-04,Organic Search,(organic),Midwest,Desktop
CUST008845,2026-09-04,Google Ads,Shopping - Bestsellers,West,Desktop
CUST008846,2026-09-04,Meta Ads,Prospecting - Broad,West,Desktop
CUST008847,2026-09-04,Unattributed,(not set),West,Mobile
CUST008848,2026-09-04,Google Ads,Shopping - Bestsellers,West,Mobile
CUST008849,2026-09-04,Google Ads,PMax - Skincare Prospecting,South,Mobile
CUST008850,2026-09-04,Unattributed,(not set),Northeast,Desktop
CUST008851,2026-09-04,Google Ads,Shopping - Bestsellers,West,Desktop
CUST008852,2026-09-04,Google Ads,Search - Nonbrand Skincare,Northeast,Mobile
CUST008853,2026-09-04,Meta Ads,Prospecting - Broad,South,Desktop
CUST008854,2026-09-04,Google Ads,PMax - Skincare Prospecting,Northeast,Mobile
CUST008855,2026-09-04,Google Ads,Search - Brand,West,Mobile
CUST008856,2026-09-04,Google Ads,Search - Brand,Northeast,Desktop
CUST008857,2026-09-04,Google Ads,Search - Brand,Northeast,Mobile
CUST008858,2026-09-05,Google Ads,Shopping - Bestsellers,West,Desktop
CUST008859,2026-09-05,Google Ads,PMax - Skincare Prospecting,South,Mobile
CUST008860,2026-09-05,Organic Search,(organic),West,Desktop
CUST008861,2026-09-05,Google Ads,Search - Nonbrand Skincare,West,Desktop
CUST008862,2026-09-05,Google Ads,Search - Brand,South,Mobile
CUST008863,2026-09-05,Direct,(direct),South,Desktop
CUST008864,2026-09-05,Meta Ads,Prospecting - Lookalike 1%,Northeast,Mobile
CUST008865,2026-09-05,Organic Social,(organic social),West,Mobile
CUST008866,2026-09-05,Email/SMS,Flow - Welcome Series,West,Mobile
CUST008867,2026-09-05,Google Ads,Search - Brand,West,Mobile
CUST008868,2026-09-05,Organic Search,(organic),West,Mobile
CUST008869,2026-09-05,Google Ads,Search - Nonbrand Skincare,South,Mobile
CUST008870,2026-09-05,Organic Search,(organic),West,Mobile
CUST008871,2026-09-05,Meta Ads,Prospecting - Broad,South,Tablet
CUST008872,2026-09-05,Meta Ads,Prospecting - Lookalike 1%,West,Mobile
CUST008873,2026-09-05,Google Ads,Search - Nonbrand Skincare,Midwest,Desktop
CUST008874,2026-09-05,Meta Ads,Prospecting - Lookalike 1%,Midwest,Desktop
CUST008875,2026-09-05,Organic Search,(organic),Midwest,Desktop
CUST008876,2026-09-05,Organic Search,(organic),West,Mobile
CUST008877,2026-09-05,Direct,(direct),Northeast,Mobile
CUST008878,2026-09-05,Direct,(direct),Northeast,Mobile
CUST008879,2026-09-05,Google Ads,Shopping - Bestsellers,West,Tablet
CUST008880,2026-09-05,Unattributed,(not set),South,Mobile
CUST008881,2026-09-05,Google Ads,Search - Brand,South,Mobile
CUST008882,2026-09-05,Google Ads,Search - Brand,South,Mobile
CUST008883,2026-09-05,Direct,(direct),South,Mobile
CUST008884,2026-09-05,Google Ads,Shopping - Bestsellers,South,Desktop
CUST008885,2026-09-06,Google Ads,PMax - Skincare Prospecting,West,Mobile
CUST008886,2026-09-06,Google Ads,Search - Nonbrand Skincare,South,Desktop
CUST008887,2026-09-06,Meta Ads,Prospecting - Lookalike 1%,Midwest,Mobile
CUST008888,2026-09-06,Google Ads,Search - Brand,West,Mobile
CUST008889,2026-09-06,Google Ads,Shopping - Bestsellers,Midwest,Mobile
CUST008890,2026-09-06,Google Ads,PMax - Skincare Prospecting,South,Desktop
CUST008891,2026-09-06,Email/SMS,Campaign - Monthly Newsletter,Midwest,Mobile
CUST008892,2026-09-06,Organic Search,(organic),Northeast,Mobile
CUST008893,2026-09-06,Google Ads,PMax - Skincare Prospecting,South,Mobile
CUST008894,2026-09-06,Google Ads,Search - Brand,South,Desktop
CUST008895,2026-09-06,Google Ads,Search - Brand,Northeast,Tablet
CUST008896,2026-09-06,Organic Search,(organic),Midwest,Desktop
CUST008897,2026-09-06,Direct,(direct),South,Desktop
CUST008898,2026-09-06,Direct,(direct),West,Mobile
CUST008899,2026-09-06,Meta Ads,Prospecting - Broad,Northeast,Desktop
CUST008900,2026-09-06,Organic Search,(organic),South,Desktop
CUST008901,2026-09-06,Google Ads,Search - Nonbrand Skincare,Northeast,Mobile
CUST008902,2026-09-06,Meta Ads,Retargeting - Engaged 30d,Midwest,Mobile
CUST008903,2026-09-06,Google Ads,Search - Nonbrand Skincare,Northeast,Mobile
CUST008904,2026-09-06,Unattributed,(not set),West,Desktop
CUST008905,2026-09-06,Organic Search,(organic),Midwest,Mobile
CUST008906,2026-09-06,Meta Ads,Prospecting - Lookalike 1%,West,Mobile
CUST008907,2026-09-06,Google Ads,PMax - Skincare Prospecting,Midwest,Tablet
CUST008908,2026-09-06,Meta Ads,Prospecting - Broad,West,Desktop
CUST008909,2026-09-06,Meta Ads,Retargeting - Engaged 30d,Midwest,Mobile
CUST008910,2026-09-06,Organic Social,(organic social),Northeast,Mobile
CUST008911,2026-09-06,Google Ads,Shopping - Bestsellers,Northeast,Mobile
CUST008912,2026-09-06,Direct,(direct),South,Desktop
CUST008913,2026-09-06,Organic Search,(organic),South,Desktop
CUST008914,2026-09-06,Google Ads,Search - Nonbrand Skincare,West,Mobile
CUST008915,2026-09-06,Meta Ads,Retargeting - Cart Abandon,West,Desktop
CUST008916,2026-09-06,Direct,(direct),South,Mobile
CUST008917,2026-09-07,Meta Ads,Retargeting - Cart Abandon,West,Mobile
CUST008918,2026-09-07,Google Ads,Search - Nonbrand Skincare,South,Desktop
CUST008919,2026-09-07,Organic Social,(organic social),South,Mobile
CUST008920,2026-09-07,Meta Ads,Prospecting - Lookalike 1%,West,Mobile
CUST008921,2026-09-07,Meta Ads,Prospecting - Broad,West,Desktop
CUST008922,2026-09-07,Direct,(direct),Northeast,Desktop
CUST008923,2026-09-07,Google Ads,PMax - Skincare Prospecting,West,Mobile
CUST008924,2026-09-07,Organic Search,(organic),Northeast,Mobile
CUST008925,2026-09-07,Google Ads,Search - Nonbrand Skincare,South,Mobile
CUST008926,2026-09-07,Organic Search,(organic),Northeast,Desktop
CUST008927,2026-09-07,Google Ads,Search - Nonbrand Skincare,Midwest,Mobile
CUST008928,2026-09-07,Organic Search,(organic),Midwest,Mobile
CUST008929,2026-09-07,Meta Ads,Retargeting - Cart Abandon,South,Mobile
CUST008930,2026-09-07,Meta Ads,Prospecting - Lookalike 1%,West,Desktop
CUST008931,2026-09-07,Unattributed,(not set),West,Mobile
CUST008932,2026-09-07,Organic Search,(organic),Midwest,Mobile
CUST008933,2026-09-07,Meta Ads,Retargeting - Cart Abandon,Midwest,Mobile
CUST008934,2026-09-07,Google Ads,Search - Brand,South,Desktop
CUST008935,2026-09-07,Unattributed,(not set),West,Mobile
CUST008936,2026-09-07,Email/SMS,Flow - Post Purchase Winback,West,Desktop
CUST008937,2026-09-07,Google Ads,Search - Nonbrand Skincare,Midwest,Desktop
CUST008938,2026-09-07,Meta Ads,Prospecting - Lookalike 1%,Midwest,Mobile
CUST008939,2026-09-07,Google Ads,Search - Nonbrand Skincare,West,Desktop
CUST008940,2026-09-08,Meta Ads,Prospecting - Broad,Midwest,Tablet
CUST008941,2026-09-08,Direct,(direct),West,Mobile
CUST008942,2026-09-08,Organic Social,(organic social),Northeast,Mobile
CUST008943,2026-09-08,Meta Ads,Prospecting - Broad,West,Mobile
CUST008944,2026-09-08,Google Ads,Search - Nonbrand Skincare,Midwest,Desktop
CUST008945,2026-09-08,Google Ads,PMax - Skincare Prospecting,West,Mobile
CUST008946,2026-09-08,Google Ads,PMax - Skincare Prospecting,West,Tablet
CUST008947,2026-09-08,Direct,(direct),South,Mobile
CUST008948,2026-09-08,Meta Ads,Prospecting - Broad,Midwest,Mobile
CUST008949,2026-09-08,Meta Ads,Prospecting - Broad,South,Mobile
CUST008950,2026-09-08,Organic Search,(organic),Midwest,Desktop
CUST008951,2026-09-08,Organic Search,(organic),South,Tablet
CUST008952,2026-09-08,Google Ads,Shopping - Bestsellers,South,Desktop
CUST008953,2026-09-08,Google Ads,Shopping - Bestsellers,West,Mobile
CUST008954,2026-09-08,Meta Ads,Prospecting - Broad,South,Mobile
CUST008955,2026-09-08,Meta Ads,Retargeting - Cart Abandon,South,Mobile
CUST008956,2026-09-08,Google Ads,Search - Brand,Midwest,Mobile
CUST008957,2026-09-08,Meta Ads,Prospecting - Lookalike 1%,Northeast,Desktop
CUST008958,2026-09-08,Google Ads,PMax - Skincare Prospecting,Midwest,Mobile
CUST008959,2026-09-08,Unattributed,(not set),West,Mobile
CUST008960,2026-09-08,Meta Ads,Retargeting - Cart Abandon,West,Desktop
CUST008961,2026-09-08,Unattributed,(not set),West,Desktop
CUST008962,2026-09-08,Meta Ads,Prospecting - Lookalike 1%,Midwest,Desktop
CUST008963,2026-09-08,Meta Ads,Retargeting - Cart Abandon,South,Desktop
CUST008964,2026-09-09,Meta Ads,Retargeting - Engaged 30d,West,Mobile
CUST008965,2026-09-09,Organic Search,(organic),West,Mobile
CUST008966,2026-09-09,Meta Ads,Prospecting - Broad,Northeast,Mobile
CUST008967,2026-09-09,Google Ads,Search - Nonbrand Skincare,Northeast,Mobile
CUST008968,2026-09-09,Google Ads,Search - Brand,South,Mobile
CUST008969,2026-09-09,Google Ads,Search - Brand,Northeast,Mobile
CUST008970,2026-09-09,Google Ads,PMax - Skincare Prospecting,West,Mobile
CUST008971,2026-09-09,Meta Ads,Prospecting - Lookalike 1%,West,Desktop
CUST008972,2026-09-09,Email/SMS,Flow - Abandoned Cart,South,Mobile
CUST008973,2026-09-09,Organic Search,(organic),West,Mobile
CUST008974,2026-09-09,Direct,(direct),South,Desktop
CUST008975,2026-09-09,Meta Ads,Retargeting - Engaged 30d,Midwest,Mobile
CUST008976,2026-09-09,Google Ads,Search - Brand,West,Desktop
CUST008977,2026-09-09,Organic Search,(organic),South,Desktop
CUST008978,2026-09-09,Organic Search,(organic),South,Mobile
CUST008979,2026-09-09,Email/SMS,Flow - Post Purchase Winback,South,Mobile
CUST008980,2026-09-09,Meta Ads,Retargeting - Cart Abandon,South,Desktop
CUST008981,2026-09-09,Organic Social,(organic social),Northeast,Mobile
CUST008982,2026-09-09,Google Ads,PMax - Skincare Prospecting,South,Mobile
CUST008983,2026-09-09,Meta Ads,Retargeting - Cart Abandon,West,Desktop
CUST008984,2026-09-10,Unattributed,(not set),Midwest,Mobile
CUST008985,2026-09-10,Organic Search,(organic),West,Tablet
CUST008986,2026-09-10,Organic Social,(organic social),Midwest,Mobile
CUST008987,2026-09-10,Organic Search,(organic),Northeast,Mobile
CUST008988,2026-09-10,Direct,(direct),Northeast,Desktop
CUST008989,2026-09-10,Meta Ads,Prospecting - Lookalike 1%,South,Tablet
CUST008990,2026-09-10,Meta Ads,Retargeting - Cart Abandon,Midwest,Desktop
CUST008991,2026-09-10,Meta Ads,Retargeting - Cart Abandon,West,Mobile
CUST008992,2026-09-10,Meta Ads,Prospecting - Broad,West,Mobile
CUST008993,2026-09-10,Email/SMS,Flow - Abandoned Cart,West,Mobile
CUST008994,2026-09-10,Google Ads,Search - Nonbrand Skincare,Northeast,Desktop
CUST008995,2026-09-10,Organic Search,(organic),West,Mobile
CUST008996,2026-09-10,Google Ads,Search - Nonbrand Skincare,Northeast,Mobile
CUST008997,2026-09-10,Google Ads,Search - Brand,West,Desktop
CUST008998,2026-09-10,Meta Ads,Retargeting - Cart Abandon,Northeast,Mobile
CUST008999,2026-09-10,Meta Ads,Prospecting - Broad,West,Desktop
CUST009000,2026-09-10,Organic Search,(organic),South,Desktop
CUST009001,2026-09-10,Direct,(direct),South,Mobile
CUST009002,2026-09-10,Google Ads,Shopping - Bestsellers,Northeast,Mobile
CUST009003,2026-09-10,Organic Search,(organic),Midwest,Mobile
CUST009004,2026-09-10,Meta Ads,Retargeting - Engaged 30d,Midwest,Mobile
CUST009005,2026-09-10,Organic Search,(organic),South,Desktop
CUST009006,2026-09-10,Google Ads,Shopping - Bestsellers,West,Mobile
CUST009007,2026-09-10,Google Ads,Shopping - Bestsellers,South,Mobile
CUST009008,2026-09-11,Direct,(direct),West,Mobile
CUST009009,2026-09-11,Google Ads,PMax - Skincare Prospecting,Midwest,Tablet
CUST009010,2026-09-11,Organic Search,(organic),Northeast,Tablet
CUST009011,2026-09-11,Organic Search,(organic),Northeast,Mobile
CUST009012,2026-09-11,Google Ads,Shopping - Bestsellers,Northeast,Desktop
CUST009013,2026-09-11,Google Ads,Search - Brand,West,Mobile
CUST009014,2026-09-11,Meta Ads,Prospecting - Lookalike 1%,Northeast,Desktop
CUST009015,2026-09-11,Organic Search,(organic),South,Desktop
CUST009016,2026-09-11,Google Ads,Search - Brand,South,Mobile
CUST009017,2026-09-11,Organic Search,(organic),South,Desktop
CUST009018,2026-09-11,Direct,(direct),Northeast,Desktop
CUST009019,2026-09-11,Google Ads,Shopping - Bestsellers,West,Mobile
CUST009020,2026-09-11,Organic Search,(organic),Northeast,Mobile
CUST009021,2026-09-11,Direct,(direct),South,Mobile
CUST009022,2026-09-11,Direct,(direct),Northeast,Mobile
CUST009023,2026-09-11,Google Ads,PMax - Skincare Prospecting,West,Desktop
CUST009024,2026-09-11,Direct,(direct),Midwest,Mobile
CUST009025,2026-09-11,Meta Ads,Prospecting - Broad,Northeast,Tablet
CUST009026,2026-09-11,Meta Ads,Prospecting - Lookalike 1%,West,Mobile
CUST009027,2026-09-11,Direct,(direct),Northeast,Desktop
CUST009028,2026-09-11,Organic Social,(organic social),South,Mobile
CUST009029,2026-09-11,Organic Social,(organic social),Midwest,Desktop
CUST009030,2026-09-12,Direct,(direct),Northeast,Mobile
CUST009031,2026-09-12,Organic Search,(organic),Northeast,Desktop
CUST009032,2026-09-12,Meta Ads,Retargeting - Cart Abandon,Midwest,Mobile
CUST009033,2026-09-12,Google Ads,PMax - Skincare Prospecting,South,Mobile
CUST009034,2026-09-12,Unattributed,(not set),Midwest,Mobile
CUST009035,2026-09-12,Meta Ads,Retargeting - Engaged 30d,Midwest,Desktop
CUST009036,2026-09-12,Meta Ads,Prospecting - Lookalike 1%,Midwest,Mobile
CUST009037,2026-09-12,Meta Ads,Prospecting - Broad,South,Desktop
CUST009038,2026-09-12,Meta Ads,Prospecting - Broad,Northeast,Mobile
CUST009039,2026-09-12,Google Ads,Shopping - Bestsellers,Northeast,Mobile
CUST009040,2026-09-12,Google Ads,Search - Nonbrand Skincare,Midwest,Tablet
CUST009041,2026-09-12,Organic Search,(organic),West,Mobile
CUST009042,2026-09-12,Meta Ads,Retargeting - Cart Abandon,Midwest,Mobile
CUST009043,2026-09-12,Google Ads,Shopping - Bestsellers,Midwest,Mobile
CUST009044,2026-09-12,Direct,(direct),West,Mobile
CUST009045,2026-09-12,Direct,(direct),Midwest,Desktop
CUST009046,2026-09-12,Organic Search,(organic),South,Mobile
CUST009047,2026-09-12,Direct,(direct),West,Mobile
CUST009048,2026-09-12,Google Ads,PMax - Skincare Prospecting,West,Desktop
CUST009049,2026-09-12,Meta Ads,Retargeting - Engaged 30d,West,Desktop
CUST009050,2026-09-12,Direct,(direct),Northeast,Mobile
CUST009051,2026-09-12,Meta Ads,Prospecting - Broad,Midwest,Mobile
CUST009052,2026-09-12,Meta Ads,Retargeting - Engaged 30d,Northeast,Tablet
CUST009053,2026-09-12,Direct,(direct),Midwest,Mobile
CUST009054,2026-09-12,Meta Ads,Retargeting - Cart Abandon,Midwest,Mobile
CUST009055,2026-09-12,Organic Search,(organic),West,Desktop
CUST009056,2026-09-12,Google Ads,Search - Nonbrand Skincare,West,Mobile
CUST009057,2026-09-12,Google Ads,Search - Nonbrand Skincare,South,Mobile
CUST009058,2026-09-12,Organic Search,(organic),South,Mobile
CUST009059,2026-09-12,Meta Ads,Retargeting - Cart Abandon,Northeast,Mobile
CUST009060,2026-09-12,Organic Search,(organic),West,Mobile
CUST009061,2026-09-12,Google Ads,Search - Brand,West,Mobile
CUST009062,2026-09-12,Google Ads,Shopping - Bestsellers,West,Mobile
CUST009063,2026-09-12,Meta Ads,Prospecting - Broad,West,Mobile
CUST009064,2026-09-12,Google Ads,Search - Brand,Northeast,Desktop
CUST009065,2026-09-12,Meta Ads,Prospecting - Broad,West,Tablet
CUST009066,2026-09-12,Organic Search,(organic),Northeast,Mobile
CUST009067,2026-09-13,Google Ads,Shopping - Bestsellers,Midwest,Mobile
CUST009068,2026-09-13,Meta Ads,Retargeting - Engaged 30d,Northeast,Mobile
CUST009069,2026-09-13,Meta Ads,Prospecting - Broad,West,Desktop
CUST009070,2026-09-13,Direct,(direct),West,Mobile
CUST009071,2026-09-13,Google Ads,PMax - Skincare Prospecting,West,Desktop
CUST009072,2026-09-13,Google Ads,Search - Brand,West,Desktop
CUST009073,2026-09-13,Meta Ads,Retargeting - Cart Abandon,Northeast,Desktop
CUST009074,2026-09-13,Google Ads,PMax - Skincare Prospecting,West,Mobile
CUST009075,2026-09-13,Organic Social,(organic social),South,Mobile
CUST009076,2026-09-13,Google Ads,Search - Brand,South,Desktop
CUST009077,2026-09-13,Organic Search,(organic),Midwest,Mobile
CUST009078,2026-09-13,Direct,(direct),South,Mobile
CUST009079,2026-09-13,Meta Ads,Retargeting - Cart Abandon,South,Mobile
CUST009080,2026-09-13,Google Ads,Search - Nonbrand Skincare,South,Mobile
CUST009081,2026-09-13,Organic Search,(organic),Northeast,Desktop
CUST009082,2026-09-13,Meta Ads,Retargeting - Cart Abandon,West,Desktop
CUST009083,2026-09-13,Google Ads,Search - Brand,West,Desktop
CUST009084,2026-09-13,Unattributed,(not set),West,Mobile
CUST009085,2026-09-13,Meta Ads,Retargeting - Cart Abandon,Northeast,Desktop
CUST009086,2026-09-13,Meta Ads,Prospecting - Lookalike 1%,South,Mobile
CUST009087,2026-09-13,Organic Social,(organic social),South,Mobile
CUST009088,2026-09-13,Email/SMS,Flow - Post Purchase Winback,Northeast,Mobile
CUST009089,2026-09-13,Organic Search,(organic),West,Desktop
CUST009090,2026-09-13,Organic Search,(organic),West,Mobile
CUST009091,2026-09-13,Google Ads,Shopping - Bestsellers,Northeast,Mobile
CUST009092,2026-09-13,Organic Search,(organic),South,Desktop
CUST009093,2026-09-13,Google Ads,PMax - Skincare Prospecting,South,Desktop
